Muni_ID,Muni_Name,nacc_ATMs,nacc_All_airports,nacc_Archaeological_site,nacc_Artwork,nacc_Bakery,nacc_Banks,nacc_Bike_rental,nacc_Bike_shops,nacc_Book_stores,nacc_Bus_Industrial_Zones,nacc_Bus_stops,nacc_Camp_sites,nacc_Car_rent,nacc_Car_wash,nacc_Chapels,nacc_Cinemas,nacc_Clinics,nacc_Clubs_bars,nacc_Community_center,nacc_Currency_exchange,nacc_Dentis_offices,nacc_Doctors_offices,nacc_Embasy_consul,nacc_Faculties,nacc_Fast_food,nacc_Fire_stations,nacc_Fitness_C,nacc_Gas_stations,nacc_Gift_shops,nacc_Higher_Courthouses,nacc_Hostels_motels,nacc_Hotels,nacc_Hunting_stand,nacc_Kiosk,nacc_Libraries,nacc_Main_Courthouse,nacc_Marketplaces,nacc_Museums,nacc_Nursing_home,nacc_Outdoor_shop,nacc_Parkings,nacc_Parks,nacc_Playgrounds,nacc_Police_stations,nacc_Private_schools,nacc_Public_toilet,nacc_Railway_Stations,nacc_Recycle_Bins,nacc_Religious_buildings,nacc_Restaurants,nacc_School_of_arts,nacc_School_of_music,nacc_Shoping_Malls,nacc_Sport_shops,nacc_Sports_hall,nacc_Stadiums,nacc_Supermarkets,nacc_Swimming_pool,nacc_Theaters,nacc_Thematic_Shops,nacc_Tourist_info_points,nacc_Town_hall,nacc_Travel_agencies,nacc_Vending_Parking,nacc_Veterinarian_Offices,nacc_arhivi,nacc_avtosole,nacc_bolnice_ok,nacc_dijaski_studentski_domi,nacc_furs,nacc_klinicni_centri,nacc_kulturna_dediscina,nacc_lekarne,nacc_okrajna_sod,nacc_okrozna_sod,nacc_osnovne_sole,nacc_poste,nacc_pristanisca,nacc_sazu,nacc_sodisca_osm,nacc_srednje_sole,nacc_turist_objekti,nacc_univerze,nacc_vrtci,nacc_zdrav_domovi,nacc_zoo
11026923.0,Izola,0.9806047469611382,0.7230324185531856,0.9835895789148642,0.9882232662542234,0.9919737419687283,0.89229282767277,0.9965232980912352,0.9965052798271937,0.9956765088563991,0.9638908982802825,0.9916097726643192,0.9498979097204815,0.9895046246513228,0.9902089549162714,0.6424744635010897,0.9236155879413122,0.45547152021258397,0.9815850941139582,0.9284346343566725,0.5086870887718891,0.8667661994935334,0.8365955090987862,0.4416576621386916,0.9322153472859951,0.9971669796327567,0.6220695337372067,0.9875331683836275,0.9937620975902521,0.9145998889754576,0.9473389005706481,0.9868077728521316,0.9710344381902217,0.853945341778812,0.9972897384064097,0.8694738624490033,0.4464486310158452,0.9939974124499239,0.9503517613427255,0.3394989690167558,0.2998941235061734,0.9959197995469196,0.9834408392347456,0.9747365662330993,0.9070730591407389,0.8208397198149798,0.9922504316168347,0.8355147352642025,0.9349682433091779,0.8314760756634954,0.9978630190521416,0.0451706091125158,0.20553482795732114,0.8293726603849303,0.9902678650394866,0.8886511242335583,0.9898417635241763,0.9930923949402155,0.9495969002746851,0.9017074044173017,0.9933970691848731,0.9804934074996328,0.795583885629682,0.042416417842380705,0.9967014941899011,0.8989545121659133,0.9316785890164031,0.9953874378122686,0.9594308738428159,0.9946338901544602,0.9192958346441339,0.9797624921310808,0.971940929056376,0.9790123242220353,0.8172829726548335,0.9168944186160009,0.9453908458354109,0.9695463057204182,0.9796286916989324,0.4546685048158975,0.9748425591808488,0.9904204577052759,0.9834139186274595,0.9277870096254192,0.9779306648755526,0.9919688370364055,0.4665634827817172
11027776.0,Koper,0.9723073836971886,0.7856925260707663,0.9292449510767709,0.9855620509790641,0.9933811502565201,0.994577693558325,0.9950297696030006,0.9932714911643857,0.9953134344961737,0.9434768545396899,0.988472335460011,0.8726779253459561,0.9953642160427882,0.9851993087018985,0.592336389668864,0.989284987983093,0.5158948470332603,0.9938967691680508,0.995138249507975,0.5520481685137286,0.7835354677027817,0.7630262120756885,0.4689920605538439,0.991138393968184,0.9898846738529273,0.7688038408843245,0.9946368006085843,0.9867449579108298,1.0,0.9965557891252548,0.9877921586110326,0.9847388256737756,0.574220782604574,0.9865716698655658,0.9852717266329875,0.47344817520715365,0.9860624247437761,0.9774367070314851,0.3843961422563569,0.35852863368926824,0.9804396963715069,0.9935358473337044,0.9806599834860233,0.9860992960544988,0.9895653600042267,0.9817889909618926,0.9631032845797929,0.8484937452835855,0.880286090685494,0.9960436789493049,0.07065350389701408,0.2531696116132217,0.9777932258250481,0.9842867652309231,0.8928176151698938,0.994546260789573,0.9802768076014257,0.981317055150833,0.9843894278524837,0.9823433286604091,0.9764152884670211,0.8848277448448302,0.06634554198414944,0.9924379865004397,0.9644197685063997,0.9970295725713316,0.9918938383922614,0.9461196325523723,0.9948879798574712,0.9922140466887073,0.9346786642729427,1.0,0.9726739340955203,0.9812343258158761,0.9914647677570397,0.9407382783561465,0.9372471651833517,1.0,0.48154391463245105,0.9548016614820808,0.9866091023808781,1.0,0.9932230109956157,0.9953697789334871,0.9900091886030646,0.49347829093597473
11027997.0,Piran,0.7897154429774774,0.6119620222123952,0.8876619479689585,0.9192010508068426,0.9221691750060657,0.9441489345742892,0.9331476900124634,0.9637980389177411,0.9434943669129099,0.79295129011968,0.9791921456334434,0.8878127124553279,0.8557083032337427,0.9260635273569926,0.7657352408997572,0.8154287216167293,0.348366008842074,0.8618513100220109,0.8055849394009251,0.4318258687151012,0.989074074515476,0.8753924208714591,0.39320510458672486,0.977300677671203,0.9435895549009212,0.3619704324541637,0.8770617398559731,0.8582591549938932,0.9628338407080209,0.8697489218226249,0.9965560342493837,0.9670194629758879,0.7452195270898048,0.9628125077410323,0.9398952952167032,0.39858963119673574,0.958116414908627,0.9894537597405554,0.2599148919402139,0.19595944252183062,0.9472399297220483,0.9890474296693639,0.9458364457839982,0.9603779360102854,0.9834469367012271,0.9735569595636263,0.6123316860519441,0.9950923267625579,0.6475922820115463,0.9986024879761667,0.0,0.12109810242530417,0.8641388434295845,0.929773722490201,0.9689994798855143,0.9963364203302821,0.9358618588759857,0.9800371793060038,0.7664356702515426,0.8665714625338835,0.9134192949794254,0.6578115430314769,0.0,0.9831005647741684,0.7795564057862484,0.8308037926500641,0.9141841394902164,0.8250782398657636,0.9695065111320279,0.7865157788987678,0.8608081100087368,0.9802612183471006,0.9042268276766136,0.9145063503580166,0.7993349390347926,0.9155855726105385,0.6065758869472446,0.9481838462688881,0.40702954378621503,1.0,1.0,0.9956815499349734,0.8146077630298615,0.9877127397019058,0.924419041959631,0.4188546848309487
24063526.0,Ankaran,0.9811501375671268,0.7968843616447749,0.9222460416522092,0.9358578811344297,0.9964910738595393,1.0,0.907600514552737,0.9046491786609427,0.9082435434987071,0.8464981110027727,0.9949556484544321,1.0,0.9100320586479828,0.9012255557021902,0.07520530858192087,0.9278604891474077,0.5266871671457314,1.0,0.991484586445805,0.5597929696959798,0.6933313839231918,0.6690262894982726,0.4738743070851159,0.9232987032495253,0.8645495975523224,0.7900806497163311,0.9111429618638125,0.9029729247494515,0.9076926946138407,0.9500104069461714,0.9706834448796989,0.9806686337480782,0.4487580007300216,0.917311477412509,0.8749982959270042,0.4782706128175189,0.8984890652105578,0.7926139481838796,0.3924153078872875,0.36900145001419415,1.0,0.9630053343702119,0.8563922792713387,0.8985079076529929,0.8202546898126061,0.9788383179825373,0.8363882089683642,0.754774121571647,0.7836171568686514,1.0,0.07520505000308875,0.26167774681121436,0.8362233716194953,0.8252664499037012,0.9248681555936562,0.905964929001283,0.7827313975886419,0.900576805461859,0.9007350292954671,0.8166321627351034,0.9872042711364747,0.9520933538961741,0.07061956629458621,1.0,0.9794745815750406,0.9356039763846671,0.8820932648225599,0.9891478548063655,0.9149976550560114,0.901026400695617,0.8524086372176815,0.75982587001779,1.0,0.8261822976245428,0.9209421178713948,0.9703754441807126,0.9847871005002382,0.9835465387786229,0.48634418037675387,0.9330816696456189,0.8241104287567553,0.9770496526860466,0.9178847801202983,0.9795697928425314,0.8863163496744283,0.49828559368890935
11026516.0,Ajdovščina,0.9792590481015945,1.0,0.6625733944101484,0.9738745988100045,0.991281937655752,0.9955508556853374,0.8002909566509877,0.9978323901498295,0.9985212151975004,0.986359433959393,0.9898789061154796,0.9919598279122175,0.9943309095927776,0.9866647343316713,0.7476250093686747,0.5547450010062775,0.7413058654488063,0.9840145278670185,0.9247820165338446,0.5498620685837312,0.7085406491105165,0.7897136943385068,0.6806228290681107,0.9222134043150676,0.9834660832883624,0.3439996500338196,0.6849256311185037,0.9832200997382541,0.6561190205357066,0.5136785216054631,0.946911773816471,0.9920553133206944,0.8205900804320856,0.7082482955957207,0.8989027941064879,0.6824864060823608,0.919279482112249,0.3691990142358954,0.5988447963317569,0.6248500084101023,0.9918948274095564,0.9974262052325414,0.7478091172387378,0.6546976211070579,0.3458866845643893,0.9727464613403479,0.6711248629597832,0.4522478364746495,0.48215045144260404,0.9964108773540337,0.2679493991753281,0.6219717970500491,0.9591214586204735,0.9927224408093723,0.9901255602690315,0.6544411782264372,0.9921827394343764,0.35755794462396884,0.7894525607935939,1.0,0.9814875950126045,0.6928276601835788,0.2516116983883324,0.8027440588944278,0.9917254478489383,0.746648712319189,0.999069442009588,0.6871617270148023,0.9927330560514693,0.6628122413805829,0.7223003689466297,0.8718290516023879,0.9874252083528329,0.9917457825284951,0.7021951922885772,0.9294493248140276,0.9718500668907899,0.7915417744151919,0.6896210615017324,0.7450177114994774,0.982621439983054,0.9192197894454245,0.7216326523026165,0.9820497751038376,0.9947838786694679,0.7018604710589553
11026524.0,Beltinci,0.9623887712736033,0.8854845111815584,0.3686557268972407,0.7414481356107423,0.7633184531133228,0.8372951139979674,0.8774747026896031,0.8824681740087448,0.8745092392736352,0.9313031384575026,0.9815761253193231,0.8085375322097352,0.8884107236846638,0.9880330598531638,0.8648710254135772,0.8790151830938707,0.7468694984584743,0.9752909008127606,0.9609074673233019,0.8436250851542662,0.8976407330069693,0.8752031176060866,0.1298026243681507,0.5220358964861423,0.8358286129522098,0.9283921825324238,0.8750577474559061,0.7081399238998718,0.941210677971152,0.5560797154572443,0.9852549249780603,0.8250935190748447,0.5196304606037964,0.8903104919322026,0.9920269793427393,0.12821250497442715,0.9936873912358505,0.6790413012421534,0.5732660013238184,0.5827389702632282,0.8291058654348858,0.9196647530255747,0.7731863638019176,0.6851653418866603,0.7292192392387047,0.8284077801615377,0.9244034372624848,0.9274644193804988,0.7980020414467435,0.9803293348651534,0.9718571471528653,0.7259183217249103,0.7442549912916285,0.7769436300911676,0.7100686535221885,0.8797757063106347,0.8316412814451717,0.8843915867399387,0.3688630210733659,0.9824632154442646,0.7633987754752416,0.9357547169605969,0.9281680379056532,0.9025259859979313,0.4493794660037499,0.5285884831079732,0.9807014936238369,0.9059456864799315,0.8630047250670255,0.8818084791921363,0.9165100615271045,0.9336037144646878,0.9741853040832851,0.7616313621552797,0.8915822760493183,0.9296014729719684,0.9251436392069046,0.08422988134436493,0.12762302912891,0.03985714641590532,0.8146154218009706,0.886209007884109,0.3429017702838444,0.9699171651970889,0.8274752405046529,0.1278101196787751
11026532.0,Bled,0.9879065947935664,0.6018202586579017,0.8783225329732058,0.9766117396197735,0.9961061203014882,0.991178991500327,0.9922059677464281,0.9645821463168138,0.9948230786829907,0.9810454831529688,1.0,0.954348804526566,0.944913619946374,1.0,0.9356871068944363,0.9314469566329251,0.7635751751569078,1.0,0.611083647765256,0.5833470231837874,0.9160998386711638,0.719547284262398,0.8690106874982051,0.7324607171852906,0.9899123393642982,0.9446570411608868,0.4836762582412991,0.8934133694415701,0.9928883604564337,0.5774190166158897,0.9944972148497256,0.9942058284132969,0.8988411602700719,0.9232410484008262,0.7178957556867347,0.7400403764740082,0.911612335679651,0.7818637979513801,0.5373523271118799,0.9964194830245526,0.9965475992042335,0.975907052351273,0.955667584189335,0.7979382465537378,0.9787004868978613,0.9896274427188179,0.9248203014112564,0.4995767276826584,0.9843066593542183,0.9975340078831821,0.41391908204336847,0.7660797517220307,0.9811683048577835,0.9978627021395747,0.7174263150958287,0.8183235478614027,0.9875918892772555,0.9853702534682114,0.9905156548565928,0.8847115521761355,0.994397123982582,0.7379685876606528,0.3886811597592914,0.996756878784342,0.39383854786301764,0.451344224849359,0.7929339813601191,0.7781868946175013,0.997078936420524,0.6399679730690728,0.8031014014374234,1.0,0.9831555918194238,0.829843727296627,0.6761895823607535,0.9006080960284056,0.9540739564220837,0.4999763476119402,0.7388221799378287,0.45433909696241626,0.8320305147108829,0.9875427331277661,0.37524788382523955,0.9839367831889818,0.5510168883449482,0.7526623238740892
11026559.0,Bohinj,0.9787536109100792,0.3595267093075195,0.9876915973977325,0.9949755675307111,0.9937929876552618,0.9958398863016452,0.713050659137427,0.9118420968545006,0.7308707065518538,0.9727271870902501,0.9922721635593567,0.7571068626671833,0.653342380404359,0.7039986145083825,0.9934800078129861,0.6954610832762997,0.9985814239390033,0.9892074262388566,0.3765363917083162,0.4507643778924496,0.6321206260744393,0.4236180659920421,0.7633142775533857,0.5101662117689817,0.8734085468274403,0.9517644797372748,0.3416601547156477,0.5981230317416004,0.8003789829869079,0.4435947117059128,0.9943643941837298,0.8807533852168543,0.8557854959724338,0.9980656780687083,0.993564210025915,0.6574854444507183,0.9976970679805477,0.7431226791569632,0.400072858296762,0.7778558480812312,0.9905732869766779,0.9866015811232862,0.9938372599916948,0.9971494156244536,0.41491259813184167,0.9872529159191987,0.9861166934510803,0.6826494681679557,0.5637160056969427,0.9931450856756121,0.31538204995598995,0.585566812324029,0.41612098882493587,0.8336778709887758,0.4253879218773773,0.5296985680896442,0.9927333326409227,0.7333150500393832,0.6991636144399836,0.9944274985080201,0.9967928615703544,0.4374609386562315,0.2961522342459032,0.9245451363409208,0.48520400167485034,0.27735913393316036,0.4193366917913184,0.5075004660443985,0.6935748708011389,0.3503494499734523,0.5628190324401305,0.9730837224451905,0.9880981476789118,0.266076310902029,0.41977002702111466,0.9672354548272071,0.9666397217611418,0.5000378611488748,0.6566468063543787,0.4544004234025484,0.26565333192964236,0.9917451799034599,0.18004053552742594,0.9846797818283649,0.18656701583760937,0.6703664842906228
11026575.0,Bovec,0.982216129866934,0.0,0.7837263708025753,0.909241965715411,0.9859510957147324,0.9960227318442899,0.9944294763127502,0.6896907269172278,0.5223599098740039,0.9562888935642873,0.9954961610980633,0.9805284254450838,0.7004982422332204,0.0,0.932600661537367,0.2066894869719622,0.18532555111393245,0.9926111332028115,0.0,0.0,0.5029655939766231,0.25188983526375786,0.4737857349617225,0.0,0.9960026179831039,0.0,0.35220092664781644,0.0,0.5096888052535309,0.0,0.9978207714843663,0.7906810671166702,0.781249774068421,0.16539565226633957,0.0,0.37680902187927234,0.5104573186570133,0.9115173700758508,0.0,0.9979062172823782,0.9830714529489428,0.99151369499222,0.9956743011477787,0.0,0.0,0.993686720198841,0.0,0.9988580146789703,0.6522255158892004,0.9979475656636672,0.04546706266484346,0.07733384176804092,0.9673603280693185,0.9912135715016469,0.4189720866712675,0.0,0.9955031899115641,0.0,0.0,0.4122156962909683,0.9917480291693299,0.9969939487541044,0.04269479570784329,0.949908004114296,0.5497448628480541,0.24310132711095167,0.0,0.05087546515002461,0.4587375400569046,0.0,0.15748309618110268,1.0,0.991694199178116,0.01338346868190865,0.11536111002110683,0.9623323781948924,0.9738408296677601,0.5070002496663002,0.3772608349097164,0.46134163543273743,0.0,0.996533802577403,0.12875795090290065,0.9793285313379423,0.36462771774790415,0.39057094354346933
11026583.0,Brda,0.9817611511024708,0.5533993555224913,0.5781947044167446,0.47123065838535094,0.5742494034103378,0.9961757308280929,0.789154749659629,0.762375555700767,0.7732793282564545,0.9702898038085662,0.9731579452241369,0.9678973022786755,0.779529339097056,0.753098074838328,0.8852394430273736,0.1078957098172213,0.8014793092330503,0.955963707490425,0.70393144477458,0.2323751236681948,0.7747176095916647,0.9214497511634493,0.4767284503067585,0.4989345209867698,0.9353025827213244,0.5916540720626721,0.7552067373964577,0.7237057872473813,0.9582142284223756,0.1867561137285788,0.9621314710023167,0.9244073768668611,0.7959007505056861,0.7953173778249961,0.807673811689687,0.48081110369747704,0.76404577121073,0.8971299255021923,0.26348169074874295,0.24514308983211874,0.9881293248502961,0.9885679073127466,0.6310784278655056,0.8692956743722852,0.5321838428426395,0.9687126637612892,0.7301827859542787,0.5876355501494126,0.13965901702599437,0.9515552999783673,0.07760283351144104,0.26615988667954427,0.5024809589880113,0.5981773737034622,0.7721598211641847,0.7611454714004553,0.9478480498770834,0.04782081703974528,0.6384845732191579,0.9209041918059917,0.8672064817666458,0.7528626515114576,0.07287114955157759,0.7664334048138589,0.789969079044228,0.8233443289235514,0.7512271605469814,0.7098897388769109,0.7419864387834492,0.7637655876571823,0.7424755235031915,0.8876911564232313,0.9931543909224813,0.5262391470505974,0.7915762577176952,0.9522643589572207,0.9663223140442959,0.6707890814065185,0.48887299097630743,0.6246322944415559,0.5335318971564229,0.9759983611636058,0.7771279251393834,0.9807084750593601,0.7043798391580407,0.5008181114294765
11026591.0,Brezovica,0.8863882354336701,0.936809578128694,0.8788898279433114,0.8529643159103444,0.9636696223786334,0.9004219277158373,0.9246705235852561,0.9172297808440705,0.913716122116138,0.9619846831453385,0.9842857062001412,0.7096695005535656,0.9821913746604427,0.9610998207095173,0.7544035138353724,0.8883795486614973,0.9087201927664631,0.9432713970814769,0.9138886090775351,0.925139503666326,0.9130938554684312,0.9867244730083907,0.956045682445455,0.9286333832631105,0.9666117820485919,0.6995173818273979,0.9247377799758122,0.9765148287865001,0.9812679168293873,0.9546787939134813,0.895822266088019,0.980975047625197,0.7311718633811761,0.8989692638315324,0.9766177516892024,0.9545352504767444,0.9140726828880024,0.7279222218275891,0.8928970532256018,0.9042943542217972,0.8701712494780904,0.9704208751157901,0.92251318632217,0.8761695115328574,0.8081209061622732,0.8551068807279709,0.9599329087074879,0.9945137161541773,0.7966057038196401,0.9459905873371913,0.524716403418984,0.8880912595846049,0.8120595363838427,0.8436427385292034,0.9027198396541164,0.8511608053939324,0.8637572620149827,0.9162139669061051,0.8749971379023646,0.8823251216656012,0.9063694544703655,0.852738046384207,0.4927228269322612,0.9286052422969117,0.9907217254327101,0.9033936571461052,0.8785048106356116,0.8531107011299492,0.8926502733917618,0.8496130585940569,0.8696096110215026,0.5809882080600206,0.9517997100202746,0.737955899961374,0.8817062609498132,0.976511972263488,0.8852069222938601,0.6845104558052421,0.9604191213287034,0.638311934526101,0.8132247152526978,0.8993331552849603,0.9016507394920937,0.9905077241451666,0.8567621524008637,0.9730555106337134
11026605.0,Brežice,0.9901621682641463,0.9343059595503425,0.24052263236643867,0.9872260973329429,0.9969490093708067,1.0,0.8391448296982122,0.9908368328772174,0.33124133031001135,0.8700410702669694,0.9929415890574226,0.9220874859823418,0.43683224181286606,0.5539156163303822,0.747867027435319,0.7141564304888095,0.4227608446694824,1.0,0.6174822610437963,0.16665336252939,0.41178767244692294,0.3046621078765268,0.47771758224681904,0.2642537646768167,0.9977886943971194,0.7152446180830201,0.8433417028714593,0.8245044958040624,0.8359297537295451,0.48951526745622365,0.919801232228235,0.9518059944382574,0.13300938197278744,0.9883312247480108,0.41490986149477616,0.4815196926403357,0.9955131474364303,0.9881183499670828,0.5680183733319017,0.4489343299543479,0.9906912545203037,0.9877705545463581,0.9338624222294135,0.912232282251453,0.6491614661434644,0.9932873745849904,0.9439646203940188,0.15391560115925174,0.20820567640456134,0.9958104197629504,0.6683508891889403,0.25893780673499134,0.9447709802815192,0.9797837083729477,0.5443505279456553,0.9828659017075808,0.9624121295595666,0.3609121076885077,0.1616173587611084,0.9908277496148501,0.976039791089113,0.7401050772684281,0.7749243594536938,0.4274983966733127,0.34635637978910994,0.3447104049565691,0.9941466686514324,0.9977963894539084,0.4321244598977584,1.0,0.9980439035486431,1.0,0.9847326480404662,0.9948614019220936,0.8345268378522607,0.9506135794975134,0.978576387579252,0.34207280126500816,0.48785560945263073,0.2969158229279828,0.9923149013917738,0.9870537836250639,0.5139681491202199,0.985242967820019,0.9949020997679492,0.48383671652689897
11026630.0,Cerklje na Gorenjskem,0.9636655776856488,0.9180125777148652,0.8078486343343484,0.7574089411406476,0.9754512254064053,0.874707410366106,0.8531538985206941,0.8068871479209144,0.8343805834927076,0.8364059634778455,0.983579354765542,0.7277432702669251,0.9463857695088469,0.9005099401678347,0.975116361532387,0.8766174542906826,0.8657282349454831,0.9730607681573327,0.896660627282513,0.803605037326862,0.8458665277083126,0.944393606524771,0.9391484604343413,0.8653332005154224,0.9907828810351261,0.8125866813770103,0.751216079239662,0.8866694994781626,0.9406688096541401,0.8010332934050862,0.7367898574234018,0.9987164379077437,0.8724217004334249,0.8584606661914579,0.8382256892847088,0.8771879295735112,0.8135940748076268,0.587787298200485,0.7737489474705573,0.8472895635659712,0.9779389288883522,0.9334130836279592,0.8103799534173777,0.8993084744626632,0.7067651757841342,0.9099449810879277,0.6964162230530463,0.9004279444465695,0.9453563373992531,0.9825370770066939,0.5828898818422786,0.8881518802028648,0.7088503091668099,0.7333054428556106,0.820613744181107,0.7527842710696083,0.7063925191486631,0.6728125342797542,0.8109663812050737,0.7758179228447522,0.8971456306497521,0.8983183347903771,0.5473492890638842,0.8299890339884755,0.8153271159340469,0.7403836427271371,1.0,0.8323148563139295,0.8144874882590005,0.8288263602256606,0.677725012390601,0.8972736622442866,0.9797886576495631,0.6727720736323972,0.851166213346457,0.9139381538549174,0.9154477785055906,0.5899293134749692,0.8753391769941433,0.5440184659371505,0.6867096584371315,0.9761817282257057,0.6995435922698277,0.979562529711209,0.7838190072979241,0.8893432459576303
11026648.0,Cerknica,0.9707890246822743,0.9732799977672518,0.7467098160651063,0.9856309161612992,0.8943047816738605,0.9934813684149031,0.7748622656755009,0.9925520628384847,0.9847420466337763,0.9267605702365013,0.9949992808805261,0.9583000543695884,0.7712477917760945,0.9742194663685277,0.8168330967369795,0.9971479662054711,0.7868072810642366,0.9753852216981127,0.8008052090037476,0.6721297297833382,0.7872136162449956,0.6541323753590207,0.7947061845120988,0.5649303363440641,0.6841931009748994,0.6867054534995827,0.787519664137314,0.9856205290287273,0.7912706279978755,0.6777823794777031,0.8448498505545092,0.9785552699954205,0.8756971082178521,0.533318697823773,0.9231925466891744,0.7916010730509879,0.7857949977873285,0.47062739719995295,0.9965738524555452,0.8406856261027328,0.9478680033147626,0.8963937187668023,0.9906297251008341,0.4840225184134086,0.6947271608997806,0.9859630279379932,0.8896436126735614,0.7687653078735802,0.5197697568108222,0.9786697701047421,0.37518565640387447,0.7888910234502282,0.560373589989176,0.9829561363398608,0.6589391315353799,0.9473701717500752,0.9652397124861822,0.8049394727408906,0.586064100127619,0.9645209781272513,0.9656326852087828,0.7297337554804835,0.35230943047179863,0.9573351976754391,0.8045440306767353,0.5671953597860724,0.7228486459724774,0.7825107746698191,0.769114911176499,0.7877463333287658,0.4843501561884357,0.7995535740553505,0.9545469273650828,0.9759096911151597,0.48152551767102403,0.9879972647328882,0.9264342612791835,0.7632765123623917,0.7972707437154619,0.7168384197942943,0.5688185643057259,0.9547097080093935,0.5140922680891074,0.9467288637617712,0.9794234918617665,0.8027768537113191
11026656.0,Cerkno,0.9809617825746308,0.3754718327227967,0.5019160903936273,0.6907141437121487,0.4131740079946613,0.6455864658901529,0.7376811343866267,0.696713326173309,0.721815086634527,0.9884628115435924,0.9932052752660444,0.4636449042181334,0.5471473466888206,0.7171392608010558,0.611587372832487,0.46346856681386484,0.5847624285718815,0.994105083694887,0.4893245755173371,0.5400735600837085,0.5411905591851632,0.3874771392017371,0.7603990630722625,0.4820157746253846,0.33295753259841177,0.5382565658507588,0.7235439442032863,0.3430536246874042,0.5096390691494396,0.5390252201937649,0.3278401895182391,0.9000169732554353,0.8398099288190938,0.5535761748902945,0.9891433061361246,0.713095388336313,0.5203140210807736,0.3064408539824103,0.4925458743886323,0.3795324010999699,0.9985418860136861,0.8630475585336056,0.6043872866601554,0.7192328946976859,0.9888745645061251,0.9391495940904867,0.6220628242016755,0.7820176118093918,0.25977584734376125,0.9750993046097293,0.34267874651256847,0.584798481372562,0.38361994684435363,0.3657911827067122,0.7597207338227254,0.3895125952363928,0.36645595479549486,0.7948120697457156,0.26417191437057463,0.35140892679976665,0.9892966545317247,0.9954409233537431,0.32178456707489966,0.5893015446277751,0.9999027857276365,0.46935240288569324,0.6466445070641109,0.3243695428259067,0.5172382120632397,0.33791651905192643,0.3287544703063239,0.9857820120945966,0.9818812517872765,0.421062232400925,0.4042266510841801,0.928458418547011,0.9548914695011391,0.6358709367573306,0.7120010753454092,0.5898203552479565,0.4089951904681949,0.9730509382989917,0.3827923880676163,0.9784488364475489,0.6328787601692916,0.7258019005533772
11026664.0,Črenšovci,0.911777717165833,0.8361682986502463,0.3323618334183416,0.9694502406792598,0.7147475548301501,0.7541318689197809,0.9228850637999534,0.7961304536589463,0.8186255930147049,0.9643640436548413,0.9867916050785845,0.7034379491069623,0.8040407649515436,0.9830607535891859,0.9427198547629615,0.8107295784232195,0.6821482080894931,0.9467268310832655,0.9880435875728788,0.8830489457841633,0.9866293160516523,0.7895721206236266,0.11814834028867294,0.49752528806735885,0.712664179735986,0.7642101849084291,0.7909181632364016,0.747619240142757,0.8742797918718372,0.5091993553796881,0.7721927570334098,0.7102354666718012,0.7840491684912427,0.8339388740395887,0.8741559153960348,0.11670098921897176,0.9106526124466741,0.5894464680838788,0.5541236590138523,0.5199337366079293,0.8947429329512209,0.9771975915175358,0.7018880367344258,0.7189979191786043,0.5648395069331011,0.886218584813772,0.7835343097477359,0.8420887659200947,0.7635366645535132,0.738398162695074,0.9851679587677797,0.7593460509372902,0.5803836514180704,0.8079012030107077,0.7787356887770388,0.7998243688101982,0.8219747931602641,0.8141668295748918,0.3331902901742213,0.8485092146411631,0.6497352654204029,0.9673103640614963,0.9370534604623548,0.8182635260536198,0.4218478232342512,0.5019866250962106,0.9877817469252412,0.8215170604690741,0.7744396615728215,0.7980035645499854,0.841564633431523,0.7028370536491475,0.966536256320257,0.613875225442189,0.8173839177463798,0.8606564181809228,0.8726750032305545,0.07666733035630624,0.11616443925993103,0.0323175973422144,0.6507267625021567,0.911000490858261,0.27451814756192894,0.9436867270396183,0.7476922228323963,0.11633473194898758
11026672.0,Črna na Koroškem,0.9850987282967051,0.68946466181656,0.6686214812484365,0.42385907619756047,0.5453621919765771,0.6395723038974002,0.777680708820261,0.529364974014505,0.15089433824441423,0.9688614674217727,0.9731129699009291,0.4979271120100862,0.7367815319179286,0.5233296198494204,0.9899299208933575,0.6089901002813831,0.4771980619919495,0.9843723097011515,0.633650046698983,0.33363883004947537,0.7380178551002696,0.5155377309860204,0.5822727935471982,0.621947634073285,0.8274094767720135,0.2327733470189869,0.5613208417383,0.538898907176333,0.8862057275024329,0.5373610909914797,0.0,0.7369102210777112,0.9701787389096617,0.9983658572334903,0.9931511958440628,0.5823110988413698,0.7205152927415082,0.9931941677089365,0.3097419601017489,0.5973800159898497,0.991390871501522,0.9911589087592139,0.8184970353950944,0.7704915980463892,0.4587128128565926,0.8100101850080089,0.6323806129437417,0.04441182273221578,0.7751355196534122,0.9957465939254673,0.7967356434932892,0.2620925545835032,0.1420986058053243,0.12626186928511662,0.5962264882512511,0.9906196668480809,0.9936683408140875,0.6906090291862717,0.5102873489346803,0.992630914353703,0.990168568689069,0.5811373475466414,0.6472906568602982,0.5407636061040004,0.5794989506661163,0.3938061461034046,0.46604434075902235,0.6321845274340769,0.48233464094419487,0.5953978703836573,0.5945770620237449,0.9766914064185186,0.9828444967364529,0.10894093162412954,0.5947176735478983,0.9379799078398103,0.9700997864442163,0.38335904324328807,0.580856123287678,0.3380764905327416,0.43952092618855954,0.9768568343945397,0.0,0.9749356638228268,0.6443528513020516,0.5817076364686468
11026699.0,Črnomelj,0.9579489098605941,0.8851315653650408,0.9261129057650344,0.7443706834867436,0.9185452562251909,0.9917662565916819,0.6145932849801852,0.5339755218711112,0.033928720074238194,0.9578154385909337,0.9822057593779733,0.8044559847595427,0.5525891131738786,0.9466807868929353,0.3304306946759955,0.6401180304383054,0.0,0.9606856098538583,0.47994768445333535,0.2798714670406658,0.452454028542128,0.6178147685327282,0.5490891623584043,0.9897020796212215,0.6431594379755128,0.27261113526782677,0.5331664708971018,0.7859686968896472,0.5515655430003252,0.27161887834022946,0.6197516454756127,0.8320392711861562,0.725936008490095,0.1774625380036965,0.9873979253192163,0.5520169504163859,0.07060296709445568,0.9819859683456802,0.258050131010809,0.06416642687874763,1.0,0.9194320757562524,0.5287968736658879,0.26582643796823613,0.12437601598494474,0.9893541114182128,0.9642521586312994,0.2073648255666365,0.9184924124556483,0.9842409941183095,0.426272848679776,0.05212892292946192,0.9768554579083044,0.9824793105728833,0.4239162021287325,0.9956572783976335,0.006973839880407229,0.6729220783267669,0.19285349515067263,0.5774782553264984,0.9690165361631298,0.8161027207792304,0.5069333214758954,0.5573884445039273,0.4961404753936324,0.06227016225941995,0.9951764670795953,0.5571510095423602,0.5505656315994893,0.5570095025834199,0.6068927241895914,0.8760440312395812,0.9776873398404426,0.9874276078281017,0.5978699863969449,0.9627378893408874,0.9203339125629477,0.46839231434367246,0.5580287457192973,0.4228511282667735,0.9597492553795128,0.9217687711108664,0.62669249096207,0.9414502641451874,0.9879956073864145,0.5541127239661079
11026729.0,Divača,0.9643520956611715,0.9738223538170253,0.8812764184364994,0.7547690646163576,0.7228788227571694,0.8254270400221981,0.6374056860939962,0.8590765177364695,0.866550124395956,0.9717007947869615,0.9562196341355212,0.8668410497766588,0.8497916618248984,0.6655950611071806,0.9663807243856144,0.7266936756111204,0.890505404593515,0.9651636409896736,0.7745526989771914,0.7744302203178701,0.8579205657442261,0.7360297270398837,0.6361514864876652,0.7274679125927739,0.7925597927541795,0.7622111019650311,0.8629984671938724,0.8573601663728361,0.9436112969736214,0.7318560986693885,0.6751052104509976,0.9954678298957215,0.9395391552032254,0.8322280762360647,0.6060083737305875,0.6385598502090124,0.8587857846022575,0.9902517840516649,0.6589580912993898,0.7170992125348514,0.9938388545907839,0.9626078385566569,0.8900852900938557,0.8535907363778744,0.7800433018826174,0.9539058017654258,0.9862378910819236,0.3912739007972287,0.7792032726230872,0.9941963241602281,0.22649033625061898,0.5444730077760666,0.3203964160464208,0.7360845437589247,0.7458862566258584,0.6644798639039291,0.9917952430495909,0.5810900149442051,0.5195464636508493,0.9895483472074499,0.9787518133819376,0.5415383206844484,0.21268052232232804,0.6730909230960707,0.942856939223681,0.6513441554123196,0.545624824346806,0.8609495314223466,0.6337528491349302,0.6490358033215862,0.5304978996231293,0.8751746465202972,0.9970996496792329,0.7246095408139266,0.5904083638578274,0.9615958403149047,0.9646096972512127,0.8949366336841303,0.6458964644284972,0.8480980896227396,0.7144797446005848,0.9780531142107703,0.6001949966055462,0.9788427897811088,0.8284027890384622,0.6580717753746395
11026737.0,Dobrepolje,0.9938212167916184,0.7958825639759164,0.7609332386694503,0.6058795366803305,0.5749326325703188,0.7282323735870897,0.6005365976125041,0.7291676258562411,0.5837910820624729,0.6632650028384861,0.9936504629910615,0.6927034758384794,0.6146791032917911,0.7676272448437648,0.9304158129384935,0.6807359030026114,0.6413836507961144,0.9923637732534673,0.8156535154608835,0.7401421785461735,0.6863244151796246,0.8335703725544166,0.8392392942744531,0.6564130214691261,0.6119675735174418,0.8921170149619626,0.7936424157059656,0.754375723658921,0.5897387451317994,0.7362001054102942,0.2277237558562295,0.4672664337986919,0.7190510242039413,0.6596950302344677,0.8171546396561509,0.83861265996157,0.7920211232081292,0.3979540367351333,0.7346262217034316,0.6865620840309166,0.6263178548137416,0.9137827471544692,0.9577004102600252,0.7337679619793493,0.8874644317788579,0.7036622866752344,0.9515729706985644,0.9018536115128171,0.7231415988848173,0.9972024854289271,0.4852174624791681,0.5634056620898795,0.5949566726613211,0.49580970536523294,0.7815471993242846,0.5664947952048547,0.6343896678128595,0.7222239065488396,0.792338409272298,0.72070161372327,0.9079653642342128,0.7769415235944858,0.4742242862246495,0.7879875983562583,0.6906497211886576,0.6662726047463718,0.8283586025879314,0.5504871133491556,0.7334281517951837,0.572194579606799,0.6009773306011654,0.9897223603493399,0.994940394321109,0.5837410637041568,0.5969901309880463,0.9398156549564394,0.9878429072684356,0.634715960450698,0.8433067893453932,0.5886688918652228,0.5027806152660812,0.0,0.6234507535045712,0.805202523153428,0.7299496857089989,0.8398089744504067
11026753.0,Dol pri Ljubljani,0.9681591530278674,0.8685454759294472,0.9162914985839448,0.850907895086121,0.777033293892855,0.8631951928111263,0.8913332578907036,0.8771245699221942,0.8899799391284853,0.8922157987805398,0.9867776102363611,0.9527430020645079,0.9071180348457829,0.8874241585681917,0.8788566881046975,0.9043633390851223,0.8794356614971629,0.9752227364477243,0.9423757232435862,0.9046046137241569,0.8769290035796864,0.8625953624112724,0.9486389596717465,0.9102942268671055,0.8242435676849137,0.8244215233274881,0.8717461780726226,0.8805174661286993,0.8310057753002643,0.9007622448498519,0.8403631072813015,0.9147988215604044,0.9781624103588175,0.8819577377946237,0.851534622506764,0.937017860215872,0.859596614503586,0.7272861466222926,0.9174557014887411,0.9038052806640726,0.6717208150493196,0.8522148696601916,0.8253858823550398,0.8736371639642245,0.7176231418820402,0.9087626650138518,0.9086346678795701,0.9994546134689696,0.7637914384129123,0.8289189726959444,0.6025823132041764,0.702972465109986,0.763719453744654,0.7992623556744242,0.901376217571506,0.9264113874396304,0.6876913398746931,0.8105103609901928,0.9113897143114078,0.7777940954191037,0.8962967908424977,0.8864806614115951,0.5658410121862811,0.877149551013621,0.8700620167024946,0.8687553022363879,0.9849435925184642,0.8282803020385603,0.8261742113669289,0.8503575568519783,0.8475682137180692,1.0,0.9872606608613258,0.7726775036314205,0.8386820019167762,0.9031542340579648,0.9467061907185842,0.6155788251643336,0.9327097828132387,0.5695899632273549,0.7848277802518913,0.9115059967485248,0.8358272907042721,0.8755565000007911,0.8557905228822705,0.9340771001957059
11026761.0,Domžale,0.9638396587923093,0.9222031817389745,0.91016789427282,0.9850486664416623,0.9659147435110254,0.9794934539962227,0.9944992765809026,0.89162513666584,0.9895554402491322,0.9355315920634475,0.9997486094317072,0.8335018796751082,0.9916301480997477,0.9583288406194536,1.0,0.9834321684586612,0.8650162729873527,0.989509678251038,0.9525496540553366,0.8925565578754898,0.9867977625367806,0.9459687598506114,0.9380917456892429,0.9847756611556543,0.9939458325963579,0.9779979385561027,0.8751335327752396,0.8475787107026816,0.8580332310775451,0.8937954548184902,0.7859571570345969,0.9578770694086373,0.8399979188489727,0.900457535491453,0.9781533320910396,0.9303311200583011,0.857246306669432,0.9530836997401608,0.8980902483515963,1.0,0.9514538471730644,0.9768348041142176,0.9806100405210287,0.8499036684366027,0.7959582363664582,0.9909278281054644,0.9733601677353934,0.9110953946433783,0.8709784281343851,0.9885296631668427,0.6343222449866142,0.7719470916750547,0.9969955448635199,0.9667748717769907,0.9793583042929795,0.9812241316948991,0.9483809650887143,0.7972198644652533,0.9505358340555414,0.9564643295660217,0.9419768916580661,0.8125284790178227,0.5956456624937196,0.8480913649146612,0.8962714359397326,0.8541338890217264,0.9928995621297827,0.8070601261408589,0.8326312260223544,0.8303902081744077,0.8287315318714138,0.6690322873329799,0.9792199401139257,0.9735331397279592,0.8222587769762129,0.9326178215047103,0.8605468787831635,0.6119926316628612,0.9272760712800461,0.5660146773304668,0.9761180493607196,0.9503254062755969,0.822919525597094,0.9854152014104225,0.9845501289271869,0.9286354230462331
11026796.0,Duplek,0.9031058662446534,0.7805124402131947,0.868442193541541,0.8968295911624797,0.8023193599588803,0.868280756763784,0.8507100993436695,0.8616564601976554,0.8605002760703774,0.9295297076239474,0.9797115925661555,0.7406931959340403,0.8970804606994573,0.9357714833764672,0.7936497017505089,0.8577590005026987,0.8791766378572488,0.9388998748420727,0.8872207566230149,0.44306769021811887,0.8733271533104797,0.8413712946456702,0.35345202344938187,0.8806654558115395,0.8737604545385448,0.7789418416731404,0.8982623192268544,0.9018193154630597,0.8561105050470746,0.9123401375277574,0.5903097677118411,0.7950663259180165,0.8556995211857431,0.9043364272237405,0.7829907850828226,0.34912213474356013,0.8964358532035823,0.7198722787525049,0.8126303699479642,0.8440283703092254,0.9510491353180192,0.8356099256019248,0.9752062826867872,0.8297666157025236,0.6952907842137813,0.864271533141135,0.7694603982964673,0.7254729567324301,0.7404988109319343,0.9268468416693076,0.9491221913417571,0.9102920897889142,0.7908615977729729,0.7784825226231175,0.833089980031176,0.8288688498046538,0.7099634498180679,0.7933507703044269,0.779005963760051,0.8067442980448019,0.7842160264243913,0.9245495031944768,0.930368343818287,0.8502723876162603,0.8894024734552916,0.8842438165800957,0.952283895972019,0.8463372050879906,0.877443348008763,0.8485548131456225,0.8635969280660433,0.6127124181742052,0.9555864506173025,0.7001636273608594,0.8638664833633047,0.8054556463010384,0.8275555355184651,0.2293576277135141,0.3475169943899912,0.1845434787701764,0.7836803332500409,0.4715464889805624,0.863982104781689,0.8694663824891229,0.8075545634489701,0.34802644120387494
11026800.0,Gorenja vas-Poljane,0.9528580605380214,0.5988059498914156,0.6198351411448487,0.9805769668789983,0.667626048069414,0.9913021817753349,0.6699718813197582,0.9475575011559202,0.775289279511621,0.8986826366408468,0.9793919149933167,0.49891932038220943,0.7226908490215723,0.9955090244639757,0.8966553766446469,0.6917945746013741,0.8108229508987754,0.9726001089209212,0.7486452454294336,0.7022994561219933,0.6869731380113424,0.6738007908435393,0.8626646731992809,0.6970948225906917,0.6750090619068776,0.612198247476253,0.995823264216338,0.6016095240707187,0.7844927837748557,0.697578916458826,0.5959731439005778,0.696026673904071,0.8451376510510246,0.7952551995396937,0.7547636762949037,0.8141082153954581,0.610595561694387,0.5865424603897755,0.6605187247360926,0.5989004613477911,0.9763795079567409,0.6961552271974539,0.9341181744255573,0.9883935607957239,0.49672964284583654,0.7453163982794802,0.5682422049931803,0.809718348989126,0.6718842565457438,0.927714994801714,0.4380173650312318,0.7630134960164855,0.8844079692643045,0.8997358049183549,0.8308449859922372,0.5567311046163832,0.5788780234217774,0.97368039663946,0.5496481246709581,0.8880536365915097,0.9308111998460367,0.7013870226057755,0.4113100961535532,0.7718304579318703,0.7459168258863971,0.6074427082819334,0.9914634764397711,0.6066728366609678,0.7443517980691516,0.6181343143764996,0.5212357443013977,0.9720814623678865,0.9587431756815669,0.5432306469771617,0.652323083962052,0.8538522680139774,0.9146241204987513,0.6353793163726146,0.8125494810780179,0.5893302301536535,0.5194630790394443,0.9265370868426132,0.5503868619050332,0.9409369486816017,0.5667134321585781,0.8264977064585486
11026826.0,Gornja Radgona,0.9832255953111049,0.9195958232284894,0.4767822902870221,0.9763258570914921,0.7854974737733974,0.996715515731512,0.74587513478297,0.750954363059371,0.7423058779542493,0.9670806096919429,0.9451424101030429,0.6578851824886922,0.7616105878131829,0.9283045751590053,0.9569454059970848,0.8060047340312113,0.8360856496003125,0.9661951118129238,0.9202063500064321,0.64252681146976,0.9111903295075788,0.9769642598320069,0.195978239433512,0.6021047075869319,0.637627651804418,0.8447515435767944,0.751232311680019,0.9751137039755834,0.9316730783038053,0.7006905280881824,0.5037885492749208,0.9691018399341981,0.6999281120359392,0.7839397375502498,0.64904911220793,0.193577449766986,0.7437654426682455,0.40400101511414543,0.6357982960859814,0.7764728891440442,0.990794002862308,0.9823084062336971,0.5849477716587392,0.7990074606189395,0.6306802409630587,0.9581763390226757,0.5662711693242061,0.787599346533738,0.6249032080679428,0.9372262274615007,0.8960346065211278,0.7080577221837663,0.9708355205274556,0.5361056749854971,0.48107099555367927,0.9742042296159773,0.36642012188905704,0.7822782473992826,0.47513902039803113,0.9728072270329607,0.959593629172443,0.7972195307848368,0.9954642404635395,0.7526020255322752,0.5492144061296315,0.6078405889275678,0.7088004521313994,0.7222308126880046,0.9074060124225258,0.7486876317414605,0.7534304223761477,0.8781948829976566,0.9856954965758129,0.9768993223760114,0.7781879023481204,0.9395440683539705,0.927516095197667,0.12717172656497333,0.1926874489757432,0.08266838165476054,0.829612362270745,0.9223100142033633,0.5538432228687624,0.9672968312691974,0.9957065949317794,0.19296992151245573
11026842.0,Gornji Petrovci,0.9657891832223223,0.813428398478081,0.10842946932380504,0.25493046338957315,0.42962762276623057,0.6506217143768516,0.7259869201320537,0.7175991619394132,0.743620382485572,0.9874798937516714,0.997130938534435,0.6265674809875925,0.7302780778451718,0.7021332261828359,0.18566142043185596,0.7466014197157295,0.5534207407795348,0.9775248378300696,0.9240158171779981,0.6844439259079753,0.9982532497652957,0.9981797455287558,0.038177705241505655,0.32933572727793514,0.6026657860436242,0.8384617318969287,0.7147415030039312,0.8172568223444551,0.7577483388585324,0.426248352797412,0.5339321625139166,0.9398396410860095,0.8531533895790367,0.7638809836986868,0.5969234184454333,0.037710017397689755,0.7810050740046355,0.3117801244817534,0.42277065093728705,0.4088049592158096,0.8261130717138725,0.7196823025749157,0.5715787121689891,0.8556717829860667,0.4400053599671888,0.7037764188515254,0.9850008947070271,0.7426013212024589,0.5668632430637199,0.5146794266835366,0.8553301735346063,0.5106623664712446,0.45282690649658763,0.4849299616610041,0.44027913259181684,0.7195399478596274,0.28103087054525555,0.7577444007143104,0.11309048278932476,0.6289320918561805,0.832314448483286,0.8543345588545099,0.831890923618429,0.7094110455358625,0.22356878419295856,0.33785386382758253,0.6709102046840716,0.6894940937354594,0.6984176461847735,0.708561369205727,0.7243707594126911,0.29093504731174125,0.9956282863051371,0.4243909310153773,0.738194480159186,0.7960385317861476,0.9462834667269017,0.024773794814592187,0.03753664004737278,0.0,0.4554421132481937,0.7743724704509798,0.1535188622405964,0.917572537730228,0.6344126168822137,0.03759166734671282
11026869.0,Grosuplje,0.9732957602410565,0.8438981537501385,0.758170775963932,0.99538411125602,0.9907552487414842,0.994771220975237,0.8104174426499873,0.8573851699945554,0.7793754593372892,0.9705011568736859,0.9881610014964587,0.6392356847200187,0.8227446598211532,0.9788541583847379,0.929854390630217,0.8491356812185231,0.8081125407377733,0.9805772842103292,0.9013549024793024,0.859790418264659,0.8889722929487665,0.9498128885582344,0.9146643684102561,0.8150426244968925,0.7493179680062954,0.7043830022691075,0.9944368412216629,0.7566207107697354,0.7924546119454245,0.8569688717812175,0.4308109257115682,0.7505189676859289,0.8945280104215374,0.8379432050471801,0.8445197109022375,0.9131137552969425,0.9918739979840956,0.5512149700007524,0.8585130755003576,0.848355009205553,0.9719785664205275,0.853991990070873,0.6831187402413919,0.7861133833029416,0.7208703438060595,0.8516216103413808,0.9913727752234472,0.914163524390722,0.8727566816258745,0.9884942297170172,0.5405322826336946,0.6892051660483927,0.7637659392225818,0.7329562874904421,0.9845040612152629,0.7429171757076733,0.5174594019428902,0.7905090933737008,0.7625078008711752,0.9899317470162403,0.9783084891705256,0.991384111723708,0.5176044637739285,0.9969046118384739,0.8561987665261562,0.8232841790715064,0.9987867182139039,0.7586973498093332,0.7689672901591987,0.7340663867051072,0.7858009626164915,0.9260269492791269,0.9882872727112918,0.9860461107640529,0.7799714070924937,0.9656865938649375,0.9532233773507992,0.6104523744626098,0.9174653549394309,0.564479104907122,0.578828579984251,0.9061835374150187,0.7996141989738,0.9916290822145472,0.990021514704902,0.9140762537061475
11026885.0,Hrastnik,1.0,0.7599587936697596,0.6669805012578807,0.9656217425831355,0.8622053427746033,0.989807740049134,0.9309459939110883,0.9258152261832141,0.9346913159310206,0.8931381397265434,0.9927488988272086,0.7249784708917597,0.9343442858835977,0.9371306975658386,0.9073094040350929,0.9457850217048128,0.9480451551980883,0.7588140430787587,0.8881077577440787,0.5317630191546562,0.9305389685064248,0.5914003788026827,0.7131227034265395,0.5961095558865557,0.8965294210318615,0.887876440228281,0.9313780183623197,0.5961633245405302,0.8392266773776154,0.7760676868764584,0.614828149375879,0.7406338470253799,0.9346745639505121,0.6500477056892575,0.9889654204590239,0.7067688636913012,0.6386479145153351,0.8355850716373676,0.5446660402390398,0.5260024431995202,0.9925906791592494,0.9919178363355421,0.9356342497045578,0.9263830264014384,0.6071657783566514,0.8933571085240096,0.9135395312152153,0.4540632912315624,0.4137556248513563,0.9724763269304616,0.7789295950500614,0.3553032182041813,0.6911299203744706,0.8676451612308128,0.9815428112279079,0.976323596404013,0.8486287486534791,0.7938680024624893,0.6038025519468389,0.8811216948533318,0.9861421585101949,0.9887509411699545,0.7414659572234685,0.9302674435211681,0.9335832408387128,0.7108492977608003,0.9102128009511791,0.9297906825769897,0.5845425867058807,0.9922228178193694,0.9376767383388495,0.9540586956961897,0.9544976552843746,0.8598191683437446,0.657394995185062,0.9033901133897058,0.9350048485322765,0.46396219518323745,0.7031908618258547,0.4184344835571855,0.8692768139352541,0.9149491340826613,0.3279053925702874,0.9679197555841524,0.9797500222119528,0.702755750817716
11026893.0,Idrija,0.9902620662008847,0.6103687386782851,0.6435488839297858,0.9939411931588213,0.9836869792703856,0.9990138796111836,0.9606112556342706,1.0,0.9980997336162543,0.9513860383019889,0.9961004793969679,0.36054741259812173,0.6299445901245033,0.6349128608320891,0.9546983630876653,0.5017879606393638,0.559298901456377,0.9926393853887271,0.6602788926580403,0.590592213321794,0.5646845568056089,0.5666211825293497,0.7451503593254629,0.640462384171756,0.464125218573444,0.9817656635851519,0.9974287140491853,0.6213749385800559,0.5893146266758074,0.616998409791608,0.4935951298484532,0.8791790846973895,0.3810475213784785,0.4841877363140459,0.9969635350803986,0.7462234555787055,0.5860916575223623,0.9943643986978559,0.6329284804650621,0.5476329207703433,0.9784980780556023,0.9716636980679141,0.987149224808481,0.636413439679823,0.43231437128211836,0.9806209253317382,0.3757905049291427,0.679833650358749,0.30637548209059107,0.993223989381694,0.32810613792177523,0.7344218644330827,0.9518790134347559,0.31974560136589325,0.9329715168881707,0.43894839352517445,0.9632227737743664,0.7163558685491681,0.3166125075486169,0.5904777525458071,0.984333975081346,0.9982219767475826,0.3081004953480636,0.8716116502640043,0.7356378621116348,0.46437510687914874,0.9991473249457614,0.4053832024555739,0.5089904745987598,0.41340476824689343,0.3528260341979388,0.9774016559866845,0.9800846798111474,0.9966643392318771,0.370074077738766,0.9422449393570901,0.9495228685144832,0.7023643147508094,0.7530650705403612,0.6561114899786742,0.9872618482944755,0.9707885675261338,0.40908182683485395,0.9812400531770903,0.9862028484802338,0.7653974866232691
11026915.0,Ivančna Gorica,0.9760483658880749,0.9618631422085568,0.9604028304670772,0.8442272744082951,0.600275565616954,0.9953101903224454,0.6294920471938936,0.997368806146668,0.7466359385552538,0.9881924589520246,0.9855529962782907,0.7515809205926152,0.7177194580157855,0.8120470397767894,0.8210427013730982,0.7039685676451479,0.6643857973979377,0.7894113194455081,0.9681221385800481,0.7566490139939338,0.7124323374564483,0.7882942425372974,0.8496450410729366,0.6782977793266904,0.9945679737198062,0.8520546048177114,0.7935932174914462,0.5875389421561488,0.6177057044787627,0.7528615302536875,0.9056691614602829,0.5063443423248747,0.9027228513941506,0.6842863931949249,0.6676877916563084,0.8488909333759752,0.8035491518534004,0.37792424113092515,0.758581250963135,0.7088832581556113,0.9878246412219391,0.8729216437524394,0.9820901849205078,0.6031730246544718,0.47711549084032634,0.9218586206318362,1.0,0.7661265945592652,0.9886246508481842,0.816909811029227,0.5737907446444959,0.5758980595913306,1.0,0.9918650124237601,0.9761988854397132,0.5752860568094073,0.986248117991674,0.6341465684112527,0.936831458628276,0.9740058455241698,0.730053579236933,0.7856825807774559,0.5507833507088533,0.7964579104147911,0.757866001817612,0.6879341371423087,0.7373005535577434,0.579212083477207,0.5786949117622875,0.5559070569233668,0.6264758526664511,0.8810688283547089,0.9927507373214254,0.6001397252388188,0.6222344791020175,0.8430904329693185,0.957713974457848,0.5768742143730128,0.8535378068863356,0.531003074636448,0.9548218037297748,0.6871163079032467,0.6477545043421341,0.9886461329560243,0.9990136086986585,0.8500549902773991
11026931.0,Juršinci,0.9728782965919968,0.8933493036512394,0.826254598455489,0.5848203318826469,0.6869929644458664,0.7982251456824817,0.832291731565092,0.8221947009796609,0.834266534466062,0.6181587617528093,0.9925786167116696,0.7242270897161198,0.8451684732616896,0.842392570356889,0.8231310873880814,0.8540143407687264,0.8526571322684998,0.9964511976407279,0.9093712521968971,0.6246670702300771,0.8952739420977561,0.9963320326914556,0.29092187493853716,0.8608924776821234,0.7633447493395528,0.9384574674215228,0.8305190794661343,0.9969244473237542,0.8458222632055121,0.719059371864128,0.5484978761835966,0.8097773677056533,0.9114330731113394,0.8586207975601966,0.871262989911273,0.2873579984942046,0.9537107425369593,0.8867997861861651,0.8379068686744389,0.7915490063803329,0.9896824673005451,0.6644477242111992,0.7062160545858792,0.7991014179870837,0.7857374725725225,0.9204645874459773,0.7566528277451187,0.6671599198881939,0.736665321153586,0.9768361000038364,0.9752198409755923,0.93428452115283,0.6835917445286555,0.6885665083745938,0.8192693197939491,0.8222230309934968,0.5795534912658524,0.8303589428572509,0.818630181335189,0.8329812762323944,0.8636844891144531,0.9955187698340505,0.9475343319721843,0.8331104462249739,0.8464597381713532,0.8639887127530099,0.8329516310899042,0.8306496328115895,0.8160711743694418,0.8264304697402131,0.6257870670611685,0.9587559773431604,0.9914343349083191,0.6547129876254281,0.84054743272121,0.9770972287427921,0.955661700099051,0.18878135265627094,0.2860368278395772,0.14409061868305384,0.6566849973863829,0.1638017777211277,0.580637558077238,0.990744245321389,0.7914524070545901,0.286456147046835
11026958.0,Kobarid,0.9720573916664785,0.23877467875001912,0.4694926461455723,0.7668568540386018,0.5454660325457871,0.994750024153342,0.6871578649085722,0.9982650472490124,0.7877875460734186,0.9585768140518355,0.9852086720872976,0.868449947715382,0.9976901730804542,0.2680693441530321,0.9415697981820408,0.0,0.4155766793387997,0.981642804443169,0.2641278371149932,0.1652331650198149,0.7759783134294533,0.5435212229531845,0.5535923658876176,0.2190660843467882,0.635651464304165,0.5494774435455635,0.2749432204118709,0.23915392561825632,0.7898772375778722,0.1667806024556424,0.9888163625522075,0.6895965697555366,0.6061986353777523,0.38275276794757684,0.39558932907818023,0.4796943782260962,0.7932468296763954,0.9649549491498153,0.1710866537224155,0.7686671881743692,0.9842000348931847,0.9536007755356275,0.9671449173300948,0.29380640099507926,0.5501392137086946,0.96677319502127,0.479754535009558,0.9985474502268463,0.9877680607996278,0.9886681547842296,0.12238860601645574,0.2444191780116708,0.969325709672466,0.9886719597789083,0.7067691564255616,0.28443322989409103,0.9879557598979745,0.21870754855512153,0.15500930112307154,0.9693016822786802,0.984522822568987,0.9886176807757674,0.11492619546062532,0.9939557475906757,0.8064517566262341,0.4599329280732981,0.36817147232288694,0.23110797757368817,0.755143390762266,0.2854123438185653,0.3174715199959903,0.8010876636232801,0.9919876627522887,0.5593518080762225,0.3680566403627137,0.9064160912522146,0.9534978759656544,0.5745913271426678,0.4796731607012449,0.5287271309330512,0.5484957111062769,0.9877319259222327,0.37203811719839297,0.9621796990631686,0.7154536280912445,0.49313340194410493
11026966.0,Kočevje,0.943867968270393,0.8692693132780165,0.8648342956062564,0.9808825222117643,0.9789539734969153,0.3446023373689334,0.4990954630521717,0.38355264565380565,0.3212332037312541,0.9103917087043842,0.9747758103263698,0.49696104089256654,0.400761982648432,0.4986751736367161,0.900436760753418,0.49833149154084466,0.3223632884005919,0.970411543291664,0.5524887107673739,0.5112063006168359,0.3650514766672439,0.49249145931635074,0.6952962269511901,0.6112929030831704,0.11893309246783001,0.7058797051088241,0.373787494050709,0.9314887233355423,0.3651739526653107,0.5051202030178923,0.9698459423237983,0.25126550887981525,0.8354278430606044,0.31952182760534553,0.398195454903582,0.6960616812975213,0.36887943018223757,0.458349839075349,0.5651100216222447,0.37779248469438065,0.9911115607856473,0.9800915098458437,0.3314699259000372,0.7559092132402231,0.9788577288601347,0.5314540252183169,0.9836162288392888,0.7202549329057122,0.518090551236158,0.9863667642542082,0.4173514131736177,0.34550516657185104,0.9786178696401753,0.9780835182147766,0.3754114454825225,0.9876088567735556,0.9736576466967904,0.5710363924385948,0.4505670388899383,0.9802984105500548,0.9532422910895367,0.3338183415994548,0.4426489808049694,0.3743333656482618,0.6111785965027796,0.3658454300736257,0.6566851702601494,0.3750715532467228,0.3934475485114949,0.9970458467863699,0.4452648090588579,0.8224797604243561,0.9707205888627716,0.9818683238171054,0.4408263276594241,0.9196031357227258,0.9375303203655716,0.5898671968658408,0.70141120976815,0.5439565382591018,0.9910957432006976,0.9301179650263983,0.47577932560003344,0.9779952841137658,0.9883614148582825,0.6980754713639288
11026974.0,Kozje,0.9073127449404953,0.897047166990707,0.593532951212248,0.9886533625594625,0.6316811664847952,0.7633916987172173,0.7531185424456994,0.666003661044626,0.6605016120337912,0.9847071702271616,0.9191436569017066,0.7078862331604059,0.6369591429153654,0.8167433464638538,0.8515723799750167,0.9907377583415812,0.697515463360161,0.29514518695977543,0.7586322003691109,0.1421862281569921,0.3950527211743483,0.6295465859011319,0.46753732405344794,0.5064048834080208,0.7357403360486141,0.8824394489856497,0.7011276357489307,0.6705312855524317,0.6717943279434163,0.688531624882927,0.5233588008221708,0.7403157444256323,0.2993381268112302,0.6830065990397455,0.4823828028993691,0.4641919756831332,0.8643861729978104,0.587304157448344,0.7765780801521087,0.7213077417072837,0.9635893664070977,0.6627822881369234,0.9790837234909647,0.9851374897287337,0.3742651962333927,0.6020770655223169,0.7666932243857929,0.5083628259640314,0.7198908018490411,0.8182285310422814,0.7843164331402211,0.48021446619639085,0.34558938784841753,0.38678729741828544,0.6423924782658408,0.9869308095887744,0.5036216920172616,0.5542143611030252,0.5085859780449311,0.6338227806955105,0.9298639672044825,0.9363486959367542,0.8860817164845753,0.4576060649797631,0.6592896994855064,0.6034517379602301,0.6910934738980974,0.6372127262562622,0.6293331855193163,0.6382633700875037,0.6779617432734616,1.0,0.9811868497090337,0.44949209017369074,0.7496112947580971,0.9169151814534997,0.9204548372816994,0.3127204099769044,0.4617292567317054,0.2676527085507999,0.377142812356826,0.9496407552584557,0.34076049553394794,0.9661774088274087,0.5938715700450581,0.4609401721125599
11027008.0,Kungota,0.9874739929959042,0.6668754157407331,0.8286240440962557,0.7312438887571349,0.9991235078634543,0.7974982421712796,0.84119116130507,0.8362917230820331,0.8442035243393914,0.9684292827596943,0.9959367417700131,0.8826583576899426,0.9003803982481756,0.8242897217924472,0.9983565954317419,0.8436645044347851,0.8743679069640171,0.9357742842602462,0.904248758514094,0.3690612989321037,0.8879865774873867,0.9972092397764553,0.30811983991823155,0.8735779092760302,0.7710569434057533,0.6530622209624637,0.8368763675169055,0.9011650561307115,0.8309073127563951,0.9063875645615465,0.9453998144219823,0.786884456552113,0.8587212579753245,0.8642970696885299,0.7952348274740428,0.30434528346816037,0.9313428268911076,0.6908058468905689,0.7189128587920468,0.7646360676123249,0.9854780102291022,0.8701469001838393,0.832491896486047,0.8308608577359539,0.8151059670394484,0.8520641425730923,0.8487117389540366,0.600877985693719,0.7989868516429917,0.975169700963717,0.9447690458677714,0.8929726008532152,0.6594171926601324,0.6939426027863579,0.8259352160680486,0.8940150524066529,0.5760663656339665,0.9008157398446928,0.4817832910520169,0.6831140205529111,0.7298278783378889,0.8794602119134872,0.8442278547245016,0.8979605296915739,0.8428826848447322,0.87299847322898,0.9549111006189993,0.8242234527534458,0.8329967281612254,0.8341629298724759,0.8439670381363055,0.9932155848925432,0.9738353556012712,0.6906579335199226,0.854847517365782,0.9550451013582091,0.9719603883646107,0.199941239112,0.3029460112728519,0.15521656173092846,0.6919029806192436,0.5335510333964486,0.8565566745117491,0.9917950044669944,0.7947358803980951,0.3033901187056196
11027016.0,Lenart,0.957461601716219,0.9105185590302054,0.7557465390948629,0.7721395492440354,0.988474387237889,0.707484544887897,0.7685081491607655,0.7655891717721963,0.7785980348295238,0.9344965186777415,0.9502082438778224,0.6810845416642198,0.788281344627198,0.9832554864085209,0.7430793972620225,0.7863957011555013,0.8176459642081972,0.9882608715361559,0.8483355381406592,0.5406647531369577,0.7909377923697841,0.8985838016259048,0.2987845594660712,0.815337699718199,0.986320348300339,0.6701031693893988,0.7733669164195663,0.8727784091295092,0.9873031362742268,0.8653014693132695,0.7391659332866967,0.736852090561381,0.7991012712342613,0.9884764992831795,0.9940653064160218,0.29512436288017896,0.7581405580623666,0.7880555220443959,0.7550262734675334,0.9938753401499314,0.9861467467635576,0.9583935186680933,0.727180228812393,0.9761325543603342,0.9949496728970147,0.9910756857106193,0.6429364971405211,0.5872852800381472,0.6777381496392711,0.9782501323596625,0.9208471704055241,0.8463561170742463,0.9761994865342162,0.5813674863592042,0.7460840307537064,0.7537873702591679,0.9628646355748792,0.7090106737836843,0.6777714760255829,0.9821048807380969,0.8192732281182469,0.995557211071753,0.9089725400821904,0.769475327154576,0.8025817808819404,0.819582406379451,0.9151931455395209,0.7591478024732021,0.755386243917281,0.7638521229170787,0.7862008195053873,0.9208804073544652,0.9783538706042416,0.9793618240563344,0.7925964373507042,0.9303545204421382,0.9166100296552098,0.19388350669996746,0.29376748522322815,0.1491772542448796,0.5482856476840718,0.4194871426837081,0.7939585394323159,0.7134546891344601,0.9916311957561512,0.29419813728279787
11027024.0,Litija,0.9906553572561905,0.7840658982284185,0.8493572882186585,0.6228176135074768,0.9945558883321051,0.6681793703557029,0.7641113866658691,0.96672619496966,0.9990525309132127,0.96579063240127,0.9806409236143641,0.9570984627578495,0.9874430578511753,0.991460781292129,0.9586401283847689,0.73137021094173,0.7388173473804787,0.9817832891171022,0.7814652967107982,0.7482808760584143,0.6611820012272482,0.992929945679909,0.8478597247172559,0.7032922469043926,0.9904240528929652,0.9326012980123434,0.9843782365622911,0.6062493429202008,0.7433559757814505,0.7410224880888335,0.9082374121798968,0.5359806344318229,0.6988451053443308,0.643972952747125,0.9896311720765526,0.8415875416505494,0.6513584163830981,0.9897602387276573,0.7688541782824557,0.6874255654898895,0.9906109522043381,0.9834257270056096,0.9382895049630073,0.738691569155763,0.9941166370402394,0.9892379457201004,0.9843263548137592,0.8214850600345751,0.8990862021952724,0.9911438448334259,0.6581550257327039,0.5336576619435583,0.5001352652276185,0.988252513359737,0.7401689921366932,0.7469168442331466,0.9808547468657652,0.582055145077883,0.8503744891707421,0.9905815974380779,1.0,0.8267266615258492,0.628055385669338,0.669335673231987,0.9917557889694221,0.6731596343471438,0.6831456762423311,0.6622840051721364,0.5467155237160197,0.6132211489227788,0.7002169642812307,0.89815427700182,0.9895925281677945,0.9972179182255357,0.6042967033982747,0.9646657508218967,0.9705088916379012,0.5525320367113841,0.8373896910878373,0.5067349350457004,0.9585128958294887,0.07073071476547654,0.6093947047139674,0.9810641558848515,0.9872197143894027,0.8371513105046797
11027032.0,Ljubno,0.919549155137694,0.900132196369055,0.6350268477599146,0.0,0.7584793851191907,0.5906279042938005,0.6397938028644521,0.564107203612755,0.44556052957588566,0.9237826484212308,0.9607545709968174,0.9512868914534984,0.5762029964724558,0.5230288810387623,0.8992271825739999,0.6589331701478077,0.45782862742308383,0.5493332793403303,0.7044090823971088,0.5677193382746581,0.8759493815918679,0.8707292614984307,0.7298348448416572,0.6682653001173995,0.7589762372265566,0.7136534112769755,0.7910239666595257,0.8829077975481491,0.8800549690541998,0.6423816910268974,0.6611830624094929,0.9116563365263038,0.8398782909710494,0.8914541187823426,0.9849602714963724,0.7280654726664162,0.86763144001155,0.6214786394044907,0.5535135551418273,0.9039753729399056,0.9714181972286439,0.6169394886840858,0.7126404644160846,0.7955372839258845,0.6894851065606513,0.9777332258158304,0.5094098291958784,0.39474684705453345,0.6217309439937251,0.9742617782236443,0.7379136139806743,0.502042410450513,0.5816509379978196,0.10782486207490427,0.6250435509413712,0.8088600046948026,0.96066990941494,0.6808683263214514,0.5727312135403406,0.17480923784001012,0.9504305578656521,0.7855216790231109,0.6649218765461438,0.3804322875178817,0.6343301769885222,0.5303435161837309,0.45770498714597074,0.6202291256937513,0.5461076961959346,0.577672692589398,0.4531391433180266,0.7115505085003528,0.9773158721600594,0.16682483849135454,0.45484234144083946,0.9125032038245798,0.880566633232598,0.47911314784606895,0.7259403699456006,0.43353935376499764,0.17925956099775786,0.8909563089986811,0.34464718363729974,0.964639699210669,0.7920974776270928,0.7270045711631195
11027059.0,Logatec,0.9776093138919203,0.7512152007982095,0.9473339919545285,0.6774257924791671,0.9921011115379933,0.986481366250034,0.8714633870715763,0.9727269484900998,0.8802511600817372,0.948083959799147,0.9828278095961634,0.6331823510208765,0.9930664892886806,0.9894822619739229,0.9840132642467554,0.7810743119618342,0.8195357746447094,0.9864404985783114,0.9966255262104133,0.761898460505933,0.854825452502366,0.8689713710050551,0.8531401335518997,0.7122084535249189,0.9926729952803476,0.9300263459344816,0.8756431991433168,0.9665900724995741,0.9466657510763112,0.7899089698862461,0.5841734976661169,0.9953065422470624,0.9579524293367119,0.6557779050089948,0.8356449888946509,0.8528903240845749,0.8709909522398078,0.722904757796218,0.8383913839221078,0.780949061176016,0.9866570081093095,0.8924844997972368,0.9492601643327526,0.5859053664389469,0.7813714368606841,0.9108245269151835,0.9881910811767673,0.931842966358469,0.7544228839704186,0.9861181221943107,0.4287811925770326,0.9226121971485943,0.40593808341638127,0.9462883141665609,0.8709534620426649,0.7805324737686504,0.9807284978972894,0.6687402984357247,0.5877345275241019,0.7425508790737988,0.9541016902771104,0.9890434082389248,0.40263708160319045,0.7084800197437999,0.8900732100276214,0.6891762709029325,0.9984051661805714,0.7056361876303341,0.6884739839942049,0.7114396526519282,0.617447083918205,0.9649844608048611,0.9909436662957813,0.7466007579884757,0.6320573362319095,0.9726378728840803,0.8915930149970579,0.745205637443011,0.8592415224327051,0.6988225084339166,0.4195934306119601,0.9694972870449042,0.6613036631557674,0.9955194694785551,0.9980869803711334,0.8717295891916927
11027075.0,Luče,0.9960004232162589,0.7894185550678435,0.49785751349950413,0.3955815446036004,0.9905680421534011,0.5269410067654663,0.5054008248568815,0.6182301131917294,0.514157830329059,0.7157877150439615,0.9958125401537932,0.8822502434713551,0.6007046444672766,0.595594753808369,0.9940342830198636,0.574868235062848,0.4727172637152245,0.7733432145876927,0.6706603543622596,0.6110343458632805,0.7461878887055338,0.7355073316947909,0.757140199824326,0.5999156853726414,0.6030203010963475,0.4543897411099611,0.6581571619746786,0.747977797903169,0.750249940750623,0.6096367381443228,0.8406586224649846,0.9442903287243967,0.7587484252953671,0.7773164849586549,0.796484035127764,0.7550363292156227,0.7435821001631084,0.9819502819751809,0.5969643863773462,0.8003745272748707,0.9933464027325837,0.5152290749653177,0.9673947698399296,0.6593068567212308,0.4299091888877271,0.9781017235413422,0.38412600477468584,0.47096852019630453,0.47661851445578385,0.7837326032931515,0.692888091614696,0.5668284020665055,0.3138141599494412,0.2503903582614272,0.5154105091967432,0.6769756744404714,0.6114438320057689,0.5647208649575433,0.6322487020015795,0.2606699251904687,0.9952609211038275,0.6482076805722753,0.6226416990641527,0.35711832763765083,0.6448911086785779,0.4846989034378807,0.6089794468612761,0.486905888289469,0.4062525126655926,0.44533437253851593,0.39385712135347695,0.9109461833542069,0.6341599312389413,0.2838478346362413,0.4070781619699646,0.9467945817640266,0.9383289690284207,0.4968317943021905,0.7527872240157055,0.4512041079843412,0.25856376192147856,0.9809682169625961,0.40842180326639743,0.9784979602147457,0.625565712480098,0.7538907817092804
11027083.0,Majšperk,0.9396913688085523,0.7390192138618208,0.7729406664965109,0.881151072375408,0.964956561272227,0.8136377526071294,0.7934966582925747,0.7813972573474637,0.7960113461477335,0.9494206112861691,0.9771683485893004,0.7124797594986464,0.8139482332457918,0.9837327607906408,0.9757806668228061,0.8256046831796988,0.810564071124067,0.987672487286605,0.8969657294903814,0.41286386814266085,0.8347913293154935,0.8278392551338649,0.4099710696459211,0.8370569560949608,0.7919647009644265,0.9819667212589369,0.7938203897098657,0.7743077492306081,0.7872144465429546,0.7454117638645625,0.5004855269850157,0.7239451410948963,0.9228605767845602,0.8154368938100464,0.6982652259114235,0.40494880640676967,0.7819280254915424,0.7073521009852533,0.9195949652525804,0.782719474313095,0.6717679316224129,0.7579918142025256,0.7141862854290272,0.8480324638382021,0.9096321928359161,0.9223471716665408,0.7955053586982218,0.9410350495995312,0.9209174394341728,0.8703905571837416,0.9289790340950353,0.8740695967808374,0.5587233694350486,0.5924117630402823,0.7737727905696552,0.8268352609719525,0.9527804063901285,0.8227921988783948,0.7775968292468679,0.6304718472793787,0.8820386486848769,0.9917390998221248,0.9306247427616634,0.7986087263937777,0.8022819846329503,0.8334424594088825,0.8199782352575109,0.7699879800461902,0.7560147673791758,0.7834702800853124,0.6212757794982668,0.9000160927664675,0.9575425243237797,0.578040269129678,0.8130528536931663,0.8896190189757578,0.9450180267480771,0.26603325409629863,0.4030869947208089,0.22110755422011175,0.5530998943572066,0.9080568372432859,0.626817972303658,0.951126337446037,0.7160332787502026,0.4036779050604282
11027091.0,Mengeš,0.9624343676324927,0.9463530295692486,0.866682144279512,0.9462895142607285,0.9753414564592406,0.9151800927504998,0.9514049651794556,0.9098054567727699,0.9498520247282909,0.8987182500598636,0.9873706135806192,0.7763369343001292,0.9842568311481956,0.9838264554325837,0.9563548872877238,0.9514742356591775,0.8639484103597911,0.9487986341320644,0.9577175299822364,0.8917902366716863,0.9346706329324247,0.9475984851333099,0.9341259534644247,0.95467185551364,0.92474817476013,0.8738478502989087,0.8738045564443199,0.818271166528109,0.8829147980331088,0.8930219568828334,0.8212337330124021,0.9003771135995174,0.834924274984956,0.8993175109151175,0.9906289305090438,0.9298539565898171,0.881123417265644,0.8550459157510397,0.8790742796659107,0.959495854017226,0.9360423452491862,0.9585130318434278,0.8945990623628655,0.876016882540684,0.8457148263848802,0.9045618683986885,0.9387023948718444,0.9110670816159305,0.9066035351191204,0.9703089967601247,0.6162348202223884,0.8004135763026341,0.8971965086841436,0.8919929662356901,0.9916812105043676,0.9315230239444876,0.8714051970873341,0.7960581203605827,0.9073206371011618,0.9169836221571176,0.9452548976126037,0.7970886224463554,0.5786610837695101,0.8447243413840296,0.9165282849228444,0.8531282637076306,0.9989780942431569,0.8057265844237071,0.8312323496882006,0.8290665179160436,0.8275477763183814,0.9551709817872578,0.9844016241479517,0.8918656534383609,0.821086821315956,0.9086327433450294,0.9911179596302726,0.6116791566056482,0.9268011016407763,0.5657021557248647,0.8691542437640485,0.9528408354346073,0.8217912366735314,0.9790371945375531,0.9300486785299698,0.9281597571193765
11027105.0,Mežica,0.9869947441921982,0.5958556027773667,0.786225839439273,0.6878750855577669,0.7754321612994011,0.7848297890046927,0.8929047128526051,0.643327774912605,0.04500440363422875,0.9843611836983718,0.9947920920375497,0.3451025492677575,0.8510089475748912,0.6392926117710416,0.9651755786157012,0.5178179844298345,0.5687317619039873,0.9914560580286264,0.727208260596011,0.2687061408037118,0.8492709800867233,0.5381092784736692,0.5413398645570018,0.5360651186807195,0.9939551733936597,0.4391747213408913,0.4869814754810041,0.4248147694451764,0.9973593164446827,0.4719765395658765,0.23286273964091575,0.8924150795652301,0.9949723603767331,0.9049210357703963,0.8380646303220839,0.5418796099764872,0.8329350252287286,0.7381976157969942,0.26356394955657125,0.5097848690469005,0.9902235872704269,0.955088707483224,0.9885232057330786,0.8872909690125776,0.24061617869933727,0.9985521788444751,0.8231015356925659,0.05493794261545015,0.7344420107596571,0.9841429209574543,0.8353390069098189,0.2826345535704565,0.3025900473656864,0.33704338833562975,0.4833987251275851,0.8788441977667549,0.7026032634913331,0.5924056421394439,0.47698809284563926,0.9989757935780725,0.9852710797897547,0.698865735932418,0.6505917284560907,0.6548454805159954,0.4788597585153962,0.3087996360232588,0.6124066944360234,0.6519618237392617,0.36408623019586384,0.7088602800217381,0.6910541916184663,0.8820256391349381,0.991883575300518,0.32980529090562205,0.6951738885585486,0.9754724754367411,0.9795796381926557,0.3567973633950987,0.5406105241383805,0.3115955994932881,0.6614077006790516,0.9832016658910328,0.0424407892920976,0.9926323098867262,0.7871315668516832,0.5414030387880819
11027113.0,Mislinja,0.9963568630184131,0.7565397175458705,0.6906238941478854,0.994614035244035,0.9241639506209005,0.7758413390721699,0.8189563269152901,0.8214073043503023,0.45402077919434836,0.9875285123793721,0.9793059152573482,0.5965406215756064,0.813658333879226,0.8041521181298813,0.8051858314242022,0.8375400062426143,0.5705419137444906,0.9758228546527759,0.8765010008187069,0.32191311253495847,0.6365839543822607,0.7988455865117616,0.5813159653769344,0.8641453048563899,0.7611741779566956,0.9010975153837226,0.8117637989954198,0.7752669179310337,0.7964398764639632,0.714109642991739,0.4613521788719056,0.7619347583237407,0.903753300879644,0.6902860662657964,0.7261361031112852,0.5741946779998374,0.64991313434639,0.4910744774393877,0.5737379950193393,0.6081465446725345,0.9943267018517469,0.9632799767765637,0.987287382644531,0.571486510929949,0.9850679306979541,0.986779310737191,0.6555025030296762,0.5820787374360246,0.698435130286168,0.8904062806850404,0.9037207614349528,0.44901052395912233,0.9886084249272917,0.6664129144517984,0.7124809131789932,0.6717331853558577,0.9850034525246661,0.7166731166953184,0.9836332119278299,0.6310704576052415,0.9971188463103517,0.9929191664302817,0.8159071081086919,0.8239088801168358,0.8178370817163618,0.6275062434611273,0.7781734454686681,0.8300392848172572,0.8074044133760587,0.8089945254650711,0.8491296239125836,0.9758195868092899,0.9905218979665374,0.6522667707184895,0.8418397419996124,0.9138749926830325,0.942215659105221,0.37722022205352823,0.5715547335312942,0.33195634090493853,0.6624586580907306,0.9443524774167548,0.2398897432238154,0.9953811368634773,0.7881575043322933,0.5723926112255023
11027121.0,Moravče,0.9899354590177527,0.7933312974353655,0.8522661095988241,0.9730287275808615,0.6296399062589246,0.7701365773292097,0.8175154695845613,0.7404597090899999,0.8211904021172225,0.7128559011195112,0.9954855918712363,0.7609414091984914,0.8264756463369491,0.7835104882980745,0.9849878608958945,0.845134974643749,0.7374313376119561,0.9970541776920113,0.7931841520897538,0.8026992547235425,0.8325589077606331,0.7700085771008822,0.8843988231219613,0.8890484710547857,0.8446480079244478,0.7895463238917415,0.7582528157798553,0.7008928210923719,0.7174031883532979,0.7979025243721687,0.6920869339683863,0.7314922647095818,0.7866833194105648,0.7519337055520195,0.7944221516404127,0.8735646837717126,0.7166941004332544,0.557427365412859,0.8118502345930589,0.8605416965904059,0.4874590909609766,0.8507541191370238,0.8325283494877891,0.7026017686153458,0.4956588209326318,0.8295722453677489,0.7701133445582754,0.8625912824914235,0.6396819761658552,0.7098374647288307,0.6724088903634476,0.6586509101056853,0.6679375844038855,0.6607557221887901,0.8181363735208622,0.8211741311372631,0.6418423079904885,0.6560216825277903,0.9069914646786618,0.6667008618366054,0.9822366444503767,0.8408179602460588,0.6314100477047824,0.7001642498731631,0.7776955377944837,0.7350272934792106,0.8156002913391697,0.6509459848434271,0.650641931177713,0.6743332862005638,0.6901524538486881,1.0,1.0,0.6311816525304956,0.6828353912546609,0.9464282908118067,0.9841970376192798,0.5738929262430025,0.8695483416786939,0.5280308542580971,0.642676923016674,0.18626559274880705,0.6857874807115361,0.9783499301289247,0.7643199210091831,0.8708230667693717
11027148.0,Murska Sobota,0.9925684146130358,0.9430773021840488,0.40769011887179274,0.9939875300989935,1.0,1.0,0.9993887550527889,0.9976270045247929,0.9785508937502436,0.9257085724954031,0.9890994624310695,0.9189054278870635,0.99996113387984,0.9847537041798647,0.6190743687462805,0.9828905252254821,0.7863409736059198,1.0,0.9698045518960592,0.7763227474281604,0.9946185793343699,0.99153663737427,0.1435465218563463,0.5509412575691337,1.0,0.9278460650454418,0.9967051731920065,0.7780896258679,0.9764375454606797,0.5847395322803703,0.9259650569829014,0.9881269930225995,0.783978965941672,0.9949383676710795,0.9865482525604663,0.14178803577475552,0.9789821796683114,0.9772546557075762,0.5958405660588073,0.6211342916540348,0.9942962036598076,0.9833722737985442,0.9796575461780153,0.7789197722878463,0.9735544366886708,0.9899752723687676,0.9781199177169004,0.9955272051856666,0.9856850332100611,1.0,0.9310749015017176,0.6919690677153594,0.9857714555918461,0.992342566905825,0.5928439088236022,0.9929555389210504,0.9829922808796155,0.9963955157429797,0.40722934739571215,0.9934895667493113,0.7952596517997091,0.9173346588174363,0.9164681758531996,0.998037695654946,0.4832514616587459,0.5571990082776197,0.9942567683943654,0.9661058942444283,0.9956136914033936,0.9921886910577781,0.9699129503133028,0.9014797192732793,1.0,0.986316794978196,0.9937764382167552,0.923284380835962,0.9801902447291151,0.09314839790190754,0.14113614443007583,0.048748536815294785,0.9879520234787292,0.9451686317559724,0.3847073813685199,0.9723693306614629,0.9880660255398491,0.14134304469758618
11027156.0,Nova Gorica,0.9733020257266438,0.7315351437404414,0.8160417428624017,0.9922197336843794,0.9904161534622618,0.9872003337070527,0.9981144567779695,0.9632451447939039,0.9918944398971713,0.9131762450125146,0.9978083768777429,0.8667572263322774,0.9837731911367078,0.9740244134070498,0.8216826515441604,0.2813940537532914,0.9948340895874481,0.9854042090308384,0.9162890199237593,0.36208669654840153,0.985767245414331,0.9912085187715269,0.5541549914838421,0.662366882455006,0.9922566674241793,0.9670472203579451,0.9955274586946775,0.9582943359363055,0.9900318891013884,0.3128641205561977,0.6545463047413786,0.9567424967024979,0.712839847783292,0.9907591501500023,0.9569491198124944,0.5575678357968383,0.9870074578557125,0.9150118106033187,0.39111941210998036,0.3577648115475337,0.9779930261791391,0.9838191352340888,0.9409978104132944,0.9820787640932688,1.0,0.9869134203863617,0.9423000396736952,0.564215999237695,0.4771344003280058,0.9851451954859506,0.15004789829589116,0.40158033310560015,0.9598054429141304,0.9825289568215132,1.0,1.0,0.9844297396329739,0.1980664835899305,0.8554097067166806,0.9891970719363454,0.9610597476632166,0.9850116792864135,0.14089901543360206,0.9903368888497202,0.9826611240387901,0.9933202868103803,0.9893961761015598,0.9410677739936705,0.9952769083177987,0.9878625135379377,0.9476871635207951,0.8669001556981794,0.9829880169837499,0.9792787371327216,0.9883314036451627,0.9436788366829052,0.8877407931571436,0.7251319991064533,0.5652768227126157,0.6788099251713403,0.993068804673403,0.9585780070259231,0.9727240681309595,0.9777961013773357,0.9940074893540298,0.5773339483030153
11027164.0,Odranci,0.965351596505494,0.8394840566580808,0.3116631860639495,0.8965405461301643,0.6723160010185784,0.7674595344553738,0.9104364500261567,0.8262701154276537,0.8228863222683662,0.950510802515241,0.9881817649125649,0.7336170011388039,0.8334935002027586,0.9938499201064752,0.9559793115255479,0.8345674214900349,0.7025111242441962,0.9458646439837358,0.9630048461777022,0.8753061388957453,0.9581728664667026,0.8194650721112504,0.11051147894581703,0.481463888100894,0.755659690203853,0.8215245297492411,0.8202904769766898,0.7412333832632665,0.8990378658960703,0.5239490743070951,0.8483782726990345,0.7503313000666922,0.7121527696144683,0.843263325574084,0.9147048176141634,0.10915768161886608,0.9396392493141492,0.5748107439879617,0.5415799958422871,0.5396938140060821,0.9812204411019068,0.9790005887550066,0.6917548377553548,0.6962772775626842,0.6222228790356878,0.8500392177225182,0.8327103574791996,0.8718925794578352,0.7543255529657433,0.8198582470467708,0.9830370275996928,0.7460375364292329,0.6338535309535802,0.7959669075994472,0.7652495515727261,0.8249790338778469,0.8898515046915093,0.8365159759199178,0.3128458959449606,0.874376065196542,0.7388278807573836,0.9945014778847889,0.9303679867105203,0.8476787345190671,0.40302668938592257,0.48681540963327863,0.9607882974789128,0.850990275898602,0.8053568672556288,0.8272590483829649,0.8677273563382679,0.8902445624405765,0.8953163143468355,0.6554461936640744,0.8432858458258273,0.9636029868708839,0.8723743121088975,0.0717117146445031,0.10865581312577488,0.02737705440789351,0.7079387057753928,0.7126422574326223,0.2960333239112031,0.9707146410622651,0.7588313813645154,0.10881509845196158
11027172.0,Ormož,0.9838451300793369,0.8159908447427192,0.6585083244982126,0.9847858474784889,0.5291079074036374,0.7926424234146207,0.7025755238537534,0.7416025664848431,0.7829996636836767,0.9521303225630586,0.988358234025173,0.8116934196091734,0.6905742406876436,0.7808816701795106,0.6801155531973297,0.7329392294867105,0.7170047974669232,0.9428517253781293,0.9497718537145958,0.6899332335225649,0.8941155905601038,0.7474122929599094,0.23808437679652783,0.7497677429532438,0.6554611585530021,0.587088596195996,0.6777484268459726,0.8104802605264563,0.6958836088887346,0.5999977832645669,0.6703677570837775,0.6606760319640634,0.8214779634887003,0.9957732848574544,0.6778879225440009,0.23516777486548368,0.7088218669404002,0.7045172453925024,0.7511204586865811,0.577295199037581,0.9817038073815837,0.9000623205139242,0.9964938310694148,0.6448180893612752,0.9909361043092569,0.9918269200920387,0.9383073508134943,0.6150868371302827,0.5237415701636816,0.9492579410521976,0.9069616974999181,0.9985117360083531,0.9729970739793221,0.5608518700123781,0.6545336617502379,0.6796171164761253,0.9642813412150019,0.7032920388992785,0.6617371302034758,0.9704813589082868,0.6842157208327907,0.8677944851252315,0.9250262456234627,0.6772606749746473,0.721616311944975,0.7470435999564999,0.8159593663482061,0.6656785476019689,0.6430176103517247,0.6730681703047623,0.5741665031186085,1.0,0.988450840032478,0.995787597982788,0.7123636298285088,0.9268821362406374,0.9808936148061641,0.15449470998861647,0.23408655643866272,0.10990826072301196,0.9800342507798977,0.9419114272908572,0.4105183906012708,0.9704506934125813,0.9926342807052153,0.23442971850634797
11027202.0,Podčetrtek,0.9097226713290886,0.9666690323205055,0.613173709272213,0.5705819253640174,0.980632500530804,0.9820259949349472,0.6802401470208814,0.5343559719158957,0.839662181377468,0.8527896312061466,0.9724077416622736,0.9527441550280913,0.8275528093830667,0.9905914461342027,0.9184124005373346,0.8481958502071753,0.817711220879834,0.9414376117480404,0.9338311665348297,0.1639457024928931,0.47770608503480216,0.7945786376013819,0.46060599689507997,0.6517138819548871,0.9844299822018807,0.6871725480409803,0.6571362703280874,0.8231143075945095,0.8418571061010276,0.7095158808663952,0.9785807430015299,0.961161593728601,0.2702906993784884,0.8319785942472586,0.7447816558098003,0.4549634412680774,0.8295307934482281,0.7208035525745622,0.8900617825301718,0.869514428733912,0.5252841409969844,0.9962409665674264,0.6968240464106595,0.8050550366139961,0.6841937562414959,0.7129214662692531,0.9797560111197937,0.7012283798226768,0.9200109185040993,0.970500758116592,0.8487279102731455,0.6006178506678558,0.6700358698648523,0.6894301221148122,0.8332915127531579,0.8139567597786829,0.9624074003048667,0.5514553478067155,0.567850479328708,0.9786348875492893,0.996392575723653,0.7567268582931345,0.94656582731668,0.4937125685478764,0.8295662704399318,0.6307333867425533,0.9353057539335315,0.4976498685958113,0.8294036895917424,0.5028412012942156,0.5540748744730606,1.0,0.9972823941081239,0.6203043987131953,0.5947268850211958,0.9729986157842416,0.8558650427573802,0.2988906322489985,0.4528716799435928,0.2538649948517545,0.680382274367133,0.9584952231553,0.3540856436541515,0.4805877490136775,0.7484624432060447,0.4535355727550807
11027229.0,Postojna,0.9918418135276825,0.9628831156579427,0.9627111554220218,0.9873893499655714,0.9974699150029636,0.9984025999357546,0.9864916608775591,0.9912517917658337,0.9943118492182708,0.9582790077052658,0.9861601109104291,0.9225659103689391,0.9803673193688555,0.981569999528062,0.9468739426294528,0.8613632765790848,0.6664224619249384,0.9873000051413078,0.9936582331766335,0.7677147126101798,0.9906524317436183,0.6238098397011492,0.7655763104632178,0.699958991058347,0.9904032238934904,0.6589426968692642,0.99438060850005,0.9737848324286237,0.9835956463918689,0.6497039384122085,0.9846200953317983,0.9919460999712583,0.8676822705549688,0.5313115747081594,0.7805453161041118,0.7663991829540557,0.9913670859300833,0.9575982474783283,0.8715403715193981,0.9947259978067432,0.993401289922212,0.9975085603923834,0.9851654678199259,0.5327526924224077,0.6542698943481354,0.9798311145237293,0.9720657258607824,0.6463120161014715,0.790596250172287,0.9917674329569611,0.3471485311660394,0.770017517523205,0.9773699117836048,0.9805512014864617,0.6512491245663607,0.9761606341508412,0.9504143591216077,0.6205102949569775,0.3903837109267356,0.9955873910820888,0.9932787454818487,0.6957962224377705,0.32598181518051683,0.9923663478550129,0.9911555213377301,0.5068955920357527,0.9886303072856903,0.9900823412500781,0.988378517396552,0.993994220885384,0.40287833470811385,0.9435910996373585,0.964575206656591,0.9744148860878028,0.419627447724243,0.9376164396839837,0.9055656483632627,0.8123101304143513,0.7731480370422235,0.7657228994027119,0.9745634149124124,0.9572659175684566,0.4567888522589757,0.9780634558896995,0.9878619317838795,0.7855098939969819
11027237.0,Preddvor,0.9544689638832391,0.8656049387782082,0.948235081049139,0.9747498730434779,0.964117437703449,0.8596721027127441,0.8874801648325883,0.809215875635422,0.856657976679483,0.9451460915271682,0.985211949546323,0.7180501337219376,0.9005240492086988,0.8784951181587723,0.9288642326589516,0.8812938541381561,0.8900564739796725,0.964875364765621,0.81647372499091,0.7351509286790232,0.8681015484542198,0.8559971522020138,0.9468147432629948,0.8916333579273905,0.8090430629472398,0.9832268700133096,0.6969837367281064,0.9826509299144011,0.8636958726984278,0.730666854895023,0.8248137831935862,0.8542607180393371,0.9669324758703484,0.8632826331423029,0.9903480980601242,0.8345637665564045,0.781435644194321,0.6427958215840552,0.7009063198395458,0.746050987237574,0.7578575359093251,0.9836721437452272,0.7671284116660675,0.8872188084816044,0.6293479380389726,0.9872366691593549,0.7219099567606211,0.780420281299697,0.783698141323565,0.7138866524018009,0.5388910152933302,0.900801338741232,0.7287531154355662,0.7977128939062159,0.825440946083532,0.669912396724029,0.9775159627882545,0.5873965105193104,0.679218828376339,0.7937399089557764,0.968125745194226,0.8861325081005705,0.5060331690292257,0.8561999108668009,0.6968545604382668,0.6505529240044077,0.8243009768857154,0.8627086179647274,0.8532483150472393,0.8531587118388346,0.5719822365968794,0.8381110607203863,0.9678715694713744,0.7159040470503782,0.8707840222568937,0.9880031297862244,0.9020948187376545,0.5619397887826592,0.8329109848344735,0.5161140729221254,0.7269921709758784,0.9654025477562661,0.598755551724463,0.9906538109249919,0.8217833327651801,0.8468528556676141
11027261.0,Radlje ob Dravi,0.9716333110845508,0.43314610034002954,0.5704920560467948,0.9928016869198248,0.49603240381237323,0.9963318045426192,0.6256026102042962,0.9821410721706534,0.42747093899494715,0.9720283911222659,0.9876661844694006,0.10130528722351806,0.8617889288635783,0.984435324663329,0.8664757601388684,0.5190246860347039,0.9939923945786586,0.9855911406197381,0.8177303135616054,0.05142253145553899,0.8081633512436417,0.9164006740311259,0.3991551090680088,0.5532647068107079,0.8485647465412844,0.8885135283278394,0.984084143283827,0.5516831537557204,0.6416880564567242,0.6379535526820399,0.9890684291120244,0.643874088642052,0.9705440135315181,0.6841491734726157,0.9929462616268611,0.39426534444943917,0.6314145251049277,0.6944165480678028,0.4561584292745492,0.33511277951534524,0.983653907255221,0.9014403214494275,0.8301183007793433,0.9939096856500768,0.8949859239648867,0.7525076456840927,0.9075318360391489,0.34113704030420666,0.8467380418514889,0.98857471949232,0.9438228243078248,0.61750673703727,0.2800310847582107,0.9637003404968965,0.9913346191597069,0.7503512915766191,0.953512204075672,0.3774073566833319,0.46488732414337275,0.685059593107354,0.9839080212740619,0.7365983021295444,0.7354014590284039,0.6406432794641623,0.4314082725277022,0.5430959204729149,0.8872852181760418,0.6377316158634332,0.523386721266055,0.7561275909564135,0.6784223501266251,0.9400568967140244,0.9929685147764351,0.3082383766815663,0.6853645622396436,0.9345084710744196,0.9587539935802953,0.25901469741813,0.39245265155085096,0.21411034486772662,0.2884455782909354,0.9626705048022416,0.4912527756892685,0.9735327433324668,0.9880553607480891,0.393027972344252
11027270.0,Radovljica,0.9936331178571745,0.6692984269877904,0.9452810386043998,0.8197607830461149,0.977836320682759,0.998054332677353,0.995929431775153,0.966576171604643,0.9122593171211721,0.977943719508437,0.9930685021686111,0.9896646729385076,0.9599506319277837,0.9165748860328007,0.9759314686961973,0.9993430870567307,0.8011856512480917,0.995033411159086,0.6857266658053487,0.6300422229480815,0.9920207486275228,0.7769729426436927,0.8984468823999833,0.794369200079317,0.9942466481059691,0.9284477106649569,0.5280169133756387,0.9801980298585254,0.9073141201944914,0.6245515250777451,0.9973555320627938,0.9984153099586791,0.9969513915007202,0.9961257991330125,0.8184397391327023,0.7691159695418975,0.9961212154406747,0.9896794032099482,0.5857017336708765,0.9281204057534774,0.9915248555841832,0.9990324126358926,0.9849958235904652,0.7810930986068285,0.9918268885310646,0.9964067667843581,0.9907105183697418,0.5817465448399481,0.8555400746270408,0.9967804888062574,0.44136140750249375,0.8173772690298143,0.9865176823529528,0.9349120573087062,0.7740969510715698,0.8906158162716629,0.9866909323925784,0.9085259785648439,0.901316318467363,0.9907847223246348,0.9904322946207426,0.8216592421510692,0.41445024204776504,0.9136171623111811,0.46638439351335126,0.5126212385828568,0.8865093730542519,0.7576773480164691,0.9045494050501025,0.7206260322922629,0.7848955295348892,0.9756084462620769,0.9795508419005814,0.9970416081052625,0.7476018092428727,0.90626326038066,0.9633493955865614,0.519077711824533,0.767764093690966,0.4733823633261989,0.9997967409757522,0.9900513926986938,0.443999311315577,0.9962320933103944,0.652515297653788,0.7816466653818033
11027296.0,Ribnica,0.9622958715200071,0.9884880412074099,0.6679760369320937,0.9713671504397359,0.5117915011996207,0.41401148827156975,0.4348326690764619,0.49125804668590844,0.5378001780775351,0.9705198138390223,0.9862720687870427,0.5594572636780403,0.44937153491317516,0.515121066064635,0.9359324163151965,0.5947636964319035,0.5089179614505925,0.9772826347654473,0.7388574537930979,0.6450819489792798,0.538937054167363,0.5752037310370538,0.7796901196358974,0.531172681412752,0.357469381799119,0.8301854706827804,0.5533861310200515,0.9810072503528895,0.42969166936551073,0.6402496201984605,0.8699969884897284,0.4374574684188819,0.6973116402060937,0.5189655472005557,0.7187108787245499,0.7794217245810859,0.5441582471357418,0.9876413778104225,0.7022876503363293,0.5588242559028318,0.9821272506826437,0.6120570882489942,0.6133222605502968,0.991578743993584,0.6169287358255273,0.914929898888455,0.9830942048775135,0.9564621816421965,0.8581797837500009,0.5907622144935354,0.39918782946656717,0.49104721732308343,0.5126974242718453,0.5394238774752258,0.5288602832246129,0.7597206677118625,0.9876754972022,0.7301170386107034,0.5842614446783858,0.9848109361427545,0.5355092796695227,0.5238963068204078,0.40922566292836826,0.5407893290982706,0.5394014631286871,0.541527298546095,0.9549860262648838,0.38506459712450847,0.5819155358683821,0.766085599932192,0.4541354135775465,0.8244055529429302,0.9746331276945944,0.5518546424410192,0.4516119611640862,0.9380237930552617,0.9387392102800263,0.6440618609655999,0.7843879929944625,0.5979863663101819,0.5422796194133328,0.9432380238751956,0.4834893332028518,0.9583523536483477,0.989723276404565,0.7811738954265842
11027334.0,Ruše,0.9765629214841234,0.5842266145607886,0.8342635446844631,0.7789685851231106,0.8989097588664957,0.9919138526789264,0.8537285599083992,0.8737229787097082,0.8507633161963308,0.9491140577650365,0.9986009215969601,0.7022270945904785,0.9513547766238504,0.8589902263547479,0.9947886977982836,0.8857933578559734,0.8765700922774687,0.9810984013330977,0.8666765119190355,0.31184287481575745,0.9849945356540559,0.9843630972384415,0.3400501248023472,0.8880917044573243,0.8000533214630401,0.6824856915568396,0.8621982620883354,0.9600301081335593,0.8393811798639385,0.9009835905397233,0.9839183076035517,0.9913434051681124,0.9811171306773554,0.8675916435808326,0.9917306055709321,0.33588441320045614,0.8359901565677816,0.6590475645088496,0.7259795496144873,0.6872631264520681,0.9926660741115114,0.9439153567658336,0.9674291677545116,0.8237349766960027,0.7383078507779626,0.7790050086431035,0.9784005167552372,0.7358123653496158,0.793765794534414,0.9882678718127178,0.9451264349558678,0.8979934557479334,0.9880954844480277,0.7631741139373001,0.8450683335766026,0.8580889327326948,0.9873616710953272,0.6354049809979722,0.47401526408902517,0.8227202776545223,0.9931193509794481,1.0,0.8581036345907801,0.8466416489729218,0.8362612529980255,0.8803514878707853,0.9132385099748747,0.8383032603013414,0.979917404976678,0.8328374450492075,0.8564653725761522,0.9784863459249589,0.993911339581088,0.6545121477892821,0.8466597541529703,0.9373848301609565,0.9820800436208432,0.22066103672913406,0.3343401352183142,0.1758733389451247,0.9589062210262425,0.9568186609019818,0.8695355510468229,0.9800906310568978,0.783098588323873,0.33483026525336324
11027377.0,Sežana,0.9146579893279181,0.854477957888552,0.9551567811485823,0.966216596414138,0.9761913761705153,0.983289750265823,0.749686181863491,0.9903092203233723,0.9902071403863351,0.9749128467095118,0.9660913569145964,0.6724658937934223,0.9785401003746228,0.5635926027926761,0.8271887934507327,0.6104561959963737,0.9931916217127746,0.9521510600013637,0.877984856995778,0.6918433548685203,0.9830899145436266,0.8502322439125748,0.5987454469807516,0.7254697422285296,0.9827439183957971,0.5554110219442847,0.9727865064225528,0.9767803165920477,0.8003583608433101,0.6465126046084313,0.9347658358819388,0.9819457175627663,1.0,0.7062656895558634,0.6183780256211913,0.6016120454192462,0.9854857965885948,0.9833371336152015,0.5975180913973502,0.6368602121710611,0.9669679938139284,0.7852203098424253,0.9810782492856867,0.9881008518890899,0.7951176626051428,0.9675757682908024,0.9645791310398719,0.2424878605161681,0.8922917873047472,0.9929176562918233,0.1916180059881364,0.479286696657246,0.28275132178728124,0.9788078550708774,0.8585872589937098,0.5256813774365533,0.9616606712372254,0.45290958093552314,0.4508102270226948,0.9762178557547374,0.9657928050149056,0.47330748677960044,0.17993446552538483,0.7526408914994296,0.9745065262332511,0.5409884507549918,0.43463393880426326,0.986923641656084,0.6112973906396755,0.5465395887150105,0.5090966276253556,0.6164784688799493,0.9687524729472352,0.9789644250355577,0.4611012431530974,0.8877390426341208,0.8530114241425688,0.8603495256257321,0.6091185326044982,0.8136161801539497,0.9680163847883749,0.9637169294152191,0.5184188898170301,0.9722109225538209,0.9873481102526324,0.6212399284889559
11027385.0,Slovenj Gradec,0.9574851007810783,0.7266720107683152,0.8459065570268135,0.9847125754666781,0.9849869904895526,0.9852519708168218,0.8221359208586208,0.9939468181641333,0.2890374409289109,0.789822485198338,0.9803241640622401,0.39449955138319115,0.8000885579018623,0.975834208724744,0.8904934697077974,0.7167182651150708,0.7060566732412361,0.9587676133581917,0.9253776003040008,0.2360691239098761,0.8031142295898648,0.7120422132061219,0.5272007588231725,0.7515030242521864,0.9765377594672335,0.848500356773273,0.6628906783402058,0.6240820515168723,0.8152534922235373,0.6230896902660867,0.4674424638838509,0.9842115524070519,0.9317317356565344,0.8367653579987696,0.7610963865988194,0.52074239825403,0.8181896568453453,0.36844844488551365,0.4692344196754886,0.5419566788362447,0.987503956325029,0.8243632436023964,0.7250960005285311,0.6352646923591453,0.842855064153468,0.9932164463373113,0.7367117971048589,0.4044749096039444,0.808683129597199,0.9870724100053231,0.8932543262248783,0.39089477005157036,0.9736602269189478,0.9855358258870394,0.669044032237825,0.8391369285606973,0.9675881038731904,0.6853395043400297,0.8265328333128867,0.971307998933527,0.9780709585149593,0.8276784651836937,0.7602091911303459,0.9959205825682145,0.693985738466061,0.5052619698339631,0.9952011686884061,0.9965432621085911,0.6523114866769457,0.8330053809044167,0.9969315300588626,1.0,0.9803134155599615,0.985284216712065,0.9933067884070022,0.9353135635635157,0.931837340680737,0.34210446496358415,0.5183482085018793,0.29694739031967976,0.9821419502314592,0.9476424321239002,0.1875363965284379,0.9738581073894614,0.9917991943226435,0.519108087436051
11027393.0,Slovenska Bistrica,0.9674720428366451,0.8422127544807134,0.7186246065419273,0.5217581568853806,0.9880916003147033,0.9947772113250833,0.7944603677066424,0.9946633810817743,0.9953108289350945,0.9755972879831465,0.9815156055472716,0.7333285877130077,0.7402879070574625,0.8040032268695225,0.9024032023590041,0.7380547234186866,0.751187742961983,0.9703271495678157,0.84920925711808,0.33001768714994484,0.8557846010724012,0.9716664930290361,0.47983973943759506,0.9950423291867935,0.9801639937354006,0.7118926121051852,0.9865780265597297,0.9886680313964047,0.9888950533765922,0.8143594772586855,0.7400630192904261,0.6479401914730312,0.8430532439203824,0.9955050229363929,0.9911143829432685,0.4739615649455685,0.825535608243307,0.5590583104847173,0.8400596083289013,0.7252930001426348,0.9846538036578538,0.972109828231485,0.9687303804361763,0.8542385792951397,0.9914062279413136,0.8337124047959097,0.9041993805915467,0.995209153207089,0.8313080425354643,0.979028283172363,0.932353111132346,0.8127498561487545,0.9803219727365373,0.9888977836804899,0.687549395347659,0.8861186645112367,0.9864119235778822,0.7667658099822265,0.6867478603009751,0.9818930466715977,0.953822475563794,0.8152012537767533,0.9969927254956455,0.6908628098292597,0.7817487999169622,0.7618824689234258,0.9938251731539747,0.692222666329922,0.707226796499788,0.6845354896708176,0.7267928530892549,0.9032443370232222,0.986493807026396,0.9902153889762151,0.7154123193576378,0.9336569432475718,0.9581180477238207,0.3113715497963143,0.47178245695376575,0.26630795100256455,0.9745653384489702,0.9334538946687111,0.7273908862591485,0.9747965209751481,0.9779411348209313,0.47247407225149585
11027407.0,Slovenske Konjice,0.9790958469303663,0.9284877820253103,0.6590495975586215,0.9770855607768443,0.8650705220915772,0.9955434545787506,0.995083817893521,0.9980243599418599,0.8100850545102622,0.9345157124842649,0.9556379543269091,0.4686165340116706,0.6923985093728773,0.985105630213114,0.9550644629285836,0.7392608538088641,0.7862880018089722,0.9689736380280183,0.920455061958826,0.22894494224447492,0.6581840396101344,0.886466405404277,0.5227097447344229,0.8393829164784098,0.9010294555434368,0.8439983774194588,0.7964232847649244,0.7934476203109265,0.8031870760727512,0.7959581044469941,0.8310036408898321,0.9056695348100731,0.8326712508249267,0.9057974718569846,0.9930545556298074,0.516306400376507,0.6551827446302978,0.8109217558536936,0.800004789854289,0.7256044659002545,0.989931889868491,0.6281515483378914,0.8853192807854184,0.7669579715605885,0.7302610566176018,0.9033445270917986,0.7125444893521122,0.9239813687849336,0.6633258518424436,0.9888083982790034,0.9948363355249218,0.688300586468229,0.5904174494949586,0.9930775012681985,0.68889530476823,0.6911111466251523,0.9749084886302161,0.9472085773967094,0.8063924155431086,0.9580489623417169,0.9559003246572683,0.916417655956272,0.9361134189641162,0.6508755689547011,0.7052879246710999,0.7393958472723829,0.994108760463016,0.6551227953636918,0.7008717993734952,0.655727969593706,0.6938601163715284,0.9440337159012793,0.9537052309479017,0.9588188843677823,0.687531710982328,0.9785756185394585,0.7873677953788699,0.33919021276219286,0.5139326057769205,0.29404200197648755,0.9882948237399469,0.8878698495755745,0.5605979225893871,0.9744879297249511,0.9826468070320501,0.5146860116039464
11027415.0,Starše,0.9570206899085538,0.7836711768780522,0.9247162759950102,0.7790825007601136,0.8038283642973549,0.8507233795861014,0.8495072820196731,0.8363837638588618,0.8826443385126512,0.8596379703521062,1.0,0.819171019901911,0.8976826048053435,0.8764133700956216,0.0,0.8690942127925372,0.8357466997989873,0.6877432731576545,0.9039818302874634,0.4437632298846311,0.8668327387823125,0.8612289852098525,0.37803822670420295,0.8780233213208324,0.8582508468126218,0.9221669652873277,0.8818062671435541,0.8661306506020852,0.8395661644975947,0.8762891825328702,0.9860459225571688,0.8640629810232906,0.9490892854086513,0.9153485165022928,0.7722422497067634,0.3734071499538111,0.88661937748023,0.6618464239044077,0.935743596502049,0.7201556700437184,0.9941546770914982,0.7696751724152633,0.7782482644359262,0.8785796978554745,0.6939202531480979,0.8705952409566942,0.7801849127410379,0.8141846624859197,0.7694893678797692,0.7817251850468256,0.9471382955540855,0.9080451929641541,0.800762773116585,0.8296170226469961,0.819677597665233,0.8411534729676771,0.7293783281763644,0.8891260189714505,0.8319718267424383,0.7001821648576205,0.6044099580304063,0.877104228423784,0.9476767780759867,0.8515883061202193,0.8502873543270937,0.8739909659657998,0.8472374284089067,0.8237586283223493,0.8335566346898929,0.8368437009491926,0.8214403927660321,1.0,0.9821493381347536,0.6819362329062653,0.860308079976994,0.9810275966510783,0.9270929288223807,0.24531179653669977,0.3716903556716544,0.20044912211225696,0.702468461174415,0.35093434763061426,0.8176035745005742,0.9955314652557651,0.7831972716509584,0.3722352397219456
11027458.0,Šentjernej,0.9201360297603993,0.7333327427650556,0.558931046779423,0.9714237331790385,0.5551473685227606,0.8587829458058203,0.760221412895006,0.7714036173094867,0.2604233842767776,0.9679954816443881,0.9789809096429813,0.5013631058329728,0.7715451937186247,0.7374473211802877,0.9392246130345089,0.7994418460124167,0.3717254192044903,0.4119640499503451,0.6654730712739076,0.34808090259296365,0.6490262469387529,0.6342570731600596,0.5920877200087137,0.5256477902590568,0.6374895672313525,0.7332382230683286,0.7368849896514862,0.8717847413606705,0.773549114413212,0.4662194431774235,0.7420382974363375,0.8049489715865218,0.5762472322929308,0.6959280065927012,0.4354798301925309,0.5944887633975893,0.6572586940078742,0.4350602500467061,0.4255446811170842,0.2628674897902451,0.965329790304793,0.9654871278004072,0.757935115409113,0.8846475043471551,0.530304339658753,0.7774576326351409,0.5816485969345698,0.06436648273083134,0.16357503259909822,0.9631254271582472,0.6185537152987649,0.1270611369141994,0.7120884589110527,0.5739278839898515,0.6442563164845307,0.8742049475287421,0.6910112543616744,0.6527073953206379,0.22696436440135992,0.5365519540502771,0.652389799524659,0.8842312304794498,0.6989892744150337,0.7525095521732013,0.4868946172216245,0.30801533657216873,0.7246818326380982,0.7553055362572525,0.768090070551934,0.7673739979925392,0.7827901245785919,0.6746490684188591,0.9664738837775642,0.5187224308454146,0.781099480585832,0.8715987473218999,0.8616245877973905,0.41846265425992957,0.6003052882947572,0.37307333198764714,0.5798409387478833,0.6423512668881979,0.7972115487168188,0.948461560237382,0.6935430561924485,0.59645124235934
11027474.0,Škocjan,0.9872915620485839,0.7306235775593157,0.5433021662512916,0.6710799449842197,0.547202116900524,0.7334332060347635,0.7562422594763605,0.7509274614780992,0.39404037258533264,0.8632174576434265,0.9971303803011645,0.4522742731720293,0.7447213796937902,0.7523328487132503,0.5179410517239675,0.7871556870770426,0.48562926187557676,0.725992361751278,0.7460644892345283,0.387365277704505,0.782093908154822,0.653435106631747,0.6168522039003135,0.45604706493555114,0.6317309853266962,0.7744723249756849,0.7336337360569024,0.8932444289140271,0.748462460955998,0.548724800042141,0.995433382246073,0.8418952104330194,0.43171807396878137,0.6648702402698781,0.6311754823661703,0.6189498752556629,0.7376856805874227,0.3861754347610349,0.44768597021699863,0.29178342252096523,0.616313177616662,0.7348400175049048,0.6812683574404501,0.7838556536193209,0.49272095181670783,0.6150906026400202,0.6793554325852125,0.13349542824017402,0.0582084257011265,0.9947252623653957,0.6553397201988045,0.17021741255670542,0.9978435361324888,0.5360559187832921,0.7449369953961262,0.7802339764848698,0.42797535313572677,0.6394737173481542,0.2960948472942697,0.47902623973581104,0.9947422590893019,0.7826376854932978,0.7107900542258956,0.7485698411348265,0.4937185197555142,0.4152806201455651,0.7217217796590798,0.7352361164578918,0.7696954779540813,0.741245726823629,0.7649749435249573,1.0,0.9936028337514622,0.4905362068335789,0.7682794792561354,0.9745655645634914,0.9887481359267088,0.4298089121710982,0.6246539365940094,0.38438507963193913,0.5753534691811885,0.880679134309355,0.7861574112266119,0.9897211174951065,0.671648806452453,0.6208355848591598
11027482.0,Škofja Loka,0.9736969395048258,0.7874169577825288,0.8256717599243786,0.9878150823240998,0.9909813500411584,0.9943147034279651,0.8558609783577148,0.85787591005581,0.9952732373010059,0.9738525258415216,0.9830296367401246,0.7594286424541832,0.9333169120628362,0.8856101771938769,0.9041180935820428,0.8754954347406272,0.9850855806590586,0.9799849931608059,0.9553137965218425,0.8172671170255206,0.8955591982809619,0.8688374319305368,0.9449429941187365,0.8701377732909411,0.9904743172506303,0.7049327018813702,0.8571555159441907,0.8314753556763207,0.9823315819600917,0.8135298129728215,0.9357938211227533,0.9868072897687614,0.7612300456969532,0.9957402255442912,0.9938353927168091,0.8856948654423886,0.7750969663235383,0.9185024276393158,0.7795591872722859,0.754364128860431,0.9902364802244179,0.9852643759186865,0.9776891477337333,0.7867044935706266,0.625704066514758,0.9749950714071282,0.9268886249177207,0.8976936484746258,0.970227927153577,0.9902214482857495,0.509198827115542,0.9063972997147752,0.7111815996452203,0.9452274416061356,0.8697009506316142,0.7546370342173652,0.9881758865516166,0.7637605595240677,0.7519618917287958,0.9550608600138661,0.9689067602870638,0.7879331551135003,0.47815140508695686,0.9918962362690291,0.7572577238814083,0.7583120689797002,0.954084016495467,0.8338013990186468,0.9962518844121998,0.843584978215704,0.6988291690144683,0.8335099082724822,0.9540029397946109,0.9735351282841208,0.8519303409660824,0.9636236646338534,0.9440747468419071,0.6047188430197086,0.8838070009744022,0.5587630123151437,0.9856013710389675,0.9344800728094417,0.7196588822035004,0.9802561159841319,0.8299857697961521,0.8978596871929997
11027504.0,Škofljica,0.9698872589011993,0.8812706443514426,0.8361276850655661,0.8431155547547445,0.9771910072974458,0.8977483312059691,0.9191883027266267,0.9711552326145926,0.8797625277187535,0.9638806129875602,0.988119820372348,0.7509107774803744,0.9295379095795011,0.9573296073260998,0.9137872619601831,0.9364089562522155,0.8936890305829777,0.9757478760501384,0.9905716058038795,0.921201949132815,0.9846039497319097,0.9192104896864159,0.9537534533795414,0.8972525010192807,0.9076017012471332,0.7330199872298035,0.9681043875478508,0.8660391803446306,0.8975122182294168,0.9189555323568114,0.6524229430878388,0.8959032355132464,0.9382662072511013,0.9303204168790045,0.9936165471068756,0.9513527325411083,0.8828975278734273,0.7820645365528659,0.907642927991011,0.9322042791206689,0.8589438350523836,0.9610857211874558,0.8549018382218807,0.8953111999870642,0.9374789403974929,0.918475996210024,0.9857425629587501,0.9964004954842789,0.8570883387545667,0.9792521675197985,0.5417269183319064,0.7577062277105542,0.9653194783121819,0.9433813247178598,0.8737676891903233,0.8482872946847773,0.8024323031844188,0.8845129576794599,0.8705764355905593,0.9290828354426034,0.7967160808228453,0.9885698832752524,0.5086961583182366,0.8876961759828853,0.9555244786455216,0.9038730884111901,0.8540193289588239,0.865564859047455,0.8720377975433333,0.8401444186817064,0.8806648921601226,0.8698703744352296,0.9614672307084574,0.7866266920624996,0.8738897155625739,0.8428516694176844,0.9527181104827241,0.6359597244559332,0.955528522862601,0.5899088728938953,0.768172434688765,0.9358871501673952,0.8900331378125867,0.9915843011079015,0.856445919121454,0.9525653108602493
11027539.0,Šmartno ob Paki,1.0,0.8854368254397669,0.8807750223443337,0.6267930075931052,0.9205194507876563,0.8500838360508564,0.8890466774494915,0.8431371963716608,0.5810504704074777,0.9922394090265358,0.9909582915616956,0.814821703286945,0.8467486787750442,0.6327848712878297,0.8887090386281645,0.8796215517681804,0.6381209061691379,0.589646808818254,0.7730872223730771,0.4857040337406606,0.6774391760315362,0.8467133732788115,0.6845681519847655,0.8761498397537592,0.8156832518020247,0.5741819498220024,0.8817838529577615,0.864338162621922,0.8669878550926069,0.802743201041744,0.5282446724248586,0.8332123966194421,0.8590164465261625,0.8289661946218079,0.8619851534786215,0.6761819956948192,0.7583509890644978,0.6444447309974748,0.5213152732826365,0.8472561159340677,0.6922118661784349,0.7893538805947788,0.8337156170342902,0.8859047845702958,0.755595553354267,0.8145828811470707,0.9870059389276788,0.37221205337042973,0.8708226095854832,0.708082102787401,0.8300631050994728,0.37328530593371867,0.7880972855529873,0.3532369016157789,0.8771003889443012,0.8849003191139562,0.73367641793882,0.8604004976201359,0.8486580930614015,0.7233948916211853,0.8984149871484628,0.8913621601360168,0.7525974338702492,0.6563578880300281,0.8779342683917252,0.7388296496866148,0.8070842954916817,0.8270845966168556,0.8323361132233653,0.8485170539070137,0.6985552190720469,1.0,0.9896037513384514,0.6940467309069309,0.6978120646756503,0.9469743849651141,0.9555358709878088,0.4442213283012515,0.6730731495357405,0.3987536596065173,0.7089220449287637,0.8892910104042617,0.21906126345155597,0.9371879128604691,0.8144793464410168,0.6740598494010047
11027547.0,Šoštanj,0.9430064796578707,0.9873208161338153,0.9745022230341644,0.7624280181876053,0.8257483967141509,0.9926460615241721,0.9940909308091784,0.8987581094161128,0.48106249634547804,0.9555928214170838,0.9670773896564204,0.7371319945206185,0.893871690079573,0.6501412142507704,0.8995767498330088,0.923612841602867,0.5591897270411361,0.9727092590669612,0.7625976453917894,0.41689846503604744,0.6150153952361396,0.9100785590661818,0.641193797855427,0.9183166737958015,0.9092546298312059,0.50575149524041,0.9037085885645216,0.8673350019385931,0.9199435807210229,0.7629944068080653,0.6688404088535944,0.922203211661424,0.8025096975041811,0.7740585138003773,0.8650860400269738,0.6333389898492852,0.6952726284457386,0.7932249301708508,0.4991914510419373,0.7974173206477275,0.9898630140427828,0.9155419218415701,0.9082373942516583,0.8203690224861175,0.8188037150158504,0.8576102460219714,0.9861676780611227,0.4272131789270821,0.8717283367742017,0.9840464073425153,0.8484318789432143,0.3547279053913973,0.8324257444373471,0.3828137080873617,0.994823352348399,0.8214553144440758,0.8454528663896762,0.9596409116528314,0.9036604418079344,0.8327481358538258,0.8727465396206815,0.8253051292806237,0.7685446491875907,0.6733988468706325,0.9267913023144543,0.6871522090064032,0.8779516112550731,0.9410005886222714,0.8903940437458775,0.9025062703366744,0.714983659348017,0.9449974113501044,0.9810462821129411,0.7991413938255364,0.7115112863204562,0.9832931678153684,0.8960120223838249,0.4160918923813841,0.6304521252331671,0.3707097809116209,0.8163575959191478,0.7564463518232584,0.11781515074124305,0.9887794051411465,0.8749857055508713,0.6313763442834326
11027555.0,Štore,0.9264052840204542,0.9087729486422812,0.9286083019537164,0.8974783487937812,0.8818296746975262,0.9221275381649431,0.9949116402412524,0.9446228708801693,0.6023244375243815,0.976549166416534,0.9847693223471516,0.6826921670826205,0.9315277632045952,0.9319761113593905,0.8854196195537728,0.9510745454506149,0.9187811979809336,0.7470839954690481,0.9387465817779951,0.381144194307826,0.5147807056888689,0.9965210413551167,0.61865465706495,0.7066466292437339,0.9080518752401536,0.7803083530563285,0.8962552778208445,0.9526244986891556,0.9402843327313218,0.9625794931198709,0.8279996145557819,0.9235849447471747,0.6887119568508181,0.9473934620477388,0.9085491069113272,0.6110759600008118,0.9336052034090616,0.8561957465321262,0.756497985186882,0.6692446598632813,0.9960772765763738,0.8755843002084464,0.8995146108789734,0.9260033531024113,0.989327155578916,0.9006210771476271,0.9684197464851979,0.6386662254526443,0.9201135335334939,0.8442000882363543,0.899177941105235,0.5360482291497072,0.876158701529084,0.8943080177588633,0.9278765905550886,0.8286555134786823,0.8348978074258213,0.8373176843193637,0.9329173301566313,0.8777938697565681,0.9164171347883431,0.8861916233136391,0.8658814061029991,0.9291457917218684,0.9303243425464489,0.9597416010211259,0.9210329084573823,0.9339417686466243,0.9250005112377359,0.9359100213188154,0.9413615658345659,0.7745174510856074,0.9916445687171958,0.8680524512790018,0.9399860105651933,0.9315308028965498,0.8782878876815614,0.40144957477844156,0.608266448414805,0.35611199872221533,0.8698964724370423,0.6476923121408288,0.35654190869670244,0.9723293707860114,0.9100394808632111,0.6091581440991591
11027563.0,Tolmin,0.9709505534686278,0.40882540695720904,0.6616717479796073,0.9809868936874188,0.9837263205523996,0.9891252546306577,0.4790923477070469,0.9949130939043294,0.9921839041242111,0.9492886303755483,0.9625404991993832,0.971941403794852,0.9759821398412938,0.4309987834993453,0.7847872150467209,0.17937468512838717,0.5441826609612992,0.9640763189377178,0.41165553883738104,0.2862566692264714,0.9933139953668239,0.7064109389553659,0.63393302350148,0.37508073114135054,0.9591835108274602,0.9789858909186334,0.4349959286719889,0.4016919795734194,0.8170022533090703,0.2889375129067542,0.9789006817190314,0.9856109403402601,0.6853532928672138,0.5202441259373596,0.6165443983441161,0.5550518063498631,0.9514788840198676,0.971405835666857,0.29639749161621576,0.6082736627433263,0.9995731923925302,0.9829494475494405,0.850185723981798,0.45791096325391933,0.9737818053885722,0.9601945503951141,0.8214264763819041,0.9991633204065613,0.6574302841722224,0.9789270243249129,0.1969812557664805,0.37737085897731815,0.5389303069144337,0.9873230149235943,0.9117326874993495,0.4433024394332651,0.9881885955768023,0.4021793640821417,0.3174169071820452,0.5385691476843365,0.9567129138471764,0.9894115641694555,0.18497070143322125,0.9664448426158835,0.9828069304563344,0.5810434785558429,0.5738123912991622,0.39171050934357887,0.983394967186682,0.4448284340976866,0.4600348431890131,0.7610764611769402,0.97816231845155,0.9797825581711246,0.5091988661652392,0.8758524270171814,0.9086569957743169,0.6227283909441366,0.5546841219677567,0.5767177832099933,0.9708727000358486,0.9580267597606189,0.5079214235557941,0.9773594793859028,0.9939252312409647,0.5682543264522438
11027580.0,Trebnje,0.9644096159625863,0.8298871497995064,0.7084652038668775,0.9868316540511812,0.6486178031029152,0.993783984708442,0.7348782594452065,0.9752901540432282,0.6206947904579379,0.9083623193343907,0.9485713694066904,0.5990289243270277,0.7242338183134673,0.7052162831162267,0.7622592950590427,0.7737457849818056,0.504587740713293,0.6984501474802715,0.8707396010838743,0.6107839525516698,0.8626091499985336,0.8568276654243296,0.7576931402427034,0.4849099213302134,0.9887319667667154,0.80803942501265,0.7440555641033852,0.7954395341555431,0.7006279612573447,0.6056304170467668,0.5753133644983819,0.6320445104769116,0.7140323968285567,0.46698122404072584,0.4832341871828487,0.7580654697153415,0.5539073236216195,0.33714984823174454,0.6075488280583341,0.5116389440975937,0.97948148897772,0.8365197487417477,0.5708995693077925,0.535215503738516,0.9196380869248351,0.68171993810651,0.9786935786644991,0.5266465819858146,0.6257671011394215,0.9786513771397811,0.6249884441958412,0.4156564169448631,0.48591020258684314,0.9510291274483458,0.8520584910785908,0.6425421477481716,0.9852832011999711,0.6953667485135497,0.6892056930899715,0.4774926734611792,0.9304511298598043,0.5242522298846766,0.6294916586431143,0.7172586965422466,0.8345395752048055,0.49651884352855835,0.9915238404781851,0.7186560537301527,0.7175896278992706,0.7110154526393514,0.7502571877388783,0.8227592840712281,0.9827683708153598,0.9876915701449277,0.7497044429440716,0.9569362083329566,0.9239000347974184,0.5211902333255429,0.7631299266509421,0.47548845947698726,0.47713442179144716,0.9582231707150468,0.7710940518006861,0.9825965213237886,0.9938948593805677,0.759514575497568
11027598.0,Tržič,0.952787446937541,0.7198450369082595,0.8963918199834334,0.9784770783998098,0.9786229732194109,0.9871377066542483,0.7892561093710612,0.9508518346828209,0.7792699051514254,0.9656135203377989,0.9794819514688647,0.9263927430591079,0.7780234385428368,0.7432925891750586,0.967550810356114,0.817613783070879,0.9188737319875848,0.9632004691489596,0.7326989114833397,0.6594271333242023,0.7792887186961384,0.990102643418616,0.916970841037466,0.8333277061044613,0.6714018330416085,0.8905808937687648,0.578977072356284,0.7847054022258724,0.7712483302470012,0.6542116302693801,0.8226683494187786,0.7734998535620163,0.750788197078507,0.807600546102778,0.9888323887957742,0.7874130043708565,0.9004048060507642,0.6074528341629553,0.6161276229624162,0.7786065907178601,0.9654297834980683,0.9936755892288484,0.6525626713381759,0.8356172425049578,0.6882939807975819,0.9338336596556419,0.736227586255394,0.6334553441378903,0.5746609876786506,0.9948059426185322,0.46248387679478176,0.8496583804977078,0.9351285161501119,0.9058288863413013,0.9886865517718665,0.7819194645110608,0.9759737060751125,0.7409052420375865,0.706745434922595,0.9330241605947032,0.9910514048772622,0.8866586705405002,0.43428480928002977,0.9332667116401375,0.5184429099440651,0.5511823661883546,0.992412295346644,0.7751409131787795,0.7664703216171018,0.7713834945870837,0.6514831737113462,0.9864461170470672,0.9779427942133666,0.5617241709750609,0.7925409442563791,0.9095298420335157,0.8876611248326617,0.5310980453552157,0.7859770052116843,0.4853661363519699,0.6862377504462799,0.9484483582959939,0.48726402685875236,0.9634380670151685,0.7163874231809114,0.7998862763442627
11027601.0,Turnišče,0.8940807211778572,0.8908772770467638,0.2573958272163045,0.7574185607929542,0.5824976589161861,0.7364047977632968,0.9985800516488479,0.7950114912336288,0.7941724947232632,0.9732477264792365,0.9949390334424775,0.702587518567979,0.8029473052995462,0.917704760785192,0.9214340950959641,0.8098445767633775,0.6631562331219022,0.9540076732733042,0.9442069613274584,0.8881374091695717,0.9818306475289775,0.7884623175424514,0.09062833271379067,0.4396468182488923,0.7110679322054035,0.8306747458250286,0.7898276893063279,0.811522508130705,0.8283150694202017,0.49547476970675197,0.6948565625662457,0.7223541727216539,0.6855105173424236,0.817094633457075,0.90233586254672,0.08951810963339824,0.8812281717751569,0.777634007683528,0.5089216198513697,0.5015470218176649,0.994286285979126,0.9629999408074934,0.8321816779405355,0.7138461472909083,0.5626345203347456,0.8449213831405802,0.753826672830542,0.825046082237789,0.8416570544301644,0.6557077343414217,0.9887991918154738,0.7101249655527504,0.5888617018249694,0.9613535143266223,0.7875985877700888,0.7879412789336109,0.8298537341856971,0.8198420886814579,0.25950731186869336,0.8210365728414772,0.9794308667330586,0.9095564013596057,0.9123274646214278,0.8171714596177619,0.3528339673310704,0.4470397769754676,0.8879473980791251,0.8204228404717824,0.7732918321207076,0.7969174280367493,0.8405933184877357,0.9033308533520943,0.9545262937733011,0.5964201048735822,0.8164222850483556,0.8642726967832965,0.7968007289252442,0.05880939424822007,0.08910653696054727,0.014513977128036148,0.6486027169407493,0.43172422766911744,0.2544983165043172,0.9451481828266576,0.7339901490844047,0.08923716378479918
11027628.0,Velike Lašče,0.9711201227735784,0.8547643969429743,0.6421876153687942,0.8166497348378208,0.4816879534902635,0.6704433887154027,0.6382446330722401,0.6861457039886701,0.617955917073358,0.9480543136719648,0.9884351569254145,0.7218454078717897,0.6510241606492374,0.7198376104661142,0.9195432813983889,0.7109912834173568,0.67050798626592,0.935736705525135,0.745039297710119,0.7610424284857744,0.7353389831248907,0.7165105907524058,0.8527904659859932,0.6849130529744623,0.5010234766633195,0.8450489496511625,0.7544881386656133,0.8393521524535591,0.6261594918306901,0.7572960898392203,0.34498961847468756,0.5167452123264623,0.8423602945385092,0.6917198131310232,0.9931065660754769,0.8516265707131776,0.742619659487689,0.5251972883040635,0.7418096556815303,0.7156304506964407,0.7946082513323068,0.6483329788730945,0.7426157403192606,0.7954887330443666,0.8451176149071664,0.7468754186299937,0.9621834435246616,0.9965476917214384,0.860679964460318,0.9878920226092284,0.4543072744262848,0.5996142868757668,0.4461721994921183,0.4162378979661898,0.7308359955779411,0.5725878626097199,0.7873368787172836,0.8133070401539558,0.7883223193140664,0.8360172233537569,0.9740415085574184,0.7317294133047685,0.43762291278042176,0.7421850219952963,0.7067000186808786,0.6936995117742281,0.94264638590915,0.5868574435123064,0.7935948808658153,0.564481075876968,0.6332624700478793,0.8517116356328974,0.991683776837136,0.497643881989014,0.6289534462348751,0.9431336068618782,0.9780316958166516,0.6592930513980129,0.8562608667285995,0.6131712302399904,0.61411847438054,0.9572069027646842,0.6542231246584722,0.9770184411994137,0.7513431954852262,0.8531521320843177
11027644.0,Vodice,0.9640550059734432,0.9202008543280873,0.8249492344290905,0.8678750222948766,0.9888524379267687,0.8417279285280117,0.8342088637602284,0.8700408771461421,0.8614028259841748,0.9478866338467631,0.9925530939445767,0.8646939617096061,0.8880691348681076,0.9378408388389996,0.9474975086823212,0.8574408926771502,0.8409263789779153,1.0,0.9937849752472976,0.8630925479195792,0.8340068112353831,0.8821914114025439,0.927928558318314,0.8660941149331993,0.8543307250065507,0.7288753769271709,0.8543810356191504,0.8403846841435804,0.8824255738566031,0.8610779149194782,0.8471898923190702,0.8424494198849786,0.9730406183584077,0.8725941228068109,0.9014734756617637,0.9142288815203146,0.8728337626596168,0.6519370005160448,0.8353438405077043,0.8880350924619496,0.9707986896730239,0.8650118579494666,0.8704895684145024,0.8539370559593883,0.9283262299608286,0.8089952591358137,0.7888682226041768,0.9995804205517196,0.8170439074119058,0.9094851707157671,0.5940044077792874,0.8721806688458407,0.7103743258264148,0.761153217336104,0.8805461600227883,0.8335813583389018,0.9834986410125918,0.7629956903631518,0.8327810694649911,0.9883925082780969,0.779750640098253,0.8525860338800114,0.5577861280954287,0.8664484925420574,0.8693301124459492,0.818447705456533,0.8529202959807589,0.8013424177793389,0.8289493406636008,0.7980827287076392,0.7696168596351997,0.8115326900017276,0.9835190380168497,0.6957822470900967,0.823946723932881,0.9931757118856901,0.931053468696989,0.6142635622129053,0.9122098277174274,0.5682787007204628,0.7076797156377095,0.9859102579948475,0.7871297101521892,0.9972420832425537,0.8272591295021697,0.9262679476650102
11027652.0,Vrhnika,0.9297945258044995,0.8406921618118575,0.9275694820756661,0.9798820917205159,0.9947610495580451,0.9953680791691686,0.9937246318105529,0.975418829723644,0.9941843273169183,0.9836706069210204,0.9954947695629527,0.7603245700299337,0.9850679222486782,0.9866375165446146,0.9131235654195122,0.7563952014301653,0.8948131658834064,0.9797271756838039,0.9154909737750301,0.8313644703264653,0.972479832544585,0.9915767138173156,0.8969308232683533,0.8043064700747723,0.9880661571076722,0.926571522112356,0.9965160391241739,0.9100350544226399,0.8824449730958277,0.8600255410157083,0.8966468668274057,0.8335805333832527,0.8171307899003731,0.7592661760538948,0.9900392322062391,0.8961445652868198,0.9898790637594307,0.9832065883127917,0.7973304266134515,0.7774881681207491,0.9907645798021302,0.881638878997653,0.9392941022418541,0.7094251110036166,0.9922895971594238,0.9777626000222233,0.7946396361544533,0.9990487874526203,0.9006550692847349,0.984054152248888,0.46960570686253544,0.9998614341299054,0.48423054904411467,0.9512671213829382,0.9923514443160769,0.7122682319021072,0.9674517767518264,0.7740508744493532,0.709976991351053,0.9864007332941144,0.9677910527706954,0.8650401903816569,0.44097239941643485,0.7657403775059274,0.9951520877532916,0.7803348837640117,0.9528584659652708,0.6899246658678118,0.7214692148192814,0.6876325502984965,0.7247529687924934,0.8959794042517093,0.9936595880446703,0.9801731566770516,0.7382935763366708,0.9564906230886908,0.9515471419655613,0.7269306245773106,0.9022968959004029,0.6806030800239995,0.49645608121189966,0.9919661644574007,0.763581570977704,0.9845673496059149,1.0,0.9148480802138922
11027679.0,Zagorje ob Savi,0.9307941541575627,0.7278317318384917,0.803077910150634,0.7420020764700885,0.796637175951662,0.9886518879326892,0.9816526948167053,0.9066751254358927,0.9848933230677808,0.9662095233873794,0.9780222586120215,0.6818096991625033,0.9092264062212302,0.917366485024903,0.8044386679200711,0.9194371960480264,0.9250183031872277,0.9370062062988842,0.9572746876044078,0.614446918874897,0.887496880106529,0.7255656014523388,0.7657264011872122,0.6394635764087635,0.8544078641161104,0.9722490009418054,0.8871036503547504,0.5135017611219084,0.9906368200341683,0.6894476526385998,0.9521119097631617,0.5374741649274772,0.8964979964527282,0.524588844668364,0.857962097620062,0.7563460330572075,0.7021396558517656,0.7600231412043514,0.6233745742240617,0.6059796891628569,0.9632733887456991,0.9751910627231175,0.8468860381680128,0.9832638786566253,0.9099462425552023,0.8548557718205259,0.9276097009182082,0.5878284458953724,0.586188000227152,0.9605411547237354,0.7284961416139978,0.45347748092990414,0.9603116658002013,0.8327491703511305,0.8385526483362873,0.9783249202665226,0.9763112802751878,0.6637702872866231,0.7497153422782126,0.8333280055755109,0.9345545057981148,0.9846759165997998,0.6941075868979814,0.9014048901013172,0.8918142425292122,0.5982345186877758,0.9762100823337136,0.8948108639018996,0.4374738982383727,0.8440302295460888,0.9066259252535658,0.8583003487357902,0.9585499826419991,0.8155418916685977,0.5261537407006545,0.899813559558331,0.798462103781243,0.496885515437023,0.7528686209480785,0.4512576657233902,0.9667960377588171,0.6270132742990348,0.40861516142998355,0.9408533758393015,0.9817818068534773,0.7539722979664878
11027687.0,Zreče,0.9168458681642258,0.8669762596564954,0.6557788748760646,0.7923690401529643,0.9723671266462242,0.9840637830242541,1.0,0.9241428570731591,0.7573214328424949,0.9752516079928456,0.9674081084995039,0.5056204009289534,0.705462818283669,0.9164429700660313,0.9620586229157311,0.7595689589184562,0.7269722590409686,0.9853106879254991,0.8582830905441724,0.2446672878433479,0.6037121972341893,0.9070317631162569,0.5326209568439688,0.8027822100599963,0.9991707782046069,0.8663586900781922,0.7393755161352471,0.7355139970917396,0.7484995624193542,0.8097251575975949,0.9688017230591326,0.9854963297998381,0.8742235924269087,0.9231562040640436,0.8948288014056685,0.5260961972938146,0.6744287634448674,0.9806231666137594,0.755930599983973,0.6680447500363773,0.772593302371994,0.5503267010323983,0.9802622916928007,0.6912695480580676,0.8682662283980922,0.9465991952914173,0.5889533616568834,0.9285041807012517,0.6876955401754107,0.9984289411460885,0.9844829831295202,0.6507914302455594,0.47767284239660546,0.8711444150594088,0.762123972596789,0.6323356514232799,0.9639783070151454,0.9987120856859922,0.7314866633920283,0.9663559779481968,0.995676982175069,0.9108484472442525,0.9183157810407885,0.6745638118972281,0.6935772920338139,0.7572050508574171,0.9011726946729361,0.6788577516606088,0.6485623946274621,0.6791699702715928,0.7149291132811029,0.9523317735170659,0.9555418114398682,0.8280432447551177,0.7083906882609203,0.9740408380317309,0.8140134118160025,0.3456216714790685,0.523677392663292,0.30045389905828823,0.9965215653191454,0.9286531523021646,0.5103263272060501,0.9483327756290306,0.8981063320100923,0.5244450839805571
11027709.0,Hrpelje-Kozina,0.8692481366461665,0.8904574773295094,0.7398454445056161,0.8304313894556987,0.9892235789556222,0.9743983499727141,0.6465069139009423,0.7140187832421341,0.7314371200573075,0.9644814953328357,0.983615480218196,0.7519043702756736,0.7060564472143049,0.6515219226141005,0.4612923860877024,0.7254810008723254,0.7753262602060659,0.9141011642020936,0.6804431579309356,0.7533056126194133,0.7179279754885757,0.5936646503194987,0.5863540461015321,0.7258113594189348,0.5827331375495168,0.4960816804567949,0.9927475578948184,0.9743964595157389,0.8633987478922209,0.7992960224417228,0.9519014571460098,0.9665069889349445,0.941234264246295,0.9317657603836875,0.5163541091021918,0.589372442756352,0.7173252229447796,0.6532131928991596,0.5771650233141956,0.6102796483700791,0.9826373565877071,0.7085574694353451,0.7657039682377323,0.7066191660621797,0.9949804977105827,0.9456498764966512,0.9718241973084712,0.5088472357696087,0.5810771138395789,0.9881559356543138,0.18006594034389456,0.45769259785505834,0.31585316578241296,0.4677909480786887,0.7254591690811991,0.6821008004092615,0.9398370423263414,0.6823804389392184,0.6371224133790567,0.958697774643764,0.9779876769226393,0.6612877578241716,0.16908676493121666,0.7891312463859417,1.0,0.739022856802207,0.5558139817719272,0.7171143694622136,0.6432781728722696,0.6496897994465738,0.6337074630640334,0.9867685019113631,0.9786589075961553,0.44669039243283126,0.6925891154136323,0.9495400474605036,0.81932260216004,0.9222679722545647,0.5969352033147041,0.8753462984251441,0.43527406558547765,0.9680074588962397,0.698568522235737,0.9854150025760536,0.6487407595395028,0.6090387388976819
11027725.0,Jesenice,0.9780718038184315,0.5003397279675479,0.910298333434422,0.8602294695802779,0.9795385960495496,0.9957063862038359,0.9952757249632843,0.8111554846788077,0.8104759242303491,0.9538764813039339,0.9894297185521952,0.9059422130787362,0.9871126367754272,0.9910929218853457,0.8754257862206289,0.9968341964645685,0.6537957290645713,0.971570306225619,0.4988217591379124,0.513118200006312,0.7882991442314586,0.6292186328624698,0.8247391277402484,0.63935136289841,0.989995021221396,0.8641132676858242,0.6679301618346917,0.9887121410242904,0.9201047682327441,0.5065324882492293,0.7666550013730913,0.7610082561548567,0.6990427860669384,0.9938623609003362,0.5306725158447625,0.696311156026248,0.9822243908768358,0.9579766060801842,0.46463560374186763,0.8439223061942959,0.9907520570116981,0.9675137730087934,0.9739100114844238,0.9963464728016755,0.6276630747461898,0.9895077438259424,0.9877421122134925,0.37599465524708053,0.7181731170143675,0.9823551501796184,0.3726485226921612,0.6889291175961104,0.6365554424379234,0.9695824825628622,0.6282852888375672,0.6837079075872339,0.9812955900016798,0.8429300866103385,0.9879186319622886,0.9652353265739824,0.9741364745041694,0.7076687697408998,0.34992699362287405,0.9702383707303881,0.2847307724994891,0.359184589939216,0.9933491703469969,0.9722967978802931,0.7959613835670761,0.5186595600498151,0.9754084788468207,0.8489644493197297,0.9846725042181415,0.977053841387533,0.5687867512404339,0.934474325256177,0.867020900331976,0.47124820560792013,0.6952940110115435,0.42569833318081907,0.9902014160042389,0.9791488493730982,0.27184685183929314,0.9716857741314208,0.3983649267701722,0.7090703442929824
11027741.0,Kidričevo,0.9618109850865318,0.8359607353008157,0.8930469497123338,0.7816148046916574,0.869376552195539,0.9879566939206578,0.9137484488294714,0.9007755610044035,0.9056709396908024,0.9511771488736029,0.9883965709121372,0.876917058215955,0.9390620198721504,0.8945417224431725,0.557955945493144,0.9200225067768885,0.7444894601329142,0.9745793258099796,0.9105043673650538,0.4799478424277699,0.9460777117654119,0.9438086314181346,0.38402485191279057,0.9259968705927379,0.9925746228026343,0.8596436484567493,0.9101593524926387,0.8924532577660981,0.9008724997538093,0.8101877152901881,0.7776191041443402,0.900293520126669,0.9244888478278217,0.9153764834240514,0.8588728398620595,0.37932043728580744,0.8967393848396963,0.8248700839180427,1.0,0.6755413434543251,0.8315521620940288,0.9157899836476749,0.8591179149574434,0.9830588333518469,0.8165167999943294,0.9211226115532412,0.9715466511695573,0.8421676577343832,0.8614104697316188,0.9859317438900365,0.9684036487174407,0.9493789937710626,0.79324284197853,0.8132096022315334,0.8827026293461359,0.9034418532506354,0.7765421503605241,0.9287103025610324,0.8956475179376653,0.8474286634572414,0.975058563340432,0.9415731036609581,0.9676455171092786,0.9170870440440614,0.9065039104125628,0.9214751829932349,0.9894805644497766,0.8867265980271533,0.8784727961569988,0.8993464985858853,0.7202791933561485,0.7120786144046276,0.9769144447934545,0.8036033153996003,0.9156461826859591,0.9601052917669222,0.9213986085266681,0.24919656183653194,0.3775764557955815,0.2043220716849744,0.7797071067834289,0.9289065519181025,0.7211824337539892,0.9713824551095762,0.8618494807243537,0.37812996864677384
11027750.0,Kobilje,0.49109003264258966,0.8372169467145252,0.1444288594952412,0.7179069140063905,0.4512668333447811,0.651562965580724,0.8529065245829731,0.7126413660437798,0.7120854737089195,0.954724984332333,0.9931877456496365,0.600468180344515,0.693980252098043,0.7710969581471911,0.9887779500285497,0.7223794729508095,0.5752319020645995,0.3835587977322812,0.9420925613593724,0.8444346379775923,0.8516126222768833,0.8574448325231234,0.05085298729729748,0.35599363890497515,0.5930172092959489,0.7676177927629952,0.6858864331923744,0.7461250713958765,0.7687254019181728,0.43178746872673157,0.37875353299670944,0.6663455461619077,0.6932115743439997,0.7274300555676401,0.8897132416038478,0.050230023611287034,0.762790799061659,0.7429453306791853,0.4435899982547761,0.41622566736756406,0.6005292632063952,0.8573811100574187,0.8359625634683745,0.6664727936624106,0.3488585734656521,0.6531562974556605,0.5706262825105124,0.7140149903746269,0.6755758024868782,0.9965663567131201,0.939994360281299,0.6188948438906186,0.4491639120387787,0.7083005705874974,0.7189450899740234,0.7014982933321475,0.4444927120202573,0.7540645142605237,0.14847375074500901,0.5360535396518041,0.512889944036963,0.8560577726564488,0.8664984141004558,0.7245578134828844,0.25480716465151276,0.3642398636213867,0.7029067855014997,0.7106233584117161,0.6680448898454592,0.6879290830101119,0.7431267413743456,1.0,0.8070454279946182,0.47156351717078937,0.7199272726775254,0.9627305139063321,0.9732889483529532,0.03299887892797393,0.049999083691311896,0.0,0.45590562243627597,0.30077275050641605,0.1615986810239186,0.9849381886407163,0.6487996409272696,0.05007238046325346
11027768.0,Komen,0.9593827042586243,0.7736989374825215,0.8363477348310793,0.8603956711347446,0.984202629368194,0.8085050821291826,0.9918591433794781,0.7427441836816508,0.7439042772979996,0.9633164169052192,0.9778814104596216,0.5901624964601568,0.7193191936860176,0.6938213176971839,0.7221367229508755,0.4177137276608214,0.7859540788305975,0.9636291349965348,0.8769381921114462,0.5548996053002934,0.8534209813543486,0.8472528534535988,0.5772879339303522,0.7428770452231126,0.6020942783703396,0.2828555988193432,0.7218900251680211,0.8278278851431806,0.6974250369138594,0.5074827558586752,0.7665392658451261,0.8746668445468964,0.9143171485075501,0.688298786357272,0.8404797627142665,0.5804173930606749,0.7428733536711692,0.44337991205435756,0.4808257260338463,0.4844630969076721,0.9768778807683771,0.9839249365155766,0.5871063765169702,0.7201805377895425,0.6513984155180449,0.7877508636392883,0.8100082565311734,0.2051542145559112,0.789281715782676,0.9764774635619291,0.171613923985101,0.4418933735474587,0.37308505517710766,0.5209204209615947,0.9867561655583321,0.6364092565626522,0.5982883381929237,0.2440956982958402,0.6882603223846908,0.8305467865376,0.9589787930990833,0.7405923412962808,0.16115009406206326,0.8710149230214341,0.8191891957649525,0.7268952424027857,0.7055762811651939,0.7303863382832374,0.6810983941324579,0.6371710274314374,0.727933796772582,0.7383285954501746,0.9792686445739216,0.4723345688762919,0.6765910014962805,0.913458343778627,0.9040139012999685,0.8040049799171163,0.5880213257768601,0.757443009477055,0.46103695287981217,0.7128275173982956,0.7270021174776091,0.9554966025223671,0.665318547761363,0.6001117939513821
11027784.0,Kranj,0.9809697813949692,0.8933320074222274,0.8692857311356942,0.9953939209441534,0.9911904626809948,0.9963525390171076,0.9977615142049748,0.8160543161701821,0.9945723962315173,0.9499376889498381,0.9872875229395827,0.8230168193739281,1.0,0.9724608638761244,0.9757549457692655,0.9980409120654926,0.9936158715282248,0.9874825212051223,0.9400789654603482,0.790320149780851,0.9841714657527396,0.9616204450301473,1.0,0.9867198756784225,0.9974597838425978,0.8465918262783597,0.805975516207504,0.9718080399391965,0.9944012820040197,0.7863304826756652,0.9818020159496987,0.9068815588752929,0.8472678477752451,0.9740454184794621,0.897982061303938,0.8689158590782513,0.8685320846597928,0.9833414370092548,0.7516576067796215,0.7436661733464227,0.991769959565508,0.851625639294732,0.9712297710855523,0.9246934111166897,0.8017683355790867,0.9789323597704008,0.9668747632623426,0.8638418417673712,0.7597667332498697,0.9951872597812702,0.5324723931771258,0.9934855880842284,0.95442554803774,0.9381019847438427,0.9584663712199134,0.7598890580761517,0.9809730645693062,0.6665657637711484,0.7045421007092325,0.9855607628933128,0.9806158837800499,0.9177387021334181,0.5000059100880166,0.999570652369888,0.7153928097929324,0.7229501968758706,0.9987180972556958,0.9902638056272709,0.9801748787298578,0.9988915282578075,0.6572035139302306,0.9448392271909891,0.9784318844047172,0.9810832588007419,0.991396057619276,0.9401496998290182,0.8755639566010598,0.5846417756068023,0.8671051385594094,0.5387470104059426,0.9919436482504893,0.9719078016570059,0.6799836591836164,0.9906909068718559,0.9855891579210393,0.8811333404772947
11027792.0,Kranjska Gora,0.9623963623573593,0.2354987736277806,0.5738025956464139,0.9752038577346592,0.9807954754204201,0.9885543836621711,0.9972749988829933,0.9951341226977828,0.5120374202413248,0.9988478438559297,0.9862134723782131,0.7258697232085798,0.6846835540306238,0.6592935470743256,0.958654918288012,0.7323085250258508,0.3960909250488306,0.9898563252686192,0.20585992241623718,0.3298470535785871,0.4779378863361754,0.30281497877941677,0.7092067986496675,0.3963705278048366,0.9904697066988389,0.8214050412791251,1.0,0.6577098071201486,0.995033095232566,0.3215449755408276,0.9953967722450053,0.9988219295092614,0.703915383741117,0.721754070148547,0.0919609304082093,0.5821941311175609,0.6754799152068227,0.8551053778541915,0.27487196178518114,0.5970455401769323,0.9930195188756608,0.992954567838054,0.4792157499248315,0.6634817073861097,0.009103808364557486,0.9968722585246702,0.4562961628714576,0.6330904774329242,0.2543864053234812,0.9972622182543619,0.26494181037646947,0.4875946152629088,0.9887736682262247,0.9920100916193332,0.3061731323016714,0.3682692845878378,0.9871195478842818,0.5661552257625979,0.6571819500518856,0.985581968824996,0.9908449642701325,0.9491466601811493,0.24878749154904278,0.9216758680988669,0.0,0.11868216970558576,0.5888399403034702,0.7007531868466367,0.462691947404659,0.2020896544259655,0.734365207896037,0.9781215492862847,0.9797821758093836,0.37911469854706714,0.28850525002174854,0.9512555591170707,0.9105744783302303,0.39627842423325677,0.5817016559060038,0.35095657651555145,0.35532737701307915,1.0,0.00200856014551698,0.980300786237104,0.0,0.5953114670767998
11027806.0,Kuzma,0.983322509135106,0.7036139773989987,0.12391726400606096,0.44455007242517564,0.8007336214385287,0.7185335990999009,0.628737531900686,0.6308408565558183,0.6554933179004991,0.46542534166493366,0.902674978795514,0.5747859683454837,0.639277181164603,0.6318035915598017,0.20715377099067356,0.706993062461676,0.5837641408997358,0.6267445342553486,0.7649893312324456,0.5765969606982644,0.9111044917098753,0.7987944742050608,0.05239651724616268,0.3408045954996227,0.8673940262763393,0.5018074933407299,0.6235141412121457,0.9332508118667215,0.6413601274431251,0.4707910197263099,0.7532679047968455,0.7776925195045749,0.8955270215827195,0.9235502125781666,0.490198855250215,0.05175464487538228,0.70928868447447,0.14049793352720297,0.4317276297954371,0.468478404544974,0.998524380107113,0.9529040874889724,0.8897135330539494,0.7703292608534428,0.7338162598731377,0.8832787323179165,0.7035934129214851,0.6719670015501515,0.45906540788040906,0.7492004890089192,0.8065510574652133,0.498809263945278,0.26860506224787983,0.31394803091407397,0.2524352420173903,0.6328898219901675,0.7606300508843025,0.6940295140932455,0.1283132070264621,0.8593611430091271,0.9365364077431182,0.7683132257913394,0.8562440439359637,0.6276548004792557,0.23700827915229727,0.3492057491052598,0.9206052733253826,0.5973834197769889,0.6099988857920724,0.6197691675137694,0.6426061468853907,0.8922805117715117,0.8500372067650138,0.2613700948874931,0.6640473600962027,0.9382032010001033,0.9218191495110584,0.03400048690837665,0.051516695284946956,0.0,0.3018551674796195,0.5217611247767922,0.21849252979038913,0.9750259038505454,0.5430584675056547,0.051592216818277414
11027814.0,Laško,0.9391800304798524,0.8220856078733008,0.8387985184092802,0.9603020178064857,0.6569610386477915,0.7936157184216167,0.9911327397390135,0.8273147206894054,0.7155745025074511,0.9592678146839446,0.8919417780729111,0.5655321733497635,0.8089523600994613,0.8084977877729734,0.9640357322995269,0.8668190255325263,0.7717347618413264,0.970294870104841,0.8427396430238749,0.4116499375298207,0.703508784181264,0.7764273087340821,0.6374045975225272,0.6291816686777469,0.7560700544084091,0.618384589420133,0.712588977567062,0.8027547178418557,0.8185804247259967,0.905023248369577,0.9739899840487918,0.9892021981917699,0.6356930490217675,0.84037914782305,0.7723191090710155,0.6319783263109614,0.8321755919667579,0.6161401396109514,0.648871508508806,0.528687353302496,0.9801498332963109,0.7594018631373894,0.9603189190073378,0.8211931380136142,0.6696798883162376,0.7404517956098904,0.9611755282692641,0.45852499609428155,0.7383067022676284,0.9807441281587056,0.854012390423076,0.4235884701950626,0.9322791672744125,0.6773390603503479,0.990895677861775,0.9699826454301835,0.5570117381700717,0.9875509541847953,0.8286259468615821,0.9833316431597218,0.8941131901652515,0.7869777309306396,0.8085190570832335,0.8228460347898092,0.9772447475233819,0.8785045312822642,0.7874497480108378,0.8274323879687611,0.8177596061890012,0.8323542442316029,0.8468155391105113,0.8461665682390661,0.9812275389497934,0.6763210256077303,0.8527803908618168,0.9107543450901074,0.9122831528153951,0.41482815720087507,0.6287441849392142,0.36944988945110147,0.6676792662703834,0.9507863047998464,0.29348877496003345,0.9840732332563742,0.9945066446708153,0.6281999379090784
11027849.0,Ljubljana,0.9990796168550171,0.8941206664279375,0.9832640483462998,0.99341016618134,0.9997145630840202,0.997093246738916,0.9937669765578192,0.996471682052143,0.999773023719072,0.8782653558436456,0.9996314358763796,0.8807335507091432,0.9986699571871629,0.9793304587784126,0.8237913388287601,0.9911465442592529,0.9930867348162715,1.0,0.9819992172499574,0.9980436455095744,0.9880468896144381,0.982765419135592,0.9985823136649843,1.0,1.0,0.9332159138000328,0.9951400637456874,0.9559639648612854,0.9950443003660497,0.9978143793560348,1.0,1.0,0.8759341895750002,0.9977241345161746,0.9884219531194317,1.0,1.0,0.994694337932631,0.9684997641890624,0.9901869326779835,0.9716344310270766,0.9904891540496972,0.9636706740688812,0.9926314381247294,0.9513529547391836,0.997031742091272,0.9817694280751672,1.0,0.9734959595700203,1.0,0.5674311320222165,0.8218730580295022,0.9231061688882508,0.9932831447756455,0.9682608899570285,0.9734366372760742,0.9997461762425802,0.9750977506997849,1.0,0.99669160639981,0.993546703540583,0.9828580067047882,0.532833106869943,0.996254981232285,0.9646536779798298,0.9992109316010617,0.99737052155801,0.9801722725904335,0.9938431759957461,0.964310802530722,0.982399363946994,1.0,0.9806944284932775,0.983465017836523,0.9933717049018094,0.9220893800627675,0.9846771959107525,0.6598531614216219,1.0,0.6137296366581864,0.9939974212918072,1.0,0.9956749955652952,0.9728286777292301,0.9909559529187778,1.0
11027857.0,Ljutomer,0.9651179669792063,0.9238678506042156,0.5217697726922983,0.5311803578296257,0.9765696413183522,0.9884474753024848,0.7457241928139465,0.9698964419591657,0.9918332212832738,0.8927924559661952,0.9678118331291434,0.9192774437283195,0.738545899135057,0.9967784067160215,0.9091037915760819,0.7498661280032083,0.7830938591665297,0.9712107177941636,0.8950167953568382,0.8033272686667537,0.8829417220009816,0.7002295994940039,0.18483833260439142,0.6377837780745379,0.9811320897011832,0.9193230452350352,0.7042407687276983,0.6775770892907642,0.7684762530214423,0.5785362690396406,0.7466369001116213,0.7447923138503454,0.6862433836141518,0.9917937294871176,0.9837458809333964,0.1825740099929768,0.7567982115554188,0.3210874861963465,0.6636630054765391,0.603330656788651,0.9740965504694624,0.9349883944467081,0.9595975091210485,0.729149443186998,0.5607925313989275,0.9075303702646172,0.980713428292093,0.8115927230482711,0.5497155171160717,0.9642525103724369,0.923712334889194,0.8598044192476725,0.9526784014586224,0.9813349009886236,0.6341887177995611,0.8566717648140506,0.9731972559458002,0.7362211745876555,0.5193565512233319,0.9817225739682792,0.9437429044006688,0.8829355725999395,0.9955278749138171,0.7115668067132461,0.5862060871029902,0.6408144725354973,0.9647082600067696,0.7146099345706927,0.6845254532189289,0.7105662740707419,0.7466655370528601,0.7714703493287534,0.9438139583091133,0.9719518363891816,0.7399695628040748,0.900855755478444,0.9059556775855976,0.11994295877255301,0.18173459913417223,0.07546160055677786,0.9645904883240175,0.855708926721033,0.375658781647933,0.9804178993583236,0.9791723889655694,0.18200101520589218
11027865.0,Loška dolina,0.8676731243377815,0.8800188802341267,0.533546478113804,0.7941290240574952,0.961628008080614,0.7450897263190032,0.5660134297183091,0.798000562000917,0.8195704706801721,0.8610051844455853,0.9939870075847538,0.8835947675192463,0.5658537765087164,0.7654740388854053,0.9643369597337045,0.8373702657462017,0.6281493314822527,0.9119388906131749,0.8250286986868338,0.6591165703644921,0.5871677172759215,0.44399533506079647,0.7421265676948025,0.45217121670089566,0.9698703464843571,0.562509023907664,0.5826864829283768,0.8143157118303486,0.5895515392143439,0.5758035670721989,0.9064505831554499,0.9474871835305579,0.8347883603340417,0.40906001014704396,0.6381478831340416,0.7396655716267565,0.5836514045174124,0.8017557517144285,0.880766297406034,0.6796882559863835,0.9411377001276314,0.8911687439803845,0.7445990881556194,0.565476525238764,0.2913420357821863,0.8765648849549397,0.5439531201127206,0.7824534257215999,0.5080726308507983,0.991778831736368,0.3365346951185426,0.6580964645682076,0.1474648922709555,0.6231206412754055,0.45156493589813296,0.7424198144995697,0.48418789839914667,0.8708724307092146,0.6361489425069413,0.6110061439921994,0.9858361391058885,0.5256718118812583,0.32604523796568474,0.7935638817689875,0.6210448134022892,0.4577409308910899,0.5301464988387552,0.5769739371476932,0.5535081445425843,0.5837278867636837,0.3555076477588166,0.9654709618838841,0.9425271672339872,0.6193703151186837,0.35396733503020905,0.8111550149866369,0.7755392978268019,0.7220473650379513,0.7455740233962445,0.6757346731868482,0.16984065444743335,0.7746857806092594,0.39128686728420503,0.9236816001897781,0.7563187436755514,0.744186953964334
11027873.0,Lukovica,0.9827794759425377,0.8610517579523576,0.8075049835488909,0.7107887685775967,0.7532364460207203,0.8397330823256132,0.8836358011665967,0.8238538376262714,0.8862436597121494,0.9885435149157049,0.9841794437629783,0.7268928269154354,0.8974708977911873,0.8626809493037788,0.950601530237005,0.8944798647423307,0.778434361602676,0.9492146219346652,0.8529531763393654,0.8321239071958353,0.9017055617233118,0.8360013314926448,0.9029478347861924,0.9224787414848049,0.9858728458565541,0.806363207382253,0.7670813784645443,0.7526874623653228,0.7968013202440537,0.8309063601385613,0.9831772279482813,0.8082571251920065,0.8646566059738524,0.8076366292325305,0.8268427350978109,0.8918864647206537,0.7968978976527117,0.6979807598306333,0.8423014974095735,0.9157479959793635,0.679959401149702,0.8596742071025756,0.8884203447894319,0.7859301386183364,0.6537495452538375,0.9790786696627615,0.7898568733678175,0.837134158113632,0.7536050066497544,0.9816205750215782,0.6702636237882516,0.707720041191193,0.8106611042882694,0.777609654044779,0.8695491974486674,0.8724300903584565,0.6551055631198268,0.7027644928029604,0.9424746959127621,0.8095361780878534,0.9260834059551825,0.7243871323568827,0.6293955846451817,0.7512678525672143,0.8414891614229258,0.773640573703933,0.8520761344532428,0.7021503641425242,0.7188958659539371,0.7251593962442509,0.7356054513479706,1.0,0.9881512706965196,0.761027154792504,0.7278353049264218,0.9611948321800978,0.8786209225095938,0.5865056049442701,0.8886587599244999,0.5406051708040691,0.762628341421208,0.8439046038477233,0.7311842207316783,0.9069924414924435,0.8471747204439037,0.8899615001679457
11027881.0,Maribor,0.9499652309527272,0.7149467988023595,1.0,0.9858098510733672,0.9872466007904345,0.9884606833193182,0.9991969002466863,0.9918985630369804,0.9955362900695205,0.9247978505378571,0.996529404529055,0.9281057642662836,0.9989695226200304,0.9779055089653566,0.9194744131714634,0.9664512230763376,0.9979074279523483,0.9825512430183253,0.9910924569791157,0.40230183758048577,0.9928082729544445,0.9837454181919203,0.3629730872706284,0.9984095965128138,0.990756555310908,0.982749689955852,0.9890111066070452,0.9416380374630638,0.9938876214722678,0.9913074164077154,0.983987738477407,0.9913799460870291,0.9726980453470556,0.9950140004785569,0.9915309361864251,0.3585265628010481,0.9954753072733334,0.9871078510922312,0.8012022872166369,0.8095851951127051,0.9749400719536756,0.9722794749193765,0.9694793303237161,0.9943862294677585,0.9795165457906433,0.9844898188854492,0.970604375473061,0.7539983642096866,0.9159159402487234,0.991477879040054,0.9959444518880606,1.0,0.9638368893908161,0.98810373150975,0.9901644489920941,0.9968275667531409,0.9832278644958277,0.7515045985254253,0.6161436570370533,0.9938681976278722,0.969828027129056,0.9858236523588669,0.8922475749882942,0.9995500100764235,0.9667779991839891,1.0,0.9813194355993543,0.9775206628876005,0.9977532780994669,0.9845768929931827,0.9800455885308732,0.9727608749325853,0.9853641293718817,0.9686628793765033,0.9835127619016719,0.9882818701336044,0.9214372941223279,0.23553591632546989,0.3568781842065455,0.19070297577784212,0.996274120866055,0.9941786984776443,1.0,0.991759390182499,0.9776081730558063,0.35740135417182384
11027890.0,Medvode,0.9781630934405802,0.8058725308068502,0.9734868133016007,0.988973255480068,0.9906293709259419,0.8908678560157548,0.8602451064355544,0.9809466395204111,0.9970207977414186,0.9278094679212453,0.9975570515759266,0.9012680239671605,0.9933823309841215,0.9126286292284834,0.9341723277813258,0.8599015086633387,0.8964339235377267,0.9824628988843107,0.993830423371665,0.9011959360670252,0.9745226057323271,0.864401265662508,0.9371858415645457,0.8710162326562527,0.8645842966215961,0.8351621002419954,0.9982595022372532,0.9146315895555148,0.8676691037723725,0.898244640056441,0.9552979520169957,0.8826688350855756,0.989472976220527,0.9272158826262096,0.8621805594914009,0.9379546309308593,0.9187375586606464,0.655355589110437,0.866461237468826,0.867855887461538,0.9826068354962485,0.9595539051980184,0.8525603327117101,0.8571121974897002,0.8702281452765148,0.9926522262143918,0.9943022824109712,0.9965975698355578,0.965419978124093,0.8906887797970575,0.5446161499315694,0.8853424215524701,0.9908082485960128,0.9614911606027772,0.8557035001745282,0.8991125399568399,0.9877095632971356,0.820760484458067,0.8996552118464479,0.991730550219644,0.9434113890055184,0.8042677529008003,0.5114092245615863,0.9964825331409566,0.8876498665970183,0.8684498866355331,0.8925991830431506,0.8067723929377761,0.8927962407620225,0.8554713075341367,0.8284761174568813,0.9337031879764963,0.9827694910626216,0.7246090458838452,0.8409827936041203,0.8449108650912784,0.9473322446919854,0.629997160890521,0.9358264945061399,0.5839644447931907,0.8021787998031662,0.886676582602201,0.8432310297862998,0.9460695440150748,0.9767656300308567,0.9499554393413443
11027903.0,Metlika,0.9407258833464002,0.8883804245655295,0.7302099773429414,0.5452302037028578,0.9568817587641553,0.9747370137866963,0.6133400885053173,0.6128927896580774,0.0,0.9348461358016679,0.9708116651477948,0.8190105283882747,0.6205021854373798,0.7215376838999232,0.8968265316275303,0.6821650984024167,0.017333779498240443,0.96739244334803,0.5066670134960112,0.2324194538158586,0.4807643200553202,0.5506131200044995,0.5191758796908515,0.8181295725497568,0.40790282183164184,0.1437640905317934,0.5849756748019784,0.9599015609768731,0.6364637444016501,0.2237224687276833,0.6433553277413997,0.7720011532689288,0.0,0.2653485735569511,0.7010908678008783,0.522470114044747,0.16260577212651195,0.9766039536444721,0.2143889763901753,0.0,0.9758331103129436,0.9160351875741527,0.36208258678713257,0.370723935556437,0.23602412854188426,0.9189841170757475,0.9505948018850745,0.04944800837253083,0.6094513658778684,0.9450540435806613,0.4495512699825158,0.0,0.5656355700935343,0.6014682809309863,0.4582353710156245,0.7741350733405848,0.0006268930650265014,0.6151999256599789,0.10935005188200542,0.9603876128730625,0.9587817387970271,0.7285901987687443,0.5394890794401805,0.6092733095086362,0.4224188413802633,0.0,0.7170338971822903,0.6091381918059862,0.6020451434652445,0.6173425578167325,0.6530405986051886,1.0,0.9479887405490365,0.5522976937761318,0.648266142560196,0.9079948989341075,0.7824158607057582,0.43168264715840976,0.5286177552727965,0.3862531155513311,0.522605057794135,0.9224552714294602,0.6706780379913523,0.9373468038092433,0.9838458686655199,0.52465861811628
11027911.0,Miren-Kostanjevica,0.952536163982209,0.7138240338827391,0.908991927937713,0.9091764452601554,0.8472063527465434,0.8402558554411976,0.9225374938897539,0.9338515997664599,0.8801327013800105,0.9755845997136682,0.9920709257803704,0.698869679685741,0.8610517521396632,0.9035857044909824,0.9299874625413059,0.26419709543162184,0.9378993651149649,0.9847815286085578,0.9932952247819121,0.38005489692899275,0.9928820226358895,0.988412739408573,0.5464381223920343,0.6461372148719603,0.7972344244240127,0.7384771389530911,0.8664920568314823,0.9386517858777824,0.9947166221113358,0.331000596270134,0.9441657964868864,0.9355556040822265,0.9106429340751784,0.8888805511547474,0.9921263549131746,0.5499455005656628,0.9357520611025957,0.9863426765586223,0.3784443349701757,0.3412425439979774,0.9849011523413985,0.992824094550469,0.9399679429484143,0.8619763223746628,0.9367936777038227,0.9411498524575136,0.8586496048552064,0.4420802313086115,0.6712326409683465,0.985992115361845,0.1428537336340021,0.38813239164714086,0.8807146446210039,0.8743858600937262,0.9895412797729042,0.8681784883693195,0.8165554421079346,0.0928454849561865,0.8007365152246015,0.9897930494456088,0.8274505137230963,0.9205326737044597,0.13414350116622797,0.8730384579750341,0.9992507607687893,0.9035795686510422,0.8845812173210525,0.9250000768390011,0.9104596003277509,0.8697380861383273,0.9334242233467834,0.9175252505367909,0.9676308228017716,0.7302066545561594,0.882498901111456,0.8991373103826059,0.9420849446067419,0.7324821580402836,0.5576895322885447,0.6861377281929061,0.8303753304850017,0.8143105824664951,0.9252379469448613,0.959238107002895,0.833648030024084,0.5697355351971907
11027920.0,Mozirje,0.956291828686534,0.9320315496534345,0.8350410361379619,0.4311518221881365,0.826902142921113,0.777112970889042,0.8357596327259674,0.762909080388718,0.520258622741651,0.8984457227353108,0.9802035624397334,0.943465102737033,0.7704738907200587,0.549532136157449,0.8171493221039773,0.8161681111481769,0.5862979670364077,0.979725826020617,0.7610863850097297,0.5133496997341754,0.783863681950757,0.7747685436011974,0.6955607591777029,0.8163778245947392,0.9446293724674801,0.6468622131145003,0.9765742057785555,0.9750016439559126,0.9154496917240841,0.7551435370114736,0.416616486918576,0.9626097000716491,0.8760404543654225,0.9225767181776307,0.7881840116631084,0.6942112543863588,0.8658914692710552,0.47986504811053166,0.49721783799041297,0.9322248425375201,0.9851459147088106,0.9855267969033943,0.7475683395876642,0.9953567959292111,0.877979741264398,0.9711477052623634,0.8337761295366988,0.29907227492869526,0.9055262156516671,0.9486331820331331,0.8035678169472921,0.4423140553277879,0.9733793987647794,0.19802264615145893,0.8196257048406972,0.9947563042400991,0.9668539686458845,0.8502293598361965,0.7693221999047307,0.5656627674757964,0.9841302529203988,0.9863522059091036,0.7265729403873193,0.5744556542551478,0.807891986894401,0.676945286607291,0.7066289881791833,0.814635107651248,0.7500382698559236,0.7706425121121793,0.6257090432506965,0.8716733608680963,0.9837308409936971,0.5424572235738935,0.6256920329146993,0.9390322503774858,0.9518212649792834,0.4568724405975504,0.6922418014124141,0.4113662928496298,0.5566308063688037,0.9910251129094942,0.2645963372834922,0.9714063594018322,0.9510611661427162,0.6932566017987539
11027938.0,Muta,0.962994242884396,0.49697362555356006,0.6495715537322686,0.7747488133232873,0.6507360039718013,0.9927541495901697,0.7030815106494734,0.9302346145072982,0.34677483950915255,0.920209325854389,0.9870171589539875,0.02039183473787609,0.775943223377251,0.9274470062512079,0.9447775925182286,0.4929996634897189,0.9247166883942186,0.9190193733033164,0.8263709019006233,0.07711679534781068,0.7586128957099648,0.9889925332452851,0.4269987734528855,0.5407640711387476,0.9558585741915605,0.960620929196839,0.9300118140836416,0.4647424547932054,0.7165219578578057,0.5881256036319418,0.7707136019319308,0.7484386327288364,0.9061550027706278,0.7499506647348709,0.9894399140161144,0.42176791595621554,0.7070077778702614,0.49515744991791877,0.405043989469719,0.32701526171313866,0.9285591592746393,0.7311760946814694,0.7749339362941896,0.9055120909570111,0.9828006825190065,0.8788831886609065,0.9470409015862117,0.2542680491050032,0.9050125267501895,0.9757740313248827,0.9697804897796716,0.5632755882564369,0.4344416750257949,0.86769601357099,0.9127376499661889,0.8263839314179553,0.9822700456535964,0.44436753369099835,0.5426133923651114,0.512346654695484,0.9793545671787616,0.8157612001724931,0.7081586798672446,0.717354189351351,0.447036776863327,0.4783145621727103,0.9942100972842071,0.7145938001160455,0.433272532859836,0.8324219604712162,0.7466512148535331,1.0,0.9434749720517849,0.4567519424821014,0.752913309111213,0.9581462552925132,0.9187489072765181,0.2770826568199273,0.41982877594081847,0.2321233495782279,0.4376466363102747,0.773556326090826,0.41856955262503226,0.9746246124416242,0.8799957460126081,0.4204442291006134
11027946.0,Naklo,0.965315118011366,0.8478924515328518,0.936119867985853,0.885114219430289,0.9892432344074022,0.9143764509494963,0.9482495655315177,0.8659743133093925,0.9322063326286266,0.9431384957620059,0.982996372219425,0.9108747908429989,0.9327140936551928,0.9084606357956799,0.9366647053535064,0.9455519312463155,0.9463381103834251,0.9772133956167893,0.8822536046908925,0.752985599452453,0.9371451462441251,0.8991800705752446,0.9759491783732979,0.9573674945437239,0.8964438847932236,0.8835781503202922,0.7412288623687316,0.9117944263486196,0.9297611976620608,0.7486462877657993,0.9805201771042195,0.9949880481211872,0.8120390544631815,0.9183804688393387,0.9873534993549007,0.8456688401512398,0.9324198172344397,0.8293438377714145,0.7130004565449772,0.7610465316097462,0.8324823857078592,0.9803764923020186,0.872791869015563,0.9910700766013106,0.9282436334165918,0.8766173901325811,0.8609631183113514,0.7980907262345593,0.6678715617376679,0.8517743758255352,0.5139928299006282,0.9524380464961274,0.8692936597808565,0.8242965212287297,0.8934384200587852,0.821946791689834,0.8329383543573985,0.7212185659905399,0.6838935251178044,0.9919862794251528,0.8345915809354254,0.9373277947314067,0.48265310274534434,0.93231965809825,0.6573897058503377,0.673956943506034,0.9141522499624739,0.9379500811301659,0.9372560489034701,0.9329899196563595,0.6021147631220565,0.7864218839891874,0.977608681248969,0.8584586184572636,0.9356224267988852,0.9551647505901373,0.9455391074254725,0.5693695239163532,0.843965001220434,0.5235212101081705,0.9254705701824455,0.9344267709755005,0.6250143337980564,0.9637186992382237,0.9197495575614489,0.8579592805692637
11027954.0,Nazarje,0.902773623869627,0.9502182948530415,0.7936671554955779,0.3308705984802319,0.8664801494166946,0.7260105632598128,0.7952231741855794,0.7217859721336968,0.5002452947786334,0.9278903621191377,0.9402023380064278,0.9263853694957932,0.73028803762599,0.5087356974836931,0.8917011617351317,0.7836433201095248,0.5540958919332799,0.7851736133601654,0.7911061719877157,0.5246494918357506,0.8030021071712571,0.7947123245654438,0.7026840370377514,0.7857400485496462,0.9771859916945066,0.6902611931690188,0.956928164152757,0.9862229864000499,0.9345945379506069,0.7318182159699347,0.4674454335922579,0.935791097394917,0.7499758895621182,0.9394107921481955,0.7668308220990188,0.7012472700486876,0.8878404329860403,0.4112437571050338,0.5089179323279248,0.9475048535287443,0.8591180337277615,0.9171757492660935,0.6829872845782343,0.9503221367600444,0.7996848140976013,0.91850387204718,0.7666794265300746,0.3189565854271762,0.8468218217700909,0.9567761605632126,0.7899869346146974,0.45472756429296723,0.8905196996229575,0.12196281647227636,0.779375466215864,0.9587068272323379,0.8667729967818949,0.8151962292221538,0.7286564247856413,0.4848128667015549,0.9613623171135782,0.9438718688825668,0.7138201263118515,0.5343210033970378,0.7719899058202859,0.646620017181893,0.6551378815167561,0.7744213110256195,0.7078542663991598,0.7307257924771324,0.590012143444832,1.0,0.9649605552566821,0.4647558885243809,0.5903509663626252,0.8329558546868021,0.8534158275284424,0.4614947881953395,0.6992454679580757,0.4159745813232172,0.47856977984633153,0.7289981862850821,0.2812335257150401,0.9324920284906305,0.9789374542065333,0.7002705354555634
11027962.0,Novo mesto,0.9502805699687584,0.9167580437258109,0.7948717907457229,0.9733981099998502,0.9475974142706204,0.9788405719949708,0.9804245914712226,0.9816932991946993,0.3525308067204155,0.8848814533075476,0.9765673625101933,0.7547551497600786,0.9901027543012308,0.9700951159341835,0.8973737588737909,0.9849193326745385,0.3127297640554735,0.9155934254359429,0.8514026498318498,0.44673532526786675,0.8460267240649998,0.8395474416408184,0.6542784982565756,0.6535258185212458,0.9620195059532349,0.6296024370755289,0.9589791438803079,0.6836535825045186,0.9775183519539007,0.4400454457298225,0.9803730747160615,0.9784662578596767,0.8124110480989534,0.49863025805074523,0.3896784743180449,0.6559176867670615,0.5011928234101681,0.9669841031424959,0.4376886750655863,0.2898061169571414,0.9769751116836611,0.9546770163692091,0.9632298112114227,0.6491602625851058,0.9767928748820435,0.9797339892332118,0.9642775836110435,0.23796924947931652,0.42942526563278005,0.9703975708064683,0.5741313815108899,0.23543902115498883,0.9269421178573019,0.9628721556215023,0.8338637298475693,0.8770602938352585,0.9424273181732438,0.8524890636633033,0.4135086729378974,0.9577471616325842,0.9407033074719326,0.6468709328278179,0.6386589478147886,0.9807102745307443,0.6909475351174614,0.28124168361119695,0.9786933276189509,0.9846307275674564,0.9770084873414565,0.9915930190390335,0.9863570360386242,0.8993319844629029,0.95625622487217,0.9618259182175,0.9826371996828629,0.9694710527826678,0.8024600652540606,0.4720454761843792,0.6614517831557962,0.42649317881501236,0.9615469715046296,0.9339407393642871,0.9912400293569733,0.9749809071238524,0.9799892125046862,0.6576873756768857
11027989.0,Osilnica,0.990180637998102,0.7149609570170902,0.36390393614034855,0.7804562060397755,0.0,0.0,0.0,0.19841226672077494,0.2687952733499194,0.2039757315107017,0.548457709082782,0.33086952760779564,0.0,0.17064869236234492,0.7020379022581695,0.36314823242441197,0.21944004274820417,0.2874561137428294,0.6202158111386367,0.34843821276831,0.047147967363723065,0.0,0.592688824436925,0.295741444691868,0.14528596941651717,0.3048120739451503,0.038938009027203124,0.8377271662523671,0.026824172539323232,0.3408277636115854,0.2666799932431865,0.23958400071321262,0.33127661545695364,0.07703506269331395,0.010050495480438904,0.5947112489059461,0.036465151140134155,0.3409379581417772,0.5318948420405047,0.23759871795382348,0.9988690923179158,0.0,0.025232198577226472,0.38590970138630065,0.6640656722511864,0.0,0.14668638856741045,0.35278433319529023,0.7437284474274473,0.984914574811627,0.2479504564642021,0.3032905998691595,0.0,0.05672415872519765,0.012177097786355673,0.4983723788915957,0.9975670282610438,0.4806391928295045,0.1940619234482115,0.0,0.0,0.0,0.28357692258260836,0.208387616870781,0.1633544615997471,0.15224869197601976,0.1930354179857272,0.010726690010763429,0.040409049814118525,0.5015501108656275,0.0,0.9655568857480545,0.0,0.015721160835802772,0.0,0.9878900934099246,0.9902272541314705,0.5889398769782185,0.6005267508932725,0.5430320388658709,0.02495474860832636,0.9533845474853305,0.05137806232704312,0.036988039398148764,0.38112833311012073,0.5970431196752503
11028004.0,Pivka,0.9634013795885075,0.911583235187868,0.7931786822020699,0.9354257573826456,0.9806390869834414,0.9856776612191264,0.8203905853867097,0.9929487962794193,0.8495721317662066,0.9146275816497352,0.9743409589766717,0.6874086004476395,0.8437197284551459,0.9909397488562736,0.9390646572878538,0.9948043326120617,0.6265890924116746,0.9684719164026078,0.8397327207617331,0.8627533218076618,0.8991583509691389,0.4474637824676818,0.7025911639932509,0.6449017232416425,0.7547382321283258,0.8359544974913656,0.8415623235351514,0.8436101913818959,0.844553310729719,0.5488536770631238,0.9632617347014376,0.7792723171199359,0.767137629504382,0.560661296895998,0.541337119005446,0.7041856226011334,0.8322499368147649,0.9804340449001456,0.7889304351365352,0.85961773034146,0.9834539570072445,0.9288598880269935,0.722891136912448,0.5168266890359943,0.3287213433034921,0.9811937935272146,0.9801294362450027,0.4704918061072214,0.9361823073024739,0.918880972024751,0.2884297023810364,0.660255313136481,0.6826074006540579,0.6954022392195198,0.592594137771453,0.9923953948329632,0.5625286505767335,0.5264608196092861,0.2615480769071673,0.6829541737429671,0.9700263322822701,0.5167218499234123,0.27084325437971046,0.8331310686643263,0.8532745559699734,0.41213201423111634,0.780464242723179,0.8342637269472595,0.8249022089341634,0.8306134365798726,0.2489132015185168,0.7769036197191104,0.9857819090314801,0.6704309015581648,0.31163055374318205,0.9183256799384514,0.9140404566423573,0.820369060064295,0.7112205126816482,0.7737573173753134,0.6720523347642734,0.9485196194312118,0.331804368910232,0.9796388655125357,0.7920618168099983,0.7234915862200947
11028039.0,Ptuj,0.9982958058564178,0.9075311672124357,0.9966362984889483,1.0,0.9944672947707806,0.9996663131146019,0.9882379478246897,0.9923542801926761,1.0,0.9438056663724821,0.9993175615780968,0.9563677469956663,0.9813333420979925,0.9835604223408774,0.8750190139628111,0.9986505193151008,0.7136519356353499,0.9971782586005717,1.0,0.5330303482356522,0.986174276013164,0.9883321621877649,0.3530990333066094,0.9931517877783467,0.9821922490022733,0.9133116822167586,0.9964803063384023,0.9796782667074333,0.9847844895574126,0.7914583990110172,0.9962086319242299,0.9990335526590545,0.8118520933672033,0.9927498484632491,0.9945148872516312,0.34877346883132265,0.9936945247668028,1.0,0.9400338154028516,0.7497340930867724,0.9819054790497147,0.9805820454390689,0.9764822040672309,0.8804871844966808,0.996218501354131,0.996272186952964,0.9769606878618874,0.7558396228511818,0.9912074497796376,1.0,1.0,0.997651269920362,0.9874968068991317,0.9825903246346656,0.9813746241738588,0.9886980002596302,0.9835279189471984,0.97988644299553,1.0,0.9931266836858512,0.9987496306875338,0.9869412768309589,0.9982936872990174,0.9996100095253058,0.9945165552832929,0.9959617068723257,0.9859459643933219,0.9853092566203623,0.9818853450786432,0.9939092147864234,0.6786004043094674,1.0,0.9788150720762991,0.976142468330393,0.9918240573197331,0.9680891984168819,0.8741761835534535,0.2291285698035821,0.3471699315205572,0.18431511755246344,0.9710708717803389,0.9685712461683352,0.6876538686712438,0.9954587826862752,0.9849873857740804,0.34767886955335714
11028047.0,Puconci,0.9490994543856371,0.9413627952687382,0.32140907115794415,0.7745201799373123,0.8271892237940115,0.9002624672935842,0.9192426923501931,0.9264404609124519,0.9270278553520704,0.9609019753003967,0.9879589195020924,0.924344447017277,0.9217399516554016,0.901939446684878,0.2690731076559677,0.9212419585863783,0.7191867996362764,0.9900965882783138,0.9589316724158587,0.7411202253173917,0.9118225268964708,0.9920454154642558,0.11316721235598737,0.48704927123017605,0.8823431635609225,0.9866585659159751,0.9115878557513928,0.7793417408802614,0.920306928133892,0.5431041142580912,0.8266232274882838,0.8905918285382639,0.7934822697978624,0.9276993774963309,0.8878887677899547,0.11178088153273291,0.997033877593205,0.8109854464790585,0.5459420791478606,0.5653556638256796,0.8861769819483952,0.952419857254343,0.8828210472612339,0.8026764533907923,0.8244280164116181,0.8476873156629325,0.9921120731508305,0.9547904538542104,0.8810421587081163,0.8663130599582896,0.904172653075969,0.6390280146990589,0.837973542411167,0.8606784828335019,0.5389958332771242,0.9132097330829582,0.7905866822022352,0.9458533666256193,0.3224249822045866,0.9044621633838628,0.5685504020540988,0.9008303815181785,0.8957802821786547,0.9161492119686978,0.40838129908064624,0.49395872291875265,0.8883903264568731,0.8864467439424838,0.9132243777628938,0.9066970538535326,0.899201280549285,0.8592865209581154,0.9808954370384887,0.8198999549404166,0.9180847063383605,0.9055023164018554,0.9197836574377901,0.07343503966285148,0.11126695249229102,0.02909513783850748,0.8354915202016707,0.5198956944761457,0.32397447075958763,1.0,0.9041224991760385,0.1114300656503604
11028055.0,Radeče,0.966667645336535,0.726088947426375,0.6890774402355919,0.9912269816655808,0.622489970297895,0.9934734140165171,0.8388772574544574,0.8074342044424133,0.7559679214523769,0.9732007413236577,0.9295213440120398,0.4513928604456764,0.7442156925104921,0.8218719547871199,0.6923748116497852,0.7919026901425682,0.7956896675910199,0.9849820332906839,0.8943497761548299,0.4682629608240605,0.8019103977809748,0.5264120741172414,0.6730928908820176,0.4419958004973005,0.7244145099572754,0.7782517339835622,0.7417685763895521,0.7043965133432297,0.6975757220000818,0.7620424403610386,0.3244873841825403,0.7830299617515344,0.8998063198167974,0.6293471995253241,0.9934274009743164,0.6672294278364959,0.8077128030897671,0.39427176617370663,0.5160261786084036,0.372079831933532,0.9409584021558342,0.5925978602881955,0.6828073933070908,0.9953701500018293,0.4527422982421886,0.8928058811916065,0.9674406375261823,0.3423218657993896,0.3784573498882312,0.9260852530044078,0.7707635671410633,0.26797272401777594,0.6031193954833515,0.6405687688076163,0.8235544740770938,0.9937154324001779,0.4733150917021416,0.7728029850852867,0.5793506903938874,0.599172430165083,0.9716112405561294,0.9370267235304981,0.7377156598654082,0.7403810998043668,0.782483997689967,0.6926150630173513,0.8682726975521402,0.7395298818736837,0.5591778319642502,0.8000551194332215,0.7687864243275366,0.8594058552486729,0.9825888678690265,0.5898011708978252,0.6361448194799564,0.935881446456026,0.8942693023933764,0.4379865542647664,0.6638332143417424,0.3925378489778447,0.6030788290103498,0.06614081700489349,0.4984473412371764,0.9740876073342596,0.9938028140140125,0.6633404065060053
11028063.0,Videm,0.944892889946762,0.917563825945781,0.8901868960687803,0.7683087766081914,0.7929553716352746,0.8710852212888873,0.918803378261507,0.8979328425121349,0.90532535653624,0.8965740126134767,0.9823683586137115,0.8872749377057482,0.9577337345338649,0.9054509111137309,0.8953625063850424,0.9177741644490329,0.6840038099059463,0.9659500916810632,0.9266367308614769,0.5090613469086247,0.9295970366900158,0.9266344402263461,0.3374466663984991,0.9238789720140298,0.8717161134273177,0.9809309325095417,0.9073890088812542,0.9049542599072005,0.9017635572721936,0.7496075535272304,0.9122584968278613,0.9847396324618088,0.898616125382928,0.9129966529958867,0.8550483406005468,0.33331284790908444,0.8940054175747618,0.7646691756136279,0.9189023560513228,0.6733812106686912,0.9802412822477525,0.9777670946697005,0.867755281216662,0.8441982169778015,0.8111045039215805,0.881729828846097,0.8813828615389687,0.747769162428112,0.857352409114467,0.7569509907555569,0.9674648426060745,0.946010527265743,0.8483085077476664,0.8115686140373959,0.9162081127573036,0.9897965704252817,0.7563942818837536,0.9155330534946191,0.8928364135285195,0.8552091703440556,0.7402914713639022,0.9607978988322835,0.9667639529002705,0.9123431988496273,0.917212908590554,0.9193788870701737,0.8554038204536213,0.8839467375505794,0.8755567411263137,0.8965871741604658,0.6275677592530874,0.9339684467051298,0.9737207942379937,0.798232052589177,0.9132031595856367,0.9167906041989545,0.8931945032375649,0.21897163334835812,0.3317803930765232,0.17418907397755856,0.7743109795684147,0.7792126677578712,0.6328151319760742,0.9663723771311067,0.8583772047652691,0.33226677062608345
11028071.0,Vitanje,0.9824180782002103,0.7850591378968979,0.6837189654079353,0.5259371094517558,0.7045335536189783,0.8149637854898145,0.8673188828185986,0.8148850247122992,0.6412913828785318,0.9431850968304328,0.8572840633964368,0.6551678273787628,0.7326006249412953,0.8028121015540144,0.969183411616836,0.7815331931657794,0.6954974965293754,0.4367004695245442,0.7553937603927026,0.29881256104846154,0.48329440980616944,0.7617691300947849,0.5667536048060937,0.7672435984988633,0.7880207137229278,0.6556858795885538,0.69878217320508,0.7431950167098864,0.7288794632901722,0.8254769210644697,0.6248304216661903,0.8432608751165113,0.9637254786551755,0.8005434500518371,0.7430129024903398,0.5598107105244738,0.7011371061592139,0.6836443764028841,0.6923587469543753,0.585021606375868,0.9769105515353516,0.7089260899153216,0.766560887991818,0.6897767700158041,0.6573396914237679,0.7108483124691247,0.501316327783396,0.783674707092211,0.5495956166144282,0.9817705223901543,0.9678342067442007,0.574864190188197,0.5712412073050397,0.6669230327968559,0.7040647715142223,0.5635491625972499,0.9918674610922673,0.8827859957952707,0.7735419690007265,0.6988202852900678,0.9829446377063346,0.7807619039903524,0.8791291440194027,0.7016670413025905,0.7188855172258481,0.7776839317357317,0.7643686704024287,0.7060144287937489,0.6801074670452547,0.7061260290947529,0.7390354962647006,0.9016236899021488,0.9922455567912271,0.6116206727550002,0.7322567743912669,0.9500313193611776,0.9619472704498346,0.36777059875857143,0.557236898461589,0.3225354591584594,0.7185042700518597,0.08409926308068727,0.40856494744911753,0.9915259428321966,0.7581990289637844,0.5580537867493055
11028080.0,Vojnik,0.9639914617991299,0.910855922121237,0.8665552758070342,0.6955397830001759,0.8724783181820086,0.8728006784790866,0.930915106849897,0.8982559421115603,0.590741964100898,0.9304488707452696,0.9887104602631713,0.7234645384794476,0.910186894246497,0.9095435703172671,0.9771727288582442,0.9252642790025019,0.8384851240953419,0.8971322937079521,0.8926172663633386,0.3623940068906174,0.45634515094699757,0.8497527165852437,0.6068347232378363,0.7986790117830865,0.9648043458672119,0.9025156130999101,0.7976792954770737,0.9037351210991909,0.901899712854264,0.9285544079207685,0.9880650055356004,0.8612523038803066,0.6696805261135188,0.9136418443697019,0.8278445140056823,0.59940082375466,0.8759130194009959,0.7164285346867225,0.7067201404797192,0.604236122982829,0.9895113284493365,0.7926639644790586,0.8396293966038675,0.8713615885795898,0.8372735803221009,0.8013432004188303,0.7978249807596904,0.7254174954039669,0.8049089650591488,0.9333176668151723,0.9480234344460076,0.5408928697900273,0.8066279236431206,0.8132974767131633,0.8730380064770987,0.7393409638272543,0.8091574637737364,0.8262124278616414,0.8735973979400298,0.98618758970812,0.7878822075692133,0.789900199960843,0.8620638005733239,0.8790270415761842,0.8764779848680699,0.9116950587441669,0.8540025452914621,0.8837241840309114,0.8634659107450122,0.8825229642623666,0.8967845241986319,0.9057628984442404,0.9881031099853697,0.7547080501264738,0.8884333310406528,0.9102103744843555,0.9028468504675954,0.39377953244607455,0.5966449903243963,0.34846528524504594,0.7675641045630787,0.5862372715632549,0.36303493169626144,0.9692617186785835,0.8463183196805903,0.5975196493892687
11028098.0,Vuzenica,0.9227328533039928,0.4844532435821369,0.6340593509041302,0.7455253215929811,0.6203894072665332,0.9608320851807901,0.6878832803396784,0.9182507079535096,0.343207862933684,0.947448487839792,0.9493654162879382,0.0,0.7652162575926635,0.9155582962402382,0.9225234704196529,0.48080522710374607,0.9153325081790267,0.9003595502269389,0.8125211024693038,0.06845263400865487,0.7660619806343952,0.9883668445411719,0.42153697131632284,0.5292771284387753,0.9444500805501531,0.9755042127807086,0.9183330147051552,0.46089945074926464,0.7018425695089883,0.5859230792447918,0.7404212878543732,0.7279272933301294,0.880573881222205,0.7370430703680748,0.9548797123988538,0.41637302246302044,0.6921794354597103,0.47025876085697327,0.4027845988595926,0.3152992514271099,0.9633335009565716,0.7099004988373647,0.748287424697403,0.8935376340387279,0.9338923076713874,0.8540654052940859,0.9667002868928648,0.25042821472990207,0.9161852354067628,0.9638788288558204,0.9623538069278056,0.560878431038249,0.4041525550244256,0.8455310087829314,0.9010081110544799,0.8114693990132528,0.915284274512389,0.43123265198901506,0.5273666777225271,0.5139313643877881,0.9252419861879053,0.8002326375633881,0.7069544784778625,0.7023066077640985,0.4335761017966663,0.475451058371953,0.9628649172868627,0.6995165446094103,0.4292892523641173,0.8174560872778165,0.7332674678729069,0.5738603661697336,0.9720605960115757,0.42761958045584203,0.7396629737787109,0.8913154466567876,0.8786780425797482,0.27353845308654,0.4144586862637879,0.22858992573523818,0.40837941608368544,0.9089292591809484,0.4153567659382936,0.9439728783205049,0.8653578454481281,0.4150662670745455
11028101.0,Zavrč,0.9406042704499669,0.8728552892460549,0.7404861524909228,0.41866513365795954,0.5429158990982073,0.79864196125268,0.8070267111382521,0.7508734346039245,0.7742267000583412,0.9662370600918527,0.9762549070310061,0.6347217626300214,0.7701981217821107,0.7638671866719502,0.2518805516818531,0.7973835524234874,0.6127769932343843,0.5655556260941483,0.8551677224829383,0.5200926434274595,0.8342679304585916,0.8272938313574192,0.26694853497199744,0.8104731516726488,0.647627470645102,0.6953045169489414,0.7571548927235217,0.8358554292648599,0.7710475374512314,0.6462143606445278,0.3504201645215005,0.6907137618491628,0.5432312554548593,0.7928713394771958,0.6502602168881173,0.26367833882110037,0.7509042791046059,0.5378776978180728,0.7985302860527075,0.5920420293328356,0.9708618622663987,0.667592801715349,0.6026607711356229,0.6374837603142105,0.5860659430443045,0.7324488860228547,0.7034678938081614,0.5153543726418599,0.6400579182876767,0.511604668252853,0.9171951657332861,0.8683264553445249,0.6610393857483741,0.5476035642323597,0.7342851157453925,0.7813206329062183,0.37475486464087515,0.7727063628866224,0.742311924400756,0.6782845389113217,0.8997706009983716,0.8246218301434209,0.9231786601051101,0.7567831044279565,0.792752366411645,0.807129810923164,0.7056521586110498,0.7428797040050921,0.7240011066103199,0.7521587928296148,0.46507243089577976,0.9823039030628798,0.614021092783114,0.5170897605608982,0.782388095261827,0.0,0.8697374435572063,0.1732248753458998,0.2624660388839598,0.1285814572531997,0.4918672364766966,0.27383087490262725,0.477933764242194,0.5786953840762166,0.6818204970024071,0.2628508042031258
11028128.0,Železniki,0.8386178436065951,0.6383307413876028,0.7692979944813957,0.7670080497111383,0.5220278586149263,0.6982351890204277,0.6770874466198827,0.7083489048995809,0.7764093243882696,0.9689482041171484,0.9959618947810823,0.8001655306111357,0.7135562916376266,0.704248365635405,0.9869021686726739,0.7396222285590752,0.7994649486982377,0.0,0.7494659549026566,0.6840617566508642,0.7074241277809818,0.7051420152292143,0.8848639507588911,0.7501074037515739,0.6652196567205044,0.9011738791892965,0.6611370252095554,0.6497795602096177,0.7566463553650045,0.6790769611440612,0.5613703359094091,0.6698404707784062,0.704486338743071,0.7962759659104679,0.673286960089173,0.8027521888446842,0.6374015214405193,0.9723364758064066,0.6416349433007109,0.6525865410294562,0.9405267638437425,0.7546572797702764,0.9160796192487579,0.6452344893665557,0.7479826198682731,0.6258102961267844,0.5410492949714951,0.751960375652864,0.6318414518634594,0.9910387282685895,0.4309153018120152,0.802304386211563,0.43248743787379595,0.5111665810670292,0.687130210455559,0.7390841719663388,0.9549118192484507,0.692368772875461,0.5427483326722967,0.4891307215107261,0.7509479082952597,0.7296054090469242,0.4046410676200012,0.7593622229363874,0.6871357002593541,0.5835098036878656,0.6572766918608706,0.672929332551653,0.7585853176895395,0.6834074682629301,0.49306351323649467,0.9489528957042401,0.9808681804851513,0.5351783367456409,0.7101139770177712,0.8674018393117605,0.7930203630639618,0.5588349272915303,0.801245665529237,0.5130186550378237,0.5458020478794701,0.34155611795559726,0.5235346826851321,0.9942723126143669,0.5887166939689827,0.8151773199422783
11026788.0,Dravograd,0.9475476859392309,0.5927687001991275,0.8160182557804322,0.8738202538916039,0.9998377220129707,0.8277037175001807,0.866159272077726,0.8302372414352016,0.19808232498808798,0.8653957610573277,0.9377988719271898,0.17641242063800977,0.853365343829621,0.8693558423788211,0.5883095005059624,0.5863008859700842,0.7979614831259741,0.999656238275464,0.9749799334425566,0.14340742323121314,0.8544260140946024,0.828446972864209,0.4687877336112527,0.628652167197221,0.8081088450558963,0.9490419500503542,0.7722624338969549,0.4608901138729202,0.8740325194340651,0.5295601965842431,0.5404252725099568,0.9685263169429977,0.9100986949025855,0.8884497894260146,0.9668911501239508,0.4630449493618315,0.8661166238814854,0.6666100867027673,0.3708165800763573,0.4166559837342412,0.9951068136884977,0.9535219752560787,0.9574144266320345,0.7437691672442341,0.7416466918740181,0.9741071399215242,0.969706534197387,0.23721378975941676,0.9744100257390318,0.9520707897146062,0.9320142013213399,0.4633480089933578,0.6661876807069582,0.6849342067828154,0.7543029142341746,0.9864176003208736,0.9423198370582755,0.5448642258825052,0.6592679936879521,0.6635946072490824,0.9282805684608126,0.9823834434779689,0.7077548263763733,0.8324851977084613,0.5500261565590605,0.38366419674985686,0.9789449373237694,0.8299518474987054,0.48316275437191114,0.9938493022507064,0.8490520077345168,0.5308253338266562,0.9633113045003824,0.6796474420983987,0.8542933520805875,0.8590868725492385,0.8741017800527022,0.3041998216136099,0.4609160321154845,0.25915803602519094,0.7176177193204587,0.37388149582707775,0.2846417510363167,0.9495013971772479,0.9884846493590448,0.4615917176440191
11026834.0,Gornji Grad,0.9599318335965341,0.8886655877415697,0.6064094822057224,0.20968425779709887,0.9939551646734887,0.6538696176573588,0.6117556629967048,0.6730270158503293,0.5678684758319464,0.9878759803389763,0.9783965096465778,0.8450802516423975,0.6593378431561909,0.655118827839076,0.9898582085761825,0.6364365171803963,0.5166214151099752,0.7352483221373018,0.7501240622024904,0.6425409097980248,0.9933782800883536,0.9930996343741486,0.7770016280085916,0.6470738521981604,0.7183997859326549,0.8693251825503108,0.7633042292985117,0.8547576199236313,0.8590075532781346,0.6414383665505434,0.9950400451554074,0.7650820476119148,0.6018929937534427,0.872947114345156,0.8316780460463293,0.7746544492056466,0.9987086878296857,0.3882495289874751,0.6309857278539465,0.8871768705863272,0.7599126371093599,0.6935569879377588,0.5934686647587074,0.7671158006844621,0.7886731589484656,1.0,0.46300057660441085,0.526410805716882,0.5811264593946817,0.9995371118893556,0.7285200287470428,0.5842384580012157,0.5257726833748426,0.35408995732762016,0.5972033828332257,0.7813452390213551,0.673364405294232,0.6566367123243156,0.670074563206738,0.3566984267419334,0.9950113239268049,0.7568741324664205,0.6596818311381143,0.41183771394449054,0.6972740666323761,0.526044227168585,0.6024938986896331,0.5924141636817364,0.5169299872472402,0.5500632119270951,0.4524887304769145,0.9501581596259419,0.9834273595353535,0.3816655859585397,0.44042992498820654,0.9271904964574299,1.0,0.5097200216969275,0.7723151468141928,0.46405313512729096,0.3724587604235332,0.3788645508599724,0.45481032407288924,0.9705753118042694,0.7573542864809659,0.7734473317064716
11026907.0,Ig,0.9481893771940317,0.8885099196073448,0.8096529955221794,0.6393243239531299,0.7902051568632449,0.8729721542442765,0.8734250505711644,0.8767213356967144,0.8555905725406063,0.9296578800561889,0.9870230408215661,0.6798613636744311,0.8710283939378705,0.8778869168699405,0.9062842718936464,0.8902693652613615,0.8775801458142789,0.9239727000295828,0.9140479448013004,0.9064148177273464,0.9144109972372034,0.8613508691124201,0.9471174565796355,0.8832960608019695,0.8143485074765178,0.90221794877436,0.9517497687132284,0.8540582470053113,0.8799166796311204,0.9040299168842818,0.6031275543332977,0.8225034194537798,0.8579691989950498,0.893504370535315,0.9887568369484939,0.9421452633032196,0.8410356643811966,0.9851658042413709,0.8851527341582359,0.8919545416369675,0.9791451402845495,0.9753245702878435,0.7717186310562176,0.8518399852876711,0.7896531790805751,0.848633281486123,0.842171557826555,0.9928280197418649,0.9318671481721493,0.9506266820749526,0.5172733054927847,0.7832576353492068,0.8250424384256447,0.7687197677418429,0.8237227051329543,0.8228326497530447,0.6670422500784136,0.8685542995731887,0.8445548549555495,0.7434215000156259,0.9610863131963256,0.9034203454219377,0.4857335576290065,0.9256865219691195,0.8745851686384695,0.884468283232376,0.8007496429489129,0.8398324944615291,0.8850961109418113,0.8146021503829555,0.8578228399922264,0.8531709753528066,0.980093366954151,0.6691641861033839,0.8512753571661358,0.9432326653884735,0.9310089621094286,0.6515641713142653,0.947122784915194,0.6054658579696941,0.7834404770947215,0.8323757122731643,0.8700653330598245,0.9790068746885634,0.8018156478448217,0.9460311783701512
11027199.0,Pesnica,0.8973136871660674,0.7251686975722709,0.8838534496904074,0.7152842553763145,0.9564946100232614,0.8657141202559935,0.8953027040300263,0.8911863761782698,0.8946291474368689,0.899130957299823,0.9686268138236827,0.902121103574595,0.9506524330718276,0.8798625153199888,0.5812001767591237,0.8825045049275775,0.9173539996203115,0.8774887248690668,0.8988341691134671,0.40940051541368494,0.9808589112145536,0.8908374638715024,0.3275659552647918,0.9102021595105998,0.8493665027479116,0.7574512848351395,0.8903734168793175,0.8728476705215629,0.8831715786361757,0.9375242043066047,0.7289171492792852,0.859912710210297,0.7421959694302837,0.9102530678421537,0.8321362327397781,0.3235531783219098,0.8815310046001728,0.7382430736673289,0.758333697613839,0.8191842987368615,0.911856806674305,0.9551463898500947,0.8319195884278997,0.8857122249086377,0.7890008185571606,0.9458136666634577,0.9599617202526689,0.6551609440644672,0.8904844571359964,0.7728590069331835,0.9628979727904481,0.9268607253845245,0.7672581042430506,0.7954737890698694,0.8740840033637177,0.8830296518531908,0.7192116565831475,0.8139784720485014,0.5487804971506731,0.7910394047029582,0.6891684697952518,0.9777379922154489,0.8612514050926362,0.8989079930335626,0.8920461559714281,0.9134792446442553,0.86585278297172,0.8779042786714853,0.8893075551932927,0.8874471919354749,0.8916183226477282,0.5602101564719335,0.9520942614946385,0.7943803420063154,0.902023805120982,0.9407112432554388,0.7797346842282648,0.21255996693990664,0.3220655950054536,0.1677969090047885,0.7961055361438255,0.9546129343314441,0.9019751871177054,0.975853782731453,0.8617876777346077,0.3225377310272476
11027253.0,Radenci,0.9624754983204689,0.9889659182293248,0.49136782314166527,0.7578038922735765,0.7592091062701457,0.9797119465358176,0.8187724582561234,0.824906667543518,0.810237649498009,0.9461719841853178,0.9382546410691189,0.7556932919065364,0.8338774122355535,0.9870315964777315,0.7082641779861921,0.8644945552591571,0.8731425077558941,0.9753478770742596,0.9949459421093217,0.684083897978508,1.0,0.8870756417803667,0.18003660090328255,0.6129054418221712,0.7431237620783657,0.8863432797427797,0.8233018095328757,0.9402692300470156,0.9822747946426933,0.6751651700917076,0.6096781001358088,0.8485329809177926,0.9364807108828759,0.8458501746627977,0.7485420921340131,0.17783110088300236,0.8102564554770514,0.5717417562377771,0.6442334743727626,0.7422767765192346,0.976221327930787,0.9102755710809997,0.7010848548370676,0.8462929710562375,0.7155250794114096,0.9871360920007096,0.6869321801567811,0.8607275956310811,0.7304722030953927,0.9760925658750131,0.9083116781606608,0.726940957865414,0.7923380619487194,0.6728852114097768,0.4952604109228609,0.8865342769208571,0.5592608366884981,0.8452788534365523,0.48947492483459487,0.9553229672192894,0.953390839717815,0.8448811482381828,0.9672869890651893,0.8247767722031203,0.5558625794980339,0.6185311552138961,0.8013976841915648,0.7945478883837342,0.9860194987852718,0.8204704694139723,0.8176246945408997,0.9516000559537818,0.9906340259053329,0.8066067250414312,0.8417422742172355,0.8953391915525424,0.8373085070348886,0.11682707961833216,0.17701349624628493,0.072355198520212,0.9699906810966347,0.9891846580583334,0.5166097961590469,0.9339325998295273,0.8938175674929566,0.17727299135913643
11027300.0,Rogatec,0.967298386966616,0.8788994969492878,0.5314731208378365,0.7514960957661472,0.9822047147297186,0.8719290463212704,0.6006941344555891,0.5690807450534381,0.9078112808782595,0.978658574264157,0.9798497909817823,0.7236648309092804,0.9026008249671544,0.9886526377789964,0.8671463954823313,0.9030747570586378,0.9943105703746321,0.9459543069461445,0.8828138971715016,0.2804734579123641,0.6903030914435309,0.741956905398111,0.437150652485616,0.6779722913273767,0.8611067292205611,0.9381214719625983,0.592609669753984,0.9397362511920784,0.9242543678105015,0.6719597625384787,0.7783157890170282,0.8714614633165175,0.6915541498383845,0.7876180073754356,0.983855154108226,0.4317954315578424,0.9008815116046426,0.7574857734145396,0.9332287145923565,0.9252978170916005,0.9616186311895113,0.8021800614128626,0.4900017241813025,0.7428756076810528,0.8255223145245442,0.8362843273018165,0.9856154043262167,0.793850364767606,0.8632830087257746,0.736850256446382,0.8576076166409285,0.7259079033944932,0.8696443546633899,0.8247756099560611,0.9068575847991446,0.8804870727803791,0.976548068408751,0.6183307382957793,0.540261951351589,0.8136466383116343,0.944171696582187,0.7500168929653412,0.9698743708463105,0.5643736126431036,0.8943360745276095,0.6564571666131294,0.8864646376165536,0.5352909532736959,0.9137927793189738,0.5505070634044427,0.4965992671422391,0.5595000958353694,0.988265928074921,0.5191479698688828,0.6067942076877171,0.7744955935461874,0.8796474469432161,0.28367028608021105,0.4298101885649013,0.23869094220214793,0.836543340923003,0.9058603109914606,0.44426067107376266,0.956409908944968,0.6836564612057248,0.4304402740993468
11027571.0,Trbovlje,0.9409994740380336,0.7715851559094987,0.7281490643942807,0.9776165387443857,0.9827077349252733,0.9884038987401887,0.9912961915485445,0.9870388209425919,0.991689652749623,0.9617964367321034,0.9780461656830843,0.7439142236456745,0.991255712213744,0.9928460520747812,0.7984805119477626,0.9942075439965401,0.9941260915495816,0.9819965130660716,0.9427210412555873,0.5659280120811769,0.9878807381939451,0.6517005267564299,0.7346599791139635,0.6067762717393012,0.9850462179561607,0.8135287251148716,0.9893186197221026,0.6103327171686024,0.8971112410960318,0.7501981271870597,0.768509791299785,0.6799590670076425,0.8306798310631942,0.6118656331517174,0.9841157717431442,0.7280423015717066,0.6524174369367312,0.9744541877633217,0.5800413495091096,0.5368818700333644,0.9779372247564155,0.982806810793536,0.964621995776526,0.9865834264387938,0.7229196820587837,0.9850558003472158,0.9148266285022406,0.514183629855726,0.4798732817120417,0.9915045976549747,0.7638673609435258,0.3928355411156391,0.8105676282020767,0.9808821315704023,0.9433838355595117,0.9909010716831187,0.969243581892117,0.7550135891872117,0.6525752040130421,0.9938202482511584,0.9588676249647126,0.9444099309607099,0.7273221139577916,0.9907053372935006,0.9833832293600541,0.6772162615380467,0.9879067591903768,0.9904685207161923,0.5444962015335317,0.9479927711946451,0.9915391161853413,0.8138790841295233,0.9734269180007481,0.9754999923668934,0.6181990574730906,0.9206422202447071,0.8647284838162537,0.47793789239631856,0.7243664919473045,0.43236767291927414,0.979827269335316,0.9069260662240567,0.34090844127211095,0.9883909955632336,0.9849143697196744,0.7239624236146941
11027636.0,Vipava,0.977980027999274,0.9191057378598919,0.7093207754932713,0.9258409233764882,0.9931709821805075,0.8742023604080237,0.7656852957071137,0.9047477597683321,0.9076984373414354,0.9453452916734598,0.9758358020599441,0.8576147143924536,0.8927211938561969,0.9141338124943479,0.9903437248263045,0.6201889280241732,0.7137065889538253,0.9855337437597642,0.8316408422527442,0.5963600554036237,0.6983676886632468,0.6964150337053889,0.6811894664432235,0.9911380377831406,0.8385610545028731,0.43936921642104165,0.6261956850262185,0.8974911185677841,0.6491094292788602,0.5236633151596239,0.9915962587747642,0.947419782313736,0.7763917217878459,0.6294751258462031,0.9789907620889338,0.6830461019870391,0.9532299627446913,0.37282719778655304,0.6330528794559747,0.6832676971402876,0.95865045110554,0.8880420524445716,0.6930897531448593,0.6279908701632781,0.4237098379965639,0.9341692398314593,0.6358554950060795,0.45382957928016043,0.47877303142797023,0.9936257930108374,0.2684776551988065,0.6229592579176672,0.9524301274255034,0.802499564597424,0.8907038456424013,0.5847583090452302,0.9465911611180828,0.358920629449222,0.6964040804545821,0.8017386514969062,0.932645348372067,0.5980855413553343,0.25210774501377875,0.768481418059321,0.9009472268726874,0.6772606279253468,0.8818430152117226,0.6401640201465264,1.0,0.6058198828013235,0.6406213090978367,0.9601363045743402,0.9688727546058068,0.7953189673027568,0.6213303243105237,0.8595731588209478,0.856389605219825,0.8105624657471141,0.6901781841221846,0.7639805503535886,0.9815270091705294,0.9783853222281585,0.643780786452163,0.9506046288195473,0.8765402543691683,0.702418410400168
11027695.0,Žiri,0.9687758208665616,0.6027374895656139,0.6943021026350367,0.9372525660887496,0.9922171249799158,0.9950861867993928,0.8386700639048698,0.7977795990439309,0.8146534505951544,0.9621541526124876,0.9899505342496504,0.4901515636914523,0.6792404589014577,0.8363415170795293,0.9423672270452546,0.5585020698065466,0.6788529946587445,0.9891774308538324,0.7055930177600249,0.6693844872149692,0.6586970923956508,0.6474320992620681,0.80296389946663,0.5895534533995846,0.5360880099387968,0.904008774953198,0.840641529665014,0.6712995942533144,0.637343021841928,0.6939014820040654,0.7882753256721953,0.6946426846257603,0.7323360120013918,0.6541674502112467,0.9850092339344585,0.7952848602664614,0.6590309504035858,0.9747262348387487,0.6484325277261116,0.5584526407364037,0.9882679594504679,0.965014240119072,0.9640416698320723,0.8392948931021971,0.3553936656594081,0.9895875165795599,0.45809783480063504,0.8606912907375308,0.526593186957892,0.9766988410117962,0.3823604410164362,0.7804132720327885,0.5821653129576705,0.588028799632508,1.0,0.464724023259834,0.9898131160528416,0.8893287223847445,0.42493352509535076,0.9896666866811429,0.8917407057029894,0.7931958484511556,0.3590467463511894,0.6879385335936472,0.7093771622035487,0.5677723569994386,0.7970952888473075,0.4418693895559642,0.5714740853009567,0.45454834277024636,0.4745384327250446,0.9213513926986193,0.9868577757910278,0.6120250429410748,0.5074889702778622,1.0,0.954796853105129,0.6736307951744203,0.8019009082054904,0.6274653649808896,0.6008419973329879,0.8475021310557741,0.5250912096559907,1.0,0.7563274908534501,0.8175493428608716
11027733.0,Kamnik,0.9951259411964696,0.9567775312782042,0.7724618453514056,0.9953158312981187,0.9973801664296867,0.9990456430638949,0.8636015107963475,0.9988889990264104,0.8638268859318767,0.8376439500089803,0.9788535389130777,0.6565034474125203,0.9720091099644806,0.9725408353184399,0.9424819619671835,0.8759362049740815,0.7707979913271676,0.9944502731232088,0.9905494137500224,0.8249434912144796,0.863697899338765,0.8301546501206388,0.8919864222543555,0.8835163709398262,0.985766575540784,0.9508020395677126,0.7578770027361343,0.7121207584405282,0.9978769149648241,0.8255491799847149,0.993735112344884,0.9961989233618991,0.8979319111467992,0.7997313373286776,0.8513370189314025,0.8882306467284742,0.9972520728742824,0.996656210367368,0.8184513976221507,0.9931884609078682,0.9936030999000777,0.9828320424736493,0.982477177502733,0.9966696685431766,0.9822830421019342,0.9955634048993794,0.9866711201139418,0.8473856990605954,1.0,0.9929094157678616,0.6459554690560303,0.7847618867843872,0.7322299104523078,0.9544434138550069,0.8879896171399821,0.8409329435340547,0.987098525847499,0.6947183530855934,0.9895962109434814,0.9882926792915846,0.9938020016380736,0.7296400698163468,0.6065695730337191,0.7286274894517184,0.9766148870006863,0.7654068499413904,0.919292269702622,0.6894007888166365,0.7092073688170308,0.7136000720890421,0.7242879346953528,1.0,0.993030571351496,0.9954137139236697,0.7188562927601808,0.9691246250951958,0.9923469368300579,0.58433450366809,0.8853691610673093,0.5384406730517155,0.979822749785736,0.9861226576201052,0.7233697887203219,0.997997782814345,0.9912116037988453,0.8866670788828342
11026770.0,Dornava,0.9563041808277263,0.9625843964105886,0.9035206513265545,0.7978975769739856,0.8694780684318918,0.9068073890233403,0.9079938919657484,0.9010509748878546,0.9104695424705944,0.8685863850688973,0.9859981383491111,0.8333858052023928,0.9202158751883619,0.9212070223992657,0.8988053099427957,0.9161858112918005,0.7683907018606331,0.9720943859005865,0.9250094529656285,0.5880770683712296,0.994214053675011,0.993970577785425,0.32015922965090915,0.9223827715233343,0.8833705012621343,0.9210219976600393,0.9053615623792551,0.9430948117820074,0.9290136168188484,0.733508808608238,0.742623310252172,0.8633720983013512,0.7693672421225516,0.9317710012164773,0.8523465031616498,0.3162371872220632,0.9037722269758244,0.7614364969510939,0.885929677139153,0.7580112433526578,0.7792632384239501,0.850638264733445,0.8385044221094798,0.7875743722092385,0.991322719907942,0.8849532683985792,0.9139946743467023,0.6638896390772117,0.8544855710384157,0.8321315218367067,0.9668016181350749,0.9955633946696866,0.8552469138582196,0.8501782076630141,0.894436962214067,0.9037082704880489,0.8074042094760598,0.9006707531030219,0.8945738414804162,0.9787637375133057,0.6180611879133915,0.9932591456879489,0.9746314732902607,0.9080622275666477,0.9197060161243318,0.9206213958461154,0.8715302486168184,0.9057492195068501,0.8948501380730428,0.9009752627805234,0.5954613495053649,0.8850237927595351,0.7743616967123436,0.8009069297471856,0.9114772731819012,0.9479627468765922,0.9394205722669604,0.20775368800183047,0.31478324025051874,0.16300524862819188,0.8024645884909274,0.3707340578232631,0.6031237387738332,0.978970053726251,0.8852580104712517,0.3152447006147552
11026940.0,Kanal,0.9807395705466938,0.516400513727401,0.5316550876126193,0.9903124504595289,0.9923531497562303,0.6692011925309073,0.7404003962331829,0.7216181599321727,0.7447339148220888,0.9694878614948307,0.9914243057261203,0.9917598259728875,0.7311966688284038,0.7078979097398566,0.9380095100862411,0.07186006620389618,0.762748956183619,0.9838012876842511,0.6623793605548971,0.20677175666180247,0.7313698067332461,0.9867662435755127,0.5666147660254184,0.46498958411219316,0.6841797047946319,0.9069633542133492,0.7070060408252223,0.6779259450347145,0.7906133254073263,0.19565926051455218,0.4665291993725885,0.6577968236553702,0.8219224352514755,0.7539111479668787,0.9942820092553936,0.4975093458030313,0.7701072665970466,0.769322491866854,0.2390954368944831,0.4379565556446716,0.9984175999762348,0.9691183930045605,0.6236470983175944,0.7353823669948423,0.4609040037544614,0.9980997245276412,0.9853386160923454,0.8385491669463508,0.350243679393589,0.9908799753858246,0.13920285077316663,0.2758497873712681,0.411607724940241,0.5066980498735455,0.9953194979280091,0.7133011915581886,0.26844511334097476,0.2620814338677552,0.5934291760081613,0.4644390017736384,0.9802094748637378,0.7601781612884676,0.13071522388679058,0.7282125210725514,0.7655330169533887,0.7868712635262627,0.9215143300479529,0.6646550483877004,0.7070649450520472,0.7157566118663532,0.7023216870182882,0.8681313930222242,0.9682164251705612,0.47079313387123634,0.7490705502338839,0.9694995486997704,0.9833022330743377,0.6601557828701952,0.49740622134501944,0.6140313376669957,0.4595270851295762,0.9921827731153219,0.7388555564663015,0.987673775734323,0.6582044920382383,0.5108924585863235
11027326.0,Rogaška Slatina,0.9689070171818841,0.9407771216669462,0.605330511220237,0.9883877291440679,0.976670467984142,0.9926468872612014,0.685112536430397,0.6374428397675975,0.9970466981929604,0.867839213792279,0.9539792110454988,0.8084893293772908,0.9949807887370015,0.9644887853766856,0.9411645843304751,0.9799071947726437,0.9267897616836844,0.9885819071189502,0.9035200999074962,0.2531430937434407,0.615185161607477,0.8268960100686682,0.46748817197787274,0.7285162566889245,0.9996867958291461,0.84413727408766,0.6760694121697068,0.9729938016988828,0.9920881265638362,0.7205354496798257,0.9369433901921873,0.9897886859922033,0.6231933159762113,0.8593130973677026,0.9752872677842088,0.46176130773135327,0.9943091747290439,0.9778306090442457,0.9897521202570146,0.9991158765792375,0.9866560468739161,0.9851230858585064,0.4279896603601492,0.8284481958881127,0.9974853659339992,0.9887064499807721,0.9996417732203199,0.8031665439341169,0.9797355672115049,0.9994065976214859,0.8827722877955757,0.6986066106384872,0.9912281766491058,0.9918296053375445,0.9980603607630191,0.9744577857963548,0.9873489538456484,0.6392759396658015,0.6080863682050095,0.995470857379642,0.9989776551854935,0.7160800963084022,1.0,0.5212118393933323,0.9791465935145582,0.6450599373878322,0.9819789150031831,0.5166480508020179,0.9847540505978528,0.5216990355783175,0.5709391415558733,0.9914198537457529,0.9402516877507074,0.6809633521784546,0.5732560250479855,0.9973391971088028,0.9410348118646317,0.30335652647445455,0.45963829221616426,0.2583173058145376,0.9678563796450492,0.977509765543179,0.4393772329610901,0.9752372847889749,0.78826271147396,0.4603121046261718
11027431.0,Šenčur,0.9545939229517335,0.9553487611192671,0.8358668103914105,0.9827031819369825,0.9590881162386514,0.9895153245896792,0.936285210654654,0.8156453237050474,0.9135568992478837,0.9640383067541293,0.9835531025940872,0.8332570315740525,0.981268732484086,0.9826455235850786,0.9247102259462265,0.9447889217611648,0.9332232947220729,0.969281100318295,0.8894690926164999,0.7962691635820133,0.9279022842494457,0.9469867675353612,0.9696819803853893,0.9295495132518786,0.9059629671266562,0.9882743808901658,0.8013703789631661,0.940310859852336,0.9553956747980475,0.7923574727375355,0.8764501118802237,0.892271654149748,0.8776774757602268,0.930618953925886,0.8546877207457859,0.8726201178738229,0.7985633507922167,0.7832936655805354,0.7641897066203969,0.8030008681294619,0.9805070215375554,0.9730368698286064,0.8644660387699863,0.9916238009558122,0.6632547884771411,0.9661991605086644,0.8229743240863736,0.8863404361949921,0.8249188157261831,0.9415600397488784,0.5582595922089761,0.9413616708494755,0.8781778363707783,0.8892873334693685,0.9049776323251115,0.7185512368901671,0.8155026403484658,0.6616913385808914,0.7372149271524892,0.8910814936446527,0.7514013259771578,0.9913679336147697,0.524220784109198,0.9141106519309653,0.7716331972554502,0.7307569479388213,0.9012430931593634,0.9166023625817096,0.9029045180874153,0.9124911976383016,0.6663931045186683,1.0,0.9728631706819318,0.8356328904304511,0.9252405514709892,0.9178154524588011,0.9355112267615824,0.5869284654879112,0.8707923664804498,0.5410267451941322,0.8503243830933211,0.8096364146820445,0.6887426578184691,0.9667865516416675,0.8891010831902769,0.8847897699911187
11026567.0,Borovnica,0.9603648742514478,0.900222207151022,0.7922017068526341,0.6797338081319924,0.7777974544275789,0.8373552327357874,0.8728413205965553,0.8554545929013323,0.872398532344567,0.980875903403514,0.9932869860844117,0.9449703266913723,0.8717230519863818,0.8702187909111329,0.9961766988345221,0.7861087470538102,1.0,0.45985350756759336,0.8813330581487453,0.817881267682325,0.9958666859013303,0.869956184381629,0.8913067769460439,0.7680950505404779,0.8137939688234119,0.9868097745995695,0.8738550339140605,0.7768772027696623,0.7893187328943903,0.8324568628987289,0.8538319592752318,0.6943142437035066,0.935278331245381,0.761609879297122,1.0,0.887018280509305,0.8753102132487435,0.8492621871049879,0.8508338882004136,0.7722360896849659,0.993584214643534,0.9787616643824628,0.769648028545286,0.6944156346560879,0.735058626198971,0.9873384022664621,0.9849803826943,0.9984512517625235,0.9090493633811677,0.9934128397913432,0.4652429788928115,0.918917837970011,0.4119535637821402,0.7293855611731981,0.8625863360689886,0.7163130068556678,0.6568141061717953,0.7343373037235601,0.6887583824532344,0.7472691048809624,0.9709576827880413,0.9954203145224627,0.4368756804185683,0.7183293254418676,0.8776165548900848,0.7682877852503882,0.8143479985483179,0.6857676170098894,0.6764806222456488,0.6616754178961834,0.7210628482612038,1.0,0.9896552663962382,0.7560366008646602,0.7158786141516869,0.9710786493676208,0.9567237944021556,0.7152941998627267,0.8922492565312039,0.6690020481345684,0.4335501642547872,0.942153169587886,0.73971343442555,0.9883119416676205,0.8338022580693156,0.8978946014465685
11026621.0,Celje,0.9936765662627306,0.9608380267209672,0.985080084069881,0.9918867291971424,0.9928434375804946,0.9974439664556686,0.9958075928585047,0.9987522435053959,0.5855916363306783,0.9509968159612738,0.9947725380449284,0.7674900965881609,0.9694370392896743,0.9715979873236883,0.9405225923395085,1.0,0.8765055464185925,0.9914239783184107,0.9904219629699682,0.4171734654306304,0.5733782215106517,0.936609820645824,0.641367155400825,0.7528078650846562,0.995253789286514,0.8443836846830759,0.8436423865645483,0.9652864380080366,0.974938792708732,1.0,0.9734140067695852,0.9966769833491822,0.6183893790564132,0.9778651480444382,0.9973073497316384,0.6335102237150094,0.9970545895302301,0.9912408441086179,0.7250853279916822,0.6282205678038413,0.9918703480376259,0.9768789104579868,0.949148176367909,0.9919245950693028,0.9981105400898194,0.9958672432511739,0.9897840291030284,0.6209226618272752,0.9639847890179437,0.9917226207919604,0.9082884966244514,0.5249711598113171,0.9545025122741425,0.9944237686642693,0.9924495209214114,0.8532991239404517,0.9900545035884065,0.8841513990996314,0.9981569002752886,0.9511388742671412,0.9610241358747756,0.8318177224314953,0.8540655995658001,0.9911033584451557,0.979327589726926,0.9984535669689305,0.9987368428852615,0.9960294001933483,0.9926757551828915,0.9914688795103068,0.9964753861768699,1.0,0.9955602783655764,0.9927076848613171,0.996683220507464,1.0,0.9530670285140104,0.4161878826453067,0.6305975673025748,0.37080547921588136,0.9951287543358471,0.97633611800265,0.34169588164914777,0.9761492317804704,0.9906233930676175,0.6315219995654314
11026818.0,Gorišnica,0.9058821779607702,0.9443751491473672,0.817904304965504,0.6063097767713488,0.6993571562885251,0.9839853329052636,0.8584185509241885,0.8278223457450886,0.8449111214383833,0.8882503376131944,0.9738299267547261,0.7364931350433358,0.8453932558583335,0.8402048388483152,0.6470011037317616,0.8582434280923598,0.742166004551311,0.9365594429929687,0.8874116690542895,0.6105266283496398,0.9083998993982865,0.9045453154240357,0.2942072444718107,0.8678020746673955,0.760069786212326,0.8582333810754259,0.8321447043994592,0.9672740490494223,0.8467219859034774,0.6898603332454761,0.5449277379702693,0.7646659365978103,0.7881820549503122,0.8594119242305984,0.7537847321132372,0.2906031213080005,0.8249094275934431,0.8787790465294772,0.8433031390752432,0.6924999312110816,0.9487385465375945,0.767146364677369,0.7337203857573864,0.7143719951509027,0.8184579078899263,0.8151277595682662,0.9712232252088955,0.5914458370113933,0.749904653616535,0.9181853749365372,0.9426074984137041,0.9499386391515211,0.7619456707852166,0.6903143548489086,0.8096007270106174,0.8328717213957064,0.5820177192657267,0.8382598039810856,0.8184050809958265,0.977448465592416,0.7640158772309924,0.9239044269198484,0.9478273902292618,0.8318824296883535,0.8599317738927814,0.8638739764632746,0.9125451417908423,0.820605217325279,0.8055346497647081,0.8268503286249164,0.53186790642604,1.0,0.9693018280118163,0.6809802727833516,0.8485177412235343,0.8777616426934189,0.8435327345785872,0.19091325320379116,0.28926703072403503,0.14621603493791768,0.655305830129708,0.04321730814103142,0.5415994382843017,0.9434877232664012,0.8002764111452174,0.28969108528695675
11026982.0,Krško,1.0,0.7877207713839648,0.380194481943816,0.9317170956102573,0.9322447586076498,0.9681684385069972,0.9990938462598596,0.9564824283584625,0.4075045510492148,0.8907254090964833,1.0,0.6739414546341029,0.5025241714411097,0.7419061820529209,0.6531947836836913,0.7820802706764566,0.5085450286492815,1.0,0.7828567307848118,0.22194987577795788,0.5921429526792554,0.385130973137664,0.5178195434100266,0.30121046087608183,0.9491275168247252,0.9031690046386138,0.9740214466442801,0.9580103385441554,0.9483542235074898,0.5607604049213684,0.9326272097060967,0.7044575142994106,0.1981198312466218,0.832111090356763,0.6625943776218135,0.51385822342475,0.8626932172267484,0.5513806395874552,0.6163249436696999,0.5120214217689325,0.9957818136966594,0.6488838942787097,0.6555486951060978,0.7621393157590444,0.9205631145107162,0.9576001230964932,0.9562138562825808,0.23601261815798535,0.32672211411895324,1.0,0.7028984237503492,0.3101898758779533,0.9162368607031842,0.9240464323624835,0.729824196126822,0.9649073590054942,0.885666048948171,0.4283315920034255,0.2650644130089297,0.9955160313760548,0.9517980900420734,0.7606059706606936,0.8006706110563824,0.5066812250271578,0.4312797184553122,0.4373362678560536,0.94545948756436,0.8168605191640582,0.5154555630707618,0.8165840257896653,0.837431124478004,1.0,0.9360583547508882,1.0,1.0,0.7979468264478764,0.7239601799916144,0.3607229793181783,0.5193909886516828,0.31550927543983787,0.9285376782041018,0.9796539270500286,0.5810956249294668,0.905183821347177,0.9486806878354875,0.5154183254031088
11027067.0,Loški Potok,1.0,0.7934019668190456,0.4098574078034788,0.5172716143972164,0.65480833727265,0.5253902093850287,0.41120027993124086,0.6212040579300584,0.6571671512967778,0.9661782869394254,0.6098580303599228,0.7119124221168533,0.41252297678207306,0.5900819529727218,0.9508400056099819,0.6975396548009126,0.5505135824494483,0.3042394705529299,1.0,0.585087362905641,0.44954583751958577,0.41767837614075265,0.7418701223421813,0.4516318758391106,0.7474927191525262,0.6094391680984932,0.44934178971843086,0.8308371321059952,0.42874054069665357,0.5796931743527458,0.5098291507159931,0.8011770890134308,0.3328872535879034,0.42958750460309225,0.5766188264721126,0.7420650331061854,0.44148007318960847,0.5028620884280509,0.7778969549517751,0.5583788616192716,0.9969136478890315,0.6121856205824354,0.6891980582660594,0.7129464793013454,0.4554530536785574,0.6805442758969218,0.5912091407660218,0.7616826233609854,0.6827686494184861,0.5215950648469383,0.35090015334734315,0.5642927205346727,0.008695109521048683,0.2961241529722022,0.42436391246850824,0.5713985297018729,0.25303018240911734,0.8408191663890507,0.6121518158000219,0.44363033875704694,0.6008131827889955,0.42581862531130754,0.3441863001728056,0.6210169546297445,0.4840589246105593,0.46279781257479824,0.6531322316944276,0.42353651771009715,0.47239878725275775,0.517057740047211,0.36146027413984594,0.929645037696061,0.992890772365137,0.2853166654480028,0.3598606245381408,0.9859091975323957,1.0,0.6859788992238165,0.7472030544019916,0.6397759115933317,0.055281425347098345,0.9245561982762563,0.3951566254496963,0.9943054484804381,0.6462074170048744,0.7439344451158487
11027130.0,Moravske Toplice,0.8638704994422824,0.982037269757727,0.29393757775136564,0.7045614825741058,0.7925380239760855,0.879749628611734,0.9077402782755045,0.9019828819725745,0.9129932347996788,0.7703959965081548,0.9869471656472988,0.8403403370329425,0.910459426011765,0.8850522575003048,0.6879041156107213,0.8916289705040334,0.6978052158897545,0.9731366105547054,0.9137738026348518,0.791892238545461,0.8918870178982723,0.8906150224078337,0.1034945782984672,0.46670635319717957,0.8656970113316593,0.8478818087225781,0.8944308609992623,0.6606280739420924,0.9823251316140371,0.520609349185901,0.9497919404335673,0.9765722721201513,0.9692557124104928,0.9065776432096545,0.8449871655310751,0.10222674001785681,0.9048083607888445,0.7300045742164444,0.5300546277261009,0.5352196116698784,0.9614111900333273,0.9571428770856502,0.8110986704381979,0.7010123545597223,0.7531424932442881,0.9356274110386126,0.8135332462057132,0.9249304413310989,0.8300761903694558,0.9455835520207005,0.9222411713069133,0.6374101299039654,0.8150499524199595,0.8259594931440467,0.6274286647296499,0.8979006052808383,0.761836554919799,0.9069463002293809,0.29542365780106816,0.8149050797081068,0.8960036740941968,0.9775062685221897,0.8873554107273246,0.8893628181878451,0.3845429796337718,0.4738233035155479,0.8644325506423773,0.8871803475413346,0.887558103054302,0.8875360034232656,0.8998524842744441,0.21810103549957083,0.9522918454613573,0.7727804817060864,0.8966532542479685,0.32163506130352515,0.777441957850595,0.06715839600546569,0.10175673754798464,0.022837584937686728,0.8054444129421441,0.9208017147374259,0.2911617209135977,0.9640540945517627,0.854919457513564,0.10190590908943975
11027245.0,Rače-Fram,0.9461251121612863,0.7199928050970619,0.8803502779338779,0.7390175928079218,0.980324721370729,0.866695231678052,0.8230821891734359,0.838175254399236,0.9912999704295231,0.9012216838492416,0.9939832464570625,0.9013478521297618,0.885346564124612,0.8638898950824035,0.9053115215205111,0.8408264690062913,0.8529397716209428,0.9682476389640483,0.9330188194442706,0.3996975066355718,0.9477994661188689,0.8997998702787899,0.41964339886732327,0.8660746612989354,0.8402425239286362,0.8850118775162276,0.8699843147195775,0.9687180068363561,0.8248555801764328,0.8880627627611641,0.7088846941735458,0.7822482653741334,0.9206814909734764,0.904780324570701,0.7599865688149152,0.4145026468198576,0.9917421471604126,0.6904078204071298,0.9049758807612917,0.7105630967216309,0.9336090614172453,0.9948194184208499,0.7939466149703152,0.8257424271978909,0.877305706163679,0.982951535593279,0.9622463223732896,0.9074289569566601,0.7290868606506526,0.9363789752586635,0.9362306626134471,0.8929661588045685,0.7759633236981149,0.7734177741413406,0.8147319890459818,0.8729095595382889,0.9074332777807275,0.8124682684842526,0.7544273903454386,0.740120410996312,0.8047069851927163,0.9962364170358152,0.9418579926296177,0.8176801696190668,0.8926585219858888,0.8577041721454041,0.7982428572968816,0.8192901106990298,0.8405196950144346,0.8106642309792441,0.8395878192661252,0.7815248099484146,0.9724975797997522,0.6583000243453829,0.8270829245943654,0.9544518040558805,0.891313556941611,0.2723096999432767,0.41259690994768694,0.22736490991217606,0.6947448219599683,0.48825547688891535,0.8349006763040432,0.9661643281579904,0.7675896197756782,0.413201761464546
11027342.0,Semič,0.9118089688948463,0.864136364850316,0.9017302339662626,0.976074687648643,0.6422882664839451,0.8075169394955368,0.7283967951921091,0.6494260135706644,0.12793576343057367,0.9590387028833052,0.9630702151812355,0.7698727917155934,0.665408321058286,0.8074379853923859,0.8379803025551202,0.731429297440578,0.08013774005822549,0.5251687948394701,0.583654218627875,0.33738003401030947,0.5623356131288804,0.7323202322662403,0.5853419976473718,0.8744937762651271,0.4967589897114031,0.4921547168809276,0.6456776228036096,0.7925709888487555,0.6614839932282313,0.3296660230790456,0.5494422586894054,0.914301874630919,0.3454590233225937,0.28000254995061236,0.7887022045879526,0.5878256780707731,0.18163677712018456,0.6312346417535233,0.3175959751034757,0.1419317103004859,0.9641007378549097,0.7704438578950096,0.5609990339838636,0.38821437580368434,0.3441840077090067,0.7404441281937482,0.9454864962864957,0.2341477575295292,0.8528172901554578,0.5792082091032443,0.46440030571168445,0.11530558186576023,0.6899085045332458,0.7012174540692764,0.5369161682656292,0.8486232122713461,0.27383550158960945,0.7712753479795309,0.29405390864338155,0.6479271532031246,0.7685023974410067,0.6911713774512993,0.5449173742276647,0.6700639053913698,0.5854860107808004,0.13773730375963156,0.8098876571346248,0.6700486671013014,0.6689945186071815,0.6690731355248005,0.7071094833212055,0.6354733764345655,0.9722479101157528,0.6952445536017634,0.6970877664665095,0.8844993898353796,0.8603008123127103,0.47461832963496864,0.5936728374825507,0.429058206790462,0.6662136406974053,0.9044354714106226,0.7222134445862309,0.9533224472747088,0.8166626583216052,0.5898090686242576
11027369.0,Sevnica,0.9952926723297209,0.6616894758453306,0.49405308075632914,0.964753745753657,0.9797824519791084,0.9982624991417842,0.9815697818753153,0.9941221606238309,0.5763295173842616,0.9523881254521167,0.9859927255688861,0.3511261343866492,0.5531136983877161,0.9799721021714642,0.8041307542941368,0.6552549890627825,0.6425541660827174,0.9998011892555921,0.991197371581155,0.3583275587889616,0.8215087408385903,0.4842474802347354,0.6037906941413371,0.3169693987544716,0.9989419070856898,0.5290809544949377,0.7371217790103667,0.7277228293688001,0.7097077098704457,0.6673280769462467,0.6781416686633062,0.9990132663446291,0.27975940947508005,0.6286052742766037,0.999002116601171,0.5987762028912732,0.9953523749190899,0.0,0.5660030067440691,0.44320557179148556,0.9975112631408476,0.9626944273329725,1.0,0.8006544215241784,0.5198962428311393,0.6615284394354559,0.979530518922266,0.21467849851777254,0.22066331561765518,0.9979953177177402,0.73894569365122,0.2542837530923022,0.9999063260989808,1.0,0.9647285064886204,0.8082946619791157,1.0,0.6305481085660216,0.41422400269194926,0.9958313575369575,0.9736579814870309,0.7612275809422597,0.7725864160679771,0.5495225955826836,0.6402517207860399,0.5694768398008901,0.9953938530940268,0.579147038329866,0.5180374977850992,0.6102329772171307,0.6264181135246063,0.917138464102469,0.9914618235460211,0.9678478364037174,0.783833771348059,0.9955722666791259,0.9913564115594321,0.4157188508280464,0.6033269174829712,0.370337873984665,0.9807016935405762,0.9938053339187479,0.5831781309154667,0.9702673435949112,0.9983526806006048,0.5994773011420413
11027440.0,Šentilj,0.9418772932823124,0.6640056909307936,0.7640458692226779,0.5923224284241597,0.7760457365008423,0.7177353539649329,0.7779200717255484,0.7721049647938264,0.7852422758619527,0.9318851413097688,0.9787587801515061,0.9588067659145869,0.9868440900382704,0.7617270507874266,0.8929608869217235,0.7883214972169706,0.824105490071666,0.9605089284407444,0.9910320865643487,0.3853108922080408,0.8673696162130159,0.9898738923464295,0.28538204971476566,0.8214834374114577,0.6957172608738647,0.5310030543077249,0.7743237875682254,0.9892497827138007,0.7697961915101251,0.869980376311002,0.9601324273364589,0.701494594309062,0.7673103391558471,0.810562026674256,0.6719280478145628,0.2818860377190069,0.888685340726734,0.7132458813566595,0.6889530958915313,0.7705563059878568,0.938184294703532,0.7549724517642349,0.994138575128604,0.7667247124483885,0.5993180385873652,0.9652084421565725,0.9881240247949467,0.5374064646695546,0.8532376654192368,0.9558769303035017,0.9235714066665469,0.8533481796127991,0.5333218785460663,0.5752250712032787,0.7575301866074047,0.9960261476155564,0.40869064373729225,0.9180411649020681,0.43357593456303234,0.5569199350659979,0.9846284042802959,0.8576432820561084,0.8578987082954292,0.9918719897633244,0.7880834287516947,0.8256654572866576,0.8489860305805521,0.7614559880994296,0.7671540779238725,0.771859156067634,0.7882497449475642,0.795290479058524,0.9629462772454352,0.5693782680684405,0.7996856243892599,0.9704137373260329,0.8883262014972525,0.18518651916551387,0.2805900252087058,0.1405067190758832,0.5700618928771605,0.9417377581752232,0.8034500980782011,0.9824100462292111,0.716334118738659,0.2810013596086277
11027512.0,Šmarje pri Jelšah,0.9769430183730041,0.9171832820513581,0.7774184097901542,0.5868278173871042,0.991906036869352,0.9954853662566745,0.853717314550625,0.6889381877048897,0.8455775637948781,0.8270887323649987,0.9815919723163151,0.7632803358061094,0.8490757049711211,0.986069917807003,0.8184521402641274,0.872287105778351,0.875638031151385,0.9834800878506168,0.936123591194662,0.2374636075864922,0.5232200221181482,0.9965407624176149,0.5280798276246643,0.7320239170865137,0.752232198909619,0.8666856310806608,0.8427595060685891,0.8332270690576713,0.8415477973212524,0.8175533126209944,0.6776589178682699,0.770721399580207,0.9216423528718684,0.9959774991876978,0.7907484807149101,0.5216106982104659,0.8385321464294505,0.652299313402235,0.910579128628999,0.8704705215888251,0.9798066608529378,0.9905343781973072,0.49797914116663267,0.994954451424614,0.7720935969397134,0.8298848090735167,0.9881820337455314,0.8078221872328413,0.7446633337942566,0.9939752346938883,0.8966952499154244,0.6228513931449832,0.67017761947,0.6701835768044841,0.8278479180611,0.8439379377601812,0.9862290027278404,0.6751914964413999,0.7656681605736753,0.9889851200743652,0.6185574531281116,0.8328592399064206,0.948002986222436,0.6796068846585057,0.860351513303746,0.7711929422681447,0.8253859267526292,0.6839107693910291,0.8558722669481482,0.6877261109492185,0.7194145656078079,0.9128864842042065,0.9916919328854277,0.9894140763632875,0.7202514188021736,0.8335628744119661,0.9857557923612618,0.3426748991994373,0.5192125163215804,0.2975160895484611,0.7325093405581735,0.926557005428902,0.4432726063931671,0.9777382127705155,0.9971876994372256,0.519973662298435
11027610.0,Velenje,0.9873607808115009,0.912077622796102,0.892845730806687,0.9622097565126978,0.9746045086894305,0.9932175941573718,0.9934426949343436,0.9877485053778655,0.5215700137548683,0.9542482525209843,0.9949386700866389,0.8341450193704127,0.9793746096069743,0.6662197133932565,0.7077582243807344,0.9884092117717138,0.6195580163277864,0.9534241122677458,0.7602333632638375,0.42722628565448384,0.5689345605392642,0.9904676946948702,0.6477043544473138,0.9872100464033455,0.9721423377106927,0.5186460813275855,0.988275945811674,0.9436311752383408,0.9857651806479051,0.8062315058461742,0.890011174813023,0.979982256739066,0.7024601326421027,0.7335260159080401,0.9726401172004355,0.6397697902547999,0.6667591223985339,0.9432037719364976,0.5440477289877852,0.7606266415536698,0.9775723595015927,0.9822684431064057,0.9500726294439745,0.7719909431571341,0.9846298122802641,0.9640424336080199,0.9799534910460422,0.5034464239550098,0.9764391588003486,0.9625496750025565,0.8738915622336988,0.40231930015820117,0.9723666392055309,0.398747498811996,0.9092107595045656,0.7746206188315532,0.963444518085503,0.8805802711813582,0.9846754009721052,0.9746327531631908,0.6452171474055711,0.7921788352915413,0.7924519771116822,0.6696122122319559,0.991444206274931,0.7433647976849582,0.9870080925704676,0.8502485358857298,0.9852507416976924,0.9867372565169816,0.7116157188176226,0.8561755025022237,0.9863407784404155,0.9720775622861796,0.7081769180398656,0.9711946035094364,0.8621122109951509,0.42030013789699894,0.6368283545647172,0.3749052268172707,0.9816882992621474,0.9292527907447684,0.17731189431304417,0.9918370719790638,0.987195540626168,0.6377619209268264
11027717.0,Ilirska Bistrica,0.9160859709322517,0.700686086652324,0.9411733665979326,0.7951136028974635,0.9747475858521167,0.9795495855766895,0.5643869392968348,0.993025413503342,0.611006703407899,0.9323706535038234,0.963573961431933,0.49916473857931054,0.5899302933700963,0.7338720180907189,0.8155190604039428,0.7876328323718598,0.5380431028035887,0.9662718390135957,0.606442457371908,0.9805000768209183,0.65197716789352,0.2945318019134666,0.6105908960225548,0.4514121423051599,0.9744865191656774,0.6471713380849378,0.588465867545344,0.5865835789194899,0.597289197535924,0.5337859173315522,0.979798599165866,0.7430141312174181,0.8651555631104937,0.5398871890247456,0.19193381573047263,0.6133123843113861,0.5824767957850702,0.4562484568389279,0.6463764835708081,0.6622696648290688,0.9739107400841279,0.4363323235721087,0.5188569407214894,0.4038397137717844,0.10375613665553174,0.9625408125379398,0.9612219559656446,0.21367718645958667,0.7903862241780937,0.9780080328840862,0.2026611000055294,0.4999293826181158,0.9706037046376667,0.21505456159876046,0.8064573120085162,0.7838586958762459,0.9603559939798281,0.32889312706473095,0.17422742440857963,0.983024318106061,0.965941583682599,0.25515398541331014,0.19030422806163205,0.5796649957960389,0.6265388225553152,0.3938329467343935,0.45527769408449215,0.5802978174926774,0.5584936700422023,0.5785236849224141,0.2273727505563834,1.0,0.9600056938322179,0.9745597357628055,0.29030482195261964,0.8560941910442021,0.8794192094203281,0.8146648468249569,0.620765077468024,0.7680704538139707,0.9625327265777461,0.9553097697653982,0.3112732278593099,0.9262453866208066,0.9822226334394962,0.6329035467482271
21427624.0,Benedikt,0.9817806526048674,0.9213615799739976,0.6581208346566201,0.713383562706339,0.9946227080875892,0.769905693870117,0.6728584238028065,0.6685551892268446,0.6894636883039864,0.9740685565651415,0.9884245745086186,0.5527489820322754,0.6934589069963121,0.9213427848915405,0.9566573230054982,0.7096502862329701,0.8412854475715145,0.9837324733944491,0.8603298739080409,0.5691009334944752,0.758023942511572,0.998712712645124,0.2644108288623809,0.7430448806163028,0.8537647581486857,0.6954948137481742,0.6788033940859866,0.8937341318146055,0.9992882616382618,0.8102631005991769,0.9904477974918217,0.7381367707386539,0.6785390228888444,0.9072428404261814,0.8631138903471174,0.2611717203394892,0.7934796420031447,0.5754854937491316,0.7247715875771943,0.9232663652901416,0.9913156554041567,0.7690343418144673,0.5680583211895056,0.9140473383226262,0.992952803592702,0.8667594475369667,0.484615285912514,0.637330081786698,0.5469780812709627,0.8087554268776458,0.9182801853193703,0.7867478195755577,0.8325565273503454,0.4018969040354309,0.6511096691867785,0.806261222974077,0.7799074196103544,0.6647137698462569,0.6263524934106159,0.8122070468095641,0.5227829027276287,0.8975252750978646,0.9399478196547182,0.6747737061905497,0.7178673209076725,0.7480269771093917,0.9067322749534953,0.664259429355708,0.7513345300595937,0.6696647319174721,0.7019705047343123,0.8210697972497475,0.7532644475614222,0.7960179497998365,0.7092057458280283,0.9546639856162172,0.972775076795835,0.17157813911433006,0.25997094494942097,0.12693972966036116,0.523515234975924,0.6619349626536237,0.7136749615086884,0.9816782422297385,0.8762100348510888,0.2603520525549332
21427632.0,Bistrica ob Sotli,0.9849107192527571,0.8817183257023543,0.46200819528209147,0.5661644650001552,0.8063602058724546,0.7399342741485452,0.6679483597137229,0.6482456946486339,0.6431617304204745,0.9254913102476672,0.7257656082607457,0.6829202857165766,0.6185127201064586,0.7980166479136914,0.9602455158334566,0.8537094832450157,0.656275025763607,0.9824903725258671,0.7416757386698769,0.057060029989283056,0.3128176950252841,0.5824141240370123,0.4138746055478909,0.49234129318064823,0.7088119927823523,0.7892433015941402,0.652521539942851,0.6114078352679532,0.6381917632958374,0.6240919343995689,0.5605808217782107,0.7019912056822821,0.7872200510893685,0.7207096356857328,0.45698678489381717,0.41118664087710444,0.7812888250187491,0.42346152753168864,0.7655946702897426,0.7069637015160858,0.773425486605537,0.9897371300744753,0.7070010970002355,0.8120207674367695,0.2769166349485679,0.7686535768598634,0.7358939739668313,0.48969652074158876,0.6617038981974299,0.7032999591500732,0.7780824309146461,0.4685613416264809,0.3659057041822724,0.40392512396371405,0.6239165007098822,0.8193369508320811,0.4543982566664603,0.4218046578623723,0.39624068782263255,0.5967104304799086,0.7051949348273623,0.8891576184426191,0.8802278205901971,0.3467280850219089,0.6428096470236981,0.5196736423825937,0.7533918418722354,0.6651122149582729,0.6099695561914947,0.6629542136406636,0.7027275036939988,1.0,0.7612663625192236,0.33879225515169387,0.67535702577246,0.9585552418034338,0.9976524557494743,0.29285885547622026,0.41717249680346635,0.24785156405945719,0.3677164457254587,0.9433521402205921,0.29042381346893165,0.9832508254012692,0.5780918456608515,0.41304998509903945
21427659.0,Bloke,0.9817076861905715,0.8794873849501523,0.5328879788231252,0.9257082032094097,0.7014013680310035,0.7442763895313163,0.5653682586881563,0.7973460539587418,0.8189692468088575,0.9832549319710063,0.9545355260329944,0.9142441701318301,0.563565727480978,0.7648247300579089,0.9553617606818617,0.8368526069842994,0.684929715531116,0.3606875459837876,0.8417756766401804,0.6547020292936125,0.6129197082174949,0.48824648321050057,0.7884401891729945,0.5495753157228744,0.7812625475437662,0.7361903078032301,0.5804046814820029,0.829109084949788,0.5889283932355047,0.6499597942443529,0.666785844613559,0.7715993570806123,0.5575606811003744,0.5185105952746218,0.6776173731358756,0.7854118379527355,0.5813995645529292,0.501865908441178,0.8803854708038145,0.6791909066061304,0.7985814090319439,0.9368114289923591,0.9522310053586769,0.6975855004166208,0.4178716331904234,0.9501448342751334,0.5678862089209235,0.9131933939233969,0.6968107344338895,0.6344390294197813,0.3801980362580464,0.670259799080519,0.14286517039917168,0.6219100866183309,0.5111952942210755,0.7417866865603524,0.48248117945948066,0.9835060207606113,0.7654342137575514,0.6097193514195747,0.9914579453920659,0.5987013421244578,0.3670462906093266,0.7929251058381015,0.6190006681280027,0.554151503957236,0.6956934567456179,0.5746842971080615,0.572986170832351,0.5814551613013754,0.46899579253638024,1.0,0.9917240206446396,0.6181336345554764,0.466324209136021,0.9728066788756207,0.9653782303320161,0.7144228348912525,0.7911099645357126,0.6681333334675337,0.20588452421359482,0.9795911714122372,0.4994573560140687,0.9890102945884887,0.7555192862033983,0.7897896490770042
21427667.0,Braslovče,0.9408480307795956,0.9255594092481738,0.7906250467352005,0.5885305534972363,0.8850122219449877,0.8099106681132657,0.9447032832644848,0.7816322648277396,0.6607621811242205,0.8158030498815432,0.9828106338570548,0.8775772472477762,0.9114153492540877,0.690525568868473,0.9260358072548216,0.8306614536483601,0.7060723715588247,1.0,0.8612082754009033,0.5408308263411974,0.6512635392717802,0.7746797889312484,0.719319540125097,0.8275099154742425,0.7546261508349754,0.684862335667958,0.8470323471654021,0.829047025190359,0.7922597677434994,0.8357563843492688,0.6044636634162414,0.785773485310225,0.7829182536939715,0.7991133306776625,0.9918522549096382,0.7105076693589623,0.8521983050819265,0.7394447664138232,0.5551808126657989,0.8201591642405166,0.8405058935801064,0.8932664506714706,0.9877751393796614,0.8502735184212573,0.6705977442244497,0.7571839662763925,0.933066037032846,0.3549258252310924,0.8236736250645953,0.8595782088504575,0.8206867613790142,0.41377942373446,0.7180441871449048,0.4608871712547822,0.782766954569486,0.8504057809362234,0.6406897118147133,0.7840664476994674,0.784773643161908,0.7634159510477919,1.0,0.8554474843533422,0.7706469598772201,0.7131619330162782,0.8094102619238116,0.7817501169594072,0.8675613394110193,0.7394623400466738,0.7630858960237177,0.7888164327042941,0.7490783520528398,1.0,0.8708664437229756,0.6727771151757201,0.7478315737871993,0.9148177528786569,1.0,0.4667717606508329,0.707241005867556,0.4212355035770349,0.5702893603104193,0.6932450748213085,0.3002269015338833,0.9655750837541184,0.7933387812558998,0.7082777945222217
21427675.0,Cankova,0.98378457017193,0.8458008669448822,0.318341267175996,0.8055657812228816,0.7245285688496231,0.9943995165924735,0.7806799084580094,0.7894087647050221,0.7756195218038119,0.9894195899451634,0.9954863374699628,0.7495540867924845,0.8009849477480074,0.8235140813392631,0.7732447141001827,0.8378727355929317,0.7350880257933202,0.9893470998541374,0.8385758258016827,0.6514841950884194,0.9992782661110544,0.9695928029601288,0.12085265127674483,0.4847775314298517,0.7746110784588409,0.6245443256721797,0.7792566677330368,0.8306956906366945,0.8253459532141846,0.5804012912722225,0.9899443798581027,0.692960299890301,0.9639327305798463,0.866360331115319,0.6991965184541148,0.11937217162147207,0.8042613974205249,0.49285870254804043,0.5441678914102909,0.6153223857787605,0.8332280088481632,0.8026899052634451,0.6464693350393265,0.9970392801196478,0.7892440469412685,0.8387887249874972,0.665072108851926,0.8349957374110634,0.6808265138791748,0.6829449070435272,0.8577084698246696,0.6181055837303325,0.593690207615698,0.6072295604040068,0.3754046946595625,0.7929635690867012,0.5824930818213649,0.8156517028991582,0.3194096830616885,0.6755451869695215,0.9159755084054683,0.9968264872783823,0.9161720256900936,0.7814967467480316,0.40571921987586,0.4917101549610836,0.7469605006685158,0.7488635464826843,0.8074508195503669,0.7759830891706144,0.7770717124208446,0.9390792976444409,0.9981936662359263,0.5654539569140634,0.8023544818264119,0.9818864816756272,0.942167163050258,0.07842217772362559,0.11882334050853327,0.034067107244842854,0.6686792853146291,0.978661104519433,0.37837925940258077,0.9950690602793173,0.7289162702303205,0.11899753104659117
21427683.0,Cerkvenjak,0.9798969560088032,0.9736367177765806,0.7013633608603245,0.9920696325935423,0.9974573991140419,0.7352920959691474,0.7099283371667457,0.6980604451644543,0.7202381757067898,0.9423975819011651,0.9932660209679716,0.596807156449924,0.7379800579021334,0.8506306827476389,0.9793496851881109,0.7558349739248986,0.9310283786628177,0.9915989064347546,0.9334524230084792,0.6153392496245975,0.8011796147463366,0.8799055137738432,0.2505005213237661,0.7684092561900759,0.7707627961508454,0.8502930282866299,0.709545249842505,0.8361237644104844,0.8852404009506517,0.7843468041347605,0.6887630529153073,0.7530671602200567,0.8769267316397469,0.8619764582690456,0.8921361783417441,0.24743181805960845,0.9036999905261317,0.6172857546720717,0.7656791437040342,0.8790533415971108,0.9964835407892703,0.9921421422518056,0.6468125220561528,0.8958627217188718,0.7700041095376846,0.872871096356975,0.5155230866800459,0.7186904298966974,0.5594601789162541,0.7179507694651679,0.9561283110513286,0.8406434465421321,0.6984803733122895,0.4463886083271881,0.6995528382246268,0.761136025180612,0.5963991988668904,0.7246078996558867,0.6958764317827022,0.6888325078008046,0.9939847186077866,0.998698933609227,0.9270861530046457,0.7119599488992687,0.7380856802398661,0.7724488240565427,0.8739748681796009,0.709260225992689,0.790845217756228,0.7059378198229794,0.6710785763246556,0.9578911230014698,0.7787811451522239,0.6938520004256443,0.7338668537885185,0.968267451825832,0.9871269562845771,0.16255163784638926,0.24629421389075123,0.11794068299200355,0.5966293205882411,0.5952142246465764,0.6758712791811625,0.9839778512816995,0.8070621415755401,0.2466552719240852
21427691.0,Dobje,0.3631231449031225,0.7533809585424931,0.8346093838530539,0.31730231435660816,0.8047487484123963,0.6454486248974032,0.8433796750052724,0.6878666813836822,0.5868281159297906,0.9206939821356538,0.8189562731349798,0.552602218781498,0.6806234189095891,0.813381502930338,0.9545207210130641,0.7738514305491753,0.8622247553769555,0.34751580302062324,0.708108373585374,0.2756299409641121,0.483776237855321,0.7424332156284441,0.5516589288101517,0.5693934727412214,0.5417782415842003,0.4547548662224692,0.8252055787009877,0.8162747647088796,0.8205810513767348,0.8169455465740991,0.5761319279732927,0.6343785739548609,0.5192668207553877,0.76016307751258,0.7471799329891852,0.547283066643942,0.6866714957408994,0.5822139511063408,0.7466823212032412,0.6564256646287443,0.7255035255626372,0.4547458092911504,0.5452397068258914,0.7134951436607577,0.7515029416208364,0.7085020402560951,0.7037171056753293,0.5533708785061356,0.5772760102029846,0.9465402305025016,0.8520590830162557,0.4645866862788951,0.41304258013894224,0.4194209561809189,0.7327302733369753,0.859906098635355,0.5362615820602359,0.7623839256591188,0.711702096612477,0.45818003959529563,0.574744934299052,0.810633270027173,0.860649890952926,0.678561133646028,0.7750468070405931,0.7704027851214591,0.7688187972398118,0.6828629561514049,0.8110786036707697,0.6866860383665339,0.7184844449186739,0.9137614002672865,0.7663560274268343,0.6418931131068762,0.7193305697269061,0.82460475675597,0.0,0.3591871596741034,0.5444383241831159,0.3139781270755987,0.6467530132345221,1.0,0.2895845239779302,0.9291170782334421,0.782517790494665,0.543770487939079
21427705.0,Dobrna,0.8344047946224493,0.8630118558894477,0.7343580481357145,0.5948458755189134,0.6715920492001664,0.7964038816930618,0.8592646274690747,0.8377459680071225,0.5425854964567348,0.9288001204075855,0.9696114158533612,0.852912103814859,0.8484413860721848,0.7715414776803219,0.9119041538127721,0.8713951157275073,0.7288725173209204,0.42471124687070283,0.7676605265544302,0.38283091138133674,0.4694223648817196,0.8556460648463193,0.619717946927091,0.8786351040630915,0.7663621211453381,0.6379859918691668,0.8444892192859224,0.8911646448091864,0.8363765747412334,0.8582890083914206,0.6375833002987235,0.7845115731668908,0.5618088438653714,0.7971859405243865,0.7767980184601194,0.612126224257044,0.7550266755366504,0.5526987956390614,0.6389735182668805,0.6402999374929523,0.9656919923616027,0.8596692357956763,0.7153005105225028,0.7871685249138544,0.6885230497328352,0.7023632966362158,0.714521144017986,0.6735772727584851,0.7630305215526927,0.680499969822404,0.9307103101027022,0.5085297124848875,0.7211404933044941,0.570297970181435,0.7564354786341003,0.6214441975881633,0.9722522337383205,0.781551636934938,0.8357029770327713,0.7293608357048474,0.7536851099282199,0.7002749058950377,0.8458063107866904,0.7542161579664943,0.8494167561071766,0.8110448003518711,0.7904492336674976,0.7584632385371842,0.8334782485556214,0.8415897786923663,0.7855931472066926,1.0,0.973753731507046,0.6804313378398186,0.7819715954592876,0.8964563496257124,0.7276931611791209,0.402139551420738,0.6093118839266759,0.35679987676264213,0.6677340997037834,0.965429384223814,0.31966025433180556,0.9581546435743817,0.793658198551626,0.610205112180082
21427713.0,Dobrovnik,0.9691069213084991,0.8997232214615679,0.22970901666316135,0.905610634281855,0.6027680188219209,0.7472150894018215,0.9318006015568561,0.7896145034203408,0.7870585805054443,0.9262178675789685,0.9911402457752616,0.7022715939808718,0.7760555058295169,0.8504970214206219,0.9630528837903324,0.7880794507035023,0.6416070639611771,0.7172611582127553,0.962707142150949,0.8876892647417008,0.9277878314269009,0.823243146908943,0.08087988610635843,0.41914445569648673,0.7028226662787009,0.9228240540517503,0.7654261542463658,0.8223033230575822,0.8464322133912228,0.47986579769974236,0.5930138311807561,0.7749243742330008,0.9137598924939716,0.7957576982593749,0.9920845705078323,0.07988908429409991,0.8443113532551404,0.9175380117351657,0.49290964514084323,0.48063581012053924,0.8092968533214422,0.8624549767944777,0.9442422378185067,0.7130492872812186,0.5102406722817645,0.7845317177005968,0.7089265165956962,0.797833730982026,0.7854571214482815,0.773550856678161,0.9664261506917378,0.6683033835595603,0.6003781530238375,0.8563320038551854,0.7942844132541489,0.780449863400411,0.6531970851333357,0.8196385938938755,0.2322943554276301,0.6934076481430176,0.8713112231814,0.9382597730695231,0.8913185767770039,0.7996807826637076,0.3288088069707361,0.4267465393937381,0.8031213449072868,0.7935123415891655,0.7517681517417909,0.7702057288371745,0.8167054625043393,0.8484065576784685,0.9864600813339467,0.6170028040072375,0.7927725476009351,1.0,0.9470081360168322,0.0524835552674382,0.07952178248121322,0.008207378534098475,0.602018170179696,0.9692141790761679,0.23172976159052305,1.0,0.7428194938022036,0.07963835841670241
21427721.0,Dolenjske Toplice,0.9713801230470812,0.9134185448985874,0.9877280485428351,0.5921526445798573,0.8646285302673806,0.7940675641836523,0.9954446384889255,0.8058890621413934,0.3676420761033923,0.9670926534765939,0.9868552500773393,0.9915759716960617,0.8453541880203319,0.844857436211137,0.47523626302210853,0.8647376449272702,0.28447904778850075,0.9341120847541251,0.7866579049833273,0.484019754218702,0.7774268502552433,0.9943960393475386,0.6777822357486147,0.7062543418442153,0.7327372986898579,0.994637825238778,0.8171657280682572,0.5354948174158067,0.8062454420490016,0.4776790498666751,0.992584042528402,0.7563130807054791,0.6198012403831883,0.3480298927942922,0.4848955921426208,0.6791334967307243,0.3536785233554973,0.698992814159942,0.46943049954798677,0.34022354756552176,0.9845909809567889,0.6836226962340135,0.9826364690415709,0.4694092776667068,0.6479533557585864,0.7031687460234384,0.7205259649964962,0.37972909605022465,0.5304572725705436,0.9916786536797391,0.5236187207703045,0.2763982342876159,0.6171891668237601,0.6377109288915072,0.7581115815191853,0.7030438222954145,0.9666294186653973,1.0,0.55210242387378,0.9774496233457998,0.9831847660876792,0.4656902159271662,0.5863150706098643,0.8264679549512765,0.8133060557135692,0.33016916387466033,0.8880482249384343,0.8280977546187829,0.8601460925079778,0.8186941778678184,0.847406170402083,0.9508680208413528,0.9870164729530421,0.6459332873770467,0.8389590700506201,0.9437328414020929,0.9484590451246186,0.5042625472718886,0.684560855019221,0.4586122599105863,0.6684916599099644,0.9681646962860355,0.8590777545262339,0.977260611364626,0.787640683175948,0.6808303245685501
21427730.0,Grad,0.8301698815476167,0.7737574713491641,0.16878211411871802,0.49266169487431966,0.729763721053947,0.7577869415316261,0.7193303157933972,0.7236349224248522,0.7407329237140421,0.5428534957864619,0.9440885056645076,0.697513883468003,0.72995633595731,0.7007449342881351,0.5087983564468221,0.7803850731847157,0.6186833036755464,0.5272839944530017,0.7767560991607507,0.6251365779290681,0.879471159015371,0.8200843694982173,0.06819330232670429,0.3740274696585463,0.8222839360950861,0.5941687976434475,0.7139456940563138,0.9827561178750122,0.7272192230922758,0.4960844419557493,0.9878280605542098,0.8153010677123648,0.8261485076367872,0.8943371678631385,0.6150409165918805,0.06735791480600062,0.7985328144001389,0.3509760990059212,0.45767409423259364,0.5023637947261512,0.8326739851048325,0.7738161755353501,0.7575430010854085,0.8018922863385627,0.7583899417844243,0.9928124995864894,0.791163517428211,0.7637270570475518,0.5915315473285028,1.0,0.8371962431820912,0.526337817101701,0.45089962261714844,0.4855766150538874,0.33697976795650897,0.7226526849490631,0.6696362752455856,0.773081579166683,0.17241020438580434,0.9582015039721169,0.547262150070271,0.800127302290245,0.8700728915839728,0.7182184177102904,0.2759396402214972,0.3820897485336979,0.837966918438477,0.6881256289937951,0.7051868558042493,0.7098410241477586,0.7231560034614981,0.8061507754821291,0.9286808080061165,0.4367027267980681,0.7437942809071958,0.7717348907611736,0.7747977615315441,0.0442511373819966,0.06704822688756817,0.0,0.4600141911484751,0.7773577368469107,0.255387635549446,0.9077506460212328,0.6564030019500854,0.06714651706075625
21427748.0,Hajdina,0.7730838913689706,0.877357353954851,0.9443355403021547,0.8995532289423065,0.9526805239447798,0.9369341892213531,0.9614224387169551,0.9517532848805637,0.9524985147925159,0.9007715439305315,0.9918023798662967,0.9377898576378947,0.9804216003288442,0.9451144946408458,0.8429482725975483,0.9603414390525333,0.7272085066558869,0.9255682338776356,0.9562964899058685,0.5085944910470133,0.9969300086201733,0.996800821648805,0.36926863281356115,0.9639765893854116,0.9484932654403363,0.9351823888833163,0.9598391966444056,0.9429045452013641,0.9494075239198028,0.7976703919045159,0.9125674654923579,0.947063978208053,0.9513724854580418,0.9580533572576774,0.9274565803373203,0.3647449861046532,0.9457669015274537,0.9292668312847131,0.969409278195984,0.7142784371839312,0.9901432556884037,0.9092398212341564,0.935070197774035,0.9309335449405426,0.9135740835357722,0.9369153687707846,0.9583720427432268,0.8010048144057768,0.9341826046357682,0.9894459939097228,0.9852390120672212,0.9792355091253424,0.8933889200235027,0.9074961763739369,0.932598311789249,0.9527543432185872,0.8967384219284337,0.967919968074388,0.9460583147669112,0.9538992264180175,0.7664953787674537,0.9958382125685641,0.9834543764627987,0.9648699837923044,0.9510094561564765,0.9590675070376934,0.9260820956372584,0.936577105622066,0.9307656449094348,0.9488287385707255,0.7011227736892889,1.0,0.9923165183598379,0.8999247602281153,0.9594562741072624,0.8401196046667639,0.9678568879679992,0.23962114231115794,0.36306801739458106,0.19477577632422494,0.8764744384470396,0.8634349888286158,0.7029236166613315,0.9353871328275156,0.9241168932541057,0.363600261421983
21427756.0,Hoče-Slivnica,0.9851245501681944,0.6665420251852419,0.9206638047882748,0.9197809135418096,0.995165511703244,0.9844172114868003,0.9176495578732315,0.9341112162583493,0.9144930781725801,0.950712533982139,0.9931057740533288,0.9182770797159197,0.9390448570180113,0.9369148420312834,0.9008132304514677,0.9168021023564756,0.9280638850444649,0.9934744689812236,0.9258092296224175,0.36519296677883384,0.9187384041424109,0.9978853319196317,0.40245657982014404,0.9249186259110702,0.9679979961883364,0.9323933899201976,0.9704198588492088,0.9519239656817027,0.9085043603260134,0.9424783262909323,0.8803139119271101,0.9193517594997349,0.8545121404234114,0.9431721955787122,0.8680901296222806,0.39752637123754575,0.9361761106421781,0.8700495411991546,0.8547259381670298,0.7594051609471102,0.9821279635200207,0.8587700302090548,0.9058946555564725,0.8861960519677379,0.919424750103627,0.9450968513924021,0.9697475705515003,0.8660179838318847,0.8752960144539582,0.9070459999677218,0.9679134576345124,0.9521903207063301,0.9295901703139378,0.8748660374682707,0.9087537267531854,0.904280793055134,0.8906789733923489,0.7552564126729219,0.6765785972594062,0.9287348743994679,0.9922475024623293,0.9013490385105152,0.9271528137001713,0.9113101625192834,0.9787025359260493,0.9284498918736079,0.9183662880019763,0.9131047424958705,0.9383481275917294,0.9037858128572673,0.9228649975627305,0.9578589362893223,0.9946933676993955,0.7927056570208272,0.9095299806820137,0.9527525677242373,0.9807562879238881,0.2611570461654522,0.39569868528875884,0.21624617754361874,0.8661928944004057,0.9810676272888836,0.9142757783822708,0.9748229727464334,0.8724562272631812,0.39627876464525824
21427764.0,Hodoš,0.1374168239720801,0.7370266429567647,0.0,0.05075497138388696,0.21750653248709595,0.5166964732736559,0.6197521019434482,0.6098268975105954,0.6446219686159739,0.9479442751601727,0.9957538323069446,0.47145575708215004,0.6249620993181166,0.5952170721500178,0.09691903135598778,0.660559074561591,0.4690280306845436,0.9930338610759323,0.9911762169107924,0.6906954993460477,0.8697762568296066,0.8642963681592426,0.0,0.2490426112769223,0.4489240632945669,0.899183371654015,0.6097130926787981,0.6841611766439,0.6950650345493039,0.35489638581936367,0.1939891865493103,0.7609303456779013,0.7577198402078735,0.6636850072257044,0.5216420816946554,0.0,0.6682123908779604,0.122393717939552,0.36006317810085775,0.3132153146309994,0.9674976716004646,0.9809613309089641,0.45697653097488167,0.9903724879273724,0.1969021579335083,0.5074897341123421,0.9896998528037716,0.6360299701957461,0.4130153038149592,0.15120110334473025,0.8496433284958338,0.4565406457594622,0.24110757530810423,0.2855982373720254,0.45116789403759083,0.6152881628764445,0.0,0.6580560971868855,0.006516761703876495,0.36452956998688735,0.7548038422112091,0.9901066676936803,0.7964964205655125,0.6042292538722818,0.1294793843579659,0.25837974102729366,0.5319341566824738,0.5921344111992581,0.5878650695892682,0.603950714851457,0.6379467178087546,0.8796934705636882,0.6740799513842939,0.22075727629508302,0.6455753438325558,0.9231157519691466,0.9833506503548016,0.0,0.0,0.0,0.25086580690983173,0.5464670750608891,0.04943890248300509,0.9689285750431142,0.4980616807379067,0.0
21427772.0,Horjul,0.9703374511396679,0.8332513719028788,0.8036069988982255,0.810045407634358,0.9951169650752613,0.8518130503542738,0.8884582192795555,0.8875515952894195,0.8917780315330985,0.7624488421946942,0.9985666146663883,0.9036398271755605,0.900422164012339,0.8968571979544698,0.967677657902707,0.775683704423249,0.8057662432946234,0.9858168579048822,0.8775776299964695,0.8450689743013354,0.88938660649289,0.8761534278278366,0.9055700078541945,0.8224758976429594,0.8193584756491998,0.7669382940556622,0.8980523222676955,0.8254837825171135,0.8193760607798689,0.8711485532993882,0.7361379542166333,0.7445431365682742,0.8423375060090579,0.7900484258101589,0.9931891920206851,0.9046779173825804,0.887001587376333,0.6874270118876296,0.8099899750418976,0.7960199224648048,0.9695049877426015,0.7191275144280884,0.8074631040981439,0.753723046674413,0.7440168621458765,0.807933493490679,0.6852737164963768,0.9975467237686853,0.8839410633114453,0.9677747773444081,0.4816362475991586,0.9227751575633625,0.5227532949117654,0.7887510283871737,0.8874149686881065,0.7341184622637258,0.6838346243773596,0.7903432850533475,0.7340934237723551,0.8264148901444701,0.9973737395542749,0.7402809801188428,0.4522694010017644,0.7847898990996847,0.8817243473727535,0.7983189823976582,0.8712112745417601,0.7137730569506293,0.7440938175359382,0.7308222546047132,0.7459226592581747,0.9779588076289664,0.9899581372030277,0.765309215609882,0.7592522434395081,0.9338096629105552,0.9752774718213751,0.6974255012572396,0.9107910146550572,0.6511876981577166,0.5427493945780815,0.9280313989399399,0.7837593240674293,0.9821323618369561,0.8414344364566618,0.9265990781018059
21427799.0,Jezersko,0.964523864937293,0.6511148599135297,0.6519325309515704,0.2967998384444325,0.44424161159494535,0.5314421503601324,0.6271151356192695,0.5147092532274007,0.609476917978255,0.25922206245472057,0.9838858363478268,0.34225207899282617,0.6424109532071178,0.6164602406790634,0.9960981379672796,0.6716119289041136,0.6740056698944599,0.867409752371072,0.5792090329819903,0.5867228173663297,0.6140106435078465,0.5940261606698316,0.8516491321188784,0.6829240547689908,0.4322459937999258,0.4438219773701868,0.43957542569788344,0.721245506653824,0.6122192666484252,0.5808486884081945,0.8735808518606317,0.5028753677129362,0.9087868987881785,0.642159113108618,0.6087285173335997,0.742142374504384,0.508632495331456,0.03244321284104579,0.5472200494120465,0.5453408191320501,0.0,0.990377906900796,0.3523253213219999,0.6232940135649789,0.08929340623778959,0.9673423309365111,0.28286478358500877,0.5192304624504396,0.40664075204279804,0.0,0.45166122382682483,0.7346853448375872,0.2098619384200595,0.30918181621846996,0.5669143028407251,0.3955235748874766,0.23784776927912266,0.3457486587882461,0.4180232008324387,0.27444228072301247,0.9906583242624661,0.9943741874316581,0.4241220468229535,0.5910380289584709,0.4662560640657354,0.45577420025431026,0.49357441681802783,0.5928926384967687,0.5633351845347498,0.5911728595632033,0.34270161625066353,0.9838920663643657,0.9866943167495804,0.2101590520841512,0.6407549305547957,0.9614417289530247,0.9588265076151161,0.501223067837417,0.740914513723157,0.45558202521982405,0.22560743775614833,0.9594673563819087,0.3802182163248303,0.9844173487289285,0.48476082865802006,0.7547215211975189
21427802.0,Komenda,0.9392226029022226,0.9582744448191293,0.7836418853250733,0.8393883459080658,0.8420328015805882,0.8999911958031935,0.8700454706861751,0.9026291256497772,0.8740345004419737,0.8509130861283641,0.9910313267033222,0.75814341521318,0.9236350178301119,0.9762115971232389,1.0,0.8861947156249398,0.8156763017466687,0.9837350631315437,0.9214175930454394,0.841099598036414,0.856114970111032,0.8821475684992749,0.9165058891710058,0.8931797059479953,0.8567483796226729,0.7967491643748688,0.7858953890989226,0.7917496557352106,0.8915357994179155,0.8418565915674732,0.9449582002572516,0.8561984409596224,0.9549553176024937,0.823800195841471,0.9845234717897341,0.8982905327528855,0.8898318973070517,0.7582842475430003,0.8265878933032158,0.9236626459053845,0.9172735122829411,0.9372193800699242,0.9811517782055595,0.8850646268147921,0.8336549373473057,0.8389703501914902,0.8646059579038079,0.9233789160628714,0.8839744093124366,0.9474432042150545,0.6094883470668013,0.848693393970206,0.7350521378116004,0.8478711312484092,0.9161297317557889,0.8516822271993423,0.9899519117088433,0.7192110354773311,0.8791452435740941,0.9343050185506788,0.9818351327361509,0.8339427721642454,0.5723259638773479,0.7903248095057198,0.9102630673183137,0.7866081294006239,0.8952872661664115,0.7698102426848173,0.7489386357069501,0.7667834956496725,0.7492446774696986,1.0,0.98580172659083,0.784371686642037,0.7962353215770801,0.9099620293019147,0.9074742641772168,0.5963339141792877,0.8953827952863976,0.5504035866965151,0.7966792493789037,0.9713006207280552,0.7471571461425235,0.9875327318639917,0.8669322574031151,0.8990615640823713
21427829.0,Kostel,0.7550475256256433,0.8124388156343991,0.49408890686466234,0.7350201063322712,0.2546814818906039,0.22170930761801344,0.12754998048072097,0.0,0.015331854655748378,0.0,0.0,0.7652260086837107,0.025951056964011232,0.41752745779185085,0.4976811605046013,0.19497481006507156,0.023490552762513883,0.009031306401348527,0.3723569821634716,0.29672879326068957,0.0,0.11865424022960647,0.5600917147004327,0.5404191832875651,0.0,0.5508746030997623,0.0,0.6444986845917624,0.0,0.28863407636315497,0.8890342789136445,0.0,0.22788760632014282,0.0,0.14377307518119253,0.5625134631170523,0.0,0.8993959277094566,0.37134630574042826,0.08776779748660013,0.058638789479049214,0.25079138924263944,0.0,0.37453986451929167,0.28045332364293285,0.47197347354802643,0.35780949766409675,0.3415323186485788,0.3151310405273524,0.8201917276100243,0.2906833773657037,0.13295259769444479,0.2541991130679875,0.29605019114810405,0.0,0.6235414464950038,0.14611738164800525,0.24993282570707054,0.07127991064653993,0.25439822907440435,0.5476038421670952,0.2025032300886892,0.3237042855780583,0.0,0.27632214316615955,0.08439163546241746,0.21727104783541318,0.0,0.0,0.62715005209463,0.1123220685133054,1.0,0.098933232283416,0.26021227144964265,0.11120242150393134,0.9886618192778673,0.6136546315128433,0.5255120857410216,0.56847699915929,0.4797971667408726,0.2705776463098152,0.5022971993514505,0.1584371130327118,0.0,0.5391806637365224,0.5649463842133631
21427837.0,Križevci,0.9751651752703177,0.9590502612903467,0.5338773098124929,0.5001404322527092,0.996260355023834,1.0,0.8281163540318116,0.9124809850501039,0.8999529948727173,0.8555659799862341,1.0,0.9449333296095217,0.8314629788918834,0.9176597908535423,0.8749891987654581,0.8318906238785686,0.8556333969607299,0.8346476068188592,0.9175299707815165,0.75454542562478,0.8685198088383739,0.794535467314138,0.18797666996120177,0.6443841455886843,0.858781978825174,0.9825921076202212,0.7997016480038982,0.7667090932340793,0.8550593274608487,0.6301477545600219,0.9955638554632456,0.792179114434812,0.6747448244097018,0.9080575799681386,0.8539010258907337,0.18567390181666021,0.8399860665242902,0.5131753966760649,0.6688177732476464,0.6819673143831111,0.9945484710300391,0.9927370070014688,0.8285429784677434,0.8217117715172475,0.7186469054430746,0.9002401352550871,0.8991852887359837,0.9015200442550146,0.6936129900030332,0.7265774486018333,0.9272079916499351,0.8200323037244169,0.808833761131898,0.8348595357364957,0.5504946973776554,0.9450767763907253,0.7123730770042486,0.8232823121009859,0.5312568703167138,0.8371221688586836,0.7910918632961501,0.8642359544056267,0.9725875555241651,0.801142145481804,0.592750079852826,0.6496887748621634,0.8915211009269894,0.8035397390593186,0.8062163843389272,0.8028610677952521,0.8256065619488396,1.0,0.9906787153858635,0.8012038510562933,0.8216846054541231,0.9706697063499918,0.9708449307091904,0.12197944905516078,0.18482023874935116,0.07749189674229284,0.8121015669219965,0.844359904164478,0.4509436205037899,0.9881466744950937,0.8772397622530588,0.1850911782524316
21427845.0,Lovrenc na Pohorju,0.9810241411796923,0.47940182439169354,0.6359819986075331,0.6617230136834087,0.9845876199442714,0.7845009642408876,0.6594603030498043,0.6766432424680582,0.6697280433720451,0.5748924634075135,1.0,0.44157265601925977,0.8181142376143385,0.6634760321561419,0.9537069226783215,0.7299204797782406,0.7499183029169065,1.0,0.7086149041880695,0.20109501232188198,0.816963920653077,1.0,0.3751098027569799,0.741262219084939,0.7275411698459505,0.6607809963362266,0.6701361251882758,0.799956845462739,0.6517449137891148,0.7891985549798934,0.48575009828395155,0.7291614228189075,0.9876469441173863,0.7026029701127638,0.7431248478391568,0.3705146000402155,0.6464499157975399,0.7204015315093358,0.6113083744983105,0.5375056317168228,0.9928587738316375,0.6723236311445918,0.6872630018637397,0.6732297885280084,0.8117553738286076,0.5269273513240756,0.8745334726565066,0.6094978713451475,0.9928889117329711,0.9867828272576239,0.8800409678885809,0.7763301922485515,0.6009310301329378,0.398662485127534,0.7552279106479388,0.667446986067677,0.4734493937913493,0.5875218677001013,0.356736012585247,0.6590556792454647,0.9962582151727454,0.8015093383835501,0.8180926850446862,0.6592512220719009,0.6642029390998047,0.7350196694986983,0.6664708372374243,0.6455813390130463,0.7969143476763783,0.6415392452992805,0.6853903761348168,1.0,0.9940713198122093,0.2821337146655587,0.6772900646978712,0.9458332748003779,0.9245504291797372,0.24341152061545934,0.3688111046816417,0.1985546259846449,0.6202611105816158,0.9591576319091561,0.7064765283551653,0.9781094648083842,0.6073367255361772,0.36935176785851687
21427853.0,Mirna Peč,0.9574822132633174,0.9156390768988312,0.755317266999906,0.729670626518115,0.7189543823078746,0.8251234067971036,0.8802213498940908,0.8872351328766943,0.49574115792684026,0.9046773042698313,0.9476384469289977,0.6987999978054935,0.8676859527897262,0.8514915298856093,0.9475524927000626,0.8903631170324563,0.42568392828772594,0.4099207410082465,0.9923308484883054,0.5343438892547461,0.9944090956578877,0.9941738272451118,0.7095060757720411,0.5653041582057962,0.7963029636600424,0.5491495033784741,0.8877481312096532,0.7663532979025729,0.8410092836236367,0.5284744792126184,0.614001681472677,0.8135681845089396,0.5462599060779885,0.4101843525324729,0.30929791553410113,0.7104687106111107,0.5075894847556073,0.6715922742019326,0.5284008274845269,0.40827376738924914,0.6671182661562626,0.729526356804503,0.7754794838808678,0.5333982590249038,0.7859864358331439,0.7703731838555202,0.961339905281921,0.3921345538479085,0.4315835974332086,0.7081036169510024,0.6012548211771767,0.33168235773159926,0.7755698681032246,0.7881657108313489,0.9882049945059311,0.7547731136677738,0.7028487250539873,0.8164469756909616,0.5547397248708592,0.7590027699135383,0.591943517337964,0.5301881630259465,0.6162613197728701,0.861161109329312,0.7853184262412789,0.3962083441179379,0.8280716465424955,0.8628422429215042,0.858279283030041,0.8541364750779293,0.8782480859092063,0.8001499913326291,0.9796629941896372,0.7303368193503623,0.876419504333077,0.8866567503122268,0.9149220774159159,0.4979682791946689,0.7157520006458885,0.4523371361955729,0.733848601041699,0.374044660923629,0.8930877458133465,0.9541943068022211,0.8310394265520632,0.7120671952389346
21427861.0,Oplotnica,0.984638982843802,0.8643384917673151,0.5660277434152534,0.7071937411522136,0.9948734720677632,0.8685800382096502,0.9063636171317045,0.8892648095524661,0.8368155215433453,0.7522853105384315,0.9277550696235058,0.5039424525061764,0.6262244703092039,0.9060075993483998,0.9535581544285547,0.6881201579039982,0.7138873304953821,0.9891402147935857,0.873684311025295,0.2325552219061523,0.6907127054032851,0.9987542937224408,0.5006195422903212,0.8708848530583091,0.8636613561561383,0.8275041227810637,0.823711592241406,0.821159668680324,0.8308922019649416,0.7584852827675082,0.7418643827804514,0.8591258517948377,0.9564887494337198,0.9981970739026068,0.8512507265132832,0.4944868092508484,0.6587327579454842,0.7651607118879904,0.760603297173897,0.6741471678768718,0.6771763436724076,0.727494487125413,0.8310845733956675,0.7236011773504321,0.8144973729707818,0.8564961610408489,0.6187829789895241,0.994888359712017,0.8181855722542781,0.9501359987544729,0.9655169094784509,0.7056814096501989,0.6476799630697836,0.7919197281907777,0.7420530307447528,0.7183462697900672,0.9938128541778878,0.9177880052564417,0.7149626114487893,0.7891204484452045,0.9887296030603624,0.9918435906029929,0.9451527646979242,0.5863980592091305,0.6461679724355625,0.6905880466678987,0.8518620061252415,0.5905181355897197,0.6060285273426251,0.5914829577719556,0.6365119856189672,0.8665269960886641,1.0,0.7910714220966042,0.6307552369303615,0.9571052938731718,0.9797898808528961,0.32485571729419327,0.49221333343007523,0.2797511056640878,0.821445782752692,0.9392462279363657,0.5838925471137644,0.9809314938414115,0.8742057381438656,0.49293489962256365
21427870.0,Podlehnik,0.9870704794855495,0.8497118996538825,0.8393210655068419,0.6450211455116622,0.703185211987503,0.8082589558427441,0.8585334943494798,0.8473753162612057,0.8588837703402075,0.8124379545067272,0.9956940423428329,0.9962638354618648,0.9124079935035652,0.8552949986179627,0.5183653085353797,0.8777875718367912,0.7472853377248765,0.9017357294308702,0.8625361497778898,0.4621075049326123,0.9994527503532395,0.9994297217789863,0.33055810221998594,0.8862123112873143,0.7995936501484432,0.8220386837171894,0.85811866423137,0.8549188308029507,0.8536285961208735,0.7252208410403893,0.8706537817859292,0.8735821699973476,0.8627776617745614,0.8706715547943138,0.7870299200863566,0.3265086706183441,0.8453820234039925,0.6499931424343465,0.8997142847744534,0.6949460099427767,0.7430578868190314,0.858175055235865,0.997168402066815,0.811246621740917,0.7148472411922583,0.8215065011557451,0.7988929071665629,0.7230563024048371,0.7851801181410506,0.6369030612174842,0.9507682492750704,0.9147998419084129,0.7017539199208095,0.7180592223883115,0.9968650328810528,0.9089699825694331,0.62455864040201,0.8724626608169102,0.8428411412755591,0.997000956944818,0.9120644586374438,0.9510479943023943,0.9510854023297415,0.8630009007979467,0.8730742117996583,0.8820964278860757,0.7920996810721529,0.8345071361969656,0.8236949302702676,0.8475128048719174,0.5902465137839721,0.9210392511642973,0.7746865600336817,0.7027045632239162,0.8697541846477035,0.9589912897867116,0.8357615553483506,0.2145015931915154,0.32500749899144443,0.16973262969346703,0.6783412787104426,0.605563460539691,0.5972426290480015,0.9834270465718864,0.7966230481615335,0.3254839477335849
21427888.0,Prebold,0.9738168533179289,0.9852824643302283,0.7651080264863739,0.7449822431140167,0.9874970009202744,0.863982038252361,0.96083127078989,0.7722098236952728,0.7590336125499331,0.9251464080806391,0.9790680276956362,0.988186240214186,0.9628296861054169,0.7519573566841977,0.9111268101987244,0.8165550729641374,0.7898453543649347,0.9735142602875524,0.835470333297586,0.5247296774381518,0.7530840287261832,0.7418311936619915,0.7091695341363655,0.8028348858111395,0.841090429232632,0.7962458334595105,0.7575777780595,0.8515851029785593,0.7641365525287678,0.8708799446290354,0.5320371593158846,0.6916310286302221,0.5062230624341284,0.7925066206181872,0.8726130223454738,0.700482003856008,0.8246418758106209,0.7535431880108951,0.5912112161216267,0.7353957291958233,0.8996192092314768,0.859871525155235,0.822988174106386,0.890864313821191,0.5565148605258017,0.8302437829767311,0.9082858827624192,0.40576918112141624,0.7371176713888694,0.8230960534636739,0.8376649253698304,0.3960913322668492,0.5594971322621503,0.5754190144756332,0.7781624330958006,0.74829823829907,0.680413491076137,0.7382880753916121,0.7712515826936377,0.9946664209283981,0.9629276504908841,0.8170785730626874,0.7865918246351871,0.7735971924586585,0.7846340856563724,0.8274142871016442,0.9374536683271872,0.7778824925433443,0.7733238827262202,0.766332314843061,0.8028311904338954,0.9419084127816937,0.9901726480869595,0.7908990862344754,0.8010485940023744,0.9946828779309822,0.9610971277004288,0.4601853468226298,0.6972614348360451,0.4146691226883922,0.625341268031328,0.9879909406692321,0.2765204611094584,0.9815935096996657,0.8660585206769935,0.6982835938157654
21427896.0,Razkrižje,0.9021349733568058,0.8823195353736016,0.4082692650531564,0.7063357798718101,0.8398300584832495,0.8478879404620863,0.8165268838981553,0.8558332325676214,0.8879306941059981,0.8985260569623243,0.9779201757389271,0.7696786696053881,0.7179027298520495,0.8929264576935598,0.9177568344023957,0.7410129648295505,0.693774928978858,0.6529209926820339,0.8929403445322531,0.8436902534548336,0.8839364789009406,0.7021466206656153,0.1448751293125995,0.5537355070382919,0.8184160661761792,0.7042282803161336,0.7050153304321063,0.6458220149307978,0.8329486751618869,0.5143788950977053,0.5442011714149508,0.5943168284852861,0.9086008839105925,0.8971009115543517,0.8315700754774943,0.14310036740844267,0.8258777376307992,0.33027602249263865,0.598022824406873,0.5234113785213423,0.6737358391682036,0.9486356071615227,0.7804689677037542,0.6525804442479468,0.45911988382873725,0.7650711431322355,0.7907156340231567,0.78203048577775,0.6004256439475065,0.6559677416260454,0.9474332777408655,0.80822498704245,0.7286004669958084,0.7721288229244875,0.7044914850869488,0.8004724791286487,0.6782448771840133,0.7575405584716816,0.40779858160837834,0.7593411838942093,0.9052895768073945,0.8561293325974294,0.9604506701887591,0.7322352425124128,0.4877163064987674,0.5576234974411659,0.9031545433998391,0.7353191286468035,0.684018608126722,0.7124424147361015,0.7650486316130986,0.63600813436202,0.9780495555206301,0.7564315601787142,0.7416306414879383,0.9138546310133648,0.8811841596137766,0.09401054108998397,0.14244244242609616,0.04960805774749277,0.7480725354899329,0.9581408951966626,0.28207345834375963,0.9701204638989434,0.8398483789155201,0.14265125767722697
21427900.0,Selnica ob Dravi,0.9664579022755508,0.5672105762732925,0.8223094767956407,0.8696640721350156,0.9948202942511356,0.9313595647539413,0.8441665406555583,0.8260234549666555,0.8339216342870073,0.9950471490007472,0.9885790494086796,0.6865126677270007,0.9805391043636563,0.8243653926707939,0.855265646057755,0.8581888532244667,0.8548668377337652,0.8614151192356141,0.836304331030988,0.3000676988336972,0.9643041018099454,0.9628019982510406,0.32837325017202845,0.8829184007452943,0.7500542544363119,0.6544652190979042,0.8309988460673755,0.989586692683429,0.8253522254089288,0.8881158371041384,0.86074304133403,0.9265172382574578,0.9690597430950166,0.8576447481558858,0.9414753044836524,0.32435058363488967,0.8245630875809778,0.5866540364269028,0.7035640051506264,0.6713402831986603,0.9933566088350179,0.8858016271737974,0.9331852593330333,0.8118627329171124,0.7951682789851543,0.7437554572876587,0.946587221848931,0.6901453655940579,0.8015760679608084,0.9888003723981412,0.9373569643557973,0.8906585779430014,0.8923666044067076,0.6786824057457599,0.8270567525049065,0.8254554597134915,0.8602935836263359,0.6608472271336542,0.4449361877394292,0.7630849872545478,0.9753402061279814,0.9509219182612787,0.8433113880025317,0.846254163958597,0.8156262155227453,0.8693871326983257,0.8535129354981301,0.814264985529936,0.9575494651681101,0.8100015370381778,0.8351271265505623,0.9592327182880745,0.9932360445471553,0.6249109771636008,0.827163339517012,0.9382050762572598,0.9717036380013186,0.21308382656583846,0.32285933413024703,0.16831917528288365,0.9175145986203865,0.9258564959950566,0.8573441572897789,0.978302544176187,0.7553882765303216,0.3233326337436777
21427918.0,Solčava,0.9908256961824813,0.6796723173770647,0.36188674978238455,0.7162424588633954,0.7241123338146873,0.3587109409307766,0.4235387151917517,0.4828520844447569,0.38980106572201,0.9299603507968092,0.988805401190796,0.9765653631345673,0.4684120769489599,0.46129212733130753,0.9120558109972967,0.4677960247397802,0.36670744018757007,0.3793740439279576,0.549053369774735,0.5349594149836385,0.6175602374600127,0.6014669562286676,0.7091833112401427,0.4990555631159669,0.4098977804530347,0.1973914883533554,0.5264513328033096,0.6142268017421142,0.6215791344955426,0.5328493522562865,0.5561641628981784,0.8877221212868167,0.7772944284388148,0.6975991818489726,0.6146622407724178,0.7076669262772154,0.6136056510050137,0.8395154114254474,0.5181944532661504,0.6976789343949693,0.6049162115037934,0.2923790966342271,0.8335502981136326,0.5242667959933689,0.17260141700954712,0.8960620942937033,0.16324242437682668,0.33709901771666073,0.283362570056123,0.9948043818426988,0.6780878652294986,0.4832554630238306,0.04831771018441844,0.0,0.38290598332691606,0.6606708254377285,0.25903057816965624,0.4495882873256255,0.4983762223497581,0.2838013677955815,0.9567408702150972,0.512093516724502,0.5807309611188356,0.22499431882186505,0.5267007974407532,0.38486755872113143,0.43946977666001297,0.35474761465752414,0.26761936833380595,0.3141524101605555,0.28161418809795347,1.0,0.3122345332536418,0.028053610503714133,0.29073472085735896,0.9626648532343121,1.0,0.4657122152123716,0.70563560887307,0.4201791808042431,0.00158542684421481,0.922410668149358,0.29641328588976756,0.9849116530278236,0.46048908356529084,0.7066700440762583
21427926.0,Šempeter-Vrtojba,0.9621845249824017,0.7564545654611107,0.8732078877975323,0.9886302460399299,0.9909450786956233,0.9288547160221232,0.9960933211416901,0.9919124820617993,0.9456255584091551,0.9810755464196192,0.9900605009709013,0.7931662419690811,0.9307240231887961,0.9743165790219701,0.49827557087812724,0.3056647432291808,0.9937297514869496,0.985000732842162,0.9713652888439172,0.39401618511575653,0.9491416185163777,0.9350587109028234,0.5650256622913707,0.6852294412870861,0.8989429697819349,0.8740577746629032,0.9359740858110864,0.9859005779090075,0.9306822042657857,0.3450926343580448,0.8095307864363637,0.9119340730505112,0.7617988598514116,0.9485682541879593,0.9946351558503114,0.568305337767774,0.9888551310721786,0.9884429105524487,0.4089746574701906,0.3810832855260129,0.9778823075371096,0.9884514809070166,0.9617061519873659,0.9332173408772858,0.8740429810998273,0.9900522598482518,0.9779562558966287,0.512582999808308,0.5646607574716954,0.9906245011611556,0.16018224097349054,0.42052430415067366,0.9355678931760008,0.9817731906189513,0.9366610426364668,0.9371467372740978,0.9888702812866166,0.15358421721919624,0.8561364688198393,0.9947812384937785,0.9814317497633779,0.9342536564617894,0.150415436000351,0.9426219570861005,0.947731265791953,0.9561560409259624,0.9175903074576859,1.0,0.9879331396148296,0.9389437467297586,1.0,0.960472719404757,0.9887337110953116,0.8649214374867777,0.9437715176767365,0.9477538008591344,0.9511988549908932,0.7381932300964793,0.5759649574392696,0.6918314297096382,0.9737392483093732,0.971028783380906,0.9842275631332054,0.9817418289591819,0.9207349811960779,0.5880377514322819
21427934.0,Tabor,0.9746608618838756,0.9460139362432206,0.6820715376047543,0.5468013722979883,0.9924045550088031,0.8809509696270708,0.8889403245648022,0.7277284963997457,0.76016766292427,0.9298360018259499,0.9333826915067944,0.9062967782238072,0.8915605346348578,0.7520003953311059,0.9542816884916355,0.790590047954364,0.7908120929290555,0.7500445950985527,0.9125605518707434,0.5729557975852924,0.7542590351599524,0.6936887143370364,0.7395708061980241,0.7666714792587023,0.7302148509184099,0.6523213181011087,0.7587809034772679,0.7794068873274265,0.7393401360892685,0.8260502149161142,0.8111441712074121,0.6422363040753127,0.4865342866856851,0.7263403614205663,0.8702805870398989,0.7305108516116525,0.9071788225133997,0.8866214796959314,0.5739679711159376,0.7381711936313514,0.6739156757363105,0.7349963662940494,0.8401226881463736,0.8152389930816238,0.5043266997319538,0.8458622006940972,0.7998299144065315,0.4025432341625961,0.7071023857723016,0.8674873287306504,0.8135793856700799,0.4490706587377232,0.5060826558878755,0.5563977216994513,0.7138420061477104,0.7515125223866377,0.474677993100287,0.6921492959860316,0.7040222804619227,0.7704305789315452,0.8783687664071242,0.9035130583849638,0.7639748545314831,0.7494018943063696,0.7846355686699592,0.7691311179486411,0.8461347787786437,0.7492711748763186,0.6922490083522346,0.7267402182734929,0.7774335551501212,0.9402476220784974,0.7654357944975778,0.640443912908973,0.7331253933538432,0.968750047548917,0.9602134417143012,0.47991295672987266,0.7271522205483328,0.4343367299861344,0.5299433645441454,0.8891866464765024,0.34752593103298046,0.98737087794498,0.7724368435042825,0.7282181982931535
21427942.0,Trnovska vas,0.8993083289019898,0.9558904349054071,0.808636657221641,0.756727966951157,0.7879407473976512,0.7717567992706638,0.815030383746022,0.8046835443431248,0.8181809790476346,0.9640548984297316,1.0,0.7010671201075125,0.8421730623184562,0.8409282114610772,0.8806014052550697,0.8401645435472603,0.8476718485549111,0.8972832316645497,0.9533170574799438,0.5680534479132053,0.8327331587106737,0.984263464281971,0.28471864834725524,0.8478462144475045,0.7731916655407431,0.8923458558544717,0.813453752368878,0.852169214175405,0.8450597851951439,0.7914364363794543,0.7648951629655808,0.7379097234115335,0.8667418318798821,0.8634018413019118,0.9218878225030852,0.28123076320860296,0.8705394359856464,0.7737204333850997,0.827717972812041,0.8803471382411663,0.8316349946355246,0.8205256742525062,0.8142568745265878,0.835887675443634,0.710500380972263,0.7743460793421421,0.6894899564718878,0.6134275698838806,0.711667652442888,0.6705390695313187,0.9455175271987257,0.8904014955615244,0.6826977528207454,0.6435948776856344,0.803912780042418,0.8052838922813771,0.573277878102044,0.8154410374828238,0.8013137675699535,0.7373224164654635,0.9311337898356228,0.9839013249818891,0.9399940199932334,0.8160201972736866,0.8311718138887894,0.851075521958672,0.8554614668441644,0.813525681788865,0.7999768517493804,0.8094330208700721,0.6731583162489634,1.0,0.8272996219382227,0.6970690812665457,0.8254984012069142,0.9097588766090348,0.8418977384840061,0.18475603311994204,0.27993776341922294,0.14007754237727277,0.6269026334105806,0.5307892520873995,0.6862128110264003,0.9548934942853188,0.8091418373298822,0.28034814162794897
21427969.0,Trzin,0.9563690836904519,0.911196172743663,0.8942947209654692,0.8594152847212395,0.9285486357202711,0.9545642875886866,0.9586515314232167,0.9334400849617516,0.9586618389804729,0.9012164592910862,0.9874218218643378,0.8144663292685551,0.9935331648891605,0.9803381281253534,0.9671783615643629,0.9710297854430133,0.8977585918348073,0.9869278411043878,0.996989976934064,0.9160531505522008,0.9348488754051759,0.9909603599270468,0.949421055862038,0.9730928364202911,0.9316379404649092,0.8742039790443262,0.9158820013933946,0.861002002461938,0.8504026345629256,0.9175120971875133,0.7837367530359042,0.9291631007974785,0.9483666679475768,0.935463634961868,0.9877379963113708,0.9449616895943243,0.8823104397343455,0.899432650574397,0.9041967225173476,0.9585243008655421,0.9747884943150776,0.9864809057819376,0.8948931665950959,0.8414513437311856,0.8282152764260036,0.9119567726354226,0.9783348950151525,0.9416579821766895,0.8448004311241042,0.9891861614113713,0.6162966680037674,0.7736870139768616,0.9077222114726233,0.9060242168657228,0.9482940435650047,0.9494511450517126,0.9854103939196649,0.8328407345214843,0.9287181540541537,0.9359125911687612,0.8230311925794942,0.8405744443885406,0.5787191605010205,0.8868632353715574,0.8797809474569436,0.8849679156327911,0.9444212103461068,0.8479485765579914,0.8755229367900657,0.8709765976368745,0.8650273069593903,0.8645034680107782,0.9786887513061939,0.9154989451365905,0.8581927491115902,0.948517890226843,0.6356474563131319,0.621604261482164,0.9418393746211738,0.5755970728495465,0.9024901229869144,0.9738150711487548,0.8575146080860256,0.9900827959535101,0.9453265216544116,0.9432200756410852
21427977.0,Veržej,0.9780551627748181,0.980239127344163,0.4931329376807019,0.5906402113370087,0.9868174732576367,0.9411575844060918,0.8675285265034102,0.8936111310296732,0.8814787857948442,0.966705856533586,0.9927878495082928,0.9715764622018311,0.8705342700231432,0.9018107032380936,0.7601612033211512,0.8566921339764584,0.843052480257333,0.9826393940092645,0.95716739884129,0.779341818777048,0.9034882104120888,0.8341907387306493,0.17363069336278802,0.6142125269469236,0.8460917652575386,0.8925470205771876,0.8358687417063526,0.7590342514090004,0.8970709971982416,0.6257491054579198,0.8854762059391643,0.7700830424011544,0.6499390018492631,0.8912208873083137,0.8346674497107,0.17150366754797275,0.8824240352803405,0.5908960041446866,0.6452542842383839,0.6760744802801272,0.8827057334268297,0.9207673672312758,0.7969592186514889,0.8078973169139425,0.7739696460643206,0.8877574661028698,0.9513617121712655,0.9451544028564769,0.742527084267932,0.7084026297603447,0.9325877078617694,0.7950320282027419,0.7693245706578407,0.8191945385220025,0.5936841459901201,0.9896194364242973,0.6599295796101541,0.8512856930895544,0.491209829798534,0.7817424912364104,0.9818697902946174,0.899669133347768,0.9663966260676634,0.8433870064866329,0.5573942532086376,0.6198249080147427,0.8665244368889311,0.8466900845532488,0.8208844236179804,0.8416706899330484,0.8639101713798278,1.0,0.8869367215089639,0.763203538065931,0.8560454810814998,0.9324853314649569,0.9585074598220182,0.11267023891757344,0.17071515421647432,0.06821100107884948,0.7739253446175446,0.9724596217258348,0.4445273822286012,0.8491724083472925,0.8526742963856895,0.17096541619733052
21427985.0,Žetale,0.0,0.7719041197159716,0.6784030656156022,0.555695378617215,0.6829516179845766,0.7072800620415429,0.7008725321744428,0.6874326609684382,0.7837749279678303,0.6092982857049944,0.9686800498963608,0.7925565218173916,0.7738447154924045,0.8403596450094104,0.9246250168061586,0.7962241899197363,0.8752522541769926,0.47900779983371256,0.8837222262909806,0.3718173472998193,0.8450119728704529,0.8384899891428159,0.38521784831536443,0.7670509088337686,0.6558393216917993,0.6525870148364231,0.7022481077611076,0.7917994844747811,0.7819366012544795,0.6505418728168875,0.5029735504224027,0.6961777937340478,0.7647021062759781,0.7367728241031092,0.7793037159072143,0.3804988191401346,0.7734540351248763,0.4510530823056088,0.854621837971156,0.8191244996191062,0.9785968696285908,0.9811595449167384,0.7452749825072879,0.6975957011653982,0.6441611278674384,0.8498291883961919,0.7407349604151338,0.7948502873273575,0.7232874875616377,0.6200914510617646,0.89794728136517,0.8160624182302378,0.5759890737272824,0.5483019730568021,0.8408987559122931,0.7535440354839179,0.5800794373028917,0.7362061332490029,0.6846772201110757,0.6794710375362896,0.8625740029879094,0.8081173201248473,0.9252517209379603,0.706902714160742,0.7791317716479174,0.7641504768094204,0.6992970672055292,0.6781011230177207,0.7604560586892349,0.6922622316561443,0.47608759583763494,0.8189787322319717,0.6217893647793171,0.40049594196546345,0.7322999827385626,0.9212127735937714,0.9206543440878494,0.24997070601059768,0.37874941986605015,0.20509386125699802,0.5527954546367899,0.30836359386069623,0.4884327972252065,0.5294247476999592,0.6012589843910023,0.37930465223835397
21427993.0,Žužemberk,0.9630606200976304,0.8056108435579873,0.7918362941157673,0.5507948588088099,0.872439475123464,0.769680933793295,0.7842800471259461,0.7969540833546622,0.5611183984184613,0.9648538543943949,0.9507850686384307,0.8370849783984046,0.6983307566978784,0.6834641002582947,0.8821516323391622,0.7360674791592479,0.4516960015393534,0.9624414664019366,0.7892476105351849,0.604018239030649,0.7708905882908625,0.7794350956611886,0.7534281009483078,0.5626979563506377,0.7398427761481434,0.7194098133975715,0.6890839186107482,0.6179613343375729,0.6513551894426421,0.5988013414375037,0.8716512080165686,0.5423737787727996,0.7907802531629645,0.4569018773719814,0.3959785092791186,0.7538526783761013,0.5590508094759497,0.3034711010193375,0.593680006090902,0.5024900875491389,0.9898756901539636,0.5843948734423801,0.6462175370011944,0.4618934324273468,0.6559924585322878,0.9862970377461809,0.7019221595107612,0.5518341032410419,0.5832412816785234,0.5071013422316801,0.5657647824719603,0.40822386909848984,0.5372077047426549,0.6211851118133952,0.7500170501080016,0.5581615742767934,0.970263458866277,0.8175036257074717,0.7632691581775203,0.5772877277872805,0.6477997873087874,0.5329699452015546,0.5738790461237959,0.6676926941719611,0.9997361727573781,0.4876403566083348,0.7715036437549965,0.6690093880914756,0.7017863695533849,0.6607810670271222,0.7061869382795256,0.9515771395143306,0.9906209080311045,0.6469423363492186,0.701227784940581,0.9875023174355096,0.9419991798936537,0.5533497077278324,0.758936504239383,0.5075501190708238,0.4165374410396203,0.9114189350917149,0.7244755598503627,0.9773229699971201,0.778954493795823,0.7553150056868274
11026877.0,Šalovci,0.3680919462356762,0.7369514911333399,0.013677943283459504,0.025273519636913377,0.26131246238970307,0.5335906060537654,0.6331531987760175,0.6234219370287291,0.6571102220262814,0.9578395971700313,0.9581747687897522,0.4996445384465692,0.6382472882074334,0.6087041167705108,0.4409910590208195,0.6713115647855159,0.4796738330611059,0.9367177424376438,0.985348540553166,0.6840336446081308,0.9043697586721513,0.9003455840996929,0.0048159646103816955,0.25917126627784615,0.4764308355331257,0.9683012436215013,0.6229620059911842,0.7201325660561804,0.6837780848962147,0.370583945314935,0.2858646277181667,0.8092836625781471,0.742488675747436,0.6941132980703706,0.505692749453317,0.004756967662024603,0.6887104435338789,0.09816463793702279,0.36797347464897,0.3342318093415947,0.9650357564991943,0.9152426403081075,0.45435258315894134,0.9564916441099456,0.25315945452982747,0.56599503796262,0.9703580738567981,0.6494735192954693,0.43242260517357356,0.24943737728835202,0.8457282197308612,0.45252392591691004,0.26781512097873794,0.3107431360459906,0.43956451966373944,0.6284391080124119,0.045972221629622334,0.6759902154252613,0.019960609779539396,0.4359889030528801,0.924050459513577,0.955956337030251,0.8014571371774653,0.6174975156262041,0.14134838530893923,0.2684050833161026,0.5774446657330827,0.5973993098042885,0.6018108343517791,0.6171469299212764,0.6426202521119553,0.9287036168166616,0.7606595222660579,0.24644484626326246,0.6572588769305135,0.8443925166395847,0.814436950989808,0.0031251149941360357,0.00473509680367723,0.0,0.2766722886042089,0.5273867697222052,0.0723220916948204,0.9371139555137127,0.5171937932896518,0.004742038277098626
11027288.0,Ravne na Koroškem,0.9706527109919443,0.6094524946369569,0.9532427373364241,0.8966114699339505,0.884188407173815,0.9931575480204722,0.994603010400684,0.815294162185473,0.12230492251056424,0.9504348629959118,0.9738966090706068,0.2035851682229819,0.9831997141949962,0.8063085628175907,0.9402047235503069,0.6025503478805212,0.696407866852807,0.8543777049057247,0.8736692734535225,0.1729306255337022,0.9814574779276585,0.6998212316270169,0.4809639212365494,0.6439588719896852,0.9896326628972928,0.7492282351850998,0.6458769336809558,0.48122314918018394,0.9915191403917443,0.5412135817009307,0.6524807555265546,0.9670295708904127,0.8676366981094401,0.991755840796295,0.8083853439800646,0.48224328928582005,0.9935803836527447,0.4481755247657935,0.36362288044982183,0.4322679281373546,0.9832894406426511,0.9922479892932068,0.9079790280755077,0.8224987967895362,0.5680256654329281,0.9199599467116009,0.9819514284893311,0.22498809713844137,0.7892777486821613,0.9803578525827676,0.8891850448574016,0.3832881249190614,0.6404191603872351,0.6551062654266784,0.627368321506246,0.8731382271235646,0.9730792389754502,0.5623668601297088,0.6470420291753862,0.8953536755785505,0.8171859862833574,0.8630795947127617,0.7039207557883808,0.8226783901717091,0.5679629204947905,0.3988147725019391,0.8165607409410679,0.8201257008798183,0.5042379814682458,0.8671237232630652,0.840329554229378,0.8263881102993054,0.9844924962079256,0.6547325262663362,0.8429612469372312,0.8898081816737202,0.9417254216097333,0.31761896799137956,0.48124839020172516,0.2725363673319142,0.9765222196467186,0.8828027840039049,0.17734160078160632,0.9516379131561266,0.9971821764784174,0.48195388220077184
11027318.0,Rogašovci,0.9690569894570257,0.7343173751816636,0.1802181220381497,0.6533639712795551,0.9781839349585872,0.8072292647160209,0.6562909969818697,0.6626425060165976,0.6819876584594673,0.574870020042676,0.9903678826788932,0.6234899781155525,0.677107875583461,0.6873186765922896,0.7883547864243808,0.7376116840930299,0.6275841652863918,0.9978160036032531,0.7193098107422904,0.5891993130133267,0.9980191947255703,0.8163344842447381,0.07221988792387013,0.3824959489030706,0.9976653598418228,0.4725567506287257,0.6557178453516663,0.9031453779475792,0.6946383219446508,0.5025317113927154,0.7879291491967582,0.6789683279189058,0.8717266615140415,1.0,0.5290025082903863,0.07133517357422359,0.7370277190297403,0.20591916750871953,0.46428782351151676,0.5110011486790099,0.9853931304410344,0.7766738923311894,0.8834749142113666,0.8416481188368246,0.8872230338275459,0.9353070241838451,0.6239564848815671,0.7227743903500852,0.5002387917501872,0.9955767478477059,0.816076253870413,0.5333548193009022,0.34465704821218335,0.37276722392117345,0.2743855573057967,0.6703382460135564,0.9987584237447767,0.7186006311691131,0.18365048736364353,0.9893913263537665,0.9230239584180451,0.8401993510541905,0.8735978517882783,0.6577775108017176,0.2858632073878572,0.3904718489294844,0.9468405856639172,0.6255880902598883,0.6666231490130978,0.6529356488878919,0.6676428104379146,0.9772843613095586,0.9940042219927127,0.3259315093831232,0.6934119681165434,0.9359773651445239,0.9431157308431668,0.046864018506112215,0.07100719962374058,0.002604933902607298,0.4080792562971093,0.7342834872917084,0.2647921631604677,0.9892562589752946,0.5782884368069829,0.07111129350172374
21428019.0,Markovci,0.9643421680291235,0.9779281000059714,0.9058690649993667,0.8195170863687785,0.866455283119961,0.9048989165976574,0.9752250580482431,0.9152539401069136,0.9252248200489166,0.951834529632601,0.9827765249507971,0.8521287329813435,0.9308321576314136,0.9269419029683502,0.7431271319161654,0.9273941916766597,0.7084426281384103,0.9889039776992511,0.9747254135605234,0.5508336994432546,0.9976317428689163,0.9975320852711144,0.3251793842522198,0.9329408669666358,0.8821232589291307,0.9484045160713666,0.9173503128802893,0.932700586365742,0.9275514219005883,0.7394521587226797,0.7659329089320476,0.9096221803408573,0.9669046701734284,0.9304852924088883,0.8714123019831017,0.32119584348903796,0.908996233077833,0.781783769372415,0.8941753589135022,0.7081041423977148,0.9904818254480617,0.9968611153473527,0.860809216591961,0.8017346473280853,0.8990325511660607,0.9967916452380321,0.8456934180815807,0.6779031753738509,0.874715714134658,0.9300113737858109,0.9714817310669256,0.9486842587456291,0.9947718736338764,0.8516358658181393,0.8951765184753441,0.9404968152993772,0.8033994403766485,0.9127435333255915,0.9048643421142337,0.8569047367279525,0.9041880583566427,0.9974939032466769,0.9741552062190597,0.9172124706939794,0.936262973610257,0.9283483503085619,0.8729832635661325,0.9036254379248543,0.8926223054107761,0.9117170273613859,0.6077628714769852,0.9254049972570345,0.8392184025245024,0.8276836158329273,0.9236561713230615,0.9756663980871648,0.9752041146482611,0.21101130338870822,0.31971909836612655,0.1662529557988751,0.8038988786441986,0.6440526769409922,0.6139382317132319,0.7883897277986059,0.8826052313869578,0.32018779451229995
21428027.0,Miklavž na Dravskem polju,0.8985367049033142,0.7076184042594027,0.9750192458042379,0.9412138900717439,0.9825549063630096,0.9765501198162803,0.898576517651667,0.9129133234910146,0.9010905714472905,0.9287912375211227,0.9744784331484709,0.8540693090919835,0.9869135514228145,0.9778527338007904,0.9570419941846602,0.903771649070742,0.9158163851597514,0.9611437304308119,0.9550741466453814,0.39361800815050674,0.9080293010985208,0.9257856814083496,0.3866027494001272,0.914048461580806,0.9845798995229901,0.9803830593781931,0.9814545869949829,0.96733936092863,0.8947549009706571,0.9342870323842734,0.7330954649262571,0.8645630768507604,0.9021615078938664,0.9930184393568169,0.8484607970982576,0.38186675478922916,0.9849592524906703,0.8547607186336943,0.8739919063863137,0.797842588882145,0.9735615097886556,0.9062773599154148,0.9047529019479049,0.8717659890780893,0.7794384051512829,0.9600428787163969,0.8953249010081237,0.8180117206281543,0.8235476041390285,0.9739307382071437,0.9631072642833619,0.9462062851003437,0.9707335307448102,0.9474528286328757,0.8900317781329198,0.8846930164157446,0.9745425997648451,0.7974601396334359,0.725567860841684,0.8940057061046562,0.9488153627401802,0.8853840214773381,0.9143084237276207,0.8970705437713908,0.9212342530102031,0.9176906036821789,0.9304021036581136,0.8988370431360659,0.9384461448603834,0.8896595235771327,0.9101998757079452,0.5975981868987715,0.9670543130868691,0.7690557833145063,0.8971190448330582,0.8521867657011348,0.8519257372665163,0.25086937854985536,0.3801110662298405,0.20598980043434856,0.8965653264408858,0.847992233963063,0.9022040996748553,0.9378634974517907,0.8548165274288315,0.38066829472438546
21428035.0,Polzela,0.9807183471801246,0.9283879796258225,0.7728209787053425,0.7084936105635594,0.829153695434681,0.8506731767080864,0.9949118183600532,0.8315666710023693,0.6768007213390557,0.8413915782144235,0.9943647620715629,0.931803673419119,0.9497167192560196,0.7393289771214256,0.9966104465883813,0.8701552126414123,0.7197446701522179,0.8044362809739545,0.8385466469649969,0.5266541585886892,0.6678813089645229,0.8242054535785965,0.7103827081353626,0.8647123356764218,0.8248037599035868,0.7784112583925311,0.8382278268726707,0.8456864603934615,0.8385830042910425,0.8636596818533644,0.5406938982094731,0.7824260259373647,0.6576583525249307,0.7818499028251222,0.9970511876282268,0.7016803161254126,0.8279355431773461,0.7322703881750422,0.5838045358536703,0.7904026094821779,0.9880614501476477,0.9900478696346882,0.9316120852689398,0.8814931135337657,0.6670690597059223,0.8108536791338211,0.9803066120974637,0.40357184320937545,0.8646428212517783,0.9948962163607784,0.8369331144053949,0.39820549187268695,0.6655463854693695,0.5518749888230607,0.7828928550424107,0.8125255564092113,0.647580982352066,0.7706352920431583,0.8341527251031376,0.8186643047711673,0.7605331657486518,0.8205277731486906,0.7859027226823061,0.7611736667507248,0.8514400032971627,0.8180272174186818,0.9291584194879949,0.7654344675696535,0.8143085115327195,0.8372859617840146,0.7917813533741548,0.9860070138434069,0.9933677739141471,0.7657286104409247,0.7901089037479925,0.9240971609107957,0.9697246764966168,0.46097258438799504,0.698454237688577,0.4154539658274462,0.6650762373287857,0.8772485582606292,0.279353960632869,0.9845106471616933,0.8534276753878363,0.6994781452723156
21428043.0,Prevalje,0.990295101915941,0.5564339190201562,0.8935532087724636,0.9433510932102227,0.985397208087187,0.9173937857166408,0.9990356664580663,0.7500046193199441,0.06233066827906297,0.960316178385234,0.9598735668399077,0.2006833395210178,0.9552544722883277,0.7451220474689731,0.8937795907189988,0.550912015351239,0.6522666866977712,0.9398675679260177,0.8230336282259056,0.20734475033525057,0.9508021258586925,0.6439129122102707,0.5026582472089399,0.595316479007235,0.9092188324423511,0.6420341128566869,0.5909423548963617,0.41660783795860257,0.9378504714499938,0.5041808861529762,0.5025150822293406,0.959641283777521,0.8318597075434366,0.9942273814362217,0.7325473666512576,0.5036718535401377,0.9355308331954313,0.49051891696931116,0.325634050416032,0.4268096503555595,0.9700437512390557,0.9544058462326948,0.9783441511311879,0.8836916581023716,0.44371988650908234,0.97455314738153,0.9692315207191732,0.1604260799379421,0.8086349997458759,0.9841784660170828,0.8705689720798687,0.34848938612664926,0.5121574186269372,0.5343490629460641,0.5721950747905596,0.81860985829589,0.9807776770076823,0.5067461354326661,0.5824785761568866,0.9728686489865265,0.8730393178177285,0.8063062969427333,0.6836736140579234,0.7589581822695338,0.5109625973014696,0.35066853399827513,0.7459790095374422,0.7562798363529302,0.4372640969833904,0.8124076496260124,0.7836549892721704,0.7920767819020204,0.9704909520391916,0.5313691702193245,0.7868516244530549,0.8645580071038045,0.9416659674047156,0.33169657629394944,0.5025784334807717,0.2865711578153133,0.8639046503009997,0.7375969587093394,0.13070263865626575,0.9452634860056589,0.9174334040663167,0.5033151945192148
21428051.0,Ribnica na Pohorju,0.9539825807080015,0.32278978357351806,0.4636202046388177,0.6341942075771929,0.6256359467391202,0.8167844895893421,0.49058717327134693,0.7843597333501218,0.5123580560334194,0.5591876862307724,0.9130310448123292,0.21499147624263681,0.84350131949949,0.7882251012053296,0.9979864136298254,0.594423609655385,0.8466309922045036,0.38789863769665134,0.8748516043900112,0.10482432735234493,0.9930989364460039,0.8465318675230327,0.3413658703233967,0.6136265716582818,0.6216008390001106,0.8722247267343215,0.791338266425899,0.6304089146194298,0.4886368279680575,0.6920262782392564,0.8818346682978966,0.5012523827791957,0.8670318461343236,0.5591819392295287,0.7221017278197139,0.3371840404613363,0.4816867465828619,0.7913869971283551,0.511627240017664,0.40732473004676795,0.993364863465269,0.6062013812436138,0.8822916995161137,0.7966376840254579,0.829018360934946,0.7522473820817018,0.7527614813450137,0.4354062849769924,0.7175767501943024,0.9795279456358854,0.887613119376122,0.6705709888746482,0.26437747168541315,0.5978910526599652,0.7956258556813146,0.5925463304393703,0.43832090058093576,0.42322331563131566,0.3035676698386127,0.7101319385090761,0.9954567397145241,0.6289657648682683,0.7649650142033549,0.4920520056869313,0.5146364250318571,0.6086859111083462,0.6794900510228092,0.4782049438418038,0.6211776171667002,0.5977794125767272,0.5368140438895087,0.9618701663398027,0.6487981163631048,0.0,0.5451678336085978,0.926640038838208,0.9277451850797771,0.22151483371249114,0.33563378725174975,0.17672453905804353,0.29506225658121277,0.9367393317608542,0.5647329005189408,0.9703528539790887,0.7581938805195694,0.33612581373191464
21428060.0,Sodražica,0.9914967803636224,0.9257893201982846,0.5454200978887089,0.7866067531915932,0.3641289655571178,0.521478184674716,0.4922350605750614,0.6180559750290389,0.6542753570528443,0.9871677401041524,0.9933825814380804,0.7271581316340813,0.5062774451744924,0.5869588774937262,0.5745731023711316,0.6950497958658086,0.5568948540262855,0.9921740666121589,0.851788216262887,0.6778057313578587,0.594361229794192,0.5813234074077951,0.8003188703614867,0.5745578630125356,0.5368133033700051,0.8977144485405091,0.6101366581142423,0.9925772405552795,0.4851344399896499,0.6732798665117368,0.5620839531988031,0.6047061862836651,0.6483108849633992,0.5677164063496256,0.7985984584959747,0.7997977671911287,0.6001636042711167,0.7222281687088847,0.776065237635184,0.603074605814085,0.9925290877168452,0.6060840975341988,0.6842542073843556,0.8758458790083793,0.5631046010438128,0.8531093368616914,0.8604169462226601,0.9020087251996585,0.9183045303091013,0.8813689210585143,0.40538985798397364,0.5693234016806199,0.2733947549029271,0.314122704245105,0.5858573677911577,0.6418866924536448,0.67814778965306,0.8381372874130912,0.6773121955314974,0.7641507049285048,0.7617121509821905,0.5825463346281776,0.39535359956029104,0.6179445407615789,0.5773831592870634,0.5844699494469584,0.8597267021225377,0.4420100773333795,0.6416509633969323,0.647846000879615,0.5046846596568736,0.8982438342972299,0.9937976128197578,0.3216910722352687,0.5016573230740069,0.9796201151443404,0.9866485654670492,0.673209117695673,0.804670353752269,0.6270449700573638,0.33294795476346206,0.978253584839873,0.5316700190713546,0.9917638257622227,0.8453400566892896,0.8014859893607043
21428078.0,Sveta Ana,0.9736882626084393,0.8328341991390714,0.6235848871235103,0.5115783338652755,0.7755137816146995,0.8304554411719716,0.6390214961665148,0.634228568493113,0.6579316329634659,0.8156906678989413,0.9976539568086129,0.5673544163960282,0.6976143075513282,0.8818958587655772,0.9742535294345236,0.6825009238962512,0.7559182326610323,0.8174029552655708,0.8986690940449742,0.527874297763574,0.7170036984453722,0.8865916024556034,0.2522508207633124,0.7174706630279108,0.80925992890421,0.7873955987098855,0.6453507202778861,1.0,0.8916586493208414,0.7907927958760977,0.8379861119665105,0.7236608481521329,0.595963392450976,0.8785057225088142,0.8147833978370091,0.24916067582879398,0.6886334545045741,0.4777181436098592,0.6815403938259714,0.8995597802591577,0.6759855256502044,0.7284691693453481,0.529329119685896,0.8743159026144451,0.7918442864216135,0.8027555110401647,0.5090235854450018,0.5858446450780057,0.637890391343703,0.6386203556689056,0.8822774713002365,0.7652632559056844,0.7544422620891116,0.3384076145031706,0.6175116574035096,0.7957352591494892,0.6762205250545412,0.6658970901298491,0.5528794450380266,0.7380821338139154,0.8226099726581118,0.8613444388032467,0.9365733503920366,0.7030107253101896,0.6878988391251126,0.7227136176289162,0.8137005164418821,0.630691836739145,0.6981142855607427,0.6363451178613131,0.6721732935554536,0.8937116597812245,0.6789501405210325,0.7421885143921766,0.6797055587231178,0.9927748124650884,0.981116197203396,0.16368742007596848,0.24801512298211115,0.11907301067752407,0.4423203628701474,0.46348906425871716,0.6852739430382437,0.9970800667491689,0.8381032083529583,0.24837870380330218
21428086.0,Sveti Andraž v Slov. goricah,0.9687786581703589,0.9712839087170961,0.7533427115132693,0.7998404057250026,0.8423035443518752,0.7081689819944992,0.7608556072217785,0.7497247423185631,0.7676964294518667,0.8163208731172201,0.9736248458000736,0.6283795066600601,0.7865807736071935,0.821688342976597,0.9986878613468574,0.7966969257665626,0.8847601845794503,0.9901147655511913,0.9955809741834013,0.5998660486579894,0.8202153236395615,0.9278402636740339,0.26524980861153813,0.8069004897787101,0.7433977939029082,1.0,0.7598941872933394,0.9081962449660262,0.8465683158941847,0.7734955476473827,0.6210943530789967,0.7510639907281527,0.9884102459670459,0.8459172950794619,0.9980512572672381,0.26200042234598464,0.9249853446371784,0.7823976907256863,0.7957401016654796,0.8644767043270258,0.776838927544976,0.8393581608908502,0.7249167615530474,0.8368233081490933,0.6875530776994521,0.8463758474769811,0.627980046874093,0.6593350115164416,0.6332124164888911,0.7345233026459681,0.964213490547128,0.8856002212478024,0.641668301193135,0.5545286657475723,0.7483375917944048,0.7521203697186474,0.520323782433787,0.768621160012042,0.7469661664575671,0.6905020421597189,0.9729386877545222,0.9266051801027252,0.9250604493286229,0.7623824149067262,0.7831906312946663,0.8105474454242714,0.8478839461187037,0.7597821253996405,0.7417316335031947,0.7560864917534503,0.6457017120566177,0.9945831394938286,0.778085741363133,0.6576065667233562,0.7782669840696859,0.947628199819764,0.9420872553055148,0.17212255926812758,0.26079583687657926,0.12748249393034683,0.5191205085825563,0.8226210062266003,0.6600427269161205,0.9788348523808907,0.7836311249760879,0.2611781537425618
21428094.0,Velika Polana,0.9629475265377624,0.8636813090790731,0.26286605197083146,0.8289889773044399,0.7156768165970131,0.8204890855578507,0.994788069120624,0.8463429266970222,0.7551744650433424,0.9516965785997265,0.9106782216831206,0.7987154908612685,0.7400726361620044,0.9060676896745652,0.9447288873199002,0.7589563830864645,0.6265389669183494,0.9756579810627555,0.9651319270236495,0.9261609714281771,0.9347020752369563,0.7878989118957289,0.09367907491112282,0.446062960748554,0.7942544245868206,0.6463216371049627,0.7271247011976593,0.7968200609754911,0.8017246526965438,0.4689192368146802,0.6351654818243306,0.623151689472449,0.9393508930323704,0.7761119253420892,0.9194581871381767,0.09253147936344142,0.8476967985129662,0.6494074279701723,0.5139325112147975,0.46597079233972605,0.9368074094724842,0.9819940002894022,0.7567904812769413,0.7909800673146894,0.6095613169988874,0.9737866337618886,0.7604372693024412,0.7773581333815454,0.8119024628154127,0.6101906514013447,0.9787313878339102,0.7167042431764035,0.7217886170851435,0.7820474727835016,0.8538266346536204,0.7889322802061306,0.7389380303527006,0.8774858666080869,0.26488391484295215,0.9733309195419972,0.9784642993838297,0.9948470646943992,0.915632535809676,0.8586638901999635,0.3615430333257714,0.4510492157064474,0.8992061502579064,0.75750445096585,0.7072908627240319,0.7344638443282069,0.7847420526386353,0.8252096094924551,0.8365743274217722,0.723201164495385,0.76112775487556,0.9191668879969624,0.9490156982593846,0.060789043385087504,0.09210605228013469,0.01648760505327862,0.7174939308874457,0.4889237668510844,0.21576219034260202,0.967332710692234,0.8166395671184858,0.09224107628077638
21428108.0,Vransko,0.9520462680181863,0.8933370288169762,0.6367689029206485,0.39483165522873465,0.8157758826887086,0.9996584517114963,0.8278800884663965,0.6545878754861187,0.7134973182132606,0.991156342547911,0.9940249248604169,0.7818466843402104,0.8338514462769369,0.6566876567234734,0.9789405241710243,0.7301804250659731,0.7155783699202329,0.9912881486200107,0.9983306292305424,0.6240709196056378,0.7407816766325255,0.7298736231640155,0.7717932766406836,0.7328585694646932,0.6692267865564892,0.602120634838048,0.740799126710724,0.7725742800864113,0.7437243538398361,0.7907021975289592,0.9918247434537473,0.6407556448358125,0.734115979270499,0.7715785327464637,0.9962594252960807,0.762338587545561,0.9979904669031721,0.8954563206850467,0.6268938784543652,0.7951662827927147,0.524375026504814,0.647032696958693,0.769409187329406,0.7529687193332508,0.6872471744093935,0.9978511186224069,0.7257796712394273,0.49249081446175935,0.6423141853523942,0.8947904054279557,0.794412630589596,0.5052237294979673,0.4618729375435553,0.3786991063196613,0.639807490523628,0.7498806461309078,0.3121716252073269,0.6537895121464008,0.6591421238937224,0.6428955748237615,0.9926667568047217,0.9997231817036364,0.7459748438286337,0.6556352908795751,0.7007575199939005,0.7231751309330641,0.7681033325942168,0.6553196631561381,0.6327640116487698,0.6654990210167667,0.6940348715663035,1.0,0.9928803245686857,0.5226925585998908,0.6795682897779218,0.9594218284596148,0.9972610974692838,0.5008223557132843,0.758833623785955,0.4551825318836348,0.40596692890805297,0.9842065864454118,0.4227850074044389,0.9807473565347253,0.7152503847824143,0.7599460452736698
21428116.0,Žirovnica,0.9797723465161529,0.5854080999817486,0.976924893711929,0.7694604101581746,0.8270052477455458,0.8907776502808955,0.8978957341782516,0.914716673817096,0.8933324682189301,0.9607725060504363,0.9941107197349056,0.9313180426207983,0.9263444817443409,0.9018325589148728,0.9834395523513848,0.9145972026093514,0.7420284720022714,0.8174273076046532,0.5928204176358001,0.5719219066540919,0.8868649224857189,0.7409724273430607,0.8618084063506511,0.7173133008596031,0.8718194196287724,0.8886387990654889,0.566140472000577,0.9032349031660138,0.9383037528515615,0.565886901875365,0.8053107494211366,0.8892049186487956,0.6921345432526284,0.9019350308681576,0.6700003080471785,0.7329263253371149,0.8846566113470935,0.7953440137176722,0.5255224686496283,0.9124635813644347,0.9818767126517716,0.8331022106726205,0.8246251295723499,0.8866963221425048,0.8063874922975096,0.9448593208859548,0.9926374251302837,0.47947188305227595,0.8463350451232268,0.8402730985321758,0.4072445114226022,0.7535285662493507,0.8400020881741668,0.8494516901798994,0.7385697641824813,0.7838861759002144,0.9918132660239848,0.9142839661984963,0.8924180849123201,0.8398767606509772,0.849829737214452,0.7176131996113979,0.38241355828277157,0.9671979687869577,0.3760884419745286,0.4363513128149126,0.8558567424355834,0.86491723484542,0.8884881632163149,0.6202330167922891,0.8800900104480796,1.0,0.9771958758387476,0.7718053483051817,0.6587168438803169,0.8769972625925271,0.9682393019592928,0.49530273419757154,0.731740836697172,0.4496796986000472,0.7996854522769031,0.9734449732702091,0.3584261746426042,0.9502905936816327,0.5261828334573846,0.7455705996511779
11026613.0,Tišina,0.98537103142695,0.9216097307487974,0.41226511663850507,0.7647163313049388,0.9319477273333535,0.8984681951567433,0.9018501475598665,0.9104448781105879,0.8876563302022982,0.8100564000179291,0.9950480560234864,0.8712560197041819,0.9192624729348151,0.9161270657900141,0.8228974295531608,0.9336017420735143,0.8081907371514665,0.9837275289925583,0.9447488154541206,0.7314445767641156,0.9184363227522064,0.8962704035965815,0.1539229693580666,0.5543290895734573,0.863352772617006,0.8547096671134254,0.9054360644771113,0.8695350246092277,0.9142272472993205,0.6333526680383142,0.822716835254437,0.8584720571959962,0.8384219763325204,0.9164066205519168,0.862034494706397,0.1520373688171901,0.8913122362201118,0.7673962914304236,0.5984864016418081,0.6862609106676996,0.9417786174487256,0.8556823236509139,0.8365483497261119,0.8331453964594927,0.8759870898443534,0.8804595128603783,0.8244439225833182,0.9471304511310453,0.8536089706718928,0.9065515134912479,0.9047004267893383,0.687568170505183,0.8314664584506728,0.8310936251913152,0.5146767562940457,0.9100459273059754,0.7871069648399693,0.9187634118599111,0.41172604500934773,0.8384874162509386,0.8002137312401449,0.8977753136536261,0.9451224980859695,0.9070309743303777,0.4872214044870272,0.560552284251303,0.9069264431221191,0.8769642962813121,0.9032137484533952,0.9022780310824635,0.8907839210239853,0.896861486407091,0.9692072814562265,0.8112979462566972,0.9141722360934268,1.0,0.966974042768713,0.09988175129981036,0.15133835465666345,0.05546141034886232,0.8458875140364663,0.30639156657420064,0.4556185759391439,1.0,0.876757425765841,0.15156021097978678
11026745.0,Dobrova-Polhov Gradec,0.9783460883423467,0.8717057377772917,0.8948155354469445,0.9516868008583229,0.934826813935323,0.91206060715039,0.9319349695410158,0.9491492099877787,0.9205690428335275,0.8082903338225115,0.9900615871821256,0.8059154200302875,0.9388138291891085,0.8953210419903282,0.9939936899565657,0.8980591693540078,0.9170637010319768,0.9857742310193349,0.916603812033746,0.9320168855089351,0.9138442560242385,0.9216671813006888,0.9603811163520424,0.9377514142022226,0.8873727911691247,0.7184911457749295,0.9919462735416498,0.945158677172706,0.9283833428110982,0.9589107468742935,0.8656707115246379,0.8995207817700759,0.9447185243770699,0.9195806823063482,0.9935673159631514,0.9588175740739784,0.9212482889886183,0.7603388766990875,0.9000180706417009,0.9135942129449737,0.9825916435044585,0.8910056012072989,0.8926364257016363,0.9100362921064795,0.8314220611557578,0.9064857987800845,0.887502575085462,0.9952719184714273,0.8140765698148161,0.950726872931767,0.5332993427880708,0.8457617355247052,0.8267152842313238,0.902679772623793,0.9913592048862386,0.8854449177898427,0.8348228862200631,0.9221564500258337,0.8870995762501446,0.8638336161997124,0.9080896523570614,0.8650642081844307,0.5007824380322172,0.9357976812175819,0.9334554091962338,0.9124186837815478,0.9017954162991981,0.8650786273029187,0.9028123479494734,0.8826696261989077,0.8802332749709094,0.9752043401936409,0.992015955898329,0.7610803975080961,0.8922240262657014,0.9369059537600961,0.9520657769094186,0.6687484521362819,0.9646817563134752,0.6225978718573705,0.8364562596677745,0.5746709879036584,0.9117766158447431,0.974501644053503,0.8739669189268501,0.9805688215560464
11027822.0,Lendava,0.9806208285379812,0.9530673621294576,0.15332300967241086,1.0,0.9939183442089905,1.0,0.8558761922568825,0.9930354717470643,0.6551593353408399,0.9283673648730812,0.9965649764336354,0.9673553574506301,0.6146911922596602,0.989057123623715,0.718894364161571,0.657477754438162,0.5231523890314598,1.0,0.8919343823949035,1.0,0.9979184270020631,0.9028894409903936,0.05510928381828106,0.3649452327247763,0.9923619998469877,0.5413927961335396,0.602085614807268,0.9410880256920728,0.6797284048737011,0.39403197837326653,0.970011713006208,0.508083599701421,0.8114321384890163,0.6849619338574512,0.838781006032356,0.054434179278598394,0.7207196148092324,0.9821396720245905,0.4505810312879298,0.3656449467950915,0.9912387789329388,1.0,0.9649129371725701,0.9068282061913,0.8303004541846014,0.9900128031920086,0.9740036974284516,0.6468012728545546,0.851981826585652,0.994088890561305,0.935129199324167,0.6494898993135311,1.0,0.9838502321612164,0.9933876149301923,0.9010845689455629,0.9857528127705574,0.9903855580120488,0.15721567935708303,0.991313990448655,0.8702129041739544,0.8529159494883948,0.8818677056800658,0.9966319835702541,0.2664873333372557,0.3707588919611243,0.9545927135377198,0.6320358221448101,0.5756751110163454,0.6099221074146775,0.6733663197403028,0.9225472356712023,1.0,0.9962552090270443,0.6508622357393758,0.9407601599415791,0.9561574668796547,0.03576082116661494,0.054183910134713464,0.0,0.9881575034544482,0.9806137506838956,0.1065253581283393,0.979167942812729,0.9893129848702059,0.054263341704471224
21428124.0,Žalec,0.9856049048151614,0.9531022185183368,0.864755768752504,0.9837225745651291,0.780833193052809,0.9976283785631634,0.9983071898585193,0.8796190602420999,0.6796006318239132,0.9830228491429663,0.9826941991569942,0.9232117267687772,0.9223571689620922,0.8585133666191364,0.8627276435334273,0.9015064086618747,0.7804440819783706,0.9938434567224712,0.8785581225982624,0.48516947245215636,0.6707823377972231,0.814940327018757,0.6842311698034111,0.8094629446588927,0.9978935705318999,0.9870557167612081,0.7540077147334275,0.956050530453904,0.866399060445271,0.9318032315981184,0.6586294423766619,0.8345212470641069,0.5842955501083309,0.8824261008957028,0.835152030377223,0.675849141641879,0.8796757709799942,0.9872200644055527,0.6537074605759716,0.6972786127982988,0.9969570718602251,0.8154024621973736,0.7701151558608279,0.9923560699791751,0.7610129811523779,0.948825344429129,0.9903144441505337,0.5081906130966539,0.7862124991405685,0.9960091200154356,0.871032941477143,0.4545940502963799,0.7705032927588492,0.7740792953829058,0.8832918259109233,0.7547072915883001,0.960859111732452,0.7973238660876695,0.8774663131570872,0.7892291178521985,0.972555753675028,0.7461757936813982,0.8187119680160703,0.8784246821758711,0.8720354490238897,0.9066207035247298,0.9961719443975497,0.882916702686755,0.8835040660353563,0.8705905911111399,0.896067740829337,0.9508618432681779,0.9932152528015626,0.9979325176465882,0.8933557453385186,0.9531981560523054,0.9438536262486387,0.44400265807567774,0.6727418258282558,0.39853565447844996,0.8292284647588903,0.9528256292084797,0.24737305676924704,0.9849523585197134,0.9992518025473566,0.6737280399854542
11026702.0,Destrnik,0.7810628983432224,0.8898062886835268,0.8619397232147791,0.7165794376910297,0.7126733078573104,0.8260386058564213,0.8580888677635609,0.8483651772066897,0.8583064453876619,0.9301313821074444,0.9280462169848682,0.7588397339086892,0.8848591275418922,0.8683551562061387,0.646044513911515,0.8764954228763001,0.7839467110946903,0.752377211598048,0.8890389511970582,0.522322917795708,0.8602799973038624,0.9249149754466033,0.3001926157244027,0.888740764785886,0.8006780476759177,0.7692121197096832,0.8560232621066686,0.8457702010812822,0.8677368722652088,0.8022079991503079,0.8451473307483925,0.7966075337513744,0.8027533230643434,0.8794546690494601,0.812403084827081,0.29651517004532213,0.8550817694822337,0.7797051876406075,0.8531342041658141,0.8433752815000419,0.9276675208471963,0.8820596294502112,0.9218331141111862,0.782121642412157,0.7108876545354041,0.7754626023571225,0.7607611631354343,0.6081537322772412,0.7834826157392958,0.647467445490484,0.951944201411046,0.91115961609632,0.7224154683599457,0.724386862938978,0.8589984265611386,0.8475386247131568,0.6321086423256753,0.8526537972784571,0.8445096137557159,0.7390743573118348,0.9279347016233304,0.9568499068643757,0.9535402660349311,0.8586518746512657,0.8693075869629453,0.8915484497787949,0.8238817340890261,0.8562414290849436,0.8558141718288617,0.8518332081663003,0.6950515133185142,0.0,0.917826074500222,0.7041616073433548,0.8630382555525793,0.6857620198764826,0.5730632662569739,0.1947972048023191,0.2951518979479085,0.15008817328424828,0.7302289696160956,0.7048306100278757,0.7033341364661285,0.8730062130009641,0.823418680073903,0.29558457950434636
11028012.0,Podvelka,0.9650008219024583,0.33410034958165136,0.5267722795940251,0.6481476767279367,0.6530502209953333,0.9931470444404213,0.5546111217414997,0.8222316926771802,0.564089881490602,0.9244748516890194,0.9784263068962743,0.2980091295126521,0.9809588180122174,0.8257962170986103,0.8101775703628624,0.6366547336741117,0.880410329447603,0.9743823117211974,0.7444629364377743,0.13499881811793413,0.8549464703474394,0.9872925538416665,0.3427275733289604,0.6640701244832442,0.6220269517486119,0.9640526776136892,0.8282460154195765,0.6988742376839192,0.5456817403522158,0.7223125458592761,0.8693694288364007,0.572286163309913,0.9662978032089661,0.6117303345782978,0.7792354636667094,0.33852906221435863,0.542054742137558,0.7417308196553323,0.5426954584109205,0.4481278303523507,0.9316084504881557,0.7765609046167778,0.6543369121666283,0.8397409929208723,0.8555367783264736,0.7752377246417456,0.9843228991589952,0.4882067225927378,0.8370636868608667,0.9740308947991925,0.8912174245347098,0.7093203716983384,0.36927314235923936,0.6679376736052893,0.8348194393477479,0.5962647301715956,0.5365266988941944,0.43508900366211134,0.307368887208755,0.9891578341861664,0.9022372004580034,0.6827434576308486,0.7815236347389587,0.5595688919679302,0.5612527195553028,0.6527711181689828,0.6878349774331367,0.5302671547801081,0.6759505403646355,0.601510612279462,0.5830285196038467,0.8309145872502954,0.9868637164200268,0.06988364052473772,0.5759485699538217,0.8430517626339868,0.945045611537857,0.22239845284687476,0.33697262506947445,0.17760547061627785,0.39641893826387176,0.7273067131969448,0.6143058741102125,0.9848682716467885,0.8108845331242639,0.33746661423541136
11027466.0,Šentjur,0.9814920882117064,0.8289535996303345,0.9329557333030629,0.6577841929647785,0.804069364419403,0.7999815570469226,0.9962237583362924,0.8463296076571054,0.6982601592205874,0.9510918920967989,0.9865068749552556,0.5685731956339983,0.8354747457253936,0.9860636179859144,0.8667894309154235,0.8733331493719997,0.9994743362185695,0.9754815727471268,0.8504519932361159,0.32590884131265785,0.4896371612522533,0.8926666226222431,0.5838348335190284,0.7074470447593968,0.7678323512036934,0.8071267936108046,0.9980335797483844,0.9882052229710349,0.9730131497675619,0.9068268514012455,0.9896838409002752,0.7928220205884159,0.9494659755879507,0.8651055748235739,0.996076598186029,0.5766826892844337,0.8390722537883639,0.9695199497434344,0.8172654907171448,0.7486054005228449,0.9935872269564962,0.8035020242482565,0.7451517013464731,0.8347073279808293,0.9624964181993704,0.8941884222751716,0.9785447597108723,0.7086184264165427,0.7797971351628131,0.9885776617497108,0.9132544293891045,0.5789782069389343,0.6830609313354761,0.7125083149495689,0.8316696775122551,0.9296820839008445,0.9732181453439502,0.7535808055888116,0.8949417516649616,0.6845448446809705,0.6814237035563719,0.9969605559715462,0.898269039414771,0.8332151588354233,0.8445104813132605,0.8872575448195371,0.9751818172359042,0.8378219599879724,0.9801411644336262,0.8405002919336388,0.856038132909557,0.7096442570753132,0.9970231855029323,0.9920147028194674,0.8555130972911176,0.9597911948911048,0.9780328396605028,0.3788547341888834,0.5740313058181425,0.3335858815818229,0.9596013907763281,0.9327992763528282,0.41407875277882356,0.9944750929768138,0.9966063598535189,0.5748728140739672
21428264.0,Šmartno pri Litiji,0.9707796437861476,0.809664061205817,0.8155386859131928,0.5408487295007665,0.9309944977028908,0.6945942266064004,0.7539519127681551,0.963005332716319,0.9693025888214127,1.0,0.99356065141403,0.9507498220084124,0.9545955375559203,0.9581141743612405,0.7617373059071918,0.7232186659502857,0.7307466832612514,0.9808033743000845,0.8078635588633182,0.7300623524664369,0.6513726457129085,0.9595914688865086,0.8363749465391322,0.6791381333800558,0.9459668386063309,0.9234731524271892,0.951620407332732,0.5741636360508957,0.7335433291953475,0.7226333448429363,0.8961037573259958,0.492850514145442,0.6658775032579947,0.6192399244696092,0.9938057194195825,0.8302434553005189,0.6552230601804387,0.9277445695335489,0.7499902520437947,0.6627897812005052,0.9867896312827624,0.9269367447686319,0.9352640702429676,0.7283931927838803,0.938626046600773,0.9390745012409912,0.92948217100122,0.8005400787712698,0.9398217416365782,0.9002944975258557,0.6547513090654362,0.5136435055848925,0.5118247132432816,0.9306121212632866,0.7689328762357148,0.7369470122478707,0.9812546225187717,0.5552670092380785,0.8171346853417741,0.9396541329180388,0.8828002518012354,0.7940740511727915,0.624859204098789,0.6592769026223004,0.9718913262746703,0.6492518938088262,0.6702406871797043,0.6522053986076533,0.5134586317371099,0.6032169974547719,0.6912704076538021,0.9497029614776021,0.9410237643137518,0.9337056126877443,0.5764346244956298,0.9433615621156437,0.9278895379561201,0.5450794793542533,0.8260977608429712,0.4993050450512653,0.8947065820263904,0.03974712540608105,0.5825707589971187,0.9659540171679434,0.9720483629326508,0.8258428267157315
24063453.0,Renče-Vogrsko,0.9854188162911376,0.7782210153916401,0.9491006568923823,0.8974421213933805,0.9646750311793254,0.8488630160342088,0.9306360490146179,0.9219528250245786,0.8864951707667368,0.9454750306101665,0.9903638396473307,0.7080303579339702,0.8678202412812582,0.9104570343476035,0.7013815194804998,0.32691761755717086,0.9394307215093334,0.8975257085600558,0.996537743909213,0.4246179013821494,0.978916496158107,0.9780292904072817,0.574530202329874,0.7052188338139618,0.8071151585309438,0.7516484630221065,0.8732420644256483,0.935872309446632,0.9242107367390012,0.37598094103953705,0.8259762961170949,0.9889464028104106,0.9792406868015671,0.8946790641611936,0.9712630752210707,0.5776934444635985,0.9807814459375208,0.931329828888589,0.42458601185927614,0.4015023427381057,0.9504347030760226,0.9743339237620129,0.8754650899054309,0.8688972114588026,0.9201847483890018,0.8705152027778791,0.9604090248208679,0.44892940122738834,0.5831486387454734,0.9511415502114372,0.16904298815722807,0.43708756270887084,0.8306453683184596,0.8523783120590287,0.9743798364920052,0.8748785834975179,0.8241227669229627,0.10241979299981752,0.8774372026675468,0.913697503992788,0.8546635110174053,0.9966276588633354,0.15873591611619198,0.8797983231419857,0.9480016196401431,0.9086872431438862,0.9633072760422091,0.9345790950752242,0.9288083107395315,0.8764612452258168,0.9419273064403874,0.9445958017297436,0.9508637255978495,0.7432938631650937,0.8884513845550739,0.9514209726323368,0.7826597476258706,0.7507113161285633,0.5853099009340207,0.7043114412952276,0.8643294138515846,0.8496300648844111,0.9309686425376044,0.9803676352179822,0.8421083123502704,0.5973963942619323
24063461.0,Gorje,0.9532663307456509,0.5505790202888208,0.8582807065053357,0.8946629232416511,0.9990081457714891,0.9152600374076686,0.932786843513153,0.929315274650256,0.9394514109669369,0.9443928862813382,1.0,0.8708926554273355,0.8832509325698512,0.937400407100313,1.0,0.8815396915785181,0.735958915145234,0.9692978158892502,0.5544016011915969,0.5478878528916055,0.8560427444416774,0.6569629535840825,0.8466575751216704,0.6854489590484618,0.9241187024745179,0.8430856749619655,0.5465522098590117,0.857375612157449,0.96845061160728,0.5416277650036716,0.873122169561153,0.9274267086660914,0.9168375080535279,0.8704150945896725,0.6330019670585796,0.7179610961380276,0.850925478855982,0.647356904106253,0.5006369934297152,0.950614474381197,0.8785903800951973,0.8964196423237895,0.9806384147970068,0.8403950487278661,0.8949844203187161,0.9624706384610546,0.9343127213248867,0.4371790175504542,0.9186067610742288,0.9429393636375639,0.3930800644017164,0.7271256962524204,0.8627497161410406,0.8872236781480267,0.6556648321345555,0.7572839476433688,0.9706919841385843,0.9625432461629729,0.942482230949888,0.7606524176295852,0.9589642498235251,0.6744159915818364,0.36911276125682013,0.9601268658234384,0.3387490417062725,0.40481198864648615,0.7978361957566918,0.8197376585095093,0.9399896747190003,0.5787182542142677,0.8399850975807731,1.0,0.8684290301845636,0.7106158706506329,0.6219609180282528,0.9715422071526378,0.9883639052969581,0.4854712479476011,0.7168444123399936,0.4398781153557141,0.7122507339139402,1.0,0.32303976420017655,0.9948073938174583,0.47394152731780104,0.7306523376974228
24063470.0,Log-Dragomer,0.8171901140686891,0.923150517308842,0.8507044308298395,0.8511822936591668,0.981827542375135,0.8656091030515529,0.8970556089629087,0.8892152190308695,0.8879822545069025,0.9050064189339727,0.9771928276578984,0.7458860298704351,0.9605335074866013,0.9937311983879398,0.9610744836525802,0.8662224742651934,0.8867829642404611,0.969916576127268,0.9259903929384715,0.9093968763486684,0.9501759330975493,0.954120643451564,0.9461216849397633,0.9077618123324414,0.9433498947558273,0.7696075773377837,0.8980407069137457,0.9718333431013039,0.9601669071730388,0.9387887341427401,0.8265757540161226,0.9412685563187605,0.7252155606769713,0.8755163940464731,0.9384674485232614,0.9447328247880625,0.8871298480110762,0.6643787880755351,0.8765967334426203,0.8830065715544486,0.9756882806790719,0.921768757993344,0.9887437925019896,0.8481770399618315,0.7547835450082443,0.8100134089999517,0.9062972722538972,0.9976344532387521,0.8393220381190799,0.8926696694257967,0.5154646108447243,0.9109396371426206,0.7570247431365797,0.7918280073363386,0.8759067788965964,0.8240613648279701,0.7921171637106592,0.8923481200685862,0.8472941281081974,0.8337266628880774,0.9464761882868178,0.8245229238391931,0.484035144668705,0.9012640537285966,0.9620223872814976,0.8827349771272851,0.8597736230525478,0.825715595576988,0.8639129910579662,0.8224203327266076,0.8452915803913902,0.8698657587358538,0.9506366266242003,0.7312892570425169,0.8576306369155662,0.8555528640706784,0.703423380523875,0.6930183759602055,0.950661763733591,0.6467939773744307,0.7600466957519783,0.9322309568963753,0.8784721664053382,0.9764013540813329,0.8225433967439721,0.9632838491201767
24063488.0,Rečica ob Savinji,0.946102850541162,0.9679678682551399,0.7735434540534938,0.2820951542914796,0.9345656151759145,0.701155036581254,0.7755067836386766,0.7017842430223407,0.4760118462774461,0.9202107189086534,0.9597508815332741,0.9140666884569264,0.7107421768726712,0.4888928560817206,0.9850867819102689,0.7678236973386914,0.5384332338714913,0.987977656997247,0.7553449298725555,0.5463179254080598,0.8397018704802836,0.8329564346446213,0.7163436045536923,0.7708382445997096,0.941597807423249,0.7505098935779604,0.9202176758401365,0.9762225675370415,0.9655129885296596,0.7204730922012004,0.5649148068912229,0.8856779998622235,0.8995758005832467,0.9665974029960779,0.8187078232931616,0.7147395039431189,0.8989259295713221,0.3497013418572139,0.5313539837758787,0.9721816913100292,0.8018260154020089,0.8837811366275111,0.6515759243276025,0.933105761253979,0.7974392802455468,0.9490078813680526,0.7340444887845858,0.35708665519256977,0.8182687907884831,0.993835703797938,0.7833813753309681,0.4785316566154939,0.8521183987892775,0.08496833395250847,0.7597982892026685,0.9420396978720702,0.9911407535947219,0.7981565836749503,0.708877136386739,0.4454885577524875,0.9904978628714084,0.9241843703933431,0.707617328338431,0.5148000467255596,0.7545276144067785,0.6318702122665107,0.630093296834127,0.7548618589127851,0.687336532069784,0.7113108346338943,0.5726496494522981,1.0,0.8949366118060536,0.42696299977645136,0.5731615448992151,0.9590681415308847,0.5604773440822124,0.4703585824112393,0.7126756693231182,0.4248114158219728,0.4406019419831462,0.9829570202954498,0.31313692792973513,0.8724359116987543,0.9484654181054927,0.7137204249895464
24063496.0,Sveti Jurij v Slovenskih goricah,0.9419174546447416,0.8378121474144302,0.7458138295906244,0.559983463306809,0.8267278065622935,0.6952162886337727,0.7600570550788975,0.7539834318880947,0.7685960355322983,0.7460270191849403,0.9201840675960501,0.7190283766053354,0.8163166524756159,0.9000657736214768,0.8832808531100041,0.7771650313975091,0.8099151482328308,0.6419213420301275,0.7979561793890371,0.49354243084006244,0.8222291727923173,0.8247907433587461,0.28949751050842587,0.8079824281172054,0.8724069233340845,0.5323130387203993,0.761993147098039,0.8709368507287194,0.9084794479151497,0.8597017132739153,0.5564001801199223,0.7277796906813476,0.5127070210816917,0.9191667861222994,0.8729801456868164,0.2859510829370656,0.7495769052540117,0.5907184645169055,0.7057264274356636,0.9331965702056939,0.7610989373423586,0.8360658263101095,0.6571964532381982,0.8923428386642098,0.8353792411043393,0.8587975380646912,0.7004543304257046,0.5469468037334746,0.7859514259781721,0.7582598119013897,0.9175867810747075,0.8421612109524624,0.8331781478337452,0.559781393191586,0.7397932971879526,0.7875385331913994,0.7469764065160107,0.7352609770615983,0.5973186713705223,0.825110635685412,0.9682865024613285,0.9049112823729175,0.896045764487228,0.782475373069967,0.7923926222913139,0.8123021588618498,0.8202377637404552,0.7477349612369555,0.7485650451592127,0.754269236943098,0.7760698922044098,0.7628153425352587,0.7881408671465231,0.8449066910212766,0.7841120374785753,0.9810907375319935,0.9151118431347078,0.1878570720608408,0.28463638078360176,0.14316914933784075,0.5356630956848433,0.6335997147765863,0.7884567786145491,0.9923581520947055,0.8940939353129893,0.2850536469882663
24063500.0,Šentrupert,0.9877146095516125,0.9223538557734514,0.7300238222733489,0.8798971019859069,0.913421771671165,0.7983549536659806,0.6556795283387733,0.8506971849240392,0.6217590751356874,0.9510555779585719,0.9925925701361223,0.45029690926763155,0.6112407485830992,0.6969653193622587,1.0,0.6828068245192556,0.6355709532078495,0.3878729903961676,0.764023986192879,0.523900664867953,0.8507103702072554,0.73899978632334,0.7029227697790401,0.377841908338884,0.7642767887619105,0.7227252598238731,0.6298559235747048,0.9200469342797921,0.5943151294584552,0.6059133050532586,0.9967189543230329,0.736801776542124,0.8216176693753374,0.41370133772214557,0.6007478222728394,0.7039660520055202,0.682179289621093,0.0763494507480108,0.5175876453113564,0.39415204001766524,0.7281392204576773,0.8140723810620575,0.47782364467116367,0.7012342096916628,0.727510964805266,0.44973613504218235,0.9437412569168329,0.39304448814292525,0.45565250184346107,0.647848723567157,0.6798592914173264,0.3202098405042455,0.40844749426036087,0.7205864295943465,0.7457698465246936,0.712046207648297,0.9950765579594556,0.5941597249534919,0.5363001553231939,0.7088188600632033,0.7435456755180585,0.6597966344613861,0.6725575765719866,0.6050426511500859,0.6971408480111952,0.48963144341652565,0.7946083222240808,0.6062187176365519,0.6124235472923547,0.5994087405663242,0.6504490458134364,1.0,0.8617118115471487,0.6962551802645692,0.6508912069093162,0.9700350844749381,0.9839649128345735,0.485646288907839,0.7092792389694658,0.4400526239192536,0.3553089244058424,0.2913356472662768,0.6759625690149261,0.987890203157053,0.8000639746119358,0.7055849447378892
24063518.0,Mirna,0.9319431469857012,0.8749575557411882,0.7270753481866681,0.9691611448974942,0.8600006331463358,0.8580490897267063,0.6771801939779176,0.8987342253160677,0.6232081561467502,0.9582537355123328,0.8905500950139402,0.4901331121966065,0.6568771146794339,0.6657408643614234,0.9101291460364138,0.7197430385538854,0.5898665610451519,0.3555724471806472,0.8071745600685113,0.5508948127463829,0.8207541045290659,0.786643616206621,0.7199396152399838,0.4066945215438632,0.832803671673556,0.6725585287595526,0.6753676783069889,0.8931855673420835,0.6385941734768079,0.5734430421305188,0.8505950353974772,0.7088042036814481,0.7858328919294033,0.39097923832537185,0.5237311348675093,0.7207744362267996,0.6519089005936546,0.1822774188353824,0.5455380778413802,0.43065455905282934,0.6914622784814015,0.9071763806505415,0.45809433905776475,0.6440334864167157,0.8031222098501636,0.5057170019867243,0.9375315737784677,0.42797096554664504,0.5060728683211485,0.7776810153947737,0.6609538787425411,0.34986455394358007,0.3713396884298662,0.8094340207796157,0.7927872637544287,0.6566703328604504,0.8468118326744198,0.6350828939885196,0.5838029722273688,0.5940686286117478,0.6750829780806467,0.602140938973011,0.6627969287757949,0.6506208703164629,0.7390790621174834,0.44741682739078903,0.8547565083785464,0.6518868173191641,0.6601350996682676,0.6447394699243785,0.6909876100746257,0.8449139362017398,0.9905469726842275,0.7870202592839117,0.6910256753161457,0.9494527409293878,0.9513986983852174,0.4966886455705628,0.7260103441725825,0.4510613946474462,0.3581263335408562,0.06465464348989447,0.7146016384713401,0.9739135635828291,0.858739450552469,0.7223405771105432
21436437.0,Apače,0.9821877021124337,0.8355638745014604,0.5004884383361115,0.7567692099503721,0.9964537741408744,0.9857027647250255,0.6438705064058761,0.6474735083841892,0.6472495057697367,0.9780119067508929,0.9625522404710445,0.5210230951295094,0.6604882115998587,0.8256457412137755,0.523172073304442,0.72416040568085,0.7554061389567761,0.9924878491578348,0.9516393635051077,0.5843763202885476,0.8127010106773809,0.893703080522077,0.20890891410833246,0.6263165007559992,0.7670026485677754,0.8995320495984718,0.6503860529211253,0.8727014747448845,0.8362890835929425,0.7213948051036767,0.5669021477931298,0.8574224570785017,0.9566934553439275,0.7760780372506849,0.6501772973383776,0.206349719966747,0.6481000671071591,0.20019957585136228,0.6260565335934847,0.8065878615610155,0.91297296479891,0.9957460699910141,0.444593265670848,0.7527442858307497,0.6811197172519416,0.9625381078569691,0.42098698663084233,0.6852715858198732,0.47718137696554097,0.8834380479808145,0.8665787826393389,0.6897326985695573,0.7952990103416587,0.34471118863390804,0.49775829222154677,0.8929981346769276,0.3589557903237204,0.6941220147670917,0.458582526701272,0.7961461907529481,0.989046748921238,0.738118167645534,0.9677543984496685,0.6516084929633905,0.5810822046764328,0.6324892316919708,0.6943015214443232,0.6210381202789652,0.8012555555004446,0.648242494227812,0.6636039024969222,1.0,0.9725939362441729,0.8058050176540215,0.6892567897176792,0.9630533736919558,0.9635177592816357,0.13556253683452246,0.20540099678507384,0.09103367081382818,0.6331821291455254,0.13772129166992897,0.5840442167565081,0.947339339478035,0.8693085414870243,0.2057021069036289
21436445.0,Cirkulane,0.989517528026613,0.8945447411496535,0.7673584298645447,0.48379764762582855,0.5954862640582477,0.8318329032419545,0.8333550840326651,0.7775828356641277,0.798761661389821,0.9181102579207027,0.9933283744977974,0.7685365554289445,0.8118813630835544,0.7903644162978816,0.3312471482545133,0.8185083585267465,0.6336921957907282,0.6769181075309267,0.8791601661101156,0.5351018429135099,0.8596889682441721,0.8537846007722604,0.2841273682629343,0.8303723441876298,0.6857295681964,0.7460957910715136,0.7831842793097373,0.862289007848824,0.7964771040804783,0.6649495675244292,0.5274847287294835,0.8114236109181041,0.6286671087187772,0.815231571604999,0.6861941600161525,0.28064672647497535,0.7765918835449347,0.5984607284627395,0.8320586144960038,0.6123380428395231,0.6407186582635622,0.7252621212762431,0.71004333812545,0.695061819718474,0.6369183882852847,0.7754415135574766,0.7470471081833889,0.5972454632915312,0.678186339671965,0.5837936025562367,0.9260159297359296,0.8848149739566754,0.7135101820045493,0.5970043167940039,0.8189405811301194,0.8626005363226869,0.4444032688149282,0.7954603320214991,0.7687242882314294,0.7307964359222476,0.9925971884501064,0.8515224480807124,0.9314615949376511,0.7828505037970106,0.816070717650024,0.8268260308275233,0.739095560076515,0.7689985084390007,0.7513995576141812,0.7780846461753421,0.49800779998279465,0.9551751703794675,0.6776440978452336,0.5675566685553163,0.8053420683560037,0.9961109633292266,0.9860674142252174,0.18437234710753614,0.27935641188036175,0.13969502336695583,0.5425677635776676,0.851323978783148,0.5093258975581769,0.9955774931566521,0.714445046860272,0.2797659378496463
21436453.0,Kostanjevica na Krki,0.9434611424754066,0.739446678745763,0.45202975217331964,0.983807622018819,0.5900721768435938,0.99284251817221,0.8023506096987437,0.8066339602308014,0.2036055398608908,0.9467838512975227,0.9957691139994993,0.6349370484564669,0.6677135092378177,0.6320380136212731,0.9675050218885092,0.7154047140141423,0.3248199181177438,0.21778832755229727,0.5901430523739886,0.28837242185083445,0.5735349666033083,0.5288734651321774,0.554448080703469,0.44027811204638756,0.6551368142074993,0.6964214336315542,0.7731821715656775,0.8526239797220146,0.822776027680443,0.4330955423267312,0.5558190814881134,0.6714680169795997,0.8776261206696604,0.7804774496183138,0.39764895494561414,0.55731022047405,0.7543897361043241,0.43422887656164366,0.47745314836643726,0.3306585628557639,0.9500219684551583,0.7908899738408791,0.6092079326137944,0.9951937114903322,0.617317610170043,0.9640941120131084,0.6199624507941877,0.0,0.0,0.9529216931380524,0.6240770839443486,0.1628503565306052,0.6333485051356629,0.6423626096882886,0.5702172741658922,0.7972745554163558,0.9407274540813332,0.5621892481563291,0.12189266363520235,0.6324832930644544,0.9690805657986539,0.9955140715237384,0.7266552512949126,0.648810163363617,0.3941312871620195,0.2649509253287574,0.7487219298912172,0.7495287700928188,0.6590955911562373,0.7527997373124592,0.7776622167390651,1.0,0.978779202652678,0.5473796989418418,0.7941337279169892,0.986969999143803,0.9431049646482477,0.3940380144041624,0.5632976791894857,0.3487229810160555,0.6109898780118397,0.9450056136240257,0.7093000866174607,0.9947341529095919,0.756408818040798,0.5593893814941474
21436461.0,Makole,0.9666789843074164,0.8139775376217061,0.6799131326081913,0.7898054324330079,0.7905240354341119,0.846130565859417,0.7023520348724708,0.7932729542034573,0.8128566850942545,0.9735321027078621,0.8616041144177513,0.5901888045556329,0.7692856662937976,0.8990473305358786,0.9950606933154146,0.8024208800077155,0.8246431053845498,0.9841217115712668,0.9111779190340972,0.3609044158635738,0.7467877551786877,0.7719245613861334,0.4496199703386272,0.8450012681351851,0.821335846419879,0.806445502089641,0.8018525292507106,0.8088788972768706,0.8060597671544711,0.738940419572652,0.5059077785370937,0.6582758269688245,0.8101125677378134,0.8274216566829644,0.7229110311401281,0.44411199668924184,0.7529945133949121,0.6188815604522888,0.8657948167254216,0.802886447743719,0.992906990738905,0.7467247457028992,0.6962690082795906,0.8773045777144926,0.7335891464209936,0.8000522289862693,0.7953806467307547,0.997555448463307,0.7889229321165028,0.7485917622050416,0.8984429574250965,0.8169889778726052,0.5992744787319999,0.6167331109991047,0.7407956081917604,0.8157988134978265,0.7244805318064282,0.7440215905909733,0.6861614426152728,0.5989605875287571,0.9269060327912217,0.8941332611152577,0.9354174560846641,0.7083675516519063,0.7937333062254056,0.7652572907628052,0.743564579760781,0.6795688491770322,0.7256560624757363,0.6937191150772168,0.6113720817791144,0.9055327800913193,0.9878172534178669,0.6171224049380566,0.7335898636309175,0.9701927563422401,0.9490346425505716,0.2917617185016804,0.44207012647693444,0.24675776408730943,0.5922804353616467,0.5357844733008021,0.6173783270912592,0.9825604228544043,0.7319501443161669,0.4427181846182122
21436470.0,Mokronog-Trebelno,0.9759580094162331,0.8469705734320998,0.6366272495330876,0.9920739088509589,0.890348934841972,0.7288443797365801,0.7115392025733591,0.7984976838372799,0.5364860158852497,0.9551578729090019,0.9873802477292022,0.3773039235232958,0.6909389474490273,0.7530830594506964,0.9097751189111029,0.7473112972301721,0.5646491141433212,0.06900059406320325,0.7774346877095549,0.49246744821404265,0.9045488737553189,0.7530817466515822,0.6831075789995836,0.4170674400207154,0.6844809616485796,0.5461964579585037,0.7093365042969775,0.9944719303577753,0.6717802234426247,0.6059622115101078,0.7646236584445667,0.8452998727747763,0.9832912794223978,0.48695859175371303,0.6296320485022326,0.6843936029988291,0.7365823472172057,0.2613393828620201,0.48504088720499017,0.3516468424313901,0.979214103940855,0.7056578386364052,0.5666584297032122,0.701320364975075,0.650724214593349,0.47923803322516123,0.9321944883202684,0.32128259036085105,0.34559527869028317,0.6400764916839956,0.679887766602495,0.28567853999621695,0.5803538693197552,0.6240401000373523,0.7738727609595528,0.712129614359146,0.7593665247624795,0.6093634563495043,0.48098570931272766,0.5263099070362334,0.9048630749659748,0.6598834750203989,0.6900997721397493,0.6846393036839193,0.6483060792302775,0.48969502674204335,0.7456798961629697,0.6859723352372789,0.6960845582602759,0.6785731831402462,0.7212445721138304,0.8729784933939443,0.9750784547697919,0.5905641835984352,0.720981030400383,0.8835976720270257,0.9412786518114744,0.47278806530647444,0.6897967771752496,0.42723350931148996,0.46268614996359003,0.6950901436472963,0.7434408654908371,0.9529580337838816,0.7317395749747893,0.6860739223890876
21436488.0,Poljčane,0.9983091540015403,0.8985915881808668,0.6109603445907157,0.8784032327505754,0.7217069185142282,0.9979989836252778,0.781112042827462,0.8561468032054718,0.8763948638952339,0.7117847940345607,0.9345304656535921,0.6102277764675874,0.8345071205874557,0.809209045333485,0.8655386776780918,0.8369999857063108,0.7716032412389451,0.5039068919078002,0.848070450547769,0.29190199491898483,0.7268935064007693,0.8415777562031259,0.49035163143602745,0.8914563489219973,0.9965042140966476,0.7374888648318711,0.8667720266936563,0.8648887582684733,0.8719147049100652,0.7441873134385171,0.7382041502031581,0.7105641672743859,0.8895474805593171,0.8791080102353419,0.804058917205415,0.4843446832507663,0.7950424443791779,0.6431481113528499,0.8846194134108802,0.8361089063488933,0.669731232137972,0.9778106938405788,0.7521370719034406,1.0,0.744827539507197,0.9954109793926957,0.9950479173382023,0.9994674309723036,0.6868903407692208,0.9933768197780701,0.9260784743919616,0.741185621198872,0.7297670401875562,0.7439135431135779,0.7835881123510575,0.8112072270843046,0.993951804090937,0.7509882168413465,0.7160730296983774,0.7296852168439772,0.8474206145284717,0.8481506493354769,0.9577887129295495,0.5885268055904056,0.8322478990982389,0.6747070346934579,0.8264071278271378,0.565867858333875,0.7599777914377861,0.5745291044725742,0.6146304784939254,0.9926569832967687,0.9961642946144923,0.7209816603108393,0.6280626024823662,0.9691961564169917,0.9218209413347,0.3181927941281816,0.4821178373456977,0.27310844814499124,0.7174954578539592,0.5749609934074797,0.6203276199315964,0.9833333373442861,0.8102101071518859,0.4828246039214832
21433632.0,Središče ob Dravi,0.9675490428837471,0.7294094621069349,0.498651312503402,0.6181541602592079,0.5071202888167315,0.6920548929487678,0.5821401006336955,0.7304313272582781,0.7727378864977829,0.9725032812732181,0.9870051308138449,0.9056416786156485,0.5353074322486172,0.76979917191138,0.5545022040770458,0.6072726052670756,0.6002137187295769,0.9744817430608027,0.8631722491167126,0.7100717423140844,0.7946850408232374,0.5898247842712376,0.1817991812423545,0.6313920127415245,0.6395249102702324,0.4657608383205907,0.5229055787360952,0.6532329669676902,0.6065634615392401,0.5098753178920459,0.47880876093008395,0.4622618939022505,0.724805738247482,0.8704514046796333,0.6628585074653085,0.1795720891071707,0.5971953576491582,0.34412269744276613,0.6586711522398094,0.4565588718005694,0.9427976651965784,0.7420837913291307,0.754105506132271,0.4957896490808821,0.6883933125693318,0.7508671265787992,0.9815938461076534,0.5747959838509915,0.2969243402792372,0.6068424723808283,0.8689069476556044,0.9051526095751458,0.7152965436888983,0.5401899456362171,0.49901808576985607,0.6250289967875979,0.62221619316757,0.5679338976315781,0.5046160383441087,0.7145938269269074,0.20498605283651794,0.9934637032271926,0.9215618981338354,0.5221916975420597,0.5829007910464074,0.6298753072313636,0.6648689656001214,0.5103037732339453,0.4800305121661872,0.5188412176858582,0.5586447715009965,0.9192760070197619,0.9835377330409057,0.6955385310449222,0.5758157108997524,0.9070109435346739,0.9390103489540202,0.11797083101428907,0.17874648002107696,0.07349547113345267,0.7116596801015929,0.9311431256312281,0.279058208541922,0.9725924504491624,0.7985369792581908,0.17900851562281628
21433659.0,Straža,0.9647588101209044,0.9696875312364002,0.9187566579763322,0.7261400564573322,0.9692605417397014,0.8623463414639545,0.9954986475602804,0.8652072219706464,0.35820217237900787,0.9685667436320777,0.9869944973185532,0.9134698243817989,0.9130671673310743,0.8993662368579708,0.8268692408586316,0.908194559511981,0.30142176250704855,0.962708041593806,0.848901547131075,0.4782449173964973,0.8433766969460451,0.925726121268692,0.6741418353844993,0.686230010587036,0.8111190642166727,0.8578041441221769,0.8846938152099335,0.6022744015687892,0.858557898766079,0.4718501306894941,0.9668187484151375,0.82940867086272,0.7955556856364949,0.39402826517804357,0.4487356735916189,0.6755376923156358,0.3917036881095165,0.6996132406217024,0.46345108550247405,0.33241459238098225,0.985952851480446,0.7901160249144146,0.8991680471214385,0.5243112211416966,0.752564510931273,0.7916110698683001,0.8025566897674179,0.3635464476292126,0.4920890754923197,0.9876106035024518,0.546502445603916,0.2700542247677511,0.7533142533771466,0.7474236749591545,0.82593305015582,0.7561942542028379,0.7849422936837205,0.9547210845835663,0.5419401836188885,0.8404653563207218,0.7139012803236058,0.5210288472150748,0.6033543177285834,0.8800925298841447,0.8043342465581479,0.3225909811696035,0.9748105049865537,0.8818280775287773,0.9312259460730057,0.8720275712667377,0.895101392300939,1.0,0.9768992208991324,0.749751334243263,0.8861788572173054,0.8631548859535505,0.9223207136534184,0.5019002645968808,0.680981582843701,0.4562571622481342,0.7727902965391917,1.0,0.904538145767897,0.9808995604836497,0.8547543063546784,0.6772458053149439
21433667.0,Sveta Trojica v Slovenskih goricah,0.9929042589183772,0.9499812128748218,0.7048216147494106,0.738090718622567,0.8629047014847728,0.6834143004575586,0.7133165947635802,0.7017910394911481,0.723395635130994,0.834623329846642,0.997158535977716,0.5967061744676099,0.7413390099895631,0.9458566669899688,0.9323828383565372,0.75855357279343,0.8494712560041763,0.9917918361095752,0.8919883469785201,0.5734841523462975,0.7345246562936517,0.9281478091318778,0.2761844377919723,0.7709701280859637,0.9011771133009582,0.7625148392616803,0.7128950302180481,0.8642992050787035,0.9315501417114336,0.8291147125127469,0.8145130985847592,0.6519792309229222,0.9038172378155035,0.9350668011806607,0.9078283019701048,0.2728010991814056,0.8048776100926183,0.7427517283053982,0.7676791383841127,0.9485217150581912,0.8979075161524595,0.8471441898082761,0.6838668747076357,0.9415729238072815,0.8740422083848578,0.9065340284031096,0.5388430928313725,0.6450377694986513,0.5866645210820652,0.9952384617638863,0.9229701747770358,0.8267017861463168,0.8870503969717888,0.4633687435342623,0.7029171720047747,0.7384744973061653,0.8467022657162305,0.7275361591836809,0.6992754983622638,0.877550239725639,0.6206109585540784,0.9309990661336812,0.9182163919207686,0.7153146212254367,0.7468835174304749,0.7749835749500941,0.9990675671030697,0.7126215137524123,0.7188622068470165,0.7092742762726569,0.7308208729868797,0.9511794321808719,0.8324337507158958,0.858816460093055,0.7377685283108456,0.9815278959019069,0.9875511042559699,0.17921812087865696,0.2715468560119889,0.13455647400035975,0.46342556410954117,0.9068590650590971,0.7411735027883388,0.7615204071878865,0.9168064020841944,0.27194493346675697
21433675.0,Sveti Tomaž,0.9880483782203074,0.8214864351444293,0.6989211270397147,0.5862212051694631,0.6573749034657757,0.7881659959822724,0.7075355350297939,0.813883415273575,0.8454001073986958,0.9710842340746697,0.9914836843624006,0.8486717003361353,0.7214913103554348,0.8228551237526484,0.8892048404320324,0.753915087671795,0.8418710493882549,0.7941147323416837,0.8813506051009976,0.7049771594824892,0.8740774801670778,0.8374699043619743,0.24721281651163873,0.7689661432844621,0.7499670280613517,0.7989156770788957,0.707179620485278,0.8384052858961323,0.7329595122667301,0.6421287882777957,0.7575060881519283,0.8728089278652791,0.7908852346270209,0.8583401497802231,0.7740027807100327,0.24418438857479474,0.8476990980423592,0.674383297974237,0.7661140624627449,0.6884857349083366,0.8022919193197582,0.6466226231316794,0.7368477627118837,0.804150659696925,0.6890414681439424,0.8676553447163949,0.8151863986611876,0.726713672692928,0.5605272184849324,0.782034726301365,0.9597983080772283,0.8959668370971083,0.6504824411670971,0.6850774020732624,0.6953940020853429,0.7740751320498072,0.5575115508612551,0.7252446788492,0.6934759962955022,0.6664087576358497,0.4977444470080905,0.8341988265747899,0.947780438618794,0.7095908648253995,0.7399287301671953,0.7706587720367681,0.8819552669695413,0.7068864700710937,0.6862444451633318,0.7035815998796984,0.6721560427486333,0.9264058368767983,0.6098944167350422,0.6847430072963141,0.7345092301749679,0.95811391935257,0.9666072734312493,0.16041822191917843,0.24306171494053475,0.1158137559665594,0.6684422269029456,0.4764797683086427,0.4684201605350393,0.9894004196955571,0.7963260033791801,0.24341803425225894
21433683.0,Šmarješke Toplice,0.9667466729591294,0.7887337018340284,0.61529805552808,0.7644580751860744,0.6880480199953867,0.7567392248903989,0.826780926273721,0.8224869744528838,0.3865715979132679,0.8490976465819664,0.9582509050459231,0.5186933877788036,0.8146499477887533,0.793027633685031,0.9939178063457105,0.8437530189688605,0.47027558057850516,0.8581515903393097,0.7267565187884735,0.4031627318044503,0.7743553998040082,0.7019219472463298,0.6268107636705933,0.5093607473260273,0.7338136766585963,0.6357563570236744,0.8033713622561406,0.8210517244967033,0.8082928100499656,0.5376034811744362,0.9987424879604536,0.950482477898652,0.7017618553525673,0.6038022458786633,0.5710256915047269,0.6287864398112747,0.6946872256360151,0.5484887774562539,0.3931290503627879,0.23088558983130836,0.6742936709576313,0.6849633774478784,0.787231454587559,0.7437596900316003,0.627612406483372,0.6830130315574532,0.6791241750565621,0.16129430096147113,0.1531936256157802,0.7492346743457485,0.6405746523044545,0.18757187681002052,0.8031039375782927,0.6684098336438692,0.7117354074589917,0.8455037240087877,0.6144096917667414,0.7004358836604934,0.3238943382447297,0.6194341910999058,0.8337109448441304,0.7422228002511193,0.6817125151786831,0.8184093107344695,0.5464562432256004,0.40082178416948966,0.8113229472664937,0.8052133099023014,0.8431010854284152,0.8107059679834445,0.8270921538529351,1.0,0.9875189887954212,0.6257465527819498,0.8297774938223639,0.9366158982444095,0.6579126296247402,0.4362710951346135,0.6344452760975909,0.39082760751089507,0.7111897246903474,0.6891313953677345,0.8453640271500882,0.9743844231868131,0.7590561164699339,0.6306412780973623
11027423.0,Sveti Jurij ob Ščavnici,0.9847685377637697,0.9014344920644075,0.6307922910603928,0.7630696831462308,0.8055415106948881,0.7927545712996764,0.7672140146774449,0.7577830708425731,0.757849196491493,0.9615519071826639,0.9918758836314527,0.7150169612055786,0.771087392308728,0.8377784507401304,0.9697392044459971,0.7830637634632401,0.9971278276201917,0.9924339803255686,0.8598017124731866,0.6710889612346983,0.8493040890884602,0.8040049728426275,0.22210015696747798,0.7161506669975022,0.7235699810087559,0.7679875956346054,0.7395385762422265,0.8054553206623823,0.8390355629290265,0.7276736311030927,0.548422560744571,0.8634282902152043,0.76635139350917,0.7785495740203222,0.7866034459244603,0.21937936631580846,0.9415540013035018,0.6059954771951703,0.7248661297686669,0.8031287567954439,0.9908280607914346,0.9893628768426461,0.5856003865477675,0.9958740508014791,0.601052146464125,0.9494006402589911,0.6315854096521439,0.8167375574740496,0.6054847913494016,0.7225361825116111,0.9583541764784496,0.8188735387926358,0.5725194833390448,0.6292224651002594,0.6291154257752767,0.8037666192255862,0.34018898002444453,0.7706898826409155,0.6265131714397101,0.6595348441522859,0.9089800933936959,0.9956519897738745,0.9325868683977532,0.7408912128028494,0.6768478115626728,0.7207232746980144,0.7488677199317801,0.7263545937071831,0.8390767816053208,0.7428898297379212,0.7570910117811561,1.0,0.9798523785906377,0.5951831375662823,0.7685878696809375,0.9477305675183136,1.0,0.14412243172277373,0.2183707374190108,0.09956753031143861,0.6844056117439967,0.5708015179215326,0.5932030386505867,0.9788762224969413,0.7565916494522633,0.2186908606884318
