Muni_ID,Muni_Name,dist_ATMs,dist_All_airports,dist_Archaeological_site,dist_Artwork,dist_Bakery,dist_Banks,dist_Bike_rental,dist_Bike_shops,dist_Book_stores,dist_Bus_Industrial_Zones,dist_Bus_stops,dist_Camp_sites,dist_Car_rent,dist_Car_wash,dist_Chapels,dist_Cinemas,dist_Clinics,dist_Clubs_bars,dist_Community_center,dist_Currency_exchange,dist_Dentis_offices,dist_Doctors_offices,dist_Faculties,dist_Fast_food,dist_Fire_stations,dist_Fitness_C,dist_Gas_stations,dist_Gift_shops,dist_Higher_Courthouses,dist_Hostels_motels,dist_Hotels,dist_Hunting_stand,dist_Kiosk,dist_Libraries,dist_Marketplaces,dist_Museums,dist_Nursing_home,dist_Outdoor_shop,dist_Parkings,dist_Parks,dist_Playgrounds,dist_Police_stations,dist_Private_schools,dist_Public_toilet,dist_Railway_Stations,dist_Recycle_Bins,dist_Religious_buildings,dist_Restaurants,dist_Shoping_Malls,dist_Sport_shops,dist_Sports_hall,dist_Stadiums,dist_Supermarkets,dist_Swimming_pool,dist_Theaters,dist_Thematic_Shops,dist_Tourist_info_points,dist_Town_hall,dist_Vending_Parking,dist_Veterinarian_Offices,dist_arhivi,dist_avtosole,dist_bolnice_ok,dist_dijaski_studentski_domi,dist_furs,dist_klinicni_centri,dist_kulturna_dediscina,dist_lekarne,dist_okrajna_sod,dist_okrozna_sod,dist_osnovne_sole,dist_poste,dist_pristanisca,dist_srednje_sole,dist_turist_objekti,dist_univerze,dist_vrtci,dist_zdrav_domovi,dist_Embasy_consul,dist_Main_Courthouse,dist_School_of_arts,dist_School_of_music,dist_Travel_agencies,dist_sazu,dist_sodisca_osm,dist_zoo
11026923,Izola,206.73615627172222,24169.48875373666,1470.6728203334173,326.6987787991309,275.86247060446357,5863.34625784781,275.86247060446357,359.1806453121511,415.51826411766353,979.1436944096772,223.3316704328299,2833.8797417873316,892.5775362487791,937.1904192196296,2554.9325960762444,6672.443509123014,47335.05034588362,298.7797090562899,5389.505350586566,59864.97663044832,9469.818081572555,11145.252492987816,6328.68954797196,134.34493827417245,13512.405611122877,1091.4778040121882,795.9373051966505,6166.9459700651405,6541.733079524012,362.86389195044904,1472.9141436961527,3780.867372131401,254.44077817383146,6563.1617352185785,422.2166874376769,1480.7213789524942,77458.54203089219,62430.06474346056,96.19955291576862,577.9663759445627,1091.4778040121882,6304.013587901558,6507.205448985394,359.1806453121511,6819.744392203999,4448.856206028687,7986.072251186039,53.487280304003626,5875.589696634106,359.1806453121511,7695.904267093068,808.6777407268473,182.42519413982524,4753.581003197262,6724.097906784415,227.1954005857129,283.3891125149367,13730.089505237092,298.72241345459605,8016.142256951935,6693.345865135221,383.0398461416863,3126.4395896406904,528.9542566583624,5745.800571590949,1897.0885305613765,48.57107823464284,596.0334925331608,6541.733079524012,6541.733079524012,471.98578083258735,206.73615627172222,6958.848944032103,376.3704017276404,134.34493827417245,6593.152084911346,471.98578083258735,596.0334925331608,106822.34475741586,107541.6549084876,196003.70348510245,87372.749136678,208902.58850158154,106797.24360465574,88053.29084546852,106441.85059398155
11027776,Koper,295.1786728474071,18949.578283310457,5124.707302072206,400.5236439344166,227.4898508971562,295.1786728474071,378.3591950444034,577.940678556015,442.2563737008694,1510.923879923473,306.8441980060015,6783.568770440858,486.9416033751119,1278.7976723940108,2913.22700042244,1055.6195428600286,42115.13987545743,99.02421134040976,366.1328361064375,54645.06616002215,15385.583344279456,16163.158589275832,978.4868410489654,479.679878960387,8292.495140696668,598.3755007677966,1275.5875333623121,99.02421134040976,671.8587389118925,336.519533217133,776.0387891706725,9696.632634838299,1120.5261793664558,740.5722869141737,980.3566889285294,672.9332435875513,72238.63156046596,57210.154273034364,461.17647541975526,225.61909646595808,836.3196390903726,953.8108809785639,512.1978245488923,798.8417061528492,1529.7793907671664,10364.621468735586,5673.045729391938,99.02421134040976,764.6951176299272,577.940678556015,7407.936246266293,479.679878960387,514.8916552094304,2234.752318609367,1067.90358804298,607.5354460504931,342.63546901519743,7735.815626236655,594.2444295175536,2943.5082482281714,698.3382406987205,571.7881946941512,4047.2829441066615,512.1978245488923,663.9317884542053,5410.5286988637035,0.0,776.0387891706725,671.8587389118925,671.8587389118925,512.1978245488923,426.0002003713015,963.8413195956011,512.1978245488923,0.0,1242.9493779883524,99.02421134040976,704.5645744631123,101602.43428698965,102321.74443806139,190783.79301467625,82152.83866625179,203682.67803115537,101577.33313422953,82833.38037504228,101221.94012355534
11027997,Piran,2241.4464485217854,33422.226225516606,7920.673219124458,2241.4464485217854,2675.045281170525,3040.411593628519,4625.154960593662,2571.7671358758394,4258.400005216804,5432.073143098198,553.8649535804312,6009.446591045379,10154.758467897642,5311.260438246891,1674.0920802421722,15925.864177199657,56587.78781766352,2241.4464485217854,14641.17453902813,69117.71410222827,776.5786633568106,8499.049960426955,2234.9491483878614,2675.045281170525,22765.143082902807,8759.909125428943,10058.118236845512,2739.7859615355405,15795.536778153642,101.97867195087042,1677.0777576670514,6080.259315389751,3040.411593628519,3022.2061722022504,2946.0542487330385,314.53368421643086,86711.27950267206,71682.8022152404,1243.932799603416,382.2788769922544,2336.3844828675315,2695.188118572038,729.5921358691593,1144.80779025293,16073.165060280644,335.7364716957802,16700.023505931124,34.97884125822546,4678.408592191541,2571.7671358758394,2142.608386380109,354.4893159971191,1667.11983102157,2336.3844828675315,15977.901605414037,4591.044623658956,1257.8326612521478,22983.893203866715,1241.4612036771346,17267.811445393498,15947.149563764844,4770.2023718524315,12420.668989688296,2186.027391416867,14999.604270220576,11167.355147214352,34.16841241271995,2719.8828014496885,3060.8895299926403,15795.536778153642,729.5921358691593,2670.775774211102,16212.65264266173,34.97884125822546,34.97884125822546,15846.955783540972,262.7814618513345,4337.139406786485,116075.08222919574,116794.39238026748,205256.44095688226,96625.48660845788,218155.32597336135,116049.98107643562,97306.02831724842,115694.58806576143
24063526,Ankaran,200.92277722877463,18017.240596534793,5595.301312727818,1779.368741395342,120.60178360883397,0.0,6378.386870089808,6573.081997583075,6854.3981879639205,4037.1932895656464,134.27090969647483,271.2312526365727,6394.143480860945,7004.959136385891,6608.725421182675,6309.369340428822,41182.802188681766,0.0,641.2859977760837,53712.72847324649,21796.991413106443,22574.566658102816,7138.319323531572,6423.206894820715,7535.596230286479,6394.143480860945,7001.748997354189,6657.721853793802,6223.114670579535,794.3868763073556,983.0102021295493,12349.986952267878,6717.172752281671,6285.380203550945,7140.189171411135,6185.133026379488,71306.29387369027,56277.81658625869,0.0,1291.22925530103,6189.297154022933,6883.888050669563,6527.992208607825,922.8491019874266,6783.529188335963,16776.029537562572,10254.02788338513,0.0,5639.683959398599,6394.143480860945,5192.755454255014,6674.405288863589,5639.683959398599,8646.160387436354,6790.617113878056,6309.369340428822,185.89460186590435,3217.7626550011228,70.08881924171338,1776.9725766991685,6333.248343698081,6503.972867243616,1070.6820657557962,5780.7183032444655,7019.047178512598,11821.936767690691,415.748492911309,0.0,6223.114670579535,6223.114670579535,256.0444182680948,103.27339400781379,5805.878169303344,6303.25485587514,185.89460186590435,7402.781860470958,436.9305746373635,6447.378339341848,100670.09660021395,101389.40675128569,189851.4553279006,81220.50097947608,202750.34034437969,100644.99544745382,81901.04268826662,100289.60243677963
11026516,Ajdovščina,221.08010987541448,1096.6592352553973,23055.220438749988,724.7456594210425,299.6397832959955,242.20182467279116,13742.744679580761,269.4039998445436,206.02379628140906,393.84456291512515,269.4039998445436,682.4742714072056,558.4732508556717,1178.8704514493852,1803.5105864399563,38222.619874797216,22642.10856308508,259.36242859866644,5664.579796483906,54908.234097304405,20715.967123993196,14342.898163256941,7236.864283846923,784.0564952297251,23404.433765099267,22097.136441618793,1516.526021687619,24532.74979634926,58262.43314376257,1430.5698203589018,403.9915211737178,4486.282359596138,23610.754745007376,5083.405712503946,5677.809675660321,18813.164993283433,47306.04240160918,33501.0156094289,191.09697880582107,89.8334677258755,10866.644567286774,23390.234626139714,23382.809325093935,1178.8704514493852,13635.533706729786,37472.00961602363,24540.040390737635,89.8334677258755,1407.6614983555892,269.4039998445436,682.4742714072056,24264.122429750754,206.02379628140906,51766.1100942147,14403.339202244206,0.0,268.9456920677618,20631.953269457914,13742.744679580761,827.7032333686054,23667.161119438108,184.11257141542725,21961.43994852478,654.3084021459184,23620.840694571885,21961.43994852478,221.86768672907206,357.1141970473431,295.52192405650476,23441.98222794929,609.7680146364521,191.09697880582107,62310.350502412184,654.3084021459184,654.3084021459184,23448.82140297555,383.8924401646615,440.12822456973305,61188.38720777525,61907.69735884698,150369.7459354619,41738.79158703732,163268.630951941,61163.28605501516,24467.336615041357,60807.89304434095
11026524,Beltinci,400.9022642794112,10636.390697440365,42817.712788206874,7172.496226511153,8134.744237757834,8857.303221880129,8445.83791731762,8073.587386479998,9338.714410467841,1828.045812199192,490.4080120430691,10064.255876449,7890.9014955228695,1085.564476767106,965.6524824101972,10487.197758328246,22161.471899583183,400.9022642794112,2944.0136598909216,19544.33967516197,7275.358307744646,8511.961678328264,43572.914542483595,7785.187538479156,2615.316628573702,8899.017293879106,20319.382332450437,4276.173421568074,53205.43569611318,404.42156492864234,8894.087098003862,10851.138093799542,8899.017293879106,400.9022642794112,444.02330482551065,9572.351806721803,50279.92717538498,37249.9315338048,4029.1989401352653,2803.950768558557,9773.48982445095,21327.521171028704,9762.581922846959,7244.965913879217,3134.3186614750066,4962.196693088934,9572.351806721803,492.34429576367654,8806.6352175592,8161.561181112617,20038.674581706844,8505.886482385435,4370.846600076966,9931.393493714699,43175.447893471115,603.4103496886466,3437.310285574282,4315.185664973088,6826.431068334597,42851.86728298189,43671.033526481915,1176.4758928234285,6826.431068334597,9209.491650644242,8358.396466254482,6826.431068334597,114.93392584896493,733.1170696888521,8534.201907543984,8534.201907543984,608.4530012796906,508.16548431792893,270462.9212232631,6641.633782714737,921.6911136873762,54414.75678629285,643.3664718055363,9706.171667524113,166375.70869796778,169067.28936442902,6181.4402129413265,30348.133104482993,15684.310708675099,170318.0648496785,16768.88619049361,172140.3395751644
11026532,Bled,128.9049492473781,34267.08749154354,8548.638591072902,648.8145414000126,133.8326365390767,480.19668569393565,572.1488971131078,2518.723669349809,478.3679500168378,532.2715096563184,0.0,2606.222995600753,3979.4333565387196,269.540075536062,459.58984790971004,6002.612212846413,20718.28528106902,0.0,29288.8430382133,50877.23518862356,5963.346101202779,19128.7051659392,24466.37629131955,478.3679500168378,2036.7122959850558,36066.965699332344,7655.183743427969,604.3265090647296,50660.39434960972,157.07727160173476,294.63669087807455,2831.3864818748057,6238.02720019392,14184.86608397643,6217.109959390473,6505.7481721875065,54455.383011990336,422.21295593740217,81.39781779300584,840.9190438911006,1912.8966332888408,13692.615051485116,898.2387193301407,469.4165219483834,3117.035004209642,34234.21561983403,743.681662726026,61.72222158175265,648.473534179101,81.39781779300584,19530.148036551825,12803.397478818428,325.1212410328508,1912.8966332888408,648.8145414000126,3966.8755920085723,81.39781779300584,17599.956616362168,294.88346951449694,47155.50505950096,50757.07710247658,11320.972611198802,15664.512498469972,367.7109977765331,25212.919967372745,15664.512498469972,0.0,478.3679500168378,6092.026200324508,25489.037983831367,859.0421536851047,311.7708359091218,148114.21399879723,6021.0022784821,100.9021185550123,51770.06180793447,343.53594643786937,25017.24663279823,25212.919967372745,50780.59941477599,120469.34873132709,25947.16698561433,133368.2337478059,51607.13658476334,14249.640849225676,50955.28247000846
11026559,Bohinj,226.46762103607273,54451.39111432189,1194.860516939119,139.3829551817838,213.33500042243142,226.46762103607273,19729.804722121757,6086.493915547813,19916.775681171912,748.9608182324168,205.7001022822132,12694.85924776406,24163.736979317047,20453.843698314387,46.592869219609284,26186.915835624735,416.3316618341492,175.10825568580248,46952.32704504915,66837.8510790362,26147.649723981107,39313.00878871753,44650.67991409789,6003.105787429876,1783.8730400256281,45925.0869433158,27839.487366206293,14282.667512277107,66621.01024002241,160.63184890088164,6063.75345506638,3741.9508026003296,191.74011422843193,323.6066835833159,161.9861968752092,7661.172904158862,70415.99890240295,19879.740663297463,222.25515357320197,467.6466223946619,268.69295532185413,205.7001022822132,20930.24267513823,569.2103272329379,575.617531055584,21710.114486677354,20674.782611773826,171.57416601954705,20106.001241539165,6086.493915547813,39714.45165933016,32987.70110159675,191.74011422843193,21928.05352565231,20579.915490447813,191.74011422843193,46.592869219609284,37784.26023914049,5300.189256354724,40075.971057252515,66717.69299288922,31505.27623397712,34390.02377551518,20382.867890140005,45397.22359015108,34390.02377551518,46.592869219609284,338.00324922115004,26276.329823102828,45673.341606609705,283.1832807810281,226.46762103607273,148096.1113753683,26205.30590126042,66.86288770837126,67730.67769834712,327.64580788184804,45201.550255576556,45397.22359015108,66741.21530518866,140653.65235410543,45728.119266570495,153552.53737058435,67567.75247517599,32975.15212627089,66915.89836042114
11026575,Bovec,189.56024691087623,84401.82223647796,14909.11343766568,2517.721773035607,482.86080889994906,216.51390388738886,419.5556612910296,21114.637724565062,35272.26519409946,1177.1738117896143,119.88350554607179,1267.1737539605303,20899.32642139448,68459.43583989197,481.64606220423474,67992.44496188677,70672.68908309632,119.88350554607179,75308.849499172,121101.94482081528,35327.56243109195,51025.99465027429,90973.68595126052,189.56024691087623,35641.84033992397,45193.39381040479,68723.64554924725,34937.03474148376,119526.53296490523,68.13148235015652,10643.978487693692,5318.2722946145,67476.56392459555,50282.35614996529,34433.99826352808,2638.927892267387,116929.94067802044,289.8571181392986,399.12712048148455,296.1985223791281,189.56024691087623,67714.31130570553,35672.54376515167,298.818006697943,41461.12664352111,78.12380813901224,16480.462154928486,51.37113213995304,1123.95422990286,324.5912246833733,40157.88364909926,70030.91453144989,119.88350554607179,80159.01078583054,68408.9973097425,20224.63873667021,119.88350554607179,201.90850799905704,3542.1800387208427,35074.96463581978,69860.351326761,54160.73799350007,65978.3699246062,35869.665437439435,69814.03090189476,65978.3699246062,0.0,235.878213696724,35323.374583674406,69635.1724352722,325.5604698839801,177.5826038081193,146047.17216982562,35672.54376515167,28.07571410784424,71923.66347576212,442.0903132061151,35340.025964413464,100687.01076628656,121005.30904696773,195942.978005722,101421.25778452812,208841.8630222011,121831.84621695506,35323.374583674406,121179.99210220021
11026583,Brda,194.40991609342825,38300.79871990531,28728.690936669635,14668.60862281769,14633.047053676612,208.18496905646958,14506.991728292005,16197.638743189198,16793.651333568832,812.453977656029,714.4837310247374,1913.2371919944817,15428.321608826212,17105.756616329276,820.0966303678894,76442.45752310014,17443.78523701005,714.4837310247374,22296.582266908452,93128.07174560739,16012.327547807181,5357.63951065238,45670.51554395639,3068.0226062968572,14594.401975467104,17218.537116266823,19255.391839554464,3068.0226062968572,97252.9810984247,1023.2567737703484,3843.9248823513635,5008.425573510821,16575.041106244014,9670.613897584453,16596.811297663633,3068.0226062968572,86296.59035627113,67304.25049259393,279.8768480474263,399.015703366936,15894.9563033593,8861.602992914217,16763.46633112885,1348.3981275431906,11186.925682151696,28210.065900346486,40770.1474893706,1212.5401735084401,17132.176812016267,14699.976095082704,15747.228631169077,16802.010685363628,1356.1698606072152,76361.6634478226,24730.907858081042,2721.5496164400156,1929.2061019461878,16599.561758069332,16259.59195183465,16460.9761339202,16631.447480674746,13574.262873033409,20389.16443891683,17190.27431946142,16585.127055808523,20389.16443891683,194.40991609342825,194.40991609342825,16961.840330665837,16406.26858918593,412.5781502349298,228.6223563778434,97846.27703985013,16658.766141271604,194.40991609342825,18911.396243498562,412.5781502349298,16523.556286852654,100125.05544509235,100898.24531350908,189360.293890124,80729.33954169948,202259.1789066031,100153.83400967722,16961.840330665837,99798.44099900303
11026591,Brezovica,1211.000416783904,6360.747629360561,8510.494703359509,4078.9220057906387,1248.6749976857352,5420.815576860477,5206.9194184970065,5722.02670647474,6451.377697382497,1028.8000707244823,418.284194645117,15121.210796602641,1398.8444043975949,2922.139246568834,1755.0703486202815,9686.246433729142,8179.353100144289,920.4149931612482,6484.949779144275,9731.439045954725,6177.001449754962,905.4775635781599,6653.9312774891505,1583.305976769644,10757.28418779657,5450.452153533494,1974.8587453973673,1429.9922123601837,5666.337400089223,2797.839010243835,967.4288943545796,6377.346854771409,8199.335638953238,1175.7145371504516,6044.051317664623,8114.515112184229,13118.44563641288,8623.610442251043,3060.9936691692005,1032.4037464996313,3341.0613155417323,8396.233216752726,6959.1188910457695,6122.887677648422,1661.2267463163628,375.319523530082,9638.521955684339,1351.8214081624496,6471.7709019838885,5722.02670647474,6723.541624970892,10507.001731298322,3537.682569310543,7404.44732061535,8551.320456947255,4048.9885280654976,1360.2517816185946,9891.195760614173,5018.765887397417,905.4775635781599,9288.07930287419,6697.845924859728,10481.442954999675,7254.459187837458,10602.183008871907,10481.442954999675,725.3217531131138,1368.8503425372105,9381.843511926674,9311.601615173613,203.0065339965248,779.277529803009,93808.25734458174,6691.195177618893,815.3873561652665,8730.115534512921,203.0065339965248,8084.176527781608,8592.291464101876,9311.601615173613,97773.65019178862,12576.913181061822,110672.53520826728,8567.190311341785,31124.82541785545,8211.797300667584
11026605,Brežice,104.86254110958039,6569.311983123025,51433.15030785175,354.36127638727964,104.86254110958039,0.0,11076.310962033647,742.6409677134201,49346.92890925782,3423.905721254856,187.88128656578976,4256.3421575784005,39151.86263123266,30687.987700074253,1801.7810880288391,24587.86857443424,50160.89272740111,0.0,28806.970833816307,101039.81451460194,41808.18766778067,47426.581319255936,66979.48866010351,104.86254110958039,10197.805175711957,11100.602924881778,12365.387398030192,11756.683731451703,61144.27451329454,2156.1083875282666,2450.6906822466017,19027.608381383205,978.3433979748646,29419.710724152188,315.6012320699377,354.36127638727964,50890.03570390468,49161.82848252885,219.47381351751528,426.84580268609363,2852.179630577277,5954.7259268595,12607.12267885211,315.6012320699377,2323.289970361366,57881.07257354681,37521.83377646654,104.86254110958039,1901.8233534272836,742.6409677134201,31492.32259548834,1296.5180969151938,978.3433979748646,51499.763281825755,57352.91584904614,315.6012320699377,348.0906436529549,17456.454262684598,39752.63200605886,50834.7033708453,60539.187921707715,450.07475824450734,472.3948375184071,37624.715979142406,121.30749789381863,472.3948375184071,0.0,433.5807931494728,183.9748463350194,13025.373754303868,426.84580268609363,145.43507413779034,194583.14718095382,308.85704185540806,104.86254110958039,40427.96382906386,315.6012320699377,433.5807931494728,99936.1659699286,100761.25148813752,68351.59423914354,81520.74884027318,49112.95928514895,100351.43622315442,68351.59423914354,103091.84589887728
11026630,Cerklje na Gorenjskem,387.29264292513204,7926.634812768614,13287.1760681562,6729.726967408178,843.7413279408527,6820.6584639881685,10114.90736105154,13186.508948033808,12293.933817949837,4300.090937441589,437.08590757735226,14196.76396432878,3877.522366299199,7053.756885080946,177.82231628110577,10692.279890916292,11893.385123569087,437.08590757735226,7782.369267320074,24362.048734183685,10955.297659714655,3792.7188664632567,12401.577201367916,437.08590757735226,6734.969079094518,17495.5507152625,8116.154867624578,4314.674712862823,23990.93709484825,7053.901012564264,65.2698115235044,3390.1194126639225,11472.677743937793,8134.39350730142,13111.627543438673,12293.933817949837,26971.04257927854,13698.435876617696,520.1374790744022,2324.0911351995496,8171.332206996074,6829.688396485794,10560.399500891097,3818.2168226493627,12586.92542291611,6811.775966655233,2589.473508388207,437.08590757735226,10025.803177245407,9757.637420583547,12398.324115190879,17386.731405871426,7620.093915338951,26732.427047159883,12931.600319593002,7713.7165676095765,1494.2542347107258,6829.688396485794,11854.278525929893,14496.085938535496,24241.890648036675,133.8374073778157,11920.055258803795,12409.053754416433,12050.86462874295,25435.254300162178,177.82231628110577,573.9862335095845,11715.589847131025,11715.589847131025,743.8307418249767,573.9862335095845,121642.24134884842,11199.883728733706,192.92466854845316,25254.875353494575,437.08590757735226,12123.981996305856,11819.067658599557,24265.412960336103,85857.40787745037,12570.270258061166,98756.29289392903,25091.950130323447,11715.589847131025,24447.117440471528
11026648,Cerknica,311.3630302236652,3322.5733766475178,17398.039625712398,398.6132525284784,3632.744417750456,354.8602501107898,15487.845327017174,626.608721183771,1220.7716258819473,1946.3784562343253,133.10949866257135,2404.1223570048837,16001.619804681386,2027.5119766156245,1308.9389257386983,383.08462556890163,18711.28700314205,399.37191887021885,15001.130536155788,40189.36065849294,15124.152705512404,23590.428785118624,39678.106633489835,14975.910108746637,11213.054349014974,14975.518601808146,1352.4468513317274,14929.842144266235,38690.5127560899,4161.974551799806,1090.4758671322388,3320.8493290877273,37746.134668119295,3862.059722346763,15066.989979291264,15788.13975272628,1064.599685966393,14286.348390984309,1229.1246058609477,3616.1824707379274,406.8612932471816,34945.212214562984,10988.123413710951,623.4202144643504,4575.500150862937,15818.885225669123,22757.32323711778,533.8821511253374,15138.631422462286,626.608721183771,23572.5037625067,3778.8278101666497,904.9892500812783,16240.513501903413,28316.93986077555,1220.7716258819473,499.2836569493697,18153.06850405564,3027.369376996411,15331.62295546427,40129.41093029944,15107.46605873195,15365.395674966574,15401.235249790503,14913.843580697161,40505.20331731806,346.9786671117289,1290.8315296826247,862.4941682649365,40812.20076265033,103.73939065417949,499.40404329297974,70628.44470671778,15401.235249790503,366.8450277815887,40417.81556771818,1139.2830228667406,1290.8315296826247,39402.47143458149,40812.20076265033,128403.4949796592,23447.464310403255,141302.3799961381,40254.89034454705,42509.76723365037,41235.97265666827
11026656,Cerkno,202.9304740134044,53123.08000913761,33857.52697709864,8579.909653244998,20169.208034277315,19293.508724193172,18039.483409653087,20639.57141476339,20583.664297440588,339.0521594038628,180.8624682328005,27705.008330308647,31515.191831697073,19557.784397340718,2775.6565072126346,46029.66033505398,36165.73872756555,95.6443323388286,38458.378685290634,56086.59815819337,32610.658272212637,41778.05581519155,47206.73486181778,31631.88664136424,16493.959121913816,19416.426274414862,45274.52569819186,34940.56863370696,55239.44774114763,17998.306351373456,5084.189810946644,4079.810679819414,36109.20679389921,545.9001474745264,33740.68655225345,20684.87992425101,59664.74598156014,55340.303478968584,34.3781917571551,4780.067504216627,17044.70860322714,19021.093326480095,536.7425485955771,2590.8398716477454,15669.701109069034,14912.288239687136,35078.00799476859,623.2486421738018,21225.181718840096,23199.551841181685,16606.959137570204,42791.274728391516,16438.84748089578,17044.70860322714,50337.26153025633,22316.89424254761,155.49674158304225,306.2211147451086,28537.36139518857,194.0748854008339,49105.08720489084,19224.539495785313,47058.631455554285,32011.72657877557,46263.708405966034,52630.973438545276,24.611755830407393,514.5582051013499,20727.44067871811,46896.852889977,618.3323968416789,306.2211147451086,108122.22693512947,21096.951111281207,218.28362887226652,51153.205243127,460.90390579490355,20483.495901418184,45953.92721180891,55989.962384345796,135062.2031341994,45812.31443805036,147961.08815067835,56816.499554333146,20727.44067871811,56164.645439578264
11026664,Črenšovci,940.3711111222901,14744.685820964245,45258.04854031763,847.4819315901118,9804.125903245005,13384.5309940309,5329.450579472107,13914.180122531325,13454.188322348562,966.8183884460421,351.58199933289916,15439.945520256095,13731.494231574197,1424.6255226162205,409.3327475491731,16327.790494379573,27752.67912091302,864.3509778409107,900.4236640241003,14798.401056662704,950.3440128236043,14352.554414379589,45798.47365550456,13625.780274530482,8455.909364625035,14739.61002993043,17620.809422571703,9031.804008231413,58796.64291744303,6106.440447341474,14734.679834055187,5259.0691973532785,13454.188322348562,6327.737081422941,6284.616040876841,12244.45032399118,52505.48628840595,42841.138755134656,2481.66307213485,795.8752004552354,12844.749119506723,19037.001545159706,15603.174658898286,4815.361757070426,8974.911397526334,10802.789429140266,11205.609465047497,6547.72838007453,14449.580587901635,7029.281182820064,15292.735963207579,14097.09370371527,4621.618029126233,15507.789113666353,45615.78364558187,5212.535255677068,5088.598240616497,2195.6763472970274,12667.023804385923,44985.1812763195,46111.36927859267,793.9517515838926,12667.023804385923,15050.084386695567,14198.989202305807,12667.023804385923,514.3978125520941,950.3440128236043,13824.246416711438,14374.794643595309,1204.3436723203017,864.3509778409107,272688.4803362841,12482.226518766067,720.8835705987633,60005.9640076227,1204.3436723203017,14124.789354393766,168601.26781098873,171292.84847744997,3454.8565376506667,26685.05876412837,13746.040425019837,172543.62396269946,13776.01626300178,174365.89868818535
11026672,Črna na Koroškem,158.83431009263896,26965.85620026664,22648.558019025702,15982.745325286996,15625.900446122072,19620.90673727221,15294.423378501418,31960.388851787036,62628.333946666564,849.6617449361024,715.6808873899209,25951.52364508556,18387.58028148126,32773.64361196,71.96233759013046,33582.937260567785,45458.11623967592,253.557459897255,27589.39349717499,80937.70461543261,18620.82477111515,33043.487860751826,34500.94561027135,8184.432225714109,27361.18631317117,30677.22679613973,31887.698768345665,8184.432225714109,55437.92085862477,26772.041121276026,13378.254458911151,1322.7010418565167,167.4838043001023,344.3740097701974,19658.70656674956,202.978829611842,80918.20131890733,35946.51912961259,202.978829611842,308.5816688581344,7821.679354002852,15550.797079059452,19373.97285786376,8018.158294251508,15241.913963353129,65372.28285339248,10655.958753888695,106.46006141668235,29542.021834425184,31960.388851787036,27906.903151175404,754.2769161991988,167.4838043001023,25319.245994586716,33500.75142927432,253.557459897255,142.82969175184368,28133.89603016885,31901.734229214802,32769.44249779505,56035.3637022107,28981.806726587478,25764.64565837887,34313.50942516268,28319.131805915316,31915.080051652498,40.347862003709224,487.2028058043319,31902.17500853228,31902.17500853228,536.0383634090008,202.978829611842,182433.1501465882,20009.088222697097,187.4564030465924,82451.218996175,536.0383634090008,19848.027057306037,79969.7912242551,81274.91820673613,42053.28987051925,81175.04555242039,76955.0356018327,82288.29377300387,34101.50647367414,84110.56849848974
11026699,Črnomelj,448.2272401931331,10665.792906215951,5335.300363847327,7091.421724643091,2799.5993615734974,448.2272401931331,26486.661673677943,31648.493515526017,71242.10528034071,1137.407736641505,473.6483677028341,10273.021046689993,31138.480235755043,3905.371659544283,4784.845469379894,30920.508427438155,86682.77716659605,637.8714136406892,39164.54156319968,87410.34835050265,38917.75751568612,26067.526542883385,1108.9039416540827,16921.771489256167,25944.001116049898,32631.57700298421,14999.467035357133,31961.572940442795,87131.78532403824,10186.104636172815,8540.891928148592,6488.077527032256,66501.48585571043,633.6620073276257,65372.96345520404,537.2549462592087,86928.08346599276,83415.61519749532,0.0,2812.0719312202004,20300.85454766122,49717.43604589267,31253.32708124721,480.903766731271,1482.1457782201987,54224.58340868049,3862.510831692425,394.43794094240997,796.9873606074232,644.0487278671893,39816.169922901296,401.98349679319,25764.658573602355,26723.72839203292,55216.08307880569,14538.240627533578,450.12353229832337,12351.893642282108,30749.395329296465,39228.548598034286,86448.99549168738,394.43794094240997,30955.304801669696,29813.88606723466,30994.521704948336,30955.304801669696,214.57143283218173,633.6620073276257,450.12353229832337,31654.037772763088,322.05564550413396,540.816511479386,157408.97884430294,1469.4173659058936,633.6620073276257,31211.354222275353,1252.1737804580764,816.0826122288482,86306.69980582931,87131.78532403824,117938.80593546652,104183.26087668331,107572.65120002763,86721.97005905514,71276.29144722888,89462.37973477799
11026729,Divača,379.9749715760319,3277.3923175164327,8350.0246752662,6802.959873516402,9524.654242758279,9503.37558298783,24921.109754718866,9655.991197404559,9924.852428180244,775.6980534607018,1165.348905278622,7082.116401399392,10564.343743903604,23072.578001723225,240.24852592292228,23515.535054878605,9752.91034208071,565.2158785983926,16978.176862721222,27874.18297264587,10098.536485639188,18004.49502065403,24919.722106754027,9837.042528973585,8527.024526378114,9736.118467527569,10119.567789926641,4105.6025861823155,32241.386325991134,8704.719762718869,230.46324777222642,1970.6834195548327,13592.431233968146,19810.82727218262,9932.882735477971,290.7332093085346,40317.04966171447,25288.57237428282,145.2623322386419,1305.1030993967734,4737.931085235443,9924.852428180244,7956.747061510258,1970.6834195548327,570.5925407342968,41643.268181806314,10463.1946152437,145.2623322386419,23402.297806913673,9655.991197404559,17563.132348655814,23562.090748888037,216.07636338748011,34015.91332353916,32867.34467556532,359.62325056416654,308.6907540684552,30793.65788315682,22729.559966609213,4614.323383739648,32409.975905385345,24682.31985119476,9939.169351506147,24327.94568283451,24580.958181709906,36908.85085208046,216.07636338748011,82.36766898559924,9859.677025281355,32241.386325991134,331.92635142374843,240.24852592292228,31882.60573099061,10210.22548014152,177.76670392717173,33377.852221303765,452.4786238050575,9654.801307308408,69680.85238823805,70400.1625393098,158862.21111592464,50231.25676750015,171761.09613240373,69655.75123547793,50711.13419090826,69300.35822480374
11026737,Dobrepolje,65.86033646365043,18100.695514633306,16441.682415953663,10933.309425668194,14609.564468974371,14794.443683760754,27451.33320355727,18444.095946870657,30748.25140039508,8810.365008509203,169.01242957396428,15988.99809570428,26840.240071725897,16115.014028115942,497.25932708432305,27446.387452788495,31274.288251596994,123.89689199260499,13882.921659857762,32001.85943550363,22295.023587018848,11351.586544315376,31371.49424406905,18400.923970377717,3905.765540617619,14550.504636404887,17158.97611039908,29249.257920767915,31723.296409039205,20677.645441403318,27089.783710485655,6633.684873754144,27534.155136539284,9193.89552917816,14629.04983617604,17955.56807306232,31519.59455099389,28007.12628249637,8810.365008509203,3009.2511255513355,1825.330259411243,18037.04601064335,4139.95613375778,12487.622046079794,2007.8391948363296,6714.24534318521,13119.86534469016,70.0200187406753,13947.755419327586,18444.095946870657,15098.417737104328,30414.444203134797,9488.017135531833,22808.77716896177,14205.921201428207,9610.173198803366,1337.0666224667802,14982.247634358857,14765.578291203545,24156.82551335958,31040.50657668833,9407.090121822748,31416.298963706944,17754.66694613161,29936.23233208952,31416.298963706944,17.7908969453286,143.6888236474595,14903.125848637721,31723.296409039205,520.1720393556759,82.52892406710788,108462.12124441852,17754.66694613161,8099.860072831379,31476.40636722722,4166.035754824282,15107.423135751056,30898.210890830353,31723.296409039205,105864.6044230918,48156.5803881651,114707.81563705315,31313.48114405609,36933.28443702337,34053.89081977905
11026753,Dol pri Ljubljani,339.3951242742393,12047.499790200936,5995.674018550004,4135.969247111845,7663.3651908037245,7447.358768731522,7494.7636493858745,8435.07266876211,8199.396096194496,2846.260185048997,351.95451504268345,2688.357438102245,6595.869622575032,7946.07496835573,865.7087809415336,8319.123587075708,10709.214321586254,402.0082231846366,4339.6179857474035,12203.478203105806,8747.479564404304,9371.892848157197,8319.123587075708,8334.563112807562,6313.957683639463,9128.891594594419,8536.671536033802,12106.546459872961,12096.718864204136,4282.049810167664,4332.525003568045,1153.8580687289339,9573.970844580954,7465.188987053931,9875.849678957195,8133.48557680848,10263.166874782422,8667.149992198738,7739.891994758743,5158.162144316939,7524.93416897318,8567.677199734664,10174.60401971936,3867.9058049341897,3788.1096058725075,37.31017547003251,11193.536149897222,4282.049810167664,8136.372202865761,7345.248912997087,6816.406387616644,5244.530697078502,8105.246466422273,15798.141351585587,6061.740795286416,7645.7198957941255,1506.5860635342694,7624.793594161154,8585.380687586092,10254.903139860067,12465.647420225529,947.2884375668975,12199.15714056243,11638.350416108806,10550.296897707825,12199.15714056243,0.0,361.7872164463539,8138.722021812992,12698.296153028297,837.0359357831203,361.7872164463539,114093.92801186189,7703.19279234972,716.7890436216337,14111.996861448788,2661.4106036933663,8137.988222315113,10006.715486567027,12698.296153028297,81823.6146399313,32862.58384834201,94722.49965640996,13949.071638277652,18225.28407367856,15771.346363763558
11026761,Domžale,385.4370930749486,7577.535861466611,6407.414096558037,414.7654621706219,1171.510189380937,1116.332154810771,414.7654621706219,7454.13520077669,866.2959039538134,1717.8957668882508,6.691532100582861,8787.366090856056,745.4361010793424,3111.0920900753877,0.0,1556.221907951304,11954.890801513957,170.2042518956078,3573.430961430295,13653.851977171527,938.3713935289387,3685.283131772999,1556.221907951304,287.095269609807,850.6467957595212,8893.756616759001,10788.1703343138,10186.168546701367,12927.616209454845,5738.07439968049,2141.9733077990795,4075.8349656676933,8079.0741988669015,1098.5019364883622,10041.168248643498,1399.2433708606418,12514.665673062418,103.45906865644388,1144.580579173741,808.537612742102,838.470991047301,10174.472828320615,7391.271930012643,414.7654621706219,1104.5174592850137,6082.010165675838,6114.120585175565,287.095269609807,103.45906865644388,1218.4420105452052,1426.655751827283,1411.331390071404,1342.3447872978695,16853.510848050624,3383.7939950231225,1497.9869335228316,842.9517958130868,12591.966003742724,10599.52827791965,8224.04282091116,13806.950625375557,517.4520583099861,13667.123765885792,11212.530217882193,11941.875806205,13667.123765885792,572.9148587060936,590.1373644216967,947.580736554324,13991.06556847495,582.3827638026811,946.6832495193519,115149.29750832694,886.0734076747989,402.3572583424128,15167.366357913827,311.9177588164931,1006.9033219970818,12020.863076900585,13991.06556847495,75322.0141097378,25304.21267987883,88220.89912621648,15004.44113474269,10100.493756505333,16826.7158602286
11026796,Duplek,1032.8053332287977,19381.1061800358,9212.97474371245,2862.053885485235,6794.283156602515,7170.511631010104,10282.618531482662,9481.46269309401,10370.385148779616,1874.2431942391172,540.0382780277349,13534.3942456144,7290.730489249742,4649.275929193965,1474.6110400124849,12305.277956006252,10731.591113484661,991.342433730591,8493.275066107859,67764.39674667263,9003.487174160924,10819.512756712378,11009.411004820638,5986.417937150655,7931.846990338269,7288.259948382679,7080.602915433443,10322.78372174494,10715.876288733418,10974.03495980647,10420.98575740629,3743.769043580225,7765.636055666102,10911.734632289874,7284.610283966411,8354.598610269844,22450.54541542,13988.762115786629,1154.1225367228285,5737.726500033316,1071.2442153185314,11537.783524297356,10968.097257277615,5737.726500033316,9558.431622577085,18780.537422203754,12297.33554642456,1830.9772432356708,7201.726546682391,8105.275850283314,11536.02608070329,12065.93679061059,7527.455579615663,17160.74722169738,15117.980430607799,6649.593619941772,3134.8801060660367,5067.81022399113,10448.35223396672,8756.290529863836,11044.80022664539,2711.7906160546117,10950.01900141371,8257.309007229615,10675.935016203184,10950.01900141371,670.4062110239183,1261.3098865457298,10734.902739155372,10715.876288733418,1681.4427927308366,1170.6463403079024,227753.73764300474,7744.085009374885,4280.399494253899,11809.992470353496,2791.6568867326214,10809.437231309206,123666.52511770987,126358.10578417107,10838.463478417127,10144.103852635842,15204.334935075825,127608.88126942042,11009.411004820638,129431.1559949063
11026800,Gorenja vas-Poljane,502.4911685367534,34518.19497467168,25928.863286870182,538.8150346425199,11423.691985343912,473.49047270584896,22686.18195494328,3670.4105387472014,16645.631250618935,2677.8008498608647,548.5474784922304,25900.7736410127,19363.021557099117,575.7792292178319,738.5166089824717,26500.519032619544,16636.597425131084,444.56005018122147,18929.237382856107,36557.45685575895,22248.914512757074,22248.914512757074,27677.593559383382,15411.427331272485,13863.565687535445,516.0165160721089,27601.171340366975,15411.427331272485,36329.46987282142,10822.470379956832,15457.2044641617,3967.137147677477,16580.06549146476,12331.060169447828,27390.363013171216,12331.060169447828,40135.60467912573,35811.162176534184,556.9042012375835,10605.130578529528,2841.1628039286807,798.4854864226168,18023.19306300393,10737.0322850369,17901.164618105173,13017.266441344384,15548.866692334119,1809.247919917953,3980.436818248799,3670.4105387472014,11691.189382397572,31097.244754467592,10928.119681826856,2841.1628039286807,30808.120227821913,3851.8802620858824,1005.1654419517818,20057.043544133507,15885.499037172849,19874.404416658395,36437.29876961197,595.039317117397,27529.49015311988,17034.286171119722,26734.56710353161,37630.66242173743,48.327810933253275,1171.6613763950327,16353.501530744592,27367.711587542577,1263.1518003452975,579.5776697686183,108266.90433685269,17160.144560317876,595.039317117397,37450.28347506986,1263.1518003452975,24147.92596605504,26424.78590937448,36460.82108191138,115533.06183176488,26283.17313561595,128431.94684824353,37287.35825189873,25467.776774811853,36635.50413714384
11026826,Gornja Radgona,178.80024262534934,7794.742287185196,35547.47823631565,656.7452185203172,7372.451347218128,178.80024262534934,17477.151852337094,16970.262047442746,19074.64828371487,896.052595567007,1460.2032456862307,17769.902771534056,16668.764654659015,5158.443622224704,307.6747655735977,16731.915082102463,14454.178276732746,548.480384299486,6009.167978355214,43753.03075573719,6312.297782174362,1571.1877875520368,36302.67999059237,17184.09486691151,5590.739728502821,17494.423932023477,2070.631363009002,4953.847113711948,35958.362112914074,13289.53576417661,1571.1877875520368,7038.106494291211,17494.423932023477,17646.637531107368,18023.311630382163,17775.22149066539,43009.69262349376,20002.857950605743,217.05129906576067,617.491820916949,17882.08857545228,13620.227548178273,13263.78094217942,1791.206328128118,17982.885977595415,14530.438872048595,17775.22149066539,1571.1877875520368,1004.285218788257,16970.262047442746,35865.902660872634,1902.2515975849042,16439.777070720913,18039.992244716024,35905.213341579896,935.6561684894988,587.0182385034816,13620.227548178273,17218.3042113032,35116.0675496468,36400.79897459069,15866.446430798449,19535.435206761875,6281.363716576492,17635.95086694064,19535.435206761875,210.84824508934815,406.2366516935797,827.0628587164548,17460.14542565114,522.5193566981787,492.0599692381742,257825.7019686005,6107.179343063387,629.2780140130141,37167.683203093744,699.4062368471209,389.0254897326023,153738.48944330544,156430.07010976668,21712.912484242544,32305.331676568025,1004.285218788257,157680.84559501617,25245.020027597875,159503.12032050206
11026842,Gornji Petrovci,364.6568956518384,16639.036911437997,60314.85567158585,20668.99982504528,19603.69733133521,19019.4006519645,18842.024951669093,19226.681890142605,18977.84341381353,364.6568956518384,76.36888299249959,19371.75730470262,18837.788236859524,20581.044333793456,5819.389019188065,21812.78926871554,38873.31563331309,364.6568956518384,5722.281388459711,38706.94828157392,124.1532320906125,124.1532320906125,61070.05742586257,18842.024951669093,5814.492813129592,20027.452280846614,12860.795553972304,17311.696514601015,68689.8315338977,12482.825433896132,3059.186081601908,3797.616002737827,19115.293756726733,20267.640229437253,15403.908972264884,20525.64019711863,67777.07005876396,52734.32737158931,4099.760526812518,9783.962242449472,18457.97653682311,9783.962242449472,20038.669240582894,12482.825433896132,621.8798040914569,17608.77712463266,20525.64019711863,12147.266716763274,18842.024951669093,18842.024951669093,38685.24205761116,19711.59432638046,18654.974974427554,19988.171785915492,60672.5907768501,12767.803327895092,2436.112797507026,9783.962242449472,20212.05640174131,60349.010166360866,61168.17640986089,17913.5390628188,21800.091780609244,20063.50179235771,20432.459383079837,21800.091780609244,1227.41231738076,124.1532320906125,20608.264824369337,20608.264824369337,1762.8347171342878,364.6568956518384,287960.0641066421,19441.695885193934,1827.5514179256902,69899.15262407738,1762.8347171342878,20398.54641469053,183872.85158134685,186564.4322478081,30050.799436880134,53936.291345462436,36686.24600529859,187815.20773305758,39561.03373317714,189637.48245854347
11026869,Grosuplje,284.6434574924455,14100.748981891888,16627.425411757304,128.0495295456376,317.74208010277545,284.6434574924455,13047.791986571687,9770.407854406132,16344.71018340952,806.9482888465776,315.13130768262766,18723.797250061405,12436.698854740316,1711.472811130365,501.27133744203445,13042.846235802912,16870.747034611435,315.13130768262766,7428.848803017359,17598.31821851807,7891.482370033279,3423.088470991593,16967.953027083448,11887.617365563896,10584.195129193959,612.2557849835063,17005.522049467563,14845.716703782336,17319.755192053646,15242.579758640948,12686.242493500073,2922.6032921618003,13130.613919553702,7817.915270713257,571.5757787195586,13384.676001519261,17116.053334008287,13603.585065510784,660.6659190895903,5096.13509729812,13653.258641214295,14493.177217218057,10059.227362853539,6269.362501339265,357.69445904277876,5872.117818276009,6029.8520700678755,287.98214642770967,8134.771465283074,9770.407854406132,1071.0055274039205,18076.763324860898,12521.463099264594,17386.39862199451,16246.603211288604,346.4311279171929,315.13130768262766,578.7064173732768,284.6434574924455,11329.109493688235,16636.96535970277,199.38726181818265,17012.75774672138,15410.970400507003,18654.94525308133,17012.75774672138,128.0495295456376,332.6322469831024,499.58463165214073,17319.755192053646,296.5700537838575,317.54502692148844,115602.57490821867,15044.502666157874,759.900219466369,17072.86515024166,179.02461243046986,703.8819187654763,16494.66967384475,17319.755192053646,94533.92902941561,34371.230744698754,105244.84316648239,16909.939927070533,24646.31155437854,19650.34960279346
11026885,Hrastnik,0.0,21093.33105560617,22758.894545520983,953.688429897606,4736.002061009046,554.8446584444807,4776.251267346999,5141.236647617402,4906.688531220631,2822.2334588596373,193.01032887513833,14338.179400332441,4711.105822412735,4556.5912552992995,662.3812869411538,4776.251267346999,4782.109122579746,3913.2141365986017,8426.476032176073,57087.04094856529,4937.060486919105,27869.160276239698,36847.0387544691,4906.688531220631,4056.619290387096,4989.516573144748,27973.44137725266,11522.427891488804,26968.471381633113,10317.86837442343,13188.906109302974,2073.562408925744,28313.717883067133,554.8446584444807,25417.185382010535,4903.551586715189,53605.06382760833,42300.87492449175,174.69076837917976,282.09272856019635,2775.856078173016,4996.6979020802455,14099.275668717866,4515.352321391325,3584.748445944162,37347.81341445929,27781.158996986043,688.9001130035866,10636.008634609423,4844.132848121219,1275.673030840742,1754.03870633906,3930.1517683865386,17119.674938115983,27103.470157995547,4090.3963580646828,201.32482908506927,755.5695159453082,4903.551586715189,5332.904207277088,26951.239668118465,4984.761484294834,5176.884965597584,27573.21068850004,663.3205044710314,5176.884965597584,79.52575087126876,1292.230818039259,5018.829371761729,26968.471381633113,834.9972356370154,441.22225919055523,158712.70454279322,4693.634871698809,688.9001130035866,55640.89620430527,686.0840675322892,1272.7473205021674,54982.05217619619,57213.09015279672,45700.67685271803,70960.84320600786,56411.59098978491,58527.67442055185,27540.056914361016,60634.2607390341
11026893,Idrija,103.79771790673772,33554.9549700328,24334.394113479215,168.0775704641168,560.6784860342008,53.68226801078387,2740.4065009215,122.76906097649811,237.06322495289947,1304.891833464461,103.79771790673772,32978.29392899874,25783.471847037585,25164.794040302797,323.732480584048,42752.132453349644,38365.507240786836,119.42511711116305,25584.005744507704,50005.041874094146,30940.782590300223,29559.2631462187,32819.809422098224,25411.77086682487,716.6141505574517,404.5733859591738,26250.124330857678,29279.39274818812,45939.940228228596,13562.33440603203,6143.807469443039,13781.964547841051,41716.2164368613,152.68061052427208,29113.945911794905,168.0775704641168,43343.347941343825,40375.23154485605,506.9543277755289,989.0253478136889,556.7879368865902,24628.102969442174,20311.938530032538,847.9317876267319,25880.42892722118,21902.746043519546,32869.72776730388,169.59925620649764,1657.0566797353094,24883.679046420508,4632.689693958889,39334.09938866776,957.3133814679118,23274.745336315795,46749.853132618344,14090.950467929357,227.5938710592664,119.42511711116305,8969.236356083791,20670.879129093788,49561.682131013586,179.90479776543276,41454.27882883831,32555.639422320837,41002.7267345689,50755.045783139045,39.118399082045784,565.5794368398174,119.42511711116305,49585.204443313,499.17578493192576,342.66608337021114,88554.10189602466,488.9355496742592,236.60851556527825,49003.71836265231,401.20955614020056,915.3708623133969,48865.894292241275,49585.204443313,138047.25301992815,29416.29867150333,150946.13803640704,48840.79313948118,119.42511711116305,48485.40012880697
11026915,Ivančna Gorica,255.30312818319686,4273.656389926017,3029.707847678446,4321.2965767586265,13738.527916776631,255.30312818319686,25464.20087889273,300.76463052189916,18755.766953786453,346.0947695366212,384.5513768378497,12977.503086165258,19707.170951415123,13086.03284175893,1278.8564421020467,25459.255128123954,29287.155926932453,3416.776881510501,2400.685068030616,30014.72711083909,20439.358781920408,14439.714038015669,29384.36191940451,257.59265402895824,5330.941412902326,14553.919755899644,28562.953225019817,27262.125596103375,29736.164084374665,2534.314125054559,25102.651385821115,2749.294392498844,25547.022811874744,16709.44081291897,13818.17851998318,18552.941663129335,28734.494754514966,26019.99395783183,287.06042374811835,4435.431122542517,774.7120301866671,26878.53226220927,18720.105462850224,3317.5244636219186,0.0,15999.400972154837,539.0591310197165,4582.63152425713,0.0,300.76463052189916,1645.0197439827787,29799.648167137206,359.9818269735356,29802.807514315577,4321.2965767586265,894.4137844808965,3921.7447437418336,14395.133952728273,14178.46460957296,18948.511819680676,29053.37425202379,14326.674284342962,29429.166639042403,27958.846812394142,31071.35414540235,29429.166639042403,205.87336102921867,205.87336102921867,14316.012167007137,29736.164084374665,1356.1661162498383,287.06042374811835,125484.1850029976,1645.0197439827787,2534.314125054559,29489.27404256268,242.8194493400912,205.87336102921867,28911.078566165812,29736.164084374665,87721.27310674307,46787.639637019834,98007.18506071025,29326.34881939155,18789.95312067463,32066.75849511452
11026931,Juršinci,289.0932488933026,9981.212878782791,12049.592331845268,11517.513555472127,10758.05111275017,10984.18806684528,11546.620110097245,12150.980295674119,12302.332800930659,9985.370096044833,197.54291038773331,14376.611446256815,10884.388484296163,11016.774274587862,1263.9325137160633,12625.56555610453,13022.584545608413,57.5789060755009,6825.146728602291,45903.02911489171,7443.581981183138,250.17930391194574,12804.794086121985,11222.451984407318,2257.2552658158233,11990.69195744562,579.7777529417726,11053.792683917118,33767.59370162969,12093.014445011848,9672.921498897735,2565.085943955274,11459.738151304184,6473.200190963043,3255.9453380646105,3376.111242399119,19511.806719023352,18660.71350411277,243.2581546654267,11711.82136141447,12658.314660212032,13613.866483992342,7754.42691228732,3376.111242399119,10089.447927202382,22769.762518647633,12478.998336824232,579.7777529417726,10895.587365843276,11393.97373123154,12491.244329307943,12530.696371754406,10910.596458134545,14222.008525300715,12407.327437109534,5746.8246925689955,1980.3731303223778,300.9923726492125,11637.920047352798,12083.746826620298,12902.913070120327,9158.943027557434,12035.251878140207,12304.614540714136,12217.840761651518,29482.844579180124,71.39461799008511,243.2581546654267,12362.150936889717,12551.457033468538,197.94817444861476,300.9923726492125,239694.80076690126,12269.88953624765,6773.088593609216,34976.91479180936,197.94817444861476,11701.221913272795,135607.5882416062,138299.16890806743,5492.62676209397,7514.967451132041,11459.738151304184,139549.94439331692,12362.150936889717,141372.2191188028
11026958,Kobarid,297.8433656680678,64510.65870264307,36037.62072347777,6467.632088421111,15622.331445990301,285.79736677861933,21506.755490695377,240.13551904089292,15725.213679072418,1117.574116757615,393.71662274458674,6999.823629803147,325.92495737281723,50179.81520447746,417.5512291566685,85670.97504226051,50781.52554926141,297.8433656680678,55417.685965337165,101210.78128698033,15922.720886785604,31134.831116439396,71082.52241742564,17277.807849285167,16094.788824896925,50556.277428518166,52376.49553798318,15028.846512603724,99635.36943107037,309.10955110553607,15784.178662280594,9020.34782391582,49912.78141849536,30391.19261613041,14542.834729693215,1045.1922852401658,97038.7771441855,20697.756911872584,372.5183595361957,1619.477701223921,1418.4970093307275,47823.14777187065,16125.492250124624,1429.9078270033085,21569.963109686243,99.36968339304498,579.6515278817773,283.62891209905996,1056.2758852515346,417.5512291566685,20266.720115264397,50139.75099761498,315.6815817835657,62791.9188221409,57804.96644622923,1056.2758852515346,224.8503205430876,764.5202640080456,489.041894431907,15183.801101984895,49969.1877929261,34269.5744596652,53510.268137345556,16322.61392241238,49922.867368059866,53510.268137345556,344.3231128856974,227.5440788980034,15776.323068647358,49744.008901437286,808.8437720636043,315.6815817835657,126156.00863599076,16125.492250124624,99.36968339304498,52032.49994192728,808.8437720636043,15910.25735346409,85446.74602540988,101114.14551313278,180186.38626298652,83111.72787434515,193085.27127946564,101940.68268312012,15776.323068647358,101288.82856836526
11026966,Kočevje,598.3175605004797,11987.20040189199,9455.563275211847,530.3386135715211,723.3518838950254,35678.43579548269,34412.95736929085,41824.33270390451,50083.963562487756,2372.7827655819087,671.4192821891179,26000.936766891693,41648.861525468,34454.82772933222,711.494255244073,43047.77058098379,58834.13670035383,480.0692733076729,33701.56033000027,59561.70788426047,45130.0419583279,34615.393965436204,35468.393388257326,41781.16072741157,10530.951583249927,43694.95107457309,5052.577408500977,45205.22769766097,59283.144857796025,816.8003128826167,38073.54502862662,4172.48538376676,55022.227595798555,30260.15046920594,44392.461440876206,16154.30869019712,51228.1713691481,55495.198741755645,209.56418400820394,694.8684216575317,28800.944906263416,16538.04786702856,892.6517394161613,19724.987282378595,679.2896109927165,19137.505138685192,22836.898033970276,341.23126016472617,736.298327792584,804.8257944889015,43168.58781736539,964.8307800497822,686.6082486856795,34814.24967624694,37586.15795846206,677.8975325625256,679.2896109927165,44745.65923905903,43437.72847988687,30314.716772448734,58600.35502544513,18682.07358347421,43551.17423685058,40175.33897632791,327.19048070438356,43551.17423685058,307.2927632559561,831.5122581491022,649.1600021972258,44015.87533149196,694.8684216575317,424.07798976975164,121660.52144847804,352.3048710423838,566.0347048908826,43550.37263604462,470.6038016550153,795.8231207688319,58386.283350089565,59283.144857796025,119766.27078997577,72034.5323965547,121595.66771181402,58873.32959281293,60313.52119405722,61541.96327903827
11026974,Kozje,987.9637459735488,9673.1617705322,27697.374964699673,314.76746229654015,12659.117485107807,12880.445822932408,16980.056842056754,22717.025467875566,25099.010414924218,436.8855755243308,2152.239915173461,15212.422310240834,25297.882584080242,12765.792178290554,1060.686652688947,931.3614354029554,26425.117384249053,11436.187470646435,18177.13129634893,103985.2266595991,42997.65268005862,25267.340048305785,44992.20789527952,12531.48358987877,4250.034232446775,20972.465914283275,22890.086748845144,23418.974442279694,37408.49917014247,12765.792178290554,13205.081794808122,15509.998723476843,25650.437996253222,26027.012253960707,9538.95638005067,12308.343127526297,26642.117209571097,24913.90998819526,858.4594588661992,11769.95027663318,904.2188922757334,1018.9267084379799,22374.48958403374,16756.925631597864,9673.1617705322,33633.1540792132,13273.915282132939,4549.624797149229,22534.772321951288,22431.614354882015,24716.12967364979,1012.2484022494086,12880.445822932408,36150.0506906654,33617.14050589405,12599.523204855474,1018.9267084379799,4275.289668847777,37665.74029976031,26586.78487651173,36803.412578555646,16823.099583489682,25416.805560726443,24619.408864711342,25331.718391480874,25416.805560726443,0.0,534.27867821595,19709.57965207754,19709.57965207754,718.1003543620596,539.9956090521317,203221.16919539674,22232.09230420552,407.9028357799781,54589.83248962547,723.3467621184905,22643.82857905718,101880.23788722981,104111.2758638305,44597.23814266927,57272.830345939554,24865.040790815372,105425.86013158564,44597.23814266927,107532.44645006795
11027008,Kungota,133.51609985550385,28847.657026688135,11890.275092618576,7455.572591962138,30.12503277502654,11023.759126879,10935.876890321526,11197.34190265784,11570.53691207928,860.9200356842136,108.15609775480232,6273.084283172992,7062.289091791754,12251.20563123507,11.744022374178142,13510.80599884338,11147.01254192631,1042.0547778743141,7210.915834420966,76673.46310415947,7961.543766345442,190.34805694292416,11652.959035598,10856.731268890433,12409.87508708148,11549.39752088822,7125.324219608215,12113.542504786665,11425.812579732714,1471.0332264153722,10837.038143686788,3679.863730490736,11001.060694184744,10296.075332059267,4829.284697147719,9221.483080531478,33346.48790904607,21056.6255775041,342.38732617977723,4532.2783303964525,7218.8342526316055,11463.701587488496,6710.931993258037,6250.76427984493,6272.58175090477,27304.14401614592,9525.683267451157,621.4866659980668,11728.043338021467,11197.34190265784,12030.529308821826,7510.091575031487,11001.060694184744,8627.187126442965,35450.68544828619,10903.497107003122,3925.0236955870996,8096.338610428299,7142.882438936557,12360.918006723277,12076.39784709559,2569.850891772807,12479.801343665393,11188.426479307658,11678.944556421262,12479.801343665393,11.744022374178142,743.0553314643824,11075.230691873288,11425.812579732714,388.54425164223164,190.34805694292416,236410.59322356762,11014.806372297988,3778.171360605563,12417.113264693397,175.47611659055357,11519.373522308502,132323.38069827255,135014.96136473378,11730.16082407225,12042.006492247958,33995.06201243746,136265.73684998328,12041.008625270839,138088.01157546917
11027016,Lenart,453.42151182682414,8550.925260828415,16790.426714073183,6321.084657729466,396.13528488598797,15923.910748333605,15923.910748333605,15980.24334975973,16401.962537082734,1744.859141909171,1325.3605204783864,16583.28955023428,14822.455484286294,1411.3467119638626,1835.9942312563035,18409.11155019038,16047.164163380914,190.46599579204513,11421.67613253801,56015.428924699365,14859.450578338816,6917.246469324765,16941.16024672544,648.7041125621627,11803.662219421518,15957.93890115023,9065.667768834193,1001.1726364992613,16325.964201187318,6990.311922256725,13381.210426423382,4940.739241625725,966.6043282352857,298.4103764305057,17012.17875599981,6321.084657729466,29147.809511602,648.7041125621627,326.62041561427355,1452.1960123525434,11755.25819865719,1628.5752437244864,320.8872637567579,408.551477531224,14804.255111836113,28234.028060337,15271.460304014565,544.385418232001,819.5758781074602,15314.801400119484,17549.463142353106,17316.58204242463,966.6043282352857,23858.01131787938,22043.330229688196,615.7400256145315,2625.5738663887673,298.4103764305057,16048.743259088596,15483.66963792004,16976.549468550194,4715.688902335859,16981.596389716833,16306.598505981265,16579.09617787587,16981.596389716833,136.9583451996861,614.7330576320626,738.8990519021022,16325.964201187318,601.9444276962054,566.0962437734042,238193.30405687372,16132.978398971594,4702.072914741491,17535.285291366996,6128.200579226783,614.7330576320626,134106.09153157866,136797.6721980399,16630.312445526855,17150.32971945235,19871.62569271317,138048.44768328939,16941.16024672544,139870.72240877527
11027024,Litija,99.60558486742934,19085.084780859568,10496.209258415482,10463.429649654829,187.11410586361748,18063.599712660194,16225.6483833485,2373.6826034423625,166.89578453975457,929.6561467134404,515.3012778157284,2465.582006916094,1035.2915100212865,851.8285091348238,295.56401815120336,23115.54242958689,22857.089137710824,295.56401815120336,16457.59708035271,31022.10356658358,24082.063252295367,482.22383670097906,27114.868476310992,454.101932300307,2465.582006916094,1310.4790273883652,27284.02072466415,18334.315010375496,31148.152770815035,2465.582006916094,23595.6302516307,7061.010501663353,28804.595023755646,521.3690985044899,24523.13994751965,305.393178920075,27540.126445626604,27930.25524026139,221.36711434496846,578.4938398921611,2661.4778349704884,17703.709925416108,350.4859442370681,485.78584136611624,649.8469880323452,12212.299635542553,4782.1392931778755,221.66395740917562,17212.951288844626,432.89257364828666,17958.28245569916,17797.055989853146,499.89855213513243,33939.274433389975,10235.73116778755,324.0709016716052,0.0,11638.311653901495,22989.85245145621,825.3522244788264,30408.72121217818,17252.494457316385,23682.427821347617,30067.788805515633,27076.978984535865,23682.427821347617,176.29794619883637,295.56401815120336,99.60558486742934,31148.152770815035,305.393178920075,200.2016021767489,132647.76716081143,1513.4782096391502,7526.95118037967,32625.662261741305,404.9713831438454,859.0538436981558,29252.01131312083,31148.152770815035,70440.11263002193,51416.42299729149,81151.02676708886,32462.737038570176,124.77078997597904,34569.323357052424
11027032,Ljubno,857.5344906467818,9416.162895305359,24907.400411583018,27741.034640975322,8301.062993905869,22285.334333481806,24757.21991366123,29610.139007296682,40928.04943911915,2023.9524947488567,1044.6376320293755,2762.835361808064,29503.786117912692,32794.15096011106,720.1380873696345,29311.215094749237,47131.422223179936,7312.015196456226,22260.611927078295,52758.533269099455,8817.107856760194,8817.107856760194,30295.30934057583,11429.611628212315,10254.410595596195,14732.265630617312,8373.28259650723,8621.461177701865,42912.591779773706,9077.307499820223,4492.322030239822,4078.3649203014916,8806.60525942124,756.2329850181845,9310.68717498517,11289.114904821192,52576.41920822776,8652.00760508257,673.8778351086389,13370.007008886469,12381.575650787747,13855.16406371734,11174.379371581623,969.2926091836918,20340.42120177634,41405.68212698897,17925.549879921018,644.2113974194267,14405.941297812158,32634.72642168492,25915.204948607457,13465.207931860223,1023.5406839498082,26092.734077471392,29229.029263455774,28393.383335028495,720.1380873696345,14405.941297812158,43014.9860297734,28520.79582731598,43510.034623359636,29432.35615519234,26591.69491714736,30107.873155467158,29554.447719217376,42937.51733149957,499.3145655649699,644.2113974194267,29829.78430785558,42912.591779773706,756.2329850181845,810.7783229648505,154253.97880025505,29284.169521865435,883.2386389357458,54272.04764984171,756.2329850181845,11665.496011644851,51790.61987792184,53095.74686040283,54102.381244996766,54880.88257132512,73108.95299140054,54109.12242667058,29829.78430785558,55931.39715215646
11027059,Logatec,238.66481004378215,21821.71748498698,3908.432911421642,8948.542265120588,271.48477879336446,735.9252768075764,8858.37786233783,1967.7423344577583,8915.858586416227,1390.9100639109206,457.09059056958347,19033.416397124693,646.0039804461094,986.7435352110626,114.2436780343012,18864.259706527813,15883.905339285602,220.00133559147292,254.1277387588829,29382.78618651089,10318.526902717022,8937.00745863551,26305.278418045324,347.4546135205088,2557.1830753601653,8858.37786233783,2653.2564736729614,3888.5748998200434,25317.684540645394,11138.25523413219,238.66481004378215,1581.2696054330343,27850.682779509414,8264.157203430663,9074.382062800107,8264.157203430663,19455.47519452199,19604.36878127257,314.58990047267815,3752.62640969372,2188.903779616765,28047.5803573089,7909.556964552497,3781.252310377659,489.6110788531114,4662.658023251963,11637.496572498885,347.4546135205088,20456.65181275055,1967.7423344577583,8919.082436023591,15446.226641845924,503.17374714986215,27055.794461171525,28202.66759750343,8858.37786233783,666.8043769336161,735.9252768075764,20276.589795162192,8704.317905942537,28939.42644343035,220.00133559147292,20683.416065254834,20719.25564007876,20231.86397098542,30132.790095555854,60.61292966871238,257.19275752003796,9072.335665037026,28962.94875572978,236.4902941569861,735.9252768075764,75946.46509700603,20719.25564007876,247.06770677801705,28381.462675069088,95.82285487005086,257.19275752003796,28243.63860465805,28962.94875572978,117424.99733234484,8794.042983920142,130323.88234882348,28218.53745189796,25686.267912180978,27863.144441223772
11027075,Luče,42.63193315021441,18639.180830361664,34130.4183466393,16767.193308796315,324.1763701169806,25752.31173367013,33980.237848717516,25948.82074153524,35876.296009017824,7442.162902388679,111.46210524555252,6293.958727329505,27807.63562253903,27845.89165990207,42.63193315021441,36501.44283867762,45845.207898994166,3677.480016471565,24802.189807443236,47544.16907465176,18040.1257918165,18040.1257918165,36501.44283867762,18825.21345838579,19477.428530652483,23955.2835656736,17596.300531563524,17844.479112758156,46817.933306935054,4274.14116465985,2832.8662603326,5794.14290757977,18029.623194477528,10233.262227909601,18036.207779674398,538.3192654206669,47524.66577812643,17875.02554013886,156.8729501816002,16920.0177881891,1407.7343186087355,23078.181998773627,20397.397306637937,953.8058223959316,25534.829712488066,36191.31793254126,24802.189807443236,5413.036030980522,23628.95923286845,27420.362227237227,33492.518935563356,22688.225866916513,10083.286054965378,35315.7520125277,25157.497555428257,25439.065956378607,68.84869115399381,23628.95923286845,44630.9766478382,27702.472578474535,47697.26772285576,21259.46595893418,35814.71285220366,39330.89109052343,38777.46565427365,47557.440863366035,154.15477953945737,10389.570345905724,25640.064192171638,46672.39356032058,459.85332046974094,418.65633047110754,149039.61460580726,26457.960912708848,154.15477953945737,49057.68345539402,459.85332046974094,20888.513946701136,46576.25568347415,47881.38266595514,63325.39918005302,47781.51001163946,82331.97092645685,48894.75823222289,25640.064192171638,50717.03295770877
11027083,Majšperk,642.8363980375515,22837.70616468362,15634.324686910306,3296.9922182765754,1204.4429107878973,10145.158973585296,14209.018561927776,14910.854565718246,15119.583285780798,1356.0906628765977,607.7345278365863,14977.470170222468,13045.640069489262,1378.8014215961093,173.0750882736799,15055.495561827904,16658.961788658977,200.01246189847316,7759.392371065838,71400.40507573745,11742.486147910875,11742.486147910875,14969.055428621557,9865.262435433213,709.461746481303,14538.15047891734,15796.540552603465,15218.045419559134,30624.663822072653,13377.932008558026,14037.535635856717,2323.4109567140335,14949.26133003615,15171.935373551123,15338.989382801738,8728.003496115452,10014.44820244474,19446.75856090302,7738.781119614587,8446.840759452896,12314.987592557463,10301.156374172546,3352.3111948813257,3296.9922182765754,8478.578220934449,4033.8228409616568,3747.5927822948693,3244.0423041236872,15195.457127574247,14910.854565718246,15635.747863673152,12208.151003931947,1228.2129382067642,14822.867249266368,15214.377909729215,12714.823013551031,1713.7264060663579,554.8628061219284,14029.382323205407,15506.899618727046,15705.09004947815,9859.85539445856,16231.695966344334,16265.149322509267,15211.853376653937,29834.41496899121,173.0750882736799,1205.7589310584167,15107.22875568091,14715.71837596811,954.0205175266522,373.24738699955543,216960.58402978024,15961.410370598112,744.726752982946,31201.094570105695,1045.2364628387613,15878.154598659814,112873.37150448539,115564.95217094659,14964.583305414397,14113.433741559955,15148.403948166015,116815.72765619594,14721.501491660783,118638.00238168181
11027091,Mengeš,400.41624762585866,5565.728851510909,9331.31727265889,1489.984445476742,847.5140864096825,4617.412889193663,3372.2087218330257,6224.2689832599735,3790.199080054667,2676.8731301590637,336.1699096742202,11711.269266956908,1255.8611632043776,1372.4123937283389,311.894703298644,4289.6423860759305,12047.142380562702,830.7362140200823,3184.244171021012,13746.103556220272,4643.395438413453,3574.125233543242,4289.6423860759305,3568.524227274187,4555.670840644036,8986.008195807744,12791.460975874206,8418.262162159994,13019.867788503587,4793.994536639902,5065.876483899935,4183.135111978407,8171.195147599638,471.1994536503359,8361.673454537915,4323.146546961496,14725.532123784873,3709.3221525457543,1507.9400787586908,1448.0246296475277,4543.495035931815,8406.566443779242,5623.365545471268,4044.4519190992796,2541.467769163011,6083.947074568996,4425.905220760977,743.1470151335799,3540.060670910864,3953.6065565090958,574.9551321090281,4887.060517938411,3339.2771555923073,16945.76242709937,6340.102287215266,2856.449620217055,795.3293728677348,13629.020314882935,10832.911129406744,6654.422738361112,13899.202204424299,189.04780811116302,13759.375344934537,11304.781796930936,12034.127385253745,13759.375344934537,77.60035088717396,442.9816114608789,3871.4839126551774,14083.317147523692,789.6852942430523,60.296096395728455,115241.5490873757,4698.0029741328835,381.9826341313087,15259.617936962568,448.3209869641413,4025.3536101833397,12778.190165042684,14083.317147523692,79027.03815462228,22184.800986165345,91925.92317110096,15096.692713791432,8332.58737196396,16918.96743927734
11027105,Mežica,138.62446608189336,34763.97412191771,14741.053687367494,8658.668063853445,7718.3961144638715,11713.402405614012,7386.919046843216,24251.00870590438,70426.45186831763,445.8984287739432,138.62446608189336,33768.27605265632,10480.075949823055,24866.1392803018,248.86068336690892,41381.05518221884,37550.61190801776,138.62446608189336,20543.63204739236,88754.45702300333,10713.320439456944,31503.961042854306,42299.06353192241,286.65231873961494,20018.68600850107,35837.53233594738,39685.81668999672,286.65231873961494,63236.038780275834,20540.11477202467,5470.750127252946,798.3522144078569,7718.3961144638715,8142.4919314212675,11751.202235091361,7808.05921487259,86287.0266447658,43744.63705126364,230.50008069944695,1567.544233846218,497.6020925693032,7643.29274740124,27123.186214945526,94.33826244727814,7334.40963169492,64652.18553247022,12584.357368265222,396.8926500731672,24015.464000508546,24251.00870590438,35705.02107282647,8571.029323769955,7718.3961144638715,33117.363916237795,35778.720149485955,35.24116711614976,213.97974180299065,20226.391698510655,23994.229897556594,40567.560419446134,63833.481623861764,21074.302394929284,24396.494373719303,42111.62734681374,20411.627474257122,24396.494373719303,204.21709338744103,230.50008069944695,23994.67067687407,23994.67067687407,211.99088339637828,138.62446608189336,190249.902554159,12101.583891038885,136.0641557393056,78981.15938067489,157.5690863108013,11940.522725647823,87786.54363182581,89091.67061430684,34145.78553886105,78924.01411350255,76234.93828091044,90105.04618057459,41899.6243953252,91927.32090606046
11027113,Mislinja,38.83260171112704,21378.15774942034,21169.155571822164,149.41223487029575,2606.484847744901,12202.714241928801,12461.792004341803,12204.246272760267,40305.006045861366,363.3903938657821,550.8366256061522,20907.587156846028,13065.708636073561,13624.386725929347,1392.1720790797708,14034.645537581862,37394.23470996399,392.2713750131459,9300.567542642371,82349.27453001264,25830.41110320522,13720.04353148802,12509.4379269814,11325.38286405128,3586.294183900661,13292.599447196051,15730.977444695314,14562.552279331354,34357.925340916234,14425.227697067847,12105.743499476386,2727.5018931585946,25062.21258335188,13770.521999975734,24624.79980484974,15178.320962241312,50225.05145258443,34988.033834427275,133.7602776372838,1281.6433784241651,550.8366256061522,29023.759950159278,671.9964357808719,589.1144459493962,14283.254350262625,28590.21034028878,14290.664351877376,2743.0614158877356,392.2713750131459,12204.246272760267,19871.950676697874,23054.846910966902,392.2713750131459,23249.553349272363,1119.635561198207,12694.225870163193,41.85700742521731,475.600854577423,12275.720085554924,14301.5989923318,34596.75957908365,12118.438616404113,12077.474453948826,12876.160693406255,13432.99920330656,12077.474453948826,41.85700742521731,269.17064649538696,12449.731707507122,12449.731707507122,744.3766425166541,392.2713750131459,184239.72433876878,12064.130328047928,450.73714632401067,62837.26449583654,98.78130499888032,11883.703296780539,80152.51181347393,82844.09247993513,20138.482230094207,60692.217867031315,40172.96308872917,84094.86796518449,13713.020726607343,85917.14269067036
11027121,Moravče,107.27906014631424,18313.229189653463,10300.6253700501,748.2110024905058,12729.275594510882,12513.269172438682,12560.674053093035,17680.206663683985,13265.306499901651,7518.535843117515,120.16483798058255,12498.727812524281,12178.417671844478,15031.937312566672,107.27906014631424,13385.033990782864,22976.82512848629,47.795624781309925,15575.063564316384,24471.089010005846,11901.159291854428,15686.915734659087,10248.234633739516,7366.9621395866825,7554.604279737365,17007.092010558896,20814.751481984524,20178.334668495016,24364.329671104177,8250.25096102518,13653.760406869413,5203.360758483075,20080.70680175299,10336.938587760324,19927.485846517466,13199.395980515636,22541.246820733148,12518.670790941718,12084.260777769072,5209.146895174958,7217.263996707831,20147.047177503213,18061.24054367655,7196.027146766575,9531.359734924843,9400.20163620687,17074.879920303047,7262.584569751552,11434.641787872342,12411.159316704247,12569.548182826189,12604.048696230446,9294.67813046089,28065.752158485626,6362.62064258052,11468.245439801814,258.0636041071873,10691.836405267155,20852.991494486127,17412.002468058647,24733.258227125578,10096.382135306405,24466.767947462486,23214.162820768277,22817.907704607867,24466.767947462486,0.0,0.0,13204.632425520147,24965.90695992834,463.0191655325375,107.27906014631424,126361.53881876197,12769.10319605688,6591.134835183047,26379.60766834881,463.0191655325375,13203.898626022268,22274.32629346708,24965.90695992834,67520.3541858079,37719.4244021641,80419.23920228658,26216.68244517768,17835.52538941546,28038.95717066361
11027148,Murska Sobota,79.21409402742404,5838.613855282548,40193.110874036785,166.79213580164307,0.0,0.0,79.21409402742404,283.2979709248315,1676.7105254052067,1973.7827060257982,290.1512875023312,4419.099765589586,168.71547964026962,1309.1833983036206,2722.1532802986626,1602.5496449391333,18751.570835764007,0.0,2273.98445681974,27646.35603343252,382.4935904418518,577.2565544756202,40948.312628313506,0.0,2634.744153355091,454.7983486075541,15538.033799874729,1773.203891821335,49787.30975769554,1991.1506877261952,603.7486868047778,5260.553878588743,444.44589513128705,676.3855555940181,1478.3748514410904,678.3627874076112,47655.32526121489,33831.80559538716,134.47933849300114,580.3595235948663,879.5008051367557,14980.196195073662,1081.0835448422952,454.7983486075541,907.1728625102523,305.98621320724857,678.3627874076112,0.0,489.9630335399444,283.2979709248315,28140.690939977394,590.9232411913456,444.44589513128705,1037.4044744005037,40550.84597930103,224.01271977409576,2974.439824453559,5552.412229895946,206.1045552078691,40227.2653688118,41046.431612311826,444.12641037851347,2664.6758785311595,464.3393867365559,665.6988914272894,2664.6758785311595,170.54150768181043,0.0,489.89345013778876,489.89345013778876,663.0514968985397,134.47933849300114,267838.319309093,464.3393867365559,444.12641037851347,50996.63084787521,590.9232411913456,812.1826482099192,163751.1067837977,166442.68745025893,14535.266294404308,34068.35712707415,18236.524156535517,167693.46293550843,19703.914751774017,169515.73766099432
11027156,Nova Gorica,284.57667298569567,23461.16784605771,12736.286269750959,215.8326373776445,329.3967840921264,696.786238454422,166.6656559878183,2609.1694368678714,694.0435067712555,2300.2463659678033,58.33678078916543,7086.403847729498,1289.3416150189257,2040.812617727337,1274.2832595318662,61602.826649252565,740.0601098873789,236.81501313118667,6304.177599989792,77513.08241775827,1011.6171437998682,599.6363841550175,30830.884670108793,367.197337852977,1240.206467881314,536.5500092800964,3220.3040339548975,807.2869558429811,82212.65296793194,9254.921939336375,2199.6669302082987,6765.042169725194,782.1521963757782,2164.6996901576376,913.8838975344822,2534.7088316030527,71456.95948242352,57278.153190101,518.8620184083145,564.7626652689872,2544.8143923602474,1226.0073289217587,141.4435855206847,583.4782441519445,2392.3053624150643,29812.209525519447,24777.74282245193,371.8063531171895,1384.108349853499,642.2329054685779,0.0,98.2855582409515,407.1548360460718,64430.981012025106,9891.276984233475,371.7100235698137,565.7186692458442,1006.7258423566949,739.8805251719828,1530.0604804906445,1038.611564962104,706.7291469715924,4396.759771998168,486.54919233873727,967.2019847141285,4396.759771998168,230.39975071133028,483.12694361022,741.8737745350759,918.5044072232367,486.7826402419563,762.0762432216517,81853.87237293136,281.9897647100148,335.5123470278276,2918.9915765798937,474.8636227530324,483.12694361022,85339.3042885896,86058.61443966134,174520.66301627626,65889.70866785174,187419.54803275538,85314.20313582948,741.8737745350759,84958.81012515529
11027164,Odranci,369.32118106700653,14468.466059648985,46649.78815041546,2870.0722937395008,11262.498312958302,12659.001615109399,6183.764471495901,11875.28577970927,13140.412803697112,1327.6914833015785,314.5786255898345,13896.331238657622,11692.599888752142,688.9133824179802,314.5786255898345,14288.896151557517,25993.54726179181,878.3398633852478,2786.0624714021383,15730.498665577696,2972.9343749729933,12313.660071557533,47256.846065217855,11586.885931708426,6417.015021802974,12700.715687108375,18057.308886628703,7272.672149110201,57037.51105832181,4067.5461045194165,12695.785491233131,6779.572867980254,12700.715687108375,4288.8427386008825,4245.721698054783,12680.949788048183,53963.85869811924,41082.00689601344,442.7687293127938,732.9449714447401,13281.248583563727,20575.22534302546,13564.28031607623,6335.865427697401,6936.017054704279,8763.895086318205,11642.108929104497,4508.834037252472,12608.33361078847,7465.780646877068,16224.83357212257,12337.961844594058,2860.7365747483095,13733.091886943968,47007.523255679705,4322.50177836777,3794.2728892509936,369.32118106700653,10628.129461563867,46443.55368603279,47503.1088886905,2252.3241612971897,10628.129461563867,13011.190043873512,12160.094859483752,10628.129461563867,189.9898950712616,2972.9343749729933,12335.900300773254,12335.900300773254,314.5786255898345,866.3922318886364,274146.85274599725,10443.332175944011,2327.55750564046,58246.83214850148,626.3112561953778,13507.870060753383,170059.64022070196,172751.2208871632,3891.3560017076697,28143.431173841665,15204.412834733132,174001.9963724127,15234.388672715075,175824.27109789857
11027172,Ormož,172.19655272223977,16425.571907680445,23328.54838706433,422.0563321323227,16184.560170582577,11288.099431433126,20448.68425009844,17602.894400033525,16077.810662040169,1285.503434602573,309.8813581473976,9902.836861174776,21586.32511393864,15211.196146054994,2285.9435667651974,22981.34140199488,24741.453400181388,927.2241178019756,3782.6239092298974,38046.132304126346,7525.913779078103,17228.12975371985,22894.901268788537,16338.410384352774,14756.813723219091,22595.345786579936,13324.00130028422,21707.36224123557,47967.52759419321,8831.504582450245,17254.803310823736,4467.5049316892955,376.9794870215991,16196.55419884775,20481.211772272058,8812.550932156555,29601.913901689873,37734.560779118314,431.3723235395481,3488.136823580679,154.25803165667094,24059.09473581571,463.4937713262011,376.9794870215991,2557.8467408960364,26332.10911949339,22569.105519490782,1270.041613081913,929.8516536915852,16065.164553669312,23876.98886381243,22503.502881082888,929.8516536915852,24312.11570796726,23140.223749896195,1015.6852578575507,4587.670892170405,8879.894610598754,22440.536568179523,21757.351499422508,23630.935889645123,10076.982425490227,23447.600597517776,23716.963260091696,22906.077076807956,33505.7009221885,0.0,327.98706365064237,150.81467786903568,22641.564216135088,631.9561719498602,129.7044817931634,249784.90794956792,746.5095253437948,470.5093107745481,48886.26150112636,631.9561719498602,559.1792690354082,145697.69542427285,148389.27609073409,19474.609611125303,476.8267148902612,16369.662764711444,149640.05157598358,16399.638602693387,151462.32630146947
11027202,Podčetrtek,962.2760729394665,3873.300930784172,26376.76591733594,11912.501683937717,665.6609134900369,978.4660859587999,21981.499313577533,31622.756748803477,11904.977839539562,3873.300930784172,734.4527030123112,2688.2984657047164,12103.850008695585,911.108382938108,583.0375624187388,13123.231702175639,16041.526705109989,950.1679471967691,4983.098720964288,101365.76910473239,37122.92482111316,14011.077288997232,31798.175319894854,738.3473497761889,11196.437978005868,24026.14928708982,12460.412454159625,11335.52841918038,34905.8024460793,583.0375624187388,1974.9535082882217,16124.309324894497,13612.590902432847,12832.979678576048,11990.65288094071,8326.824068911024,13448.084634186434,11719.877412810607,11192.4533912635,131.2019951299514,13062.886458650975,13210.796975210664,11362.386869857057,12098.488191853166,839.3385867322681,20439.121503828563,3790.5513217027446,738.3473497761889,11362.386869857057,11362.386869857057,11522.097098265129,13108.778449611902,978.4660859587999,36369.13795108511,29562.91539700892,735.136474651183,52.408167347502804,16340.013213461683,35163.04357569713,13392.752301127071,34300.715854492475,3629.0670081050384,35071.467151090015,11425.376289326685,34769.65814396143,35071.467151090015,0.0,77.17787087049474,13594.065704645218,31901.449918850238,233.37240079245413,978.4660859587999,207291.0905621414,11425.376289326685,336.1828847961619,53500.33676785092,11108.408815824265,14082.132289455825,103203.8780368465,105895.4587033077,31403.20556728465,44078.79777055493,11671.008215430711,107146.23418855705,31403.20556728465,108968.50891404292
11027229,Postojna,86.9590156960312,4188.687335468008,2874.5002528163564,349.8324794503011,86.9590156960312,86.9590156960312,964.3059541211401,714.5697392770751,516.0167375582068,1125.3318896045055,368.39115620079167,4231.8714513734,1525.1164121853424,1526.2798866545475,379.6469953061421,11996.997627055567,29111.210525568054,206.05594144103864,477.59116325975486,28682.611849562803,664.3942494811681,25658.62357138624,27417.52754529241,455.08966633889406,12200.683669247468,616.1592084247771,2161.4651741943853,1264.6003798302474,42039.30065339613,421.41102234861216,409.54507777729174,3490.3514220476313,37908.32247483138,11034.6985744311,607.2315232600276,1264.6003798302474,15601.451990885169,572.9747034535285,155.57886594143366,86.9590156960312,642.2406023392354,31646.101449915393,12425.61460455149,881.1250225898876,1158.1864777809378,24195.978430132287,9923.300103397576,206.05594144103864,779.2720290789165,714.5697392770751,24104.00043941061,1765.4350851267654,1289.5937662010917,30885.634406606077,41703.23907918815,151.8302218821072,97.64546795397776,20432.562797833543,599.2100114905571,871.8644994330369,45661.04255618112,748.1066653485813,1006.0362815832087,941.4767937592679,539.8666005542752,46854.40620830658,97.64546795397776,1006.0362815832087,916.0119801349106,45684.564868480535,539.1798111014255,641.0714804634016,56198.49697185384,941.4767937592679,346.14008803634323,45103.078787819846,469.1458461383073,823.4859594435435,44965.25471740881,45684.564868480535,134146.61344509563,25515.65909667087,147045.49846157458,44940.15356464872,40856.75443706348,44584.760553974505
11027237,Preddvor,485.3203708653713,12292.46171689605,3847.8453105158924,700.464646589904,1233.2835859722252,7639.148198330986,7759.190756421457,13028.97467311331,10653.34597835029,1467.4407187160425,393.6293831061795,14692.553692532967,7052.344713850165,8554.945303149758,508.34715893670045,10292.298853745151,9791.693006574618,569.8931268495255,13821.152623803215,32602.718030288845,9374.905891985167,9821.933837718836,10013.52734140461,9055.387747296902,664.6333501428167,21260.116807076087,1555.431109565049,9783.821689173981,32383.22201940633,4698.184407934178,7410.91959830435,1391.3547567046883,11083.033363026652,485.3203708653713,15373.62304678994,10653.34597835029,35439.99434680533,22711.153863643765,5709.032449584454,569.8931268495255,10034.443237686308,7648.178130828612,13311.119130844741,569.8931268495255,11529.92650105015,15021.562448362132,10250.190162950425,7161.2359656450335,9340.445697543597,7401.9208159534655,12064.690897403252,23182.179446795206,586.5144595595023,33515.12819131566,21944.318306619072,7097.052100300973,463.064821870513,7648.178130828612,10037.490157749588,23676.037987950232,32482.559944141834,9626.311062252069,9817.479486741639,9852.896795328983,10355.07677799711,33675.92359626732,280.2345220507104,912.4221690946468,10171.355785351227,10171.355785351227,103.68869912048228,664.6333501428167,129879.18968102595,9764.313072836558,280.2345220507104,33495.54464959974,199.88224944257865,10021.4062242437,10355.07677799711,32506.082256441263,94870.12586447645,11184.118458850347,107769.01088095509,33332.61942642861,10171.355785351227,32687.786736576687
11027261,Radlje ob Dravi,302.36368769127404,48318.5157443079,29246.60308114801,199.68865251372577,17321.365155124953,199.68865251372577,25731.122169306494,1330.8936643497018,42260.23234228037,767.1642596579875,328.30238264761186,46238.14870170553,9733.821224149486,1330.8936643497018,954.1848006947832,41277.84378558592,812.7732956794304,233.78206981393478,13726.520384250327,114911.57751541847,13635.114799664303,5702.019516281079,40737.34382880935,7181.226091304401,4033.955586812078,1330.8936643497018,31013.843170642347,25558.111003538652,43440.71569029521,302.36368769127404,18109.191018650537,1314.9760179054365,25558.111003538652,354.67858506684655,25925.975581292223,9113.79663342414,63895.284165543795,59294.73998876315,385.39450011095556,3440.0402915141367,7321.079679372369,425.035006176545,3872.7092413956793,10434.807040257992,3833.8342564747227,45073.156813227135,7262.832716192173,285.9675383061232,24792.28680371383,1330.8936643497018,598.9098760608823,17556.876058054066,1209.2283860126406,50189.91134415992,36606.52160308512,10836.553328815633,233.78206981393478,17691.995069630906,24978.64540541262,44244.381301865775,42340.1859572061,6223.467719567266,25380.909881575328,31606.251363485313,17117.439847235873,25380.909881575328,103.76327730808174,199.68865251372577,24766.820915156142,24766.820915156142,566.0419189921109,280.00021115617596,219026.0527849684,25393.045741798465,302.36368769127404,42285.22664883017,566.0419189921109,812.7732956794304,114938.84025967355,117630.42092613476,11923.984636864225,42228.0813816578,57734.503497520294,118881.19641138411,42773.95929840628,120703.47113686998
11027270,Radovljica,67.86530389706431,28645.807679798225,4046.469781471063,5000.022361179994,761.7656086207846,105.91793442129847,316.61787141076616,2383.8314164108515,6558.662088306101,613.0715935235439,184.50310430831584,799.8680845780887,2938.4815264169633,5958.289901088894,171.9974348404466,195.33192189939308,17469.154055164647,80.58232706012885,23667.563226467988,45255.95537687826,567.1388089002962,15211.900562187411,18845.096479574237,272.8302676571558,2613.3412767555205,32989.03620049191,1723.096871573241,6684.620647353992,45039.114537864414,80.58232706012885,80.58232706012885,756.4986009401641,348.49418049370985,9129.277699610071,272.8302676571558,307.80403744170087,48834.10320024503,6502.507094226666,199.81986499771406,33.77181791823255,649.5482270481622,14833.058525244649,431.84322790271966,184.50310430831584,385.15237432479995,28612.93580808872,6845.718825807657,80.58232706012885,464.2665520803928,2383.8314164108515,15613.343432800042,7747.809094452068,348.49418049370985,8014.93379637047,6750.8517044816435,317.0817265216112,138.9983174242817,11978.67680461685,6057.65403699415,41534.225247755654,45135.79729073127,6265.384226832437,17083.319300825024,6469.748160858166,19591.640155627432,17083.319300825024,42.22249793122127,580.740013820684,105.91793442129847,19867.758172086054,810.1646860998961,248.8041356135192,142492.93418705184,42.22249793122127,80.58232706012885,46148.781996189166,80.58232706012885,19395.966821052916,19591.640155627432,45159.319603030686,114848.06891958174,20325.887173869018,127746.9539360604,45985.85677301804,15668.447651580731,45334.002658263154
11027296,Ribnica,401.8924930708893,2055.6648389354796,22691.95652742997,794.3048715211232,16779.72501313046,31899.951258084075,38823.1349706936,34538.254494369496,34135.18797673876,806.4622800668494,365.4110534453053,22804.346564660264,38283.81782835978,33333.38403892061,457.8368289747216,34799.74761736492,42717.86600823089,368.5866122427458,19666.34471012617,43445.43719213753,32770.829959002,28973.877336905134,42743.29601120531,30469.50782265525,6108.911639971504,31228.01884263676,1667.783337499483,40621.05968790423,43166.874165673085,3488.981046061568,28605.58537196246,7093.4410462788655,38905.956903675615,14143.879777082964,32063.50482762933,368.5866122427458,35279.39578339911,39378.928049632705,421.38873162646036,13540.418017353824,16659.824094153024,582.8434865911756,13752.38704884176,3608.716590255636,700.9333125828325,2978.4447361453354,6720.627341847315,10242.9627022695,16780.370599171736,16848.898065868052,32562.934576313695,16901.65095307765,322.95225492329166,22182.000675395127,28440.257712552542,522.6293511455744,6748.05776577325,31978.62527260194,31899.951258084075,35876.432225122364,42484.08433332219,2565.802891351257,42859.87672034081,27746.456587428755,16423.43908203237,42859.87672034081,303.9591596854285,720.3992311863246,16044.74061654141,43166.874165673085,535.65906440687,415.8713908600892,105711.74586272909,16347.018621404797,459.764064068311,42919.98412386112,890.6972852729415,720.3992311863246,42270.012657966625,43166.874165673085,123486.89521568158,56085.756810805746,128886.64609893842,42757.05890068999,54555.575229613125,45425.69258691533
11027334,Ruše,249.81842293588562,35732.72888083904,11511.085273332497,6131.640136843576,3474.471361926921,440.1924274028721,10075.469941299669,8665.184245094793,11087.450104723934,1364.0762971982106,37.24076885123343,15501.878954169477,3533.5379991492846,9884.981842161229,37.24076885123343,9907.448066278752,10956.76796619117,306.67624289497394,10040.43849859401,83561.55382801677,1066.5387990543509,1066.5387990543509,10335.108879520476,9481.691164935497,11363.16770679671,9791.665118608684,3101.6568973020703,11511.450048634855,12070.319970988057,440.1924274028721,440.1924274028721,1091.370055974454,10734.839001311608,415.80463582693073,11536.307004842583,10168.649968082926,32524.88844623655,27944.71630136145,172.91316926778157,1957.5290351797482,1406.252587981441,11946.135137636697,9439.653555751836,9321.20719370758,895.5389102457219,18073.21311583568,9773.100596835277,293.64774147590947,409.93459241868794,8665.184245094793,10708.139301169409,10022.499572637502,331.0936418441575,29702.879700821235,35982.08838389949,6099.887862179733,99.96112952194181,0.0,10700.014311727069,12873.985582558598,11401.86509422333,4821.291803669103,11505.790210537814,1499.4610574036371,11771.321203585507,11505.790210537814,37.24076885123343,172.91316926778157,12369.341512496665,12070.319970988057,541.181607379844,121.6503609832222,230313.02978504315,1499.4610574036371,349.7628044514303,11355.929529184794,425.7916694592521,12163.880913563846,126225.8172597483,128917.39792620951,11656.953323168344,11491.811634121756,30968.192822399407,130168.17341145886,11403.563579099115,131990.4481369447
11027377,Sežana,909.6699702496849,13219.396673620347,3382.4427152313633,937.186569165445,818.3023478318596,909.6699702496849,17215.610244314914,778.3330156034033,818.3023478318596,692.0249904968337,902.5826833283631,17024.120757503304,1651.6074303764067,30028.115001897346,1234.9355207004453,33457.539410982514,881.951258678156,776.3434936846896,9188.820041124909,37816.187328749795,1201.912971085215,10215.138199057712,25101.15563902426,818.3023478318596,15883.708344723147,2115.1249675893396,1956.7115668711167,14284.132774468779,42419.91651427763,1755.6222128855181,918.0698144480457,692.0249904968337,23770.961422254608,19188.852030368194,1020.9162022272329,496.95745826795525,47460.28999624765,32431.81270881601,778.8010083210331,7496.481307635997,818.3023478318596,818.3023478318596,7421.1384405343115,1396.1782263944012,1468.5891337794383,51821.79837009274,5104.115466198399,177.26657952106729,24698.614847645906,778.3330156034033,9773.775527059497,33268.633805054,997.8379933036202,44194.44351182562,37569.52170214256,818.3023478318596,496.95745826795525,35376.542453760696,17215.610244314914,2161.9267935269827,42533.51582525008,30678.81339036739,1224.5483997559904,25808.813901041904,31724.198516243097,38576.67925667697,663.887066329789,887.4052029066561,753.1269449329693,42419.91651427763,970.269113849531,997.8379933036202,42061.13591927708,1174.797004863341,293.8877947493888,40064.06071112775,594.3110357920442,851.9429039425544,76824.09272277121,77543.40287384295,166005.4514504578,57374.49710203334,178904.33646693692,76798.99157001109,42921.77736931192,76443.5985593369
11027385,Slovenj Gradec,453.1710326845688,23866.2919309973,10728.230182356285,424.0889735501792,515.9971033356034,802.8509137636745,12243.585276577473,532.2560119560065,52454.97602778425,5513.577644736907,523.7328061964386,31241.69178973504,14005.089621833382,1917.4028636589464,782.550545805871,24368.75017047087,25687.25084769358,668.9906840020217,5619.727067973058,92683.37916290163,13993.989674892953,19640.59998253013,22737.338019336228,1112.605222536876,5457.3798507998445,23626.70408008506,26065.082077584324,13225.791155039626,45213.46092389503,14262.2380848228,802.8509137636745,2135.798922755693,13225.791155039626,12012.636574551785,12788.378376537476,18835.550159677132,62375.02143450727,40880.55638873982,294.62126397259857,6130.270791909965,11845.038783323216,24705.875001424,5724.976043805498,318.5821206154748,10916.225523980524,40740.18032221164,9066.192565375752,323.56939372504877,907.0158374141457,532.2560119560065,22874.10112575609,11347.863048696507,844.0664571569336,25737.687530849325,11866.714939227379,987.2420078927931,318.5821206154748,11574.38152073233,352.85074946727735,23898.33122736713,45810.90376748096,393.10338957886546,559.0835213951955,23104.060785761078,11759.617296478802,559.0835213951955,0.0,559.0835213951955,526.8623714194729,526.8623714194729,559.0835213951955,462.7250165301412,194573.8289716579,671.3962492987172,424.0889735501792,67117.79832035079,559.0835213951955,605.4288039333451,90486.61644636292,93178.19711282413,22282.42447853688,67060.65305317845,52322.933070652056,94428.97259807348,23842.27604051579,96251.24732355935
11027393,Slovenska Bistrica,346.71910811625355,14241.151442753491,19286.43831583314,13266.92353660654,409.29167058074904,284.3173557612776,14142.881853433757,483.78180908452185,442.4482566463321,674.1954848833552,492.0189316577294,13911.083162694005,18144.848040321667,13634.539605453441,697.4417604052678,22543.803844196038,21788.42309734457,481.4385516745351,11355.877361562856,81373.62645706355,10250.353793213979,1932.530051417807,624.0101812300504,940.6452096271809,10317.049076070507,1157.7794674956021,1144.1375867636643,888.0623804627896,22401.58378630391,6966.303899707444,17902.42753832161,4011.2193095484,398.6566887153475,446.7897614587829,12271.6706668288,13150.75427033396,19261.521290084173,24559.124177431528,361.8197792114591,973.4540131612937,1350.201321313933,9880.992425920533,446.7897614587829,7022.029420614498,3972.0016138216483,327.7443140296232,7994.035065405634,524.9087960003393,677.6171655733577,409.29167058074904,21595.09851400274,8062.306739950172,355.73232501077814,19271.801247115844,21429.26478194167,623.0288685455714,670.8607701661299,12412.442795503985,21497.71422381473,17097.931822985185,22269.684264105876,467.4441635245472,21611.334933222464,19482.565503139962,22106.88836004413,21611.334933222464,167.48690238290655,383.5652624925729,350.31389539658045,22401.58378630391,573.4016562450289,284.3173557612776,203618.12097421364,941.4082436003057,539.0141415753382,22978.01453433695,539.0141415753382,1372.928813415328,99530.9084489187,102222.4891153799,14273.438119436705,20832.96790553174,670.8607701661299,103473.26460062925,14273.438119436705,105295.53932611512
11027407,Slovenske Konjice,222.81968928544612,7053.996210215873,23292.15416549264,635.6702522680861,4637.525854285346,242.60472495948295,374.6500105303128,256.41758593030545,14083.14447967571,1744.3591485652064,1180.832099966559,27450.716752692908,21460.038333767454,1285.1855987795889,321.11627468686856,22440.64130460109,18756.147016058498,503.3991191934571,5990.437767363736,93541.00518812635,24295.148453060378,7743.731957592426,14757.858617858434,4693.291950779701,5617.532780428329,14357.469173057545,14488.251997701584,14083.14447967571,24596.231787661065,4532.53000854493,4796.754065124912,4230.783277378281,7647.574725630619,349.2333074417982,24254.140088586057,5639.116431398591,23918.441787747746,24531.396080713377,237.37747801744646,12978.671144898635,4943.23254167781,15790.029247107861,9725.565005188486,4095.612900463696,11918.229331350105,5200.473990927624,15954.435448132675,280.11870620635324,14104.064560214214,256.41758593030545,21502.075661444986,21699.69513526411,654.1584685882235,4943.23254167781,13244.500724257228,1443.4624672917846,640.6740622350252,5614.004885637046,24269.40150592153,23022.57120867226,24332.50659534919,452.12282017148254,24177.82508131442,19901.657960019198,24114.562888733464,24177.82508131442,96.87928616463725,1314.7350462269317,1474.388404284144,24596.231787661065,185.1704822607554,1443.4624672917846,195431.45499688262,452.12282017148254,908.2385283833811,36615.40292965091,545.6138275813296,1112.3148749193479,91344.24247158764,94035.82313804884,1474.388404284144,34470.356300845684,13951.101522543513,95286.5986232982,1474.388404284144,97108.87334878407
11027415,Starše,458.12123975452255,19117.967107291905,5429.207223474656,6128.479999211324,6742.418680860196,8126.297392979845,10365.164553724913,11191.115508326511,8739.616267630017,3694.9035927664163,0.0,9520.368565226438,7249.046475843751,8696.899486583658,7146.154149142944,11335.756504436169,14483.459809378852,5066.329123492427,7231.017892067375,67680.66601834574,9465.088688898775,9465.088688898775,11249.316371229823,6721.9005749345915,2836.7718377210435,8430.565310993748,9520.069282861301,11498.3063621674,15015.509644146816,383.25270526890773,6912.469339196295,1768.7121350513657,6875.791983066712,11452.196316159389,7975.092484792233,10085.176091551402,8136.948946705372,25016.472641495297,137.81613352393958,8039.05510528817,9555.44250115077,8233.059745624052,11016.79373387171,5471.961183540136,9113.781171000475,12711.723618431755,10923.52062193207,5463.280438885145,6860.777411773906,6235.020331538077,12463.02610626667,11206.840796875194,7023.7879965980255,9555.44250115077,11494.63885233748,10316.211855781135,5747.078117892655,8254.583787361289,10357.1402748032,11787.160561335311,11985.350992086416,8387.125676010199,12511.9569089526,11151.502370915663,11492.114319262202,14235.33152956848,0.0,506.94476359035633,11387.489698289175,10995.979318576376,163.97808656626705,494.9326515829492,223058.635967501,10638.278373060935,5257.340962273039,15602.011130682977,95.56630721053814,12158.41554126808,118971.42344220616,121663.00410866736,11244.844248022662,10390.323093312074,11428.66489077428,122913.77959391671,11001.762434269049,124736.05431940258
11027458,Šentjernej,851.2789288622349,23311.418566301385,30023.94443368307,792.7352077900471,15289.583950089449,7687.551983429081,16492.606511574126,15586.906483420471,54562.21869264729,872.2204345912119,559.4876482605606,25775.77759677046,15981.031864953642,18172.97987690466,434.31028372921264,17293.25090500343,54569.791835819735,9540.814987474254,25192.838128853527,79199.13338673537,24946.05408133998,24946.05408133998,43244.95519670852,17190.642989071024,9557.702606042583,18490.35070773736,9133.589029321854,16189.006290399639,63922.66146934561,6913.441050358562,9918.447996258326,9653.77618809514,24606.309345477308,28385.404232098044,24108.11964953765,16848.90316755178,67454.5511085502,65726.34388717437,817.4252001900585,1204.6069212934506,10430.455286533474,7822.259535659587,16830.247147043458,9386.23848333774,17345.320503990544,64007.1742127618,39636.80675404614,922.9472146926838,9914.296783742739,15586.906483420471,24587.31004793148,8895.464289378775,8019.120080532839,28328.93251554672,52882.592716002444,15946.443692699884,5050.033531586379,7775.8819177472915,17224.713936697426,39944.97219774083,63905.42975583095,15008.424664992652,17247.396192593707,15468.820327599838,16333.647112378343,17247.396192593707,563.1920452138995,952.1153440016092,17230.957838559334,17230.957838559334,1109.7693497046212,939.3671775467617,172102.61994303763,15008.424664992652,2896.9046934310113,17269.311535098936,1102.2267139940232,17123.72913412745,78095.48484206203,78920.57036027095,78552.03620561448,95972.04591291603,65677.47468979446,78510.75509528785,58689.931040897885,81251.1647710107
11027474,Škocjan,135.46065158465288,23537.106015362784,31074.80209216053,9124.582640304268,15562.662230596336,14511.321577675613,16765.684792081014,16972.08189141741,44722.180213052634,3601.6589402119807,76.38374208556138,28286.599443741714,17837.93657012496,17157.937306034488,3444.8675533542532,18344.10856348089,44729.75335622505,4445.742103803479,19123.59116273228,74469.98636849313,15488.044631287998,23637.98706199382,49564.68932447868,17463.721269577913,8090.845096918771,18716.03815679876,7666.731520198042,17971.484656532783,54082.62298975095,132.02334380889022,8039.712202671483,12710.35647831448,27115.96655688112,18545.36575250338,18450.95670590325,18306.85601859479,64880.32341308727,63152.116191711444,9046.246917864664,9254.910698722162,13732.966056669133,14646.02912990612,18165.62626554909,16210.008077584273,13294.285017141543,59278.027194519535,44629.95736374415,132.02334380889022,74.25830414807302,16972.08189141741,17628.74076632682,15467.101341642061,14842.889674779373,29379.79017402418,48153.44569776018,17925.803778938094,76.38374208556138,14599.651511993825,17497.792217204315,39416.21599940579,54065.39127623629,15168.347153019738,18635.755959124042,15362.948661714363,18154.597487977946,18635.755959124042,0.0,181.6744922958328,18240.096158529796,18240.096158529796,219.82929516459885,76.38374208556138,168763.56573596373,15168.347153019738,966.4823158633312,18173.124040209317,219.82929516459885,18336.296945729868,73366.33782381979,74191.42334202872,71016.79918616585,91242.8988946738,63103.246994331545,73781.60807704562,49403.59763582698,76522.01775276847
11027482,Škofja Loka,280.3672431630209,18805.92421847761,12088.781340486717,338.02222334458037,309.9709789380772,309.49528856926713,9929.127967971455,9737.210164851203,445.2166405967895,719.6460554386506,451.7183412375718,12576.103614414202,4782.226777843452,8069.770169188739,685.1868833764211,10788.248276425475,1582.2239976415824,324.7411611648194,3365.266572425942,22717.374909375467,7423.306914711015,8946.142977469483,11965.3228031893,451.7183412375718,10564.640174272874,10141.70994914179,11888.900584172894,1354.4157673981522,22500.53407036163,1728.1110347607907,670.8562955169886,5741.660266047451,379.6508814426146,309.9709789380772,15819.480029467763,2430.6038036963014,26295.522732742218,21971.080230150743,230.19610141608626,514.3192561683702,964.2918832310771,14453.158106125755,13440.589895013318,1084.3685257599593,3031.2799813683528,6998.830572326328,1410.8496805732518,244.75095907217687,9945.524680577106,2006.5439803112286,9005.650062742214,17257.162808084107,309.9709789380772,19510.441666367813,16968.03828143843,1546.2778873491754,451.7183412375718,14243.968829727753,631.7954631382374,18995.64478025285,22597.216823228457,2614.5356834912454,11817.219396925797,422.25252647392085,11022.296347337538,23790.58047535396,288.1992524569912,1306.2803490256138,947.5095411993428,11655.440831348506,314.399908115624,379.6508814426146,117289.87766792101,548.1109156720752,530.7022422256226,23610.201528686357,422.25252647392085,9567.131186799354,10712.515153180402,22620.739135527885,100952.26705250917,10570.902379421877,113851.15206898781,23447.276305515228,11655.440831348506,22795.422190760357
11027504,Škofljica,320.9750518386071,10987.427560588592,11385.743845810972,4352.136830178827,783.9450282323957,5566.360406906748,5583.149055288232,2074.066109146636,8951.84324162363,979.4116234364518,316.2274697852722,13011.779924207696,5043.8319129544425,3179.2297041934476,616.0895156522114,5578.203304519455,9477.880092825548,393.4878941319577,710.0415195345041,10205.451276732183,1094.300355160143,5510.371754556529,9503.31009579999,4381.628839001605,9565.466104304767,2440.136669781407,9526.321649475454,7381.073772498877,9926.888250267759,9311.74783367263,5293.375551714198,1997.6044067525236,5665.970988270246,320.9750518386071,8236.884086999777,6499.7612943678705,11404.036008154566,6138.942134227331,3325.70425399785,1358.2297446483428,6253.499655191682,7100.310275432175,2362.8856175940427,3459.6854040481367,591.1294027792927,246.24397091912408,6772.349129279279,519.3051125145493,1194.2313369155004,2074.066109146636,8724.576451430967,10707.953889572207,5128.59615747872,9921.755690711056,8853.736269502715,2440.136669781407,2953.2810224588084,767.7306956426534,7854.348847000705,3632.7677484287374,9244.098417916875,8020.72060921485,9619.89080493549,8613.788385633865,11262.078311295432,9619.89080493549,225.25821459485914,1094.300355160143,7639.305690899719,9926.888250267759,1358.2297446483428,320.9750518386071,108096.0978852809,8296.748751185512,519.3051125145493,9679.998208455785,179.98232345653926,8101.6904549599085,9030.026742561298,9926.888250267759,94289.22012007951,26864.753721761015,107188.10513655815,9517.072985284649,29955.421694778033,12185.70667151
11027539,Šmartno ob Paki,0.0,10640.36316593313,8383.737641619398,10353.148104613882,2731.7462988718344,8161.112764260018,7651.68533333026,10734.257848454798,30950.07995890519,240.67284094981687,240.67284094981687,9742.829735808322,10774.997215397223,25309.901425513486,795.3023653694494,10435.333935907347,31556.153480422057,6657.932863210303,17088.54021974502,62631.731755416564,22926.557011899113,10455.148136894502,11419.428181733943,8740.502696649366,15215.953374031293,8432.121203287958,9642.5931754939,9549.916939410403,23787.0041918144,12635.035355508166,8481.237879165732,3673.620924424114,13856.011191099491,6939.711666770752,16997.377225840875,10604.16849519201,56319.9098665278,13701.413536760821,7256.77113340331,7352.20679147446,7166.121050752622,7737.139652492827,8825.4024636375,7825.982426537503,538.7484117331553,42947.29905131311,6121.504570532567,7306.520167909469,7296.916241573423,23658.727417030324,8494.236108243522,8147.508836579406,6912.28544467378,11836.473834129549,10353.148104613882,9517.502176186605,1475.8131968089015,7296.916241573423,23889.398441814068,9644.914668474099,24384.447035400328,10556.474996350462,12281.873497921695,11231.99199662527,10678.566560375493,23811.929743540244,0.0,295.2452889276997,10953.9031490137,23787.0041918144,458.2992851516757,301.8465687466223,164522.18156417282,10408.28836302355,896.7273245300248,64540.250413759524,1343.3305456236935,10425.92242453559,60434.969038877745,63126.54970533905,35226.500086154905,68990.33172646412,53983.36540344132,64377.325190588395,10953.9031490137,66199.59991607426
11027547,Šoštanj,607.5002633024421,2152.9007139503883,2081.6901932895216,6590.492577182801,5989.027215663408,400.33255642147674,442.7891017398301,6971.602321023713,38313.55615098005,1195.3062984382439,876.3363933861883,13716.544478683563,7512.860767082798,24126.374208020152,717.6400258512641,6672.678408476265,38374.938708784444,442.7891017398301,17878.498193938794,70914.71065361686,27363.432983681345,6133.229008660307,7590.686758179855,4303.24514957726,17650.291009934972,6910.204346762712,9437.746937897626,5787.26141197932,28527.662006533228,8872.379828077082,3956.0078492709013,4868.656011652596,18292.887162881736,6783.79178496587,21434.253197623133,6166.9109481199075,58892.10680070387,18138.28950854307,239.00137461665508,2947.8504402768394,3956.0078492709013,12174.015624275069,6579.546939469471,6017.679200428593,573.5036516817472,39184.64352388201,6078.583645225096,399.30832475691653,5770.456080639113,22576.949253471354,357.78524459247683,12584.384808361656,4012.541619831302,3956.0078492709013,6590.492577182801,5754.846648755521,1848.7208978539306,11733.79221335567,22708.216448248226,5859.1836457035415,29125.104850119154,6727.733572796383,4401.40751306305,7403.250573071185,6915.911032944409,22531.640453336815,95.21110095874423,538.2706874370962,7191.2476215826155,22708.6572275657,144.39680223092728,705.9266633950452,172800.30392717617,6579.546939469471,1972.7504704592104,72818.37277676295,239.96922408394045,7074.902667058324,68717.94793707815,71409.52860353935,31463.844558723828,71023.88708161177,50504.63230330961,72655.44755359182,7191.2476215826155,74477.72227907769
11027555,Štore,784.4542514106465,8696.343618731062,5167.514437587802,2844.0566775617067,4061.513816658168,4239.2089386840535,386.4660860309153,3868.9330408714695,29383.38804574401,649.3993153284282,405.4112655051854,16501.061866187552,4906.082353715086,4908.081951425376,818.8090611361838,4323.828621081994,7310.192972336564,4103.532796587098,4612.924454190812,75218.89526451367,34487.7833502348,237.28767976963817,26810.29112529932,4360.281093675011,7883.234861274897,7427.579765156609,3607.860624460376,4341.992896149801,4724.056957207792,4612.924454190812,3885.745990785974,7275.31177015667,4286.364661048642,4598.366376517045,4670.1511382985445,4288.853708669984,28976.702894882957,29548.802054173804,92.48669125561189,4342.496104634319,4331.752002240389,5022.40239202601,520.6614898478347,4210.070835187563,1309.3528904117102,24719.030934153463,3785.688563835994,3899.573161937884,4264.502153963362,3868.9330408714695,4984.826750012652,12080.855960741266,4286.364661048642,13669.429962180868,4589.058180845357,4204.901049558086,1214.2804538179114,7644.207518389109,4981.298086825657,5585.422859649435,4118.970365620981,4400.184611726039,4889.721662218543,5121.060794405561,4587.912655089933,4889.721662218543,390.31693336789857,237.28767976963817,4724.056957207792,4724.056957207792,591.7778429684544,826.2476808699253,177109.3450732699,4671.551751610693,2853.642974242041,53299.50671093424,591.7778429684544,5133.5217052233875,73022.13254797496,75713.71321443617,21069.032530791766,51154.460082129015,29271.546062046484,76964.48869968552,22889.95668556525,78786.76342517139
11027563,Tolmin,309.6412769497561,50344.55507086652,23115.845513915654,527.4432408498616,559.3263262592645,591.997693270247,35785.715785096574,466.889182181647,672.7263137361831,1359.5287290444792,997.0996675863912,1706.3873263983844,1828.684744794986,39069.673718507416,1537.9437361424837,70328.72995202076,39671.38406329136,582.8575525957637,44307.54447936712,86641.68244218316,475.2191060229963,20024.68963046936,56916.418785648995,1935.5627590453682,815.5014846068532,39446.13594254812,41266.354052013136,13101.536686111976,85066.27058627315,574.4752886654617,731.6912969443599,7346.342600563431,38802.639932525315,19281.051130160373,3412.932287785006,852.7994463940981,82469.67829938831,34976.71720627375,10.0629127151451,595.1174789232203,6456.65182288122,36713.00628590062,1073.004884788389,1706.3873263983844,7403.859477909682,57.23768495789011,16233.81672625987,527.4432408498616,15877.035557345935,466.889182181647,6100.616483487836,39029.609511644936,309.6412769497561,48222.81997734365,46694.82496025918,15877.035557345935,628.8688774308133,711.1972171159929,2395.9407894340534,1518.7625396641674,38859.04630695606,23159.432973695155,42400.12665137551,1270.1265570761475,38812.72588208982,42400.12665137551,413.5836827808284,620.1729881788694,723.835703311124,38633.86741546724,1073.004884788389,620.0857414067649,111989.90500421426,1073.004884788389,339.9773727423227,40922.358455957234,484.2014378885149,487.6826393445108,70104.50093517013,86545.0466683356,164906.84456492768,68542.62902954793,177805.7295814068,87371.58383832294,723.835703311124,86719.72972356809
11027580,Trebnje,379.36185629476813,15267.937949810077,19969.538176211237,365.3035411305293,12077.005322378805,338.386471494685,18231.83695548331,1794.3460521149482,28030.528787065785,2425.6477966050843,1368.9309620529712,20780.314117918828,19256.20800197225,20370.811002869967,1698.931725033991,19491.082030968737,43091.94942526895,4892.611331242478,9734.451928177448,47574.31202027912,9765.287416862073,9765.287416862073,46943.94682884446,534.3425153945991,6896.732688229482,17992.601575202803,14352.096530701483,21370.26245736909,47295.748993814675,11375.372161602118,18710.731327373713,6739.821501805015,43106.607721314766,25984.2026461983,31377.763429423212,19769.00726610877,46294.07966395495,43579.578867271855,483.7682877443881,5705.970833769281,18487.231414334423,31479.365182510144,2996.790769621167,13409.78913255123,883.3882333114216,32382.35284630564,17734.283015530236,534.3425153945991,17702.79442696464,1794.3460521149482,10225.012888110316,25096.252913328193,385.0140367726986,24941.445824267335,21261.12690529142,17978.5711354113,1010.396489549651,31954.718862168298,19668.10202996953,13007.391328050975,46612.95916146378,591.778035215022,19782.729426611888,18799.168739124725,20261.427625129912,19782.729426611888,306.8088995903368,489.36472211662027,440.6730117594451,19702.247406043774,372.1994534894533,516.6077440050269,141871.24694349486,18668.63483113461,338.386471494685,19404.74004192681,372.1994534894533,489.36472211662027,46470.663475605776,47295.748993814675,77233.94777695468,64347.224546459816,80837.71750053206,46885.93372883158,28064.71495395396,49626.34340455448
11027598,Tržič,503.2438467469609,24435.01410121433,7333.692414745885,597.0681136858725,734.7283626934092,700.1955201927447,14500.035691970083,3447.5547534729126,16352.483575578664,934.2698669134303,546.1508811558855,4036.1345678026432,15532.569044409414,17774.39166162651,231.88691120998243,15738.97187217453,7302.199052511154,597.0681136858725,20130.13744606603,41718.52959647631,15687.428224318433,675.0642990549585,15307.670699172282,15582.486087096726,3960.4113508314317,29451.610420089946,15085.8183980779,16352.483575578664,41501.68875746247,4755.601001470845,11517.652287522107,5962.4900906356115,15582.486087096726,561.5338039152264,7005.437658868716,11707.423997748547,45296.67741984309,19812.906143194927,815.0676443301643,220.74166832518992,14969.497247353414,11141.686726853502,11216.701380395782,2814.251679836832,10936.30145133236,25075.510027686763,20156.117874775915,130.00396814771267,2233.8637112531305,3447.5547534729126,781.9316889831548,15349.230732867662,626.524224069255,21325.332845338733,20061.250753449902,2304.5225051261514,130.00396814771267,7612.837191995183,4695.659441141699,37500.424486070864,41598.37151032933,543.777572361537,15875.22701445485,15575.637773325794,16054.214375225485,27480.31423597595,23.46217059762211,626.4073039632549,15691.386458866327,16330.3323916841,781.9316889831548,762.6170749194021,138955.5084066499,11216.701380395782,417.5610843271876,42611.35621578722,781.9316889831548,15858.541040650956,16054.214375225485,41621.89382262874,110521.34703211622,16788.46139346706,123420.23204859486,42448.43099261609,16330.3323916841,41796.57687786121
11027601,Turnišče,1129.0053568719866,10187.14545801199,50298.6272049943,6729.460108300304,14349.554530366884,14349.554530366884,134.71316927129234,13989.87593412729,15255.002958115134,735.4009113193142,134.71316927129234,15483.443795950681,13807.190043170163,5881.243859496554,561.4440673111465,16403.48630597554,29393.37674886084,746.2201589984741,4201.709552491916,14185.839666078959,1291.4175074680315,14428.250225975555,51053.82895927102,13701.476086126448,6091.5062186518635,14815.305841526397,13252.759409140315,12297.728796290154,60433.51179808584,8176.129521660271,14118.437219416914,7343.017532891005,14815.305841526397,4910.782942504985,8354.305115195639,6631.898485823576,57760.84159217241,44478.00763577747,134.71316927129234,1291.4175074680315,7232.197281339122,19385.78474647903,15681.520258619199,6550.951729452513,10206.623494029853,11968.688259582139,7503.612372931246,8617.417454393326,14157.637070932438,1416.7293446524588,14680.174572623833,14928.109419109944,4417.219777961164,15057.129099996722,50656.36231025855,6157.821225435864,298.82555969784335,6074.857201613396,12742.719615981889,50332.781699769315,51151.94794326934,6187.692191773253,12742.719615981889,15125.780198291533,14274.685013901773,12742.719615981889,167.33714006944075,1291.4175074680315,14449.184011690078,14450.490455191275,1173.0882517601283,1379.4266099064457,277943.8356400505,12557.922330362033,4602.954238660331,61642.83288826551,1173.0882517601283,14883.650415006685,173856.62311475523,176548.20378121646,2711.0355719985864,32078.799204317715,19139.780865209177,177798.97926646596,19169.756703191128,179621.25399195185
11027628,Velike Lašče,307.83381889510184,13195.534821501777,24425.923349369645,5086.326057296023,17814.383880650927,17940.3514341081,24863.535146717622,21354.452200576037,28232.229333053016,1391.6823373131442,307.83381889510184,14498.430982047825,24324.218004383834,19373.78421494461,574.9561134613293,24858.589395948846,28758.26618425493,1042.6644884866132,19200.79715695184,29485.837368161567,18811.230135026013,19335.827477731353,28783.6961872294,23662.014930430996,5580.159836780524,17268.419018660785,11350.489273579175,26661.459863928267,29207.274341697143,17539.349378037536,24573.761643143593,4025.8741753714116,24946.357079699636,346.61809968912513,18103.90500365336,14160.633790978996,30684.42209958398,25419.32822565672,4842.554825830369,12274.276252357775,11090.35538621768,13858.451036093413,5644.5851263143395,10671.51162074338,1567.9170372458766,236.17419998698298,6602.147880416393,303.05500910701545,19071.181240443144,21354.452200576037,18603.334752337723,29988.33998100161,5520.206952852994,15576.063126344241,14480.657888576565,5642.363016124526,377.12141943813435,18019.025448625966,17940.3514341081,22913.153839858136,28524.484509346268,3232.475414118993,28900.27689636488,13786.85676345278,30473.807414008355,28900.27689636488,256.69152629582754,236.17419998698298,17985.62335783682,29207.274341697143,491.4950502169395,149.13273657306235,101229.40720180102,13786.85676345278,346.61809968912513,28960.384299885158,491.4950502169395,13922.58777304544,28310.412833990704,29207.274341697143,112196.24043322983,44188.770205486246,122692.05657046914,28797.45907671403,42308.622958192755,31466.092762939414
11027644,Vodice,383.14168355374363,7744.340072812394,12137.362647945174,3665.283583455923,383.14168355374363,8615.990355476915,11415.052636247372,8914.271846185444,10303.91810747037,1396.050350318593,198.22227722499167,7191.936809298728,7914.548314730231,4508.166795904482,375.1908961701716,12332.486300490282,14035.992531389073,0.0,468.04636373489734,17200.79995414259,11798.247099502058,8035.314442826128,12332.486300490282,6907.797057767255,9712.906025719041,10334.301935221409,11279.911504953692,8453.022936940015,16829.688314807154,4099.349814354034,8011.530358807326,1262.1764776962384,10330.608126049076,4954.145786993423,8944.760411381218,10380.717191519325,19809.79379923744,10071.083789203276,688.4840659945716,4711.507325911136,5582.039843833233,9901.406038286994,2688.0914890343174,8060.812399012234,8753.761361079934,28.70364768522492,8669.989023550808,2265.5288763555372,9973.323330798323,8739.098980145209,8256.080813330818,11736.378679751946,431.3097229850625,19571.178267118783,11439.27936910744,399.3936640243997,3199.7526289311563,9901.406038286994,9327.11697701298,10311.615396565709,17080.64186799558,8080.097954661636,14062.66266662378,11455.339199583166,14193.472036562935,18274.00552012108,326.24246458448334,468.04636373489734,10891.767267150766,13858.19725495101,58.982179884187154,468.04636373489734,114480.99256880733,10452.56195379035,114.12493870402902,18093.62657345348,58.982179884187154,9718.140529141032,13961.675066419542,17104.164180295007,83580.71086939663,14320.426068364588,96479.59588587529,17930.70135028235,10891.767267150766,17285.868660430424
11027652,Vrhnika,748.3279468089423,14367.824662890996,5237.362807255919,558.0915904851319,180.06271498637958,252.15178416894258,467.9271877023726,1785.641371920723,525.407911780768,463.88776255994003,119.92054552702432,12530.278231968545,1199.712590170942,1180.7264295117216,620.8323934400983,20975.10919521111,9380.767174129453,328.92421978292913,6364.277537297843,21020.301807436696,1956.042523642825,574.5230795613099,17942.79403897113,565.9159409091993,2680.084606659932,467.9271877023726,6519.023518906941,8451.644565596212,16955.2001615712,2775.770855057991,8462.517929944925,4559.441294305079,19488.19840043522,500.8508737329898,711.8976837259081,500.8508737329898,24229.373093112357,19912.473203733018,217.74501136422893,4131.172414365474,2618.2036256398114,19685.095978234705,415.40268127451174,968.0581047621663,8514.472052959783,65.07294374319356,4707.793256089762,399.1144746533375,17760.633663465862,1785.641371920723,528.6317613881344,20220.12454043628,847.6031031482204,18693.310082097334,19840.183218429236,467.9271877023726,467.9271877023726,9064.89330049937,16307.628648879396,562.1869719784803,20576.942064356157,2680.7483801494277,21770.30571648166,18543.321949319426,21891.045770353878,21770.30571648166,180.06271498637958,180.06271498637958,709.8512859628269,20600.464376655586,376.0506374650993,328.92421978292913,81324.56059521259,17980.057939100876,65.07294374319356,20018.978295994893,330.0503393280642,151.24411564035074,19881.154225583854,20600.464376655586,109062.5129532706,328.92421978292913,121961.39796974926,19856.053072823765,29368.40386172152,19500.660062149578
11027679,Zagorje ob Savi,737.6727971700882,23769.681178210303,13607.9509333755,7157.129333942974,6989.579808236831,617.7667557862571,1296.3907953683565,6436.030312995397,1209.6310819248943,918.7441525424697,585.0050898674076,16546.198806973767,6449.915556397419,5904.310848330267,1397.5114246549053,7029.829014574784,6771.375722698735,1022.066985888731,3217.5941210047604,47133.35537488953,7996.349837283268,18718.216664094216,32910.50099862313,6904.139036444101,1055.1588845146764,8062.844716812105,33623.697687603926,764.3048856149178,37299.24870803034,1291.4025827156288,23519.6834357002,2880.940969176147,38451.56012268164,7142.000394262045,20951.232576977665,7157.129333942974,44454.12021546288,35180.93715582532,865.909315829713,865.909315829713,6598.789670193663,1145.773176411075,3341.152662843983,6133.440985961814,3001.3833579925417,28196.86980231381,19609.87166424473,987.6299177486795,1366.6764542363692,6120.461344426692,11158.472450011941,1614.0808672069452,617.7667557862571,27450.452264513206,17121.722476759576,5734.8943370632705,950.7832041718439,1029.2781335687955,6904.139036444101,8569.412443540785,37282.01699451568,1419.1329240863015,7596.7144063355045,37271.93702227765,10991.26556952377,7596.7144063355045,245.28626985561243,1177.14790683913,6604.068195453151,37299.24870803034,865.909315829713,1368.1482983590035,149023.80518364575,1218.2872013588876,3021.1402872013578,49041.87403323249,1264.9391307296075,1160.2211236386975,44936.59265835071,47628.173324812014,56031.45417911524,60202.720200133896,66742.36831618217,48878.94881006136,18389.113302215534,50701.22353554724
11027687,Zreče,886.3491267370891,12178.223607603351,23512.0716428535,5759.897649655572,949.7417954385261,867.5332956017766,37.266045889651224,5254.369434035784,17968.848491613568,683.2003528902301,867.5332956017766,25558.023192019733,20555.648799012986,5967.285237112555,271.13492927494514,20703.651908986507,23880.37441344598,238.33238220256794,10672.537405696707,91648.31162745316,28166.826930349314,6341.040372774252,18081.196591389966,39.322608550846134,4822.089421348698,18317.469524345142,18448.25234898917,17968.848491613568,22954.298004201864,844.7459496981103,737.5193035652132,3352.0120326981855,6244.883140812445,5288.25566443891,22900.392185292618,577.8994829900784,29042.669185135223,29655.623478100853,5361.604875404933,15695.001132465104,853.4506808236032,20914.25664449533,4822.089421348698,2277.7568389304456,17042.456728737576,4891.066081830625,14799.595905128963,39.322608550846134,17986.449723767673,4716.146874241236,16440.858713036476,25810.020033933273,937.7130731759945,853.4506808236032,18368.72812164472,1157.632463733021,62.804212717849296,5988.073898370793,22627.46772246233,23929.980064915137,22698.76972606883,5473.170407477443,22535.891297855218,23351.301841399632,22480.826019453103,22535.891297855218,82.51510402682732,1262.5776040915664,6156.4880426171085,22954.298004201864,224.3644956379504,1262.5776040915664,193538.76143620946,158.94178303070396,577.8994829900784,40725.72782832005,1104.9809657007097,5794.414513252313,89451.54891091445,92143.12957737566,3595.1667942512236,38580.681199514824,17833.48668609697,93393.90506262501,6156.4880426171085,95216.17978811088
11027709,Hrpelje-Kozina,1393.6986334220733,10222.116941885735,17859.587553661637,4704.008699131515,370.38556722116334,1393.6986334220733,24296.51769240316,19468.88812082507,19875.06294120088,963.7588047640213,436.12431769860854,12960.95910891837,20514.55425692425,24032.2238486437,3849.687650334261,23619.25734458754,19703.120855101348,1393.6986334220733,24065.458125809855,30417.21376351479,20048.746998659815,27714.72218443198,25070.136855717017,19787.253041994223,17994.28396166825,729.5182604214774,2119.6579585353534,9804.933255131104,24198.133497343773,1297.0347641978185,1703.1373337988648,1934.834342794844,5549.178405320784,24318.854936590848,19883.09324849861,10342.655713480215,49826.61254010988,34798.13525267826,409.36188133538167,10172.253628940325,10095.802813702925,19875.06294120088,319.79202421785686,2317.6536869984693,1168.2005236763373,33600.01535315895,19852.068183934487,296.44943265930846,23558.74562178705,19468.88812082507,18974.955405845634,22329.812334100166,1563.994227886552,25972.660494891803,24824.09184691796,1421.1379609482035,319.79202421785686,22750.405054509458,14686.30713796185,186.54215045575515,24366.723076737984,24131.83125593139,19889.379864526778,23699.779965632915,24535.379410663852,28865.598023433115,22.904112902239397,606.070246867994,19809.887538301988,24198.133497343773,436.12431769860854,1226.5359470576223,23839.35290234325,20160.435993162155,259.1351063147645,25334.599392656408,311.92201118722966,19605.011820329048,79190.41526663344,79909.72541770518,168371.77399432007,59740.81964589557,181270.6590107992,79165.31411387332,60421.36135468622,78809.92110319913
11027725,Jesenice,233.7350785507345,42720.93964215404,6398.643603259545,3877.3791261610036,703.2584080670083,233.7350785507345,361.4799597394704,12897.763582020325,14054.359419221564,1240.0164830236101,281.3605064840393,5082.149204400666,1058.165231471802,876.9128037393159,890.2265346756728,409.92192573409477,30202.021285801635,461.2684792979303,37743.15671334274,59331.548863753,15046.996964888149,25289.70858543455,32920.68996644899,474.4470855159573,4901.967836181158,23276.885728064706,1141.122513094583,5775.808578980934,59114.70802473916,6254.643141634567,12152.856624976124,7056.829843535371,531.393814168553,23598.891709260843,1250.3205890056965,1253.3161190824294,62909.69668711977,13998.204425142127,218.04026324086618,1133.8706803074856,1127.0826219532767,260.0606163557778,13370.984177289587,474.4470855159573,508.2258378984586,42688.52929496346,13355.313547978445,441.63942088983947,12515.29269885467,1115.7530321781037,25691.151456047177,22217.423104102836,488.4620449029812,13223.761271874933,826.474273589812,1196.192134432328,375.7417671299005,19635.11521093823,2132.995074767935,55609.8187346304,59211.390777606015,493.16111985585206,2236.402335377968,13630.79321038217,33667.23364250218,2236.402335377968,261.44698671752514,435.28883042114626,821.5306861336726,33943.351658960804,566.3370405872349,902.734087938677,156568.52767392676,384.17651456938216,168.89140243543494,60224.37548306391,605.5421212235672,33471.560307927655,33667.23364250218,59234.91308990543,128923.2008819376,34401.480660743764,141822.08589841652,60061.45025989278,821.5306861336726,59409.5961451379
11027741,Kidričevo,407.06095141913164,14761.976919621635,7558.595441848296,6058.23126812489,4489.527609231684,655.611619046978,5956.471164831211,6835.125320656242,7043.85404071879,1310.333345219336,308.86090415224544,6566.743336930896,4384.516082677018,7460.72902962464,3158.914954218139,6979.766316765893,22367.08101826804,412.44748604803175,6739.813128938348,63324.67583067541,3832.617985695646,3832.617985695646,6893.326183559552,352.11954448926525,5060.969590210461,6462.421233855332,7720.811307541465,7142.31617449713,22899.130853035997,5961.219294344056,5070.127256223558,2288.975405883483,6873.532084974144,7096.20612848911,7263.260137739729,5223.118037012477,666.2631727725042,28988.24267535039,3971.522204000594,2939.1923092811235,6071.88719112211,1159.6550716842191,6660.803546201437,3348.4565831030573,1179.7078992912684,10797.392399205022,6567.530434261796,352.11954448926525,7119.727882512247,6835.125320656242,8107.035918596395,6850.850609204925,5800.247581511253,6412.140415974796,7138.648664667206,5249.715148357758,362.3457864139732,3924.3800261019815,5817.141642062743,7431.170373665036,7629.360804416136,702.169906071857,8155.9667212823215,8189.42007744726,7136.124131591929,22118.952738457665,498.4003986902276,655.611619046978,7031.4995106189035,6639.989130906102,344.80913144572196,533.5887791354266,221915.40072470516,7885.681125536102,575.8469815584729,23485.632339572152,612.0290527309909,7802.425353597805,117828.18819941035,120519.76886587155,6888.854060352392,5860.886344463391,7072.674703104007,121770.5443511209,6645.772246598775,123592.81907660677
11027750,Kobilje,5424.5278640619845,14657.328023038575,57894.32178919555,7825.554070528351,18859.957712091575,18968.160965649517,10131.883949397827,19562.067936676423,21300.18819751871,1217.9132141375007,181.3290728142735,20706.698281969908,21350.54064988061,15878.414639623094,80.19449896536914,23884.536703779504,36989.07133306208,10001.686905359897,4360.942581469568,19446.883770373555,10546.884253829454,9723.192593711956,58649.52354347227,19299.57106132214,8334.687489080125,22030.441868957343,17722.941974166893,16531.744837871418,68029.2063822871,16635.751709779717,16966.50551412532,7180.151441938758,22060.751382223083,5545.478064300499,16685.08492619248,7666.46218912994,65356.53617637366,52073.70221997872,9418.38684750515,4977.844235579136,7069.331190386874,22593.036600009676,23277.214842820427,14610.228055281472,17802.3180782311,19564.382843783376,15373.93038747093,85.94191779452096,18968.160965649517,10672.196091013882,19425.17754641083,20973.294658513525,14414.390558087698,20280.38358601594,58252.0568944598,15963.593267955062,7076.668385514648,9668.218531097938,19162.16890849108,57928.476283970565,58747.64252747059,16184.862971899789,20338.41420018313,22066.49138046844,21870.37959810303,20338.41420018313,0.0,5479.758152799241,18919.366576716675,22046.18503939253,322.1193912312161,181.3290728142735,285539.5302242517,19425.17754641083,5663.642880008785,69238.52747246678,322.1193912312161,19601.750796253946,181452.3176989565,184143.89836541773,12708.206352125122,42075.96998444426,29136.95164533572,185394.67385066723,29166.92748331767,187216.9485761531
11027768,Komen,432.94426646039767,19948.7061356238,11370.948097585791,3872.7685230811608,542.9555933244673,10424.570488987483,595.9504930306769,17525.66603356737,18956.936372622076,994.1087751201655,588.7541960470538,21233.81890884547,19596.427688345448,21147.832507032937,1985.6538101790572,49943.155463132105,18784.994286522546,590.113060099747,9267.643169375118,54301.803380899386,10418.352068868433,10418.352068868433,23520.575461217555,18869.12647341542,25579.565670814547,19531.23391927065,12138.220129368574,21597.839378314755,59001.37393107307,6257.740482528962,6373.257268520348,2504.091967972981,25222.796937734143,8021.0533843282265,18086.060379667855,16600.775505150137,61027.37353019463,45998.896242763,545.1539840077941,561.0698704408795,17789.10413236824,18956.936372622076,12527.641406527127,8953.646738851396,7877.2717371843955,54375.81245452862,9985.593731162495,588.7541960470538,21587.953013726772,17525.66603356737,915.3507953335254,25525.142117138195,10424.570488987483,60775.90092862106,21325.798767325683,5830.591261826924,595.9504930306769,17423.726027262903,9010.598082298093,14196.829224519672,25479.256306320476,16040.638395062295,18971.253295947976,21205.653039584184,25407.846726072497,21522.419737747372,452.96090835275857,588.7541960470538,18891.760969723186,25457.439903487084,747.977730310217,651.6055792307377,58642.59333607252,19242.309424583353,2326.0569258414084,23009.80119219814,951.7717996368299,18686.885251750246,80921.72440794483,81641.03455901657,170103.08313563152,61472.128787206966,183001.9681521106,80896.6232551847,25867.517850382355,80541.23024451052
11027784,Kranj,202.84521369903058,9982.653743959941,9156.256801603033,127.77739864731248,302.7837779740499,198.55991242359363,190.88712744439147,12566.366372229068,496.8291127767734,1342.620932949243,338.3816222914805,9323.661558561482,166.02493453993435,2147.43089726355,173.258894887159,306.70933199299463,845.3007435498309,203.09463950541746,4512.584171981326,25961.315265661324,1125.0398866481455,2617.7360753573794,1379.6875569925419,120.45984095811977,5525.273709483737,13694.396089274958,2296.5870346541938,496.8291127767734,25744.474426647488,496.8291127767734,4735.122000126966,3922.086602880563,2132.723798352676,5129.702327200715,9247.336628780351,496.8291127767734,29539.463089028075,22923.46083033568,194.0410083722957,5178.728122493547,1242.5371294654362,5111.08756079557,7184.832712835149,918.8968248987163,1373.4096354766316,9314.650227496544,11384.260323621074,120.45984095811977,1569.3662046381141,2267.1591230047393,2870.6067192540145,16889.87497220915,496.8291127767734,27228.46954142102,20211.97863772428,496.8291127767734,281.6097938353199,5525.273709483737,99.84874615733845,22239.585136538706,25841.157179514314,203.09463950541746,993.4829620118529,1482.4814576244949,198.55991242359363,27034.520831639817,95.48492239721263,612.5175270294751,677.267321267283,677.267321267283,517.2848964868812,844.7391990536341,123198.29407583486,322.0875997811362,227.54287571647828,26854.141884972214,199.08889706709564,949.3588467020139,198.55991242359363,25864.679491813742,96184.91498374344,1027.6015932768316,109083.80000022208,26691.216661801085,677.267321267283,26039.362547046214
11027792,Kranjska Gora,400.8213500745552,64783.55851282769,29024.008386301455,687.8706415453719,660.0594668980091,623.0746780658428,224.27532678961992,451.93697866883883,36032.45068006641,68.52494393404892,366.9707768403562,14292.59315052911,21994.113646918442,23502.27758678123,295.4583272227773,23035.28670877601,52464.88027655451,164.57994429940706,59805.77558401637,81394.16773442655,37106.449150924884,47552.56757618741,54983.308837122626,451.93697866883883,6421.26569179543,226.08624241137016,23766.487296136504,451.93697866883883,81177.32689541277,133.00310910174773,59.905507770756735,6953.781530061766,22519.405671484776,45658.34389529754,22826.455102122305,4321.373134454718,84972.3155577933,35976.29568598698,164.57994429940706,245.9075644791967,22436.61976701739,22795.53792763293,35349.075438134416,164.93996772812523,22542.57364775487,25100.47074822333,35333.40480882326,68.52494393404892,386.58118593302066,295.4583272227773,47954.010446800035,44276.875290139535,337.3748870958244,35201.852532719764,23451.839056631732,496.0994534363273,133.00310910174773,3415.6842747150895,5499.07055252622,77672.43760530399,81274.00964827956,22347.541077586317,21021.21167149541,35608.884471227015,55729.852513175814,21021.21167149541,37.87224257723023,574.1703126749511,22229.268799519654,56005.97052963444,421.2971862196652,607.06883220395,178631.14654460043,23009.541297611297,0.0,82286.99435373746,421.2971862196652,55534.17917860129,55729.852513175814,81297.531960579,150985.81975261116,56464.0995314174,163884.70476909025,82124.06913056633,22229.268799519654,81472.21501581148
11027806,Kuzma,177.76722741160356,25787.14515931584,59273.484370200575,15408.755682180434,6848.784986004522,15322.424057457667,25515.981174148455,25095.726453313426,25467.839316193254,13964.033387873795,2590.604365161051,22020.305786371213,25137.414123935403,25376.814787883395,5665.801369067335,25200.56455137885,36251.97979614815,6056.026577001868,17698.383084915517,51689.82385232823,6318.398849063437,13723.52972431257,60028.686124477295,6288.3209597346995,17790.594509585397,26360.046761230504,4932.131442674373,25581.411296396152,63377.43033693301,6612.911708010311,11304.453006004878,2901.4756673946945,6213.044846372819,25634.002725968698,20448.37624072362,25634.002725968698,66735.69875737868,47421.92617462463,34.79093137744606,1643.7942877464723,4753.944956966742,15561.7875668146,9599.24472215709,4938.9144024159195,12289.351044836172,22440.90756880579,25634.002725968698,6277.352990877452,25185.74438376321,25095.726453313426,51668.11762836547,25771.26542929125,6213.044846372819,25047.632708569497,59631.219475464815,4839.139216597157,921.9904033135945,15561.7875668146,25878.93262776213,59307.63886497559,60126.805108475615,4423.28841248972,28172.112251076825,25894.446290173935,26620.6297360297,28172.112251076825,186.4656068140592,4258.825433911159,26444.8242947402,26444.8242947402,534.1084452802965,530.7339193647407,285244.77019261953,24915.160636483994,3873.6679706962486,64586.75142711268,534.1084452802965,25458.007337344534,181157.5576673243,183849.13833378552,40042.70266694999,55235.17693355022,31373.84480833395,185099.91381903502,44465.23920446694,186922.1885445209
11027814,Laško,648.2868100748682,15917.846671633513,11206.161842563395,1101.2630992070995,11790.248335339864,11235.11534955867,645.801563402209,11804.620097558885,21043.243492593287,1099.573741672571,2876.3014685369994,22493.623838220785,13391.484263878292,13328.05596594057,257.00620084862373,11530.357434574638,20013.386788889802,481.96228221194906,11843.096555701062,71546.54094583252,21073.615448291755,15249.116355081516,33844.09648752452,11567.4260102873,13643.493424174978,20176.870946833205,13852.073774349225,12989.403100278427,11588.528363743264,705.8965123939324,549.0739350617735,8396.584117953591,12933.774865177267,11448.331646232597,11804.620097558885,11448.331646232597,41489.75287040887,42061.85202969971,468.0106245164219,8397.625652217646,1712.5349153948828,12118.221684208787,11878.080565103339,10941.47605533826,1609.706339295846,37042.58587059413,12401.215979096196,481.96228221194906,2331.9816619516764,11804.620097558885,629.2474091927221,2197.4780781291843,11495.382522162628,1739.7319202261253,11723.527140105698,573.5292577588325,1538.3091160356316,14308.142143982128,12349.39045668675,1949.7532649076666,11571.296650228607,11617.26874115152,12257.814032079636,12193.267670610188,11804.996784515413,12257.814032079636,266.29020127488457,533.123135766415,11588.528363743264,11588.528363743264,771.3483345961702,595.4694251783342,173172.2045400604,11878.080565103339,398.6240447882172,58454.88050722419,340.6177574104406,455.48225711435566,69441.55217346338,71672.59015006392,30320.73383482822,63478.01501856967,41784.59603757238,72987.17441781906,34091.69864532641,75093.76073630137
11027849,Ljubljana,9.810466164571075,9916.95437693688,1492.5609069707655,182.80880824171578,9.810466164571075,158.23738092468034,465.0211849536991,361.45347484846405,113.8360873884061,3209.665359802767,9.810466164571075,6371.535339281306,258.09844634365606,1678.9939369331664,1259.2142551437792,896.3972277508665,891.0123322415565,0.0,1355.6182389902492,955.0641122418203,849.5875703458039,1175.5108705106957,173.8545070349419,0.0,2443.7177309480185,563.4412299349532,3379.594438437204,451.1408219371913,521.7524091953387,9.810466164571075,0.0,3315.8354051720275,219.33891932971534,582.1714767697299,0.0,158.23738092468034,4328.596430434617,977.0629019832498,668.779655503564,331.9581978814775,1568.154123994674,511.5744092572463,1869.9266241257972,158.23738092468034,755.8600513593118,0.0,1255.9829867213973,0.0,2647.8558643307497,248.89612968222698,2193.656206514266,1955.9313478940196,9.810466164571075,2728.613792825082,0.0,113.8360873884061,93.7526098623075,1151.3823309206173,329.67214288961134,2925.383563224062,498.23009689591413,275.8999777565605,1691.5937490214033,581.0994162672728,2608.58486563098,1691.5937490214033,0.0,548.2630536241477,591.9943059484025,521.7524091953387,673.3798636652499,104.01948583425384,101064.57420175837,248.89612968222698,0.0,1042.4693026882792,581.0994162672728,652.1299878460417,469.2882317937609,521.7524091953387,89023.97473446727,19833.230038238453,101922.8597509459,879.5440795171465,22375.149960534105,2986.1303979994063
11027857,Ljutomer,371.81146413573157,7438.860350304642,32522.601289044174,13005.541933818007,805.3013755457359,628.8945386856602,17487.510581700004,2159.221051024979,698.5518670033225,2831.238425075203,856.7869245769024,4400.071700528501,18265.44023890184,489.220185765706,649.5583169699439,21533.552794188567,19032.085788393924,467.10275983105436,7906.164358412645,24395.48718972694,8320.115416500845,20446.2973149448,33063.0264042311,894.7370353442371,2937.941143976965,20756.366179172663,22408.47721489043,16549.44757845918,50527.14473699176,6790.372184871403,12977.445871010095,7327.518483235525,698.5518670033225,817.2954038109045,17106.598219411015,20248.055133777765,39770.03903713249,35416.76605221136,610.7298630224319,2269.1078725930897,1743.6104947238905,18349.727124028246,15746.96815202752,3919.695231896234,799.6429921008862,12889.03953975395,21338.242792866462,894.7370353442371,1629.5295785847043,685.9057586324674,25283.13454679355,10121.605850884784,698.5518670033225,21697.284479859354,32880.33639430844,628.8945386856602,817.2954038109045,7862.907829127324,20062.631342449076,32249.734025046033,33375.92202731923,2040.5407355033508,20062.631342449076,20979.649064464007,20292.73210287102,20062.631342449076,395.59155625610595,1595.6394130975402,1004.1954073945066,20468.53754416052,856.9016382221733,638.4237510444709,259953.03308501042,1296.8876125344145,1168.7375033182911,51736.46582717143,418.7925467435401,1304.7383450768345,155865.82055971536,158557.4012261766,16043.412793258927,15676.639110681688,990.4039696745998,159808.1767114261,955.9652536848499,161630.45143691197
11027865,Loška dolina,1410.4868645456243,11091.70597442068,31730.756917238617,5711.073875192424,1318.8452765477775,13876.765743450584,29820.562618543394,13787.670629884427,13384.604112253688,3659.288044298592,160.05426154378426,6225.1882927881015,30220.22097045559,16261.840917975662,254.85358317003934,14049.16375287985,32417.587794841453,1428.7812712479304,13176.887397267503,41755.915908227995,29342.753871286608,37923.146076644836,49916.61569088879,1428.7812712479304,15631.204785820582,29194.11976758236,13061.83249973647,29262.559435792446,50853.06166571895,2513.4015374095907,2670.3045019845054,4186.00950803768,47786.995571187916,18194.777013872983,29285.591145065468,5912.485611366231,14528.811918914022,28619.065682510536,1387.8060640478327,3798.550392912103,11004.920345477107,29430.645599397973,25320.840705237173,5221.076042604018,18908.217442389152,14882.473983904087,23311.630843089784,205.7706372085077,29357.232588236497,13787.670629884427,37905.221054032896,18111.545101692867,13384.604112253688,11004.920345477107,24890.686013189617,13384.604112253688,205.7706372085077,31859.36929575504,14379.06215559495,29550.224121238476,50170.27183336806,25518.56580465786,29583.99684074078,29619.836415564707,29132.444746471367,50546.06422038668,59.77078197187872,1632.1832680142036,13627.508266830262,50853.06166571895,1632.1832680142036,1523.7607094667437,82761.63953672699,29619.836415564707,1825.0136494842297,50458.6764707868,1632.1832680142036,13647.027310718024,49443.33233765011,50853.06166571895,136320.74924812134,37780.181601929464,147031.66338518815,50295.75124761567,56842.484525176566,52599.01226659881
11027873,Lukovica,183.5554785230796,12671.765187767578,13310.28252540308,8023.01878944802,8481.262799007774,8724.585482088167,8023.01878944802,12038.74266179811,8474.549231231213,336.9498589121547,421.11269578655117,14240.262895364285,7263.7021005189135,9633.311828971688,353.00907965813866,9164.4752352287,19434.615099510283,823.9868602410737,11073.927112390013,20928.87898102984,6986.443720528863,11185.779282732716,7212.771713558889,669.9251700889447,6956.362274041682,16394.252767718717,17274.375682257727,14536.870666609135,20428.11236041456,460.02537207102813,9750.226635076475,3554.339802182755,15579.570349826621,8706.755263765757,14286.021844631588,9007.496698138037,19000.87102100635,7603.955219616157,7545.649503825117,4897.807994149593,4809.650562427814,14505.583175617337,12444.10318034937,912.7478857030069,8712.770786562412,11141.736719046874,11676.254436708057,460.02537207102813,6519.926216546779,8137.201209385576,9016.138520395207,9019.584717348802,8950.598114575267,24354.006999010347,3935.2483725459774,6553.529868476252,1073.8501860893082,18512.18703178982,17310.78146551012,12468.896416899248,21191.048198149572,8125.705385587384,20924.55791848648,18713.02636884191,19275.69767563186,20924.55791848648,0.0,336.4945972840019,8555.834063831722,21423.696930952334,335.39225637178424,823.9868602410737,122649.79365928666,8494.326734952196,1264.350866846623,22667.86250887353,1989.1059190493322,8615.15664927448,18732.116264491073,21423.696930952334,67959.79011145218,32342.335403960387,80858.67512793088,22504.937285702403,14451.195876413101,24327.21201118833
11027881,Maribor,533.3261603780325,24843.062625045135,367.26578838927895,393.6494129343215,438.3343023421736,628.1755227241346,92.38055810794751,670.8168167671719,425.8444829309556,1997.506760783861,92.38055810794751,3948.516043626088,237.3607368858113,1776.1611161548933,575.4482564269173,3008.6332431021515,474.55749766418813,283.1040553039321,670.8168167671719,72671.8875722229,511.16418322413955,1108.6685403799304,318.26287559975395,438.3343023421736,681.6085022161776,988.8859581872011,4358.830232387845,533.3261603780325,1297.808270655902,438.3343023421736,438.3343023421736,1269.4213957916677,438.3343023421736,425.8444829309556,318.26287559975395,384.4986453628246,23779.21634059834,17055.050045567554,590.8420191311125,967.5328144494954,1317.9394240402382,392.77222709330977,869.2432490582228,685.3345029687348,1218.7757112768131,16829.099501065764,3984.6056219643983,213.30329267842333,1245.2846101504479,438.3343023421736,679.7864679812666,320.14215543582003,438.3343023421736,20483.660941024766,26259.227533079807,210.98468774751777,438.3343023421736,952.1877596083295,101.27955210987022,2760.7786324860604,425.8444829309556,1143.090403144155,1875.0264672942058,323.2402442281222,1196.1858285502437,1875.0264672942058,47.151727772841795,415.64721977932527,1121.9484115867506,1297.808270655902,101.27955210987022,533.3261603780325,225935.5487084873,167.76010079276867,47.151727772841795,688.846679828094,176.23778139746958,1391.36921323169,121848.33618319243,124539.91684965363,1247.4020962012326,313.73990738265525,23520.017497357312,125790.69233490298,1361.9469596951717,127612.96706038885
11027890,Medvode,232.7620123291852,17268.479699405554,2149.964507117469,305.89330170461994,322.06850034176006,5940.918642789042,9628.257398013398,1411.694902006241,316.51996664266824,1919.054962052276,65.02657562201726,5321.2271270573365,624.1395308264282,6227.384741234671,470.41469295390056,12122.025312051219,9240.751549453282,284.5374286168915,464.6237177768865,12613.822970780047,1810.8489586743583,9248.71846291282,11885.558840888401,6421.561426834095,5931.873554954796,346.90379439370474,6204.831522455701,9501.51227532438,12396.982131766212,1206.13698504159,5966.351815778031,914.6561451517431,5916.836317559924,6929.886192042332,5715.928090872357,10278.760357712936,16191.970794146813,11867.528291555313,410.0814820968108,1411.694902006241,6354.362758974304,9686.443875418514,4752.3803561973555,342.294496948014,236.2337905377396,232.7620123291852,1638.690495939085,2735.9906419506838,316.51996664266824,1411.694902006241,9973.087209813773,7153.610869488704,322.06850034176006,14984.201283756245,6864.4863428430235,284.5374286168915,822.1116142082332,13146.817118657735,313.8995434931472,8892.092841657446,12493.664884633039,5936.370667973837,13687.028536758524,7244.833090042127,10193.905685859147,13687.028536758524,114.76173427020484,489.3329079750744,9859.694745033763,12517.187196932462,1340.4321593761174,357.53722329638055,109850.80178095362,7084.844706595414,917.903823897237,13506.649590090943,1153.383562992128,1438.031718870224,12193.858961203217,12517.187196932462,93697.3905651523,12878.136096843215,106596.27558163094,13343.724366919807,14043.655747414321,12691.870252164936
11027903,Metlika,631.8093926804496,10395.14616095122,18507.458937839107,12615.784672748312,1481.9738549515291,1375.2625055071346,26572.66507754034,26309.881155619667,73740.73898942367,1735.7517126617925,776.9371816629991,9528.5774709357,26437.131527030062,19257.856384701423,737.2935090913927,27324.145754691795,85185.32937853479,529.0538192159192,37152.339633605945,93122.73517642314,36905.555586092385,30651.117462945225,16687.658664206276,28077.89868829655,30527.59203611174,29035.21433023785,3110.4436217868874,25929.313293711806,92844.17214995873,9554.417447065858,11593.861990387422,21840.5622521894,59399.75739863743,15029.855441713295,58901.56770269776,697.7694870655363,92004.28986631289,89128.00202341581,569.7867077840062,2930.6339272010937,27482.268533858743,42615.70758881968,27286.346809119874,3438.3307009792284,2048.395175891175,65027.75478155907,18507.458937839107,1375.2625055071346,14957.433988599641,14579.610443691157,37444.19233029663,15893.613672374877,25929.313293711806,31307.31931209476,60928.46990472618,1362.9935574734652,598.8132710261619,18229.878182465094,27153.032656550105,44940.93542395478,92161.38231760787,15421.618913552666,27358.942128923336,26418.971061293578,26789.74677445476,27358.942128923336,0.0,1477.078879508616,16028.87825485052,27687.05750063575,795.1981701874653,1477.078879508616,168212.15021718148,17048.172088458094,628.1014508070626,27614.991549528993,1339.9324247423194,1045.9073223364007,92019.0866317498,92844.17214995873,113170.45932018789,109895.6477026038,100470.92274295462,92434.35688497563,73774.92515631185,95174.76656069848
11027911,Miren-Kostanjevica,505.9222996765451,24936.594739686156,6486.483945939409,2519.539378254548,5251.5173147663045,8696.126840711408,5353.30333995841,4597.590313380945,8924.582313825358,674.5260107890871,211.05666385523205,15673.60580598498,9784.853002326643,6844.02083648978,500.3203850524727,63073.71396642806,5658.593729970142,246.9179306565504,504.928907824754,75350.02748785849,505.9222996765451,790.3267791555062,32304.53575104516,9615.366359469259,9371.333975473211,9493.609136759584,4562.952755193065,474.4232976598339,80049.59803803216,1504.0582990269509,3277.031629926798,2581.7962288034432,9014.565242392824,395.9054264541817,4519.143071160475,407.3194003621297,72930.6105633599,58749.040507276506,355.98799887494835,250.4614892977331,2589.1771446755197,9357.134836513656,2387.2337550122033,2506.775377606279,5860.546634210041,38167.58075918731,15579.74568534109,350.6084847682033,4107.6172587893225,4597.590313380945,722.856958096896,9316.910421796876,4762.208734649992,72786.35224569304,13631.415193930152,351.2034708361436,2506.775377606279,5337.610032069376,8870.338190064309,244.59762319602422,9271.02461097915,6369.556504944556,5508.288879134962,6079.989013792947,9199.615030731175,5508.288879134962,142.76622047140046,919.2591852472292,9659.286155041034,9249.208208145757,871.7541233555729,393.15873576276385,79690.81744303158,6079.989013792947,1504.0582990269509,6801.569496856823,871.7541233555729,9364.304466412133,86812.95536952601,87532.26552059775,175994.3140972127,67363.35974878815,188893.1991136918,86787.85421676589,9659.286155041034,86432.4612060917
11027920,Mozirje,465.8902524708801,6758.782070316542,11458.808154261847,15780.437006134593,5949.372961107545,12133.489347302795,11308.627656340055,16161.546749975509,35427.011581522005,2683.972391483762,526.9429887974271,3162.9083911942366,16055.193860591537,30986.896756151677,1306.6791305202626,15862.622837428058,36033.08510303887,328.9461179113704,17992.309474605394,59303.68037291814,15362.25496057884,15362.25496057884,16846.71708325465,2625.7359897828014,12630.433499844901,1852.1998586738744,2078.2911241736474,6106.565058059857,29463.999522452592,15622.45460363887,1901.3165345516486,3313.588060292175,6291.70913977923,10650.606963812479,9433.075174520622,15512.633761687666,59121.566312046445,6137.1114854405605,350.2171965365793,505.1599450382096,10877.016347794348,327.06332442874856,4476.957622599851,1246.061081923415,6891.82894445518,47950.829230807634,4476.957622599851,1285.6789358239096,916.6862162226041,29335.722747668515,12466.6126912863,464.99098826648736,863.1116506792129,12644.14182015023,15780.437006134593,14944.791077707316,230.55351879832466,916.6862162226041,29566.39377245226,15072.203569994812,30061.44236603852,15983.763897871175,13143.10265982619,16659.28089814598,16105.855461896204,29488.925074178434,222.13719197573104,462.0313257023462,16381.192050534411,29463.999522452592,526.9429887974271,327.06332442874856,160799.12590407368,15835.577264544263,72.69532960255755,60817.1947536604,611.5178236440208,2861.6203732153376,58335.766981740526,59640.89396422152,40653.78898767558,61426.02967514381,59660.36073407953,60654.26953048927,16381.192050534411,62476.54425597515
11027938,Muta,394.44847513337174,43001.353352430095,23929.440689270225,6248.700972519487,12004.202763247164,394.44847513337174,20413.95977742871,4842.272912660558,48202.98508761055,2117.0365579380264,345.5781901688588,50376.75321116783,15676.573969479676,5216.921156658161,394.62783635152334,43503.81159190368,6797.431921503146,1313.9012620189892,13075.80761744293,111818.44058433447,17156.997369847355,750.7810563397151,41872.399440769026,2093.234907216377,1468.814658903971,5084.352349432781,36956.59591597253,20240.948611660868,49383.46843562539,6146.0259373419385,12792.02862677275,2676.709411225648,20240.948611660868,530.9860044159909,20608.81318941444,15056.549378754336,69838.036910874,60015.61781017262,1684.372377469277,9382.793036844329,9698.211083961101,6409.6936320002615,752.5542579591405,5123.645115035283,2195.7438862607773,51015.909558557316,4501.300496752493,606.360659630869,19475.124411836034,4842.272912660558,6031.158261448489,12239.713666176283,463.18237464694727,44872.74895228212,31289.35921120734,16779.306074145825,299.9340292051192,12374.832677753117,19661.483013534824,43033.392648799905,48282.93870253628,446.64790580727856,20063.747489697533,37549.0041088155,11800.277455358082,20063.747489697533,0.0,1605.2663563100105,19449.658523278347,19449.658523278347,361.7410428477304,551.5763850624905,213708.89039309064,20075.88334992067,1834.1620730421664,48227.97939416035,542.6906630006338,6797.431921503146,109621.67786779576,112313.25853425697,6606.822244986435,48170.83412698798,63677.25624285047,113564.03401950632,42977.33746194859,115386.30874499219
11027946,Naklo,369.71000938739405,13768.00335402754,4662.450323889974,3187.050418539843,369.71000938739405,4661.1614162856995,3588.755062100607,9189.367634091135,5089.691692916216,1519.7380323693794,452.60377862523063,4829.855080848421,4823.957470446695,6511.599778964061,452.60377862523063,4796.187920837999,4929.5790083076845,369.71000938739405,8867.345563403584,30455.737713813895,4467.515212726312,6876.577036327732,4044.878816509836,4910.744753630072,4209.526193563755,18188.818537427513,6398.763244168627,5089.691692916216,30238.89687480006,531.1339796221708,254.86040485966598,4667.1240509252075,6630.791715880461,635.8958494876513,4753.530151067292,5089.691692916216,34033.885537180664,21376.182379553327,3949.590169829428,684.921644780484,5482.865537620882,617.2810830825067,2691.0262351220863,5218.869417067168,5764.625759813321,13812.718145024322,15739.02171504333,3709.9935385015315,4500.9013655659455,6429.618834219399,7365.029167406579,12550.014512485272,4337.197479714606,22888.609081697134,21624.526989808302,275.7382300619164,2403.030928150366,4209.526193563755,4761.303786690778,26734.007584691277,30335.579627666884,4771.9252641975145,4612.4351317924,4312.84589066335,4791.422492563036,31327.657397595765,369.71000938739405,635.8958494876513,5067.540509021654,5067.540509021654,387.51012582538675,369.71000938739405,127692.71652398744,2691.0262351220863,531.1339796221708,31348.564333124785,775.9299486416996,4595.749157988511,4791.422492563036,30359.101939966313,99970.264593811,5525.669510804615,112869.14961028966,31185.639109953656,5067.540509021654,30533.784995198785
11027954,Nazarje,1036.3467416046462,5243.73229700157,14240.713054982214,18562.34190685497,4589.076966270114,14915.394248023165,14090.532557060422,18943.45165069588,36900.86546607503,1916.9476906018538,1591.6984375630695,4036.5117147596393,18837.09876131191,33768.80165687204,773.9201924138492,18644.527738148434,38814.99000375924,3485.5331705233307,15731.553855083044,57943.3843780807,14001.958965741407,14001.958965741407,19628.62198397503,1081.8653381480212,11086.562848210116,3215.939994499282,1311.2664232917402,4746.2690632224285,32245.904423172964,14262.158608801436,3265.056670377056,5979.669206413913,4931.413144941802,11724.295646411756,7889.204522885838,17559.212157843387,57761.270317209,4776.815490603132,3321.597143358906,2890.8247655547248,13658.92124851472,3375.9818203855957,7258.862523320219,3458.5138713176,9673.733845175548,46590.53323597019,7258.862523320219,1081.8653381480212,3769.978048834007,32117.627648388887,15248.51759200667,2986.025688528479,3459.447320392599,15426.046720870596,18562.34190685497,17726.69597842769,561.3229815822759,3769.978048834007,32348.29867317263,17854.10847071518,32843.34726675889,18765.66879859154,15925.007560546557,19441.185798866358,18887.760362616573,32270.829974898807,0.0,995.0926842842542,19163.096951254778,32245.904423172964,1443.759065037611,995.0926842842542,159438.82990923623,18617.482165264635,2195.0767705743515,59456.89875882296,1443.759065037611,1317.7497215805572,56975.470986903085,58280.59796938408,43435.693888395945,60065.73368030637,62442.2656347999,59293.97353565183,19163.096951254778,61116.248261137705
11027962,Novo mesto,529.9649267830805,8031.14397121736,14159.715559607652,737.96395200957,1801.0767544534635,1151.8736434242344,1380.672127246053,1361.1847072468468,47779.09483560667,3037.3178532803277,623.7316182113688,12815.14591633788,851.1714274758664,2308.7510028292363,733.3829388350031,1429.0220309280085,59666.3671855343,1369.486868233341,11190.69547978899,67322.87806881996,10943.911432275438,10943.911432275438,31633.65178508184,1801.0767544534635,13244.430917454323,3073.5701764208975,21993.12402404953,1696.4095041032442,67044.31504235555,535.0707676639727,1095.0021813311046,4659.256929657972,40549.17246948081,30688.404320330257,35085.65464692486,984.6742934763471,66042.64571249585,63328.14491581275,542.8615548275436,1581.913538217913,1587.1448100949594,23765.12265966308,966.0182729680274,885.2068894829754,1481.0916299151186,52130.91889484652,27038.600431943927,740.9300628256124,2515.7641239905615,1361.1847072468468,11482.548176479688,8695.782415535148,1496.7963834766347,12464.703641471298,40121.283615178676,1453.8469064034864,861.4542529805607,23718.745041750786,1407.1424790876017,24133.749134407288,66361.52521000468,1284.9708779298296,1383.1673185182826,1691.2952021525743,707.2128966691596,1383.1673185182826,174.25929989637288,1242.288824253709,1366.7289644838997,1366.7289644838997,263.86105426465275,1341.007972452242,156333.9014479636,1405.3511407823105,535.0707676639727,1405.0826610235079,535.0707676639727,1259.5002600520259,66219.22952414668,67044.31504235555,87651.49712718738,84095.7905950007,78837.96070002633,66634.49977737245,47813.28100249485,69374.90945309536
11027989,Osilnica,104.66567016400941,24841.883172659185,43137.21460405188,6090.371993461737,34369.99776603935,54437.844120854956,68664.49696071286,54348.749007288796,53945.68248965806,20774.723320601963,12019.184947796823,34496.27425092435,69392.0009069396,56822.91929538003,2129.283081065117,54610.24213028422,67725.5724404876,11560.941790483228,28601.110321125532,79156.11953337691,67725.5724404876,68206.52499523823,64120.41262216714,40531.47835027315,24798.488384723958,66938.70118387608,11461.563733797406,69245.94577466899,78877.5565069125,19635.089630998304,38667.55589958037,14834.546406270616,74616.63924491493,49776.99355673425,67774.18716886867,19656.02973696967,55089.8902963184,67975.8847509399,26.663595246497515,34903.12003959103,41992.49518831441,41587.60693993899,12077.559838540768,42060.308795210745,35379.343710246954,44276.35946530552,12144.2883722635,377.57864260053805,34435.21835298648,34503.745819682794,68273.61691755304,35178.423867928424,66.34268731182277,41992.49518831441,55133.41571065034,34408.26610892612,14527.863465113192,67167.35394140118,54940.14053299932,65014.77087170296,78194.76667456164,43731.63265638463,68755.77677722479,63457.138928668064,34859.63775209057,78251.22833610479,59.622045232261456,28399.21384524851,35239.67927451209,78715.92943074618,104.66567016400941,66.34268731182277,121933.41947321099,34783.217291463,377.57864260053805,78250.42673529882,20595.452903892918,34426.173455308926,77980.69499920598,78877.5565069125,154466.3248892299,76660.48515258425,156295.72181106816,78467.7412419294,91978.90512340804,81136.37492815466
11028004,Pivka,390.1087597856773,8462.232239970817,14273.557115727359,1791.3563013627754,665.4345371276031,779.6772459992728,12363.362817032139,599.7704117648565,11175.173236169234,2262.4394485343187,682.9941864715121,16259.823211879608,10984.679257464099,887.357656625656,435.45335215185065,583.5398958656509,32552.375279897504,511.5394942893219,12069.54441179642,17241.636804700323,7167.491040096039,37686.575331892454,32416.718182828758,11630.582485997378,5903.684900378075,11224.119461393382,11059.434878651817,11143.95538097076,54067.25241390234,993.008395953374,11224.119461393382,5616.72350976947,35536.685661810494,23062.650334937312,11799.390746851092,583.5398958656509,25205.98699323139,12600.926463959742,390.1087597856773,2483.011867823793,11940.015876808386,32724.317365997034,23992.712785052423,823.855960324105,823.855960324105,36223.93019063851,3024.2157414324674,2030.3579176261217,10929.483462099468,11143.95538097076,28157.953926179995,630.0955898750843,11352.26084577077,38353.899211780175,50516.755620231765,10908.997158576345,435.45335215185065,32460.514558339764,11636.49061757397,11555.694567132583,54354.23033322769,11994.673940871686,11785.236534369415,11722.235052735705,11926.31841068702,58853.105279922805,386.1864051828497,403.78260588619185,11799.409746269013,54185.64075383351,705.9094453658025,583.5398958656509,53826.86015883296,11722.235052735705,416.9838791032922,55322.10664914608,435.45335215185065,11667.471012362288,56993.20647791502,57712.51662898674,146174.5652056018,37543.61085717708,159073.4502220808,56968.105325154924,52884.70619756968,56612.71231448071
11028039,Ptuj,18.165194652476885,8799.790423156242,593.4349940056672,0.0,190.15906636842826,18.165194652476885,844.463116556874,639.9883642846818,97.12073280243605,1502.3584227478486,18.165194652476885,2502.957047228993,1458.2425459493113,1390.5531625216672,893.1333919336334,254.56850829994724,25031.103763731604,45.782426452275025,0.0,56934.476843179706,982.6867544397378,795.8226713806033,795.6710224553503,844.463116556874,3151.788725845966,470.4075974994074,1758.6248110760787,1180.1296780317439,25132.891179480353,111.27593310675636,49.144358634043094,4671.078004629988,621.2916140132287,275.8043927361952,443.52153858166,0.0,7638.152319995539,22383.267048764887,426.6174776605117,677.7471989635014,1016.2824011971632,8103.919847411023,275.8043927361952,190.15906636842826,955.2358383378985,16703.138042373135,416.66452765357235,0.0,430.55018453795395,639.9883642846818,1287.297319438328,888.6641127395374,430.55018453795395,2348.3541262728945,0.0,236.49889678805542,18.165194652476885,877.1198811177577,97.12073280243605,611.4317745069674,796.299474932242,893.1333919336334,1336.2281221242542,1369.6814782891913,545.7909070967958,25367.033892160653,0.0,601.6352984013558,854.1601534707136,643.576927049717,275.8043927361952,854.1601534707136,227821.14636787333,1065.9425263780345,254.56850829994724,26227.00736110044,97.12073280243605,982.6867544397378,123733.93384257845,126425.51450903965,416.66452765357235,571.1182304054105,387.06834638947663,127676.289994289,649.36004274239,129498.56471977488
11028047,Puconci,542.5545689639725,5981.441133329218,45994.49246425091,6255.043499199901,5939.505992147352,5429.496258470536,5579.416446032371,5098.940633741679,5471.053496621507,1057.0043102155305,320.51034064092653,4140.90190839955,5583.65316084194,6956.278984689292,5223.316244444464,6875.464371797805,24552.952425978136,160.68170487435907,3092.80850121679,31884.119826341586,6267.363281757095,542.5545689639725,46749.69421852763,5579.416446032371,542.5545689639725,6363.260941658756,15452.44661210219,5761.444540712121,54752.97660675848,4649.759642361909,5563.46340665568,5059.572902876913,5877.766978996929,5637.216906396957,208.63442085334742,5637.216906396957,53456.706851429015,38797.4724444501,2683.623898875133,1660.6954337525424,5050.846888997753,13371.830865933745,6379.709323136008,6434.708387153694,327.04233404824504,3092.80850121679,5637.216906396957,3346.0994784073955,5579.416446032371,5098.940633741679,31862.41360237885,6167.75709303621,5435.899411165598,5050.846888997753,46352.227569515155,3287.291305759156,6268.040851036034,6660.960864802222,5882.1468081903895,46028.64695902592,46847.81320252595,6163.762144341891,8175.3264315050665,5897.660470602197,6623.843916457965,8175.3264315050665,243.5791766927764,542.5545689639725,6448.038475168464,6448.038475168464,816.7415090428677,544.5519410302161,273639.7008993071,5897.660470602197,3888.7776951071064,55962.29769693815,0.0,5461.221517772793,169552.4883740118,172244.06904047303,20045.91684737822,39869.7387172883,22749.39107815945,173494.84452572252,25792.16611517228,175317.1192512084
11028055,Radeče,355.29327041019957,23914.86411773767,21273.13633578609,243.3726055210371,12975.018877518798,355.29327041019957,11094.673704192208,13149.501550424387,18068.525967733396,736.6248616090047,1876.0058985189085,28331.68241291336,17872.943258925494,12416.072911310828,2198.337016109768,17938.08870385976,17943.946559092507,243.66476547825556,7956.396807109747,64731.32982065987,14079.554060113987,32301.786704165403,50840.541767050076,13068.566706095635,7956.396807109747,18151.354009657505,20575.259771070687,21587.13277263902,28641.198712827158,18088.034901109113,11033.041243708101,2810.9747692374017,29986.445214261177,330.4857650403388,13525.310982775456,18065.389023227952,56934.83946402753,56003.765042849445,1392.0334016318432,14219.605786747346,13666.670276596064,326.1592323416124,19586.111810752096,4538.518652083482,1349.9478509592648,44992.10228655387,29453.886328180088,1850.03932539259,13666.670276596064,13149.501550424387,12195.074862792826,537.7818924563607,13666.670276596064,18792.402269310027,28776.19748918959,13791.78168667399,412.4280211444961,4229.748349476744,18065.389023227952,17040.9643652075,28623.96699931251,7250.655281206394,18338.72240211035,29245.938019694084,14056.010755280311,18338.72240211035,243.3726055210371,494.46246467539146,14686.158638354724,28641.198712827158,554.1753213957027,717.7571897336768,166356.99341488778,14180.282842069695,7564.128709988995,41696.981901847765,554.1753213957027,494.46246467539146,62626.34104829077,64857.3790248913,47373.40418391207,80530.68536765364,57229.68263119104,66171.96329264641,35184.3457864556,68278.54961112872
11028063,Videm,587.3928065193106,7964.018152039269,7750.900275810957,6427.354254122112,7116.123414366058,7017.842628350067,5609.5653554407645,7027.4301546189035,7069.304034629295,2732.729921763654,469.32028963347193,6036.952981334196,3091.9484121416663,6716.832591305574,747.7556591524472,7172.071150728554,27592.375545120303,552.4558074791256,5524.903394320283,59819.92254096947,5004.009886491367,5004.009886491367,7085.631017522213,6083.3628386327455,746.3087841185026,6654.726067817992,6866.316626915016,7079.003993292529,30124.251081592854,2357.968812083541,775.997763572308,2836.145640570747,7065.836918936805,7288.510962451771,7455.56497170239,7018.56485183407,10094.97349525694,29180.54750931305,465.85451764263723,775.997763572308,5699.822480777436,10560.741022672419,6853.108380164098,5004.009886491367,4918.000199824897,17255.242425918874,6759.835268224457,6083.3628386327455,5223.529657999466,6895.144822652904,5791.296392892671,811.8382129439966,6322.930651236274,7458.517177438814,7330.953498629867,4982.001396933924,3773.0100447506684,2633.101404378633,6145.957912106067,6601.37406041905,7821.665638378797,7945.920824863105,8348.271555244984,8381.72491140992,7328.42896555459,29344.072967014523,114.30256359820484,746.3087841185026,7223.804344581565,6832.293964868763,719.1770729756333,725.0535080127221,230810.1989407409,8077.985959498763,1788.3464970149744,30710.75256812901,719.1770729756333,7994.730187560466,126722.98641544602,129414.56708190723,7081.158894315053,6230.009330460613,7264.979537066668,130665.34256715658,6838.077080561437,132487.61729264245
11028071,Vitanje,187.40765719712604,19002.34278837762,21633.430491229028,13150.995068699733,10155.181102055305,10072.972602218555,9142.8037127344,12645.466853079946,26513.72119745635,1518.5240874436158,3798.8229929735344,17908.89150290428,18677.007647388513,13715.762316560218,220.2200909367776,18825.010757362033,26599.447510431142,9139.469453089765,18421.014485144366,85130.17415924011,36725.72517084105,16248.8997828274,21308.09653090265,10052.2906434333,12316.541337126051,21135.27740929324,17923.223208812164,19362.912562327554,21075.65685257739,10050.18525631489,7970.267430943202,1459.1780568079155,16152.742550865594,12921.916762926592,21021.751033668144,9435.068551892373,36433.76660417939,37046.720897145016,544.3836999954054,10159.387624078658,10058.889987440381,21015.320106890347,12316.541337126051,12185.616248983593,20675.98688882879,14798.925491883772,21343.92468090016,456.2722843601097,14764.402647213821,12185.588582754277,20453.63432733685,30620.440035373816,214.20285759806316,10058.889987440381,15491.766833398884,10363.071770349798,247.77797475041103,14725.64279211889,20748.826570837857,21968.949573537422,20820.128574444356,12864.267826521604,20657.250146230745,21271.00162421941,20602.18486782863,20657.250146230745,170.2922902828325,220.2200909367776,13904.965122064776,21075.65685257739,431.8782649042022,258.3225197779391,187020.6239679963,10066.801193083853,7418.667809649578,49045.979647431544,181.23040257497678,13542.891592699978,82933.4114427014,85624.9921091626,7005.4984268402895,46900.93301862632,26381.678240324145,86875.76759441195,13904.965122064776,88698.04231989782
11028080,Vojnik,383.81900796527196,8522.821173539427,9339.847679279032,8446.041426590984,4382.919919205945,6924.456837233996,4778.37096082766,7005.573043199007,30236.3632970105,1850.29924950257,300.505774989129,14415.614824432381,6383.424835438519,6437.7545868174075,163.12719838326908,6531.427945412038,14246.890086903406,1669.016586205989,8086.870126253007,77476.08766387867,38641.18939883309,10247.845091695219,18453.766303315606,1669.016586205989,3535.8469281720277,14270.282540156626,6949.649756101862,7069.329750377565,8782.074040627393,329.2175408883104,7055.393759045356,7677.798692247766,7013.701515276406,8656.383459936646,8728.168221718146,8457.305687091746,34764.058178822845,35336.157338113684,247.29312332985873,7236.674536320327,6911.378040376208,8721.737294940343,5923.292304968794,8382.404076878793,8382.404076878793,18784.331560450722,9245.04402998175,1669.016586205989,6658.809672719516,6831.91129227719,8775.008647245033,18326.857223423816,4954.129683009176,14551.274285597128,8647.075264264959,475.26108892867427,3081.618326955689,14111.847632247669,8455.243758887853,9757.756101340667,8526.545762494357,8021.627378742876,8363.667334280739,9179.07787782516,8308.602055878631,8363.667334280739,163.12719838326908,337.8623236188875,8782.074040627393,8782.074040627393,776.0498611997859,659.5281518107186,179366.53747263493,8318.428155534817,3351.4202036905644,52768.62174698569,657.3841771458357,8662.58663713694,75279.32494733996,77970.90561380117,11063.532595292536,50623.575118180466,30104.320339878293,79221.68109905052,17627.60722161892,81043.95582453639
11028098,Vuzenica,823.5990982953044,44044.36581339707,24972.45315023719,7059.390868940163,13047.215224214127,2132.2168414670737,21456.972238395676,5652.962809081235,48465.670148864665,1407.4639324500884,1347.7949654588258,51419.7656721348,16419.15864514028,6027.611053078837,553.6592233217939,44546.824052870645,7608.121817923823,1616.654724040634,14118.820078409894,112861.45304530144,16627.541039393756,793.4571085760526,42915.41190173599,2634.2382094790833,939.3583284503724,5895.042245853458,37219.28097722665,21283.961072627833,49646.15349687951,6956.715833762615,13835.041087739713,3217.712713488354,21283.961072627833,2268.754370749693,21651.825650381405,15799.134054414943,70100.72197212811,61058.630271139584,864.4920404097413,10125.377712504935,10846.040910949512,7220.383528420938,2490.3226242928426,6166.657576002245,1380.6436223278524,51278.59461981143,3971.8441662988944,904.0900471451712,20518.136872802996,5652.962809081235,6841.848157869165,13282.726127143247,2200.9507409806492,45915.761413249085,32332.3716721743,16724.778961347627,1086.0742175851578,13417.84513872008,20704.495474501786,44076.40510976686,48545.6237637904,2140.130829377909,21106.759950664495,37811.689170069614,12843.289916325046,21106.759950664495,737.6602573634111,793.4571085760526,20492.67098424531,20492.67098424531,939.3583284503724,823.5990982953044,214751.90285405758,21118.895810887632,737.6602573634111,48490.664455414466,1198.2238986622417,7608.121817923823,110664.69032876274,113356.27099522394,8128.1022999734505,48433.5191882421,63939.941304104585,114607.04648047329,44020.34992291556,116429.32120595916
11028101,Zavrč,633.1056780504473,11688.470089356088,17816.507507589537,16126.830665201302,15709.979526886724,10961.497525807681,13280.48850099771,16975.736713059414,16723.88344624361,918.0268290175811,632.0485804712578,18954.67774944856,16074.28423446386,16371.412002919888,5346.176899653256,17469.300522520087,33745.58864479669,7048.80950464816,10907.152190154715,58491.94868644665,11779.687608352018,11779.687608352018,17382.860389313744,16709.89247132062,10907.152190154715,17083.304907105143,11589.504620560238,16366.750477106418,42455.48671471843,17394.015852149525,15727.368853213746,10352.015804486276,16772.695944493484,17585.740334243306,17521.172203480965,13782.450113791987,24089.87302221508,36421.730952051876,686.9946354361771,11602.048343753313,17119.08029006572,24555.640549630578,14848.976030974578,11277.812878812578,12294.555208689868,33154.85874459269,17057.06464001599,12224.225973800121,11672.182764817162,16549.724234267214,18364.947984337636,15391.108601306545,16223.554251323845,18800.074828492467,17628.182870421402,11069.671196495112,1456.1190238860108,11779.687608352018,16928.49568870473,16245.31061994772,18118.89501017033,16036.53897183831,18106.98883338863,18376.35149596255,17394.036197333164,42007.541020537035,30.6324650059734,10961.497525807681,17289.411576360137,17129.523336660295,8642.97914979689,884.2927225143633,244272.86707009305,18143.59319127734,5881.868302499104,43374.220621651555,9010.230122197196,17772.958868521222,140185.654544798,142877.23521125922,17378.388266106584,14742.778136888859,16772.695944493484,144128.01069650872,17135.30645235297,145950.2854219946
11028128,Železniki,1720.1903288791752,31225.57577649246,15879.251364641015,6463.43776403171,16427.90143163403,16427.42574126522,22197.86041200213,19852.44527438024,16563.14709329274,847.4022780443914,107.48657310978888,10492.471488375062,19995.370207078653,20436.813194995695,93.59912168454613,22409.732260868437,17617.80381890785,16224.883847099161,18867.430696654614,38752.954730641766,20795.325768981907,20111.23850831417,22864.060125551947,15875.651680207842,3583.5776260892917,23748.434818731323,24308.55214218776,17389.99558866442,38536.11389162793,11748.518708731019,16788.786748212944,6941.706666928192,16497.581334138566,16427.90143163403,25504.855566060953,825.0438041394967,42331.10255400855,31031.78346984115,1402.2102086593463,8563.226415017842,3618.194783987318,24030.90378908183,9095.898365989215,15759.493472021666,19028.61330432014,16968.51935530622,17446.42950183952,224.2949584827379,19542.41899487864,17882.414860352616,21624.070578404902,18344.815353356575,1172.9190783662723,25179.508565839627,31280.128080096125,17578.12608113402,3618.194783987318,18161.68919438564,16749.725915834188,24429.11257171374,38632.79664449478,18650.11550475751,22946.006719839956,16095.6294590549,22185.50324401782,39826.16029662024,88.36404103980969,543.3286336508866,16641.79466342905,22818.647728028784,1146.0431381298713,1405.0897790539198,130792.90950878788,16221.487848253055,5333.303310371552,39645.781349952675,122.49517204885332,22929.320746036075,22185.50324401782,38656.318956794195,116987.84687377546,21977.60242906681,129886.7318902541,39482.856126781546,22818.647728028784,38831.002012026656
11026788,Dravograd,559.0950411811176,35021.12904436682,12737.865498661089,3500.356707782488,5.577494051675623,9379.438169327952,9222.38458681957,11606.916783529972,59153.23986461694,3544.914739588645,1655.6740693105153,42396.528903104554,10316.952119311676,9178.151565946333,2942.0037711220475,35523.5872838404,17747.686698509548,5.577494051675623,1884.2324268337718,103838.2162762712,10346.917664235008,11701.035833346117,33892.17513270575,9099.689386070258,1880.7240184716886,16034.607126439183,37219.91919095383,9049.373421051718,56368.29803726452,12309.055326513097,1600.4534361635924,2593.306091224296,9049.373421051718,1664.7909811832399,9417.237998805302,9943.10343120299,73817.44139842389,52035.393502109335,115.36745336732088,1622.2280768401656,1837.6493405429612,17359.94840900667,9321.02085828402,1121.6854605675999,1256.001222113315,52182.600286128305,1212.6668908208876,1199.6377917423881,11494.900103772732,11526.825956140327,16981.41303845489,1048.1384755671304,1499.5846962539315,36892.524644218836,23309.134903144048,11575.126274251379,1041.930109196847,1183.2574871439638,11681.258705471531,35053.16834073663,56965.74088085045,1271.3771854210963,12083.523181634237,34258.89789913061,549.966374876949,12083.523181634237,812.1551658714552,1041.930109196847,11469.434215215053,11469.434215215053,1217.909222489603,854.6652446960102,205728.66608502745,10098.39570233248,5071.47227281116,59178.23417116674,1079.9882438618847,788.998032415596,101641.45355973249,104333.03422619369,14342.860329352865,59121.08890399437,63765.35303456872,105583.80971144304,34997.113153885315,107406.08443692891
11026834,Gornji Grad,427.0910358586598,10371.390596089248,26831.580310709014,21924.176381758796,207.760976668269,18842.591799460624,26681.399812787226,22241.90804649004,31920.849735286465,354.3389497537596,575.0432491013986,8195.149333765408,23748.69521891531,23786.95125627835,72.47480486305587,31235.39499387523,42052.372389609176,4295.565221646891,18817.869393057113,43751.333565266774,470.6499605359145,470.6499605359145,32219.489239701823,13353.791527338304,4716.5597370048245,16656.445529743305,10297.462495633219,10116.940172053628,43025.097797550065,142.5499217544932,11945.70217394304,9111.405846243024,10302.084253773004,8463.624436556525,90.8297534104561,18244.997718157338,43569.21950439506,10147.486599434333,5660.578992722857,10695.817235302246,17515.041083430748,15779.34396284333,7650.11874556771,33.490946466475805,22264.60110090233,32398.482423156256,19849.729779047015,11.585796377007414,16330.121196938147,23627.526717852215,27839.38484773345,15389.387830986212,8476.920827653028,28016.91397659739,22569.86831800588,22134.891720954383,72.47480486305587,16330.121196938147,40838.14113845321,23643.532174850814,43904.43221347077,21609.860025250047,28515.874816273357,32032.05305459315,31478.62761834337,42988.204833216005,86.27769369238727,470.6499605359145,22137.940559320952,44047.078536185676,629.2910210254965,0.0,145246.77909642222,22399.020509085127,5031.110224309495,45264.84794600903,629.2910210254965,13589.67591077084,42783.42017408916,44088.54715657015,56026.56114412276,45873.68286749241,74252.018977804,45101.9227228379,22137.940559320952,46924.19744832378
11026907,Ig,552.2551828268644,10384.358555384944,13165.854085466599,10005.516423373416,7210.64828993685,6915.122066258079,8723.754328374425,8462.350744656667,10731.953481279257,1870.9043378782071,345.42162619757966,16645.853311746163,9094.210236918707,8596.41848563895,669.7070392471715,9524.606961414704,10869.510456386492,1233.534111228586,6472.9503891033955,11985.56151638781,6083.383367177573,9456.775411451777,10770.552515093257,8803.797738963704,3546.436006894113,3575.4009909977785,10345.267498122877,8631.287036113967,11706.998489923386,10631.002397755043,9025.795034155846,3695.7686778580673,8640.93239539241,565.3327288079576,11181.41045770368,442.418732132607,14018.828650958843,9722.15661776289,491.69843585325805,861.2494852718911,9836.714138727242,10043.381078762146,7615.297552075672,6394.952453811327,6543.745028902853,490.63888943696656,3228.704052073307,1235.782891767128,6024.701835319,8462.350744656667,12183.44753299948,12488.064129227834,8640.93239539241,11188.998110004322,10633.846509158342,8828.421305291438,565.3327288079576,6486.999842582976,5221.074919869699,9904.42266182273,11024.208657572502,10898.716639526261,11400.001044591118,7752.632898682477,13042.18855095106,11400.001044591118,254.1653662583464,565.3327288079576,11844.761372843092,11706.998489923386,490.63888943696656,468.34849853524486,103503.9147761621,7752.632898682477,1357.7332753953954,11312.613294991253,448.9694223392647,11127.275221545573,10297.269161854565,11706.998489923386,99298.29270693213,24064.781725864075,112197.17772341077,11149.688071820117,33044.47221059967,13452.949090803268
11027199,Pesnica,1094.5448133348345,23991.525681835672,8176.749754875678,7898.3093344367435,1495.280156311174,7310.233789136102,7222.351552578628,7483.8165649149405,7857.011574336381,2666.122220862634,835.0937102455189,5277.593355393904,3582.15841700598,8461.70263325793,2992.80809451312,10188.749676130146,7433.487204183411,1987.731208959398,7618.682332692593,71817.33175930701,1360.4853122283178,7445.5972489919695,8327.48328752794,7143.205931147537,8696.349749338582,7835.872183145319,9060.93346910249,8400.017167043765,7712.287241989814,7264.592243797485,7123.512805943895,6144.203137215009,7287.535356441846,8440.58573005336,8333.004122722159,7806.703468077404,28763.27621728286,16200.494232651652,2078.1664744187588,1565.5309392711629,7243.487095349169,7750.176249745604,7638.476639186343,2310.770107492681,1660.0321871928195,23590.61867840301,5189.761877330928,5685.1952643143795,8014.51800027857,7483.8165649149405,8702.714321436279,8278.329516058839,7287.535356441846,15522.746176211684,30867.47375652295,7189.971769260229,4515.718031466789,1495.280156311174,7077.209688383691,8551.442422802664,8362.872509352692,7381.395765669666,8766.276005922493,7474.901141564761,7965.419218678365,8766.276005922493,761.2891723935356,1360.4853122283178,7361.705354130389,7712.287241989814,512.4314883606223,1495.280156311174,232697.0678858246,7301.28103455509,367.6288810317113,8703.587926950499,516.4030156497017,7805.8481845656015,128609.85536052969,131301.43602699088,8016.635486329354,8328.48115450506,30281.536674694584,132552.2115122403,8327.48328752794,134374.48623772615
11027253,Radenci,399.97783105454727,2015.8552157303102,34566.77338828205,6718.770614348105,8275.982479577711,1104.437891998731,12474.41040127243,11967.520596378092,14071.906832650215,1440.716499105245,1643.5423737406102,12767.161320469404,11666.02320359437,1153.8541599496564,2084.789154937601,11729.17363103782,11252.87354782419,399.97783105454727,380.6152850491873,38750.289304672544,0.0,7702.178061478657,35321.97514255877,12181.353415846846,4111.159776703555,12491.682480958814,4452.393823739425,1358.4506684624134,39002.655410167245,10455.69518007137,7702.178061478657,2035.3650432265558,12491.682480958814,12643.896080042707,13346.392728607132,12772.48003960074,42028.987775460155,23047.151247858896,560.6336375611075,3131.662513043621,12879.347124387627,10418.922819269717,10249.150487546456,574.1200647756558,12980.144526530745,9527.697420983946,12772.48003960074,598.387941490161,7150.884180400199,11967.520596378092,34885.19781283903,8033.241871511528,11437.035619656266,13037.250793651376,34924.50849354629,1537.2592328759042,677.1315168031599,10418.922819269717,12215.562760238536,34600.92788305706,35420.09412655709,10863.704979733799,14532.693755697203,1097.0467941822294,12633.209415875977,14532.693755697203,83.78172868034281,265.98630118350843,6923.969826654578,12457.403974586476,904.581185212263,1104.437891998731,260869.99526585365,1104.437891998731,87.60275636732308,40211.976500346915,1412.9502896757722,6031.938880005167,156782.78274055858,159474.36340701982,19198.079874394964,30236.07068522627,7150.884180400199,160725.13889226931,19431.93664275458,162547.4136177552
11027300,Rogatec,348.57012532195495,11184.956381425025,31870.1657103565,6893.755415768926,611.6239149856051,6971.906612771917,27440.521886249284,29273.68780273379,6886.231571370771,594.4498251251389,536.3597027307534,14405.370160191109,6908.577885095252,1043.3155225866863,949.3923371525345,8429.338366017644,785.2864084749631,876.8850922347807,8825.150581305877,87337.87924980248,22012.232431310313,17600.222781812365,29413.91617487932,6586.471493573543,2269.2079321564715,28505.296624114933,4488.825110710633,5480.967679293659,39384.94978310444,5942.574453087254,6536.252600051234,7215.203545854201,17197.197264261384,811.8008911164835,6971.906612771917,7232.804419993372,8429.338366017644,6753.786759799547,904.9238051715497,6904.5330627313815,21972.00124013301,17420.443821422006,6340.827707259253,6913.93970193767,596.4015429465718,14102.80347237829,6478.793883891471,6586.471493573543,4488.825110710633,6412.096059266246,6437.560376407959,8456.138754992822,611.6239149856051,31058.70827271254,31450.21893317541,6412.096059266246,811.0659695428985,16790.7038295681,30265.223346651608,8374.00603295828,31940.931072924337,6267.801143877639,32467.53698979053,5860.176141357421,31447.69440010013,39550.61448811517,762.5183082690315,333.2384178758447,17215.722462049012,30951.559399414302,1949.029883167626,817.0182568992985,211770.23789916647,5860.176141357421,762.5183082690315,46127.412602331875,932.239374097955,17671.277782270958,107683.02537387166,110374.60604033286,29584.288500150786,30349.27476500615,6586.471493573543,111625.38152558221,29584.288500150786,113447.65625106808
11027571,Trbovlje,628.8931591120249,20124.79505411344,18646.03099689716,620.9403740769251,594.3351119881186,631.2667527912532,634.5843183260715,999.5696985964745,709.1247732891613,1033.7038376520222,584.3687297424681,13369.643398839715,771.3567907270415,757.3670388603668,1440.0893256776585,634.5843183260715,801.2233487449182,292.1044843457547,4313.612483552254,52974.17739994149,861.3970640334677,23756.296727615874,35878.50275297636,709.1247732891613,6701.456916421259,967.5397763311191,27004.905375759932,7409.5643428649855,30053.816048540582,6205.004825799613,16274.250776210445,4272.89889241295,31399.062549974602,798.6964223785664,24448.649380517807,761.8846376942605,49492.20027898452,41332.33892299902,520.17765767158,600.0959467366121,1527.174822552909,921.0344791946081,9986.412120094048,661.5481031693022,3531.383942324273,33234.949865835464,24647.951727766387,212.6345426612425,6523.145085985607,702.465899100292,3913.039790522181,734.5975362792379,801.1194658266857,20205.019605023448,23766.981934009633,212.6345426612425,597.5655285084861,3733.8378427889247,714.3417822279021,1474.1075030598006,30036.584335025935,787.1977263633638,979.3212076661147,30214.146257388795,3745.8329100340097,979.3212076661147,322.1807872403029,754.6546382240773,877.1624227408025,30053.816048540582,685.8876357991705,918.2962517498503,154599.84099416947,753.8858400131153,753.8858400131153,54577.73609509917,248.27594455740748,986.7305978394608,50869.188627572374,53100.226604172916,48786.02151962549,66847.97965738403,59496.93565669241,54414.81087192804,23427.193365737192,56521.397190410295
11027636,Vipava,234.7133272001999,7835.568928700724,19912.011087540126,2057.2495135555855,234.7133272001999,6848.152294879499,16117.63536413607,6566.413161558708,6894.54177771937,1462.251610076157,643.2043465225463,7554.029934364245,7592.50499099857,6124.746451229116,69.00523089777042,32625.08102890229,25026.38231848248,234.7133272001999,12678.934472595447,49310.695251409474,21439.027521733642,20706.47559175194,978.5191825908738,7655.612158186766,20011.76706142549,26173.906011104882,7376.45289465685,25030.801271890807,57071.592251517824,234.7133272001999,2673.73188952186,5421.012994289493,29976.107986194445,1056.3939830835861,3289.7629624782367,18704.95714753672,43328.88485718241,28300.407569750765,974.9050721056149,3907.681682913355,13223.745533117006,25198.32440458201,20617.66706420054,2800.148312914108,15097.841438095242,37363.801770276914,24700.090783378673,159.54236573178432,1638.0789491265355,7226.847288834447,7554.029934364245,29137.228665988754,1388.7765095743098,51657.90224846799,20768.692443431286,6821.829238408994,978.5191825908738,26995.53069795291,16117.63536413607,7861.734973511504,30032.514360625177,6517.49307809004,25212.64132790791,175.07586547125416,27592.79337717785,28326.793189711858,69.00523089777042,883.9892983632184,7328.1001874952635,29807.33546913636,1213.706260382388,974.9050721056149,56712.811656517275,693.3112512819716,175.07586547125416,29814.174644162627,1056.3939830835861,6988.807190802383,61080.17936202854,61799.48951310026,150261.53808971518,41630.583741290604,163160.4231061943,61055.078209268446,30832.689856228426,60699.685198594234
11027695,Žiri,332.8219932914882,34190.67742126681,20921.839485987202,1740.678737764305,267.4973970536577,267.4973970536577,11108.892823763823,13802.61837967768,13746.711262354871,1024.3854380419684,267.4973970536577,26349.231545891675,22370.917219545572,11429.39496683558,411.85267957716763,37901.27090454891,28037.349297060413,175.5949273237696,22171.45111701569,40519.83952368275,24258.682357170186,24047.431334200417,37442.331755217136,21999.216239332858,3482.729348898604,11288.036843909733,22837.569703365665,25866.838120696106,36768.06074638572,5676.035035903636,15527.581051232057,6352.726814298633,27980.817363394097,753.7710382683698,23983.460705633017,753.7710382683698,41540.790390559065,39412.01091997904,276.60823742190934,1221.1121768003381,1552.173045153255,10892.70389597496,23045.01582740096,471.09449053037986,22467.874299729167,9530.18105758242,22433.972078699393,583.2132586204066,14388.228683754389,15071.162410676552,0.0,37531.541837883,267.4973970536577,9539.346262848583,39339.72093467525,355.55139446214775,1572.7762463764786,13890.487643632401,21700.40836010287,22705.712976742896,40076.47978060219,11096.15006528018,38930.242025049214,28435.03804304906,38135.31897546096,41269.84343272765,136.14305569689947,373.2288357128029,13890.487643632401,38768.46345947193,0.0,306.8634220412892,97009.99811984852,14259.9980761955,1235.2113998532075,39518.516012240914,0.0,13646.542866332478,37825.537781303836,40100.0020929016,126933.81370369419,24376.47248453993,139832.69872017307,39355.590789069785,13890.487643632401,38370.96725354381
11027733,Kamnik,51.953134123346366,4697.314037439841,15666.51975465487,129.9436862230594,90.0436739590615,51.953134123346366,9397.916660901732,197.92629456806839,10125.401562050643,4267.841731181618,562.8780114456731,17840.576495636262,2103.7216155848814,2141.9776529479236,411.0327661387736,10750.548391710428,20094.31345202697,90.0436739590615,711.7127775785074,21793.274627684546,9687.902713061449,11584.561101871628,10750.548391710428,674.9646252152127,1818.1107831678628,17033.17926727202,20047.27599241064,249.87546581786944,21067.038859967866,177.47283461914554,193.2867581957899,2850.6157708384994,16218.36621906392,7475.1249604067725,193.2867581957899,99.72601102602246,21773.771331159263,709.8532231519553,150.82075911117727,599.2152823768183,758.0418695508961,238.1797474371178,770.9465914751663,219.94692062888643,552.6303769721414,10440.423485574105,0.0,177.47283461914554,9220.721501973525,1669.4677802700535,7741.624488596185,11222.262999934383,337.9202481463074,24992.93349856365,711.7127775785074,402.82860635769737,90.0436739590615,18159.361122217942,18880.082200871057,1998.5585715203893,21946.373275888574,4494.225928685824,21806.54641639883,19351.952868395216,20081.298456718014,21806.54641639883,0.0,197.92629456806839,164.20067562183598,22130.48821898797,266.8552215443851,51.953134123346366,123288.72015883998,754.0469057546992,112.40453145992063,23306.789008426837,42.820412868756655,637.9712917564718,20825.36123650696,22130.48821898797,72939.06709220745,23899.94298379331,85837.95210868612,23143.863785255708,164.20067562183598,24966.138510741635
11026770,Dornava,465.75858962602234,4213.572191060443,6854.36268927843,5606.530318189714,4486.038496415019,5073.204829562874,6351.390467530407,6816.494062840135,6690.467569438617,3461.799867771097,372.70255340568,8793.303130018969,5689.158841729329,5642.425005093368,723.1528542235243,7307.925903090482,20302.276769389533,452.76534744495746,5647.4518204720625,50307.82103781092,411.2459369852579,411.2459369852579,7221.4857698841415,5530.698963570238,2877.502793025106,6795.46231487878,4259.253743050431,5142.809446634711,32044.2751321016,6897.784802445005,6947.6010911527255,5569.570464234971,5548.754914021773,7424.365714813699,6768.576255961032,7114.977061740256,13928.498402785523,21646.397529376572,5204.346703029965,5213.190575330187,6959.837639846443,14394.265930201002,449.7568937583163,4868.538979572755,3565.8776989286484,22993.484125163115,6895.690020586385,4201.641738886287,4984.60412856087,5482.990493949129,7296.014686741102,6832.219351388818,4999.613220852136,8638.700209062868,7212.097794542693,730.7029708011834,5548.754914021773,452.76534744495746,6442.69040478596,6408.193390699052,7707.683427553482,7074.659893680809,6840.022235573368,7109.384898147297,7022.611119084676,31846.166401107414,199.0272011578529,6407.950426745195,7128.036956930537,6968.148717230692,449.7568937583163,411.2459369852579,234111.4924506634,7074.659893680809,5096.96608022997,33138.391313721695,449.7568937583163,6505.9922707059595,130024.27992536842,132715.86059182958,7217.013646676981,799.9115836128454,5548.754914021773,133966.63607707908,6973.931832923365,135788.91080256496
11026940,Kanal,205.2990566991267,41382.99326650175,31857.930593546647,268.74264738837303,262.8222257956004,18007.973916367184,17852.86799899162,18954.803846714854,18895.838863506677,833.3443528207347,228.26844263945043,692.704077484994,18774.19787952584,20187.951162925718,442.9935967046116,79524.65206969657,20789.66150770967,262.8222257956004,25425.821923785465,96210.26629220383,19093.346071219865,902.6285383476901,48752.71009055283,14976.545370332455,3377.623463876743,20564.413386966444,22384.631496431477,14976.545370332455,96191.14329427938,14286.679080322332,17401.212576708927,4458.105004052475,19920.91737694364,287.5140470825079,16170.451085242088,6879.78319420583,89131.8259099439,50139.11982310828,37.308503974403926,1077.8644359772982,16215.069563899624,17927.748207517714,19296.117434558884,113.35347760573637,607.8774949645486,11044.935230860794,30790.885878412857,228.26844263945043,20261.41646889328,18045.85236578232,323.49402380610735,20147.886956063245,18981.47910154809,59347.6926853499,27813.102404677487,18427.72534453476,287.5140470825079,16108.19832361512,18908.84544019086,18354.426286419148,19977.32375137437,4374.174895312265,23518.40409579384,19493.23910684664,19931.003326508147,23518.40409579384,228.26844263945043,902.6285383476901,18946.948253081617,19752.144859885553,263.61476464728025,113.35347760573637,100975.51669672714,19296.117434558884,63.318443923468735,22040.635900375575,263.61476464728025,19080.88253789835,82959.92477560673,97669.91937634182,176742.16012619552,79667.50173755415,189641.04514267464,98496.45654632915,18946.948253081617,97844.6024315743
11027326,Rogaška Slatina,331.42355719516837,6030.230768192023,26904.128368219048,322.1364080747994,801.8359632677837,400.28760507779157,21647.12072046377,24649.11406843662,314.61256367664544,3481.2634725884272,1224.984647094954,10066.721380683406,513.4847328326676,2691.0460991655464,420.44694980332486,1857.7193583235178,6618.341203745107,185.25723075042288,7265.790275761526,90627.97384466259,27351.366551238352,11806.821616026853,24824.532639527995,14.852485879416228,5612.591685283322,22711.895458329418,2215.5353633797095,661.1854122992468,33591.5486173189,1697.3460021706187,519.2507200992411,8660.935188028745,11403.796098475872,1242.614402713131,400.28760507779157,661.1854122992468,1857.7193583235178,182.16775210542107,314.61256367664544,519.2507200992411,24643.24382393195,11627.042655636493,230.79130043487305,508.1229159902491,14.852485879416228,13465.478823461697,960.2982188753232,14.852485879416228,302.05965244186604,302.05965244186604,134.05863128616733,1884.5197472986965,331.42355719516837,29395.49527071826,26810.41858311492,155.8399445265545,14.852485879416228,19070.148662262076,33256.9510921306,1802.387025264149,32986.46202573207,1107.4607749548982,33757.213322329604,1180.4991985467677,33455.40431520103,33757.213322329604,14.852485879416228,1696.8050964603406,11422.3212962635,33591.5486173189,22.997263910336855,400.28760507779157,205976.83673338103,1180.4991985467677,182.16775210542107,46526.69408748405,529.5877473655131,11877.876616485446,101889.62420808608,104581.20487454729,24429.562886917793,33341.002510485145,14.852485879416228,105831.98035979664,24429.562886917793,107654.25508528251
11027431,Šenčur,483.98841827573096,4816.337968421373,11403.284587052533,479.83162906481664,1406.1413534820115,570.7631256448061,4409.835606982032,12594.033982762305,6463.103445509933,975.3037444926191,437.7846897520069,8799.889712380455,1462.715209529191,1452.940013314521,538.0323312424078,4861.449518476383,6062.554751129183,498.4105792463549,8323.955469150927,25245.158758160116,5124.46728727475,3615.8483651777665,6570.746828928011,4459.339411367696,485.07374075115666,14014.06407179827,4449.548256096099,3268.2888900289377,25025.6627472776,3316.2810694392383,5478.043385516554,3278.967452325968,5641.8473714978845,7306.643778423602,14168.875347095609,6463.103445509933,28082.43507467659,17641.216745915466,459.58913897677184,941.097369015271,5841.5104677688005,579.7930581424323,12106.37143115041,1454.03267090348,7339.683968209791,7775.509713084309,8296.81004011041,1462.715209529191,4194.972804805498,4052.565666514041,6567.493742750969,19780.73748376947,4789.5208871035165,27615.537071136314,17976.863341465854,3747.6969508615484,3611.6075938120334,579.7930581424323,6023.448153489993,17881.748353277893,25125.000672013106,5469.366995449829,6089.224886363888,6578.22338197653,6220.034256303051,26318.36432413861,0.0,770.6646188858261,5884.759474691124,5884.759474691124,710.3193308340735,437.7846897520069,122525.35137282487,5369.053356293796,1541.9184040379369,26137.985377471006,710.3193308340735,6293.151623865952,5988.2372861596405,25148.522984312534,90902.6708993232,6739.439885621259,103801.55591580184,25975.060154299877,5884.759474691124,25330.22746444796
11026567,Borovnica,422.47520742234724,9408.664532441728,14339.247171150733,8884.515522943646,7637.100994932371,8854.030487401944,8763.814100133823,9901.007950185616,9494.154505803745,536.6890151623522,178.68748383389254,3085.9183919566626,9046.121855543432,9119.307195477993,27.321899487102716,18433.65525965888,293.78230178535847,8763.814100133823,8936.670864403139,22643.44198466605,293.78230178535847,8869.836760450573,21230.7848290412,8830.094571130368,537.1754875067456,8982.504276150472,15620.907882801755,15068.529865243347,20243.19095164127,3921.5932864465417,15544.282445906632,2060.7936137928173,19298.812863670675,0.0,8770.56907212604,4495.641904055381,18008.863889751374,20380.037086041153,151.26601989115437,741.2841775000239,9925.907777198516,20701.2615470404,9555.102079774108,565.6176080879484,622.7302552488479,105.9506702337914,4310.001432669144,164.87245000517967,20249.50743285754,9901.007950185616,9497.378355411109,19937.262794328803,8906.27449154835,21846.87857828259,21291.72697743659,8696.03189320294,421.922819165843,307.60535541004276,19593.892146015685,9669.532983646799,21682.08912585075,10164.03963342247,22057.881512869364,21510.180850831162,23700.06901922931,22057.881512869364,0.0,293.78230178535847,8734.508554049056,22364.878958201625,249.9666304996189,293.78230178535847,84749.0070693478,20221.87163875702,468.5512319949304,21970.493763269507,249.9666304996189,9355.762864598186,20955.149630132826,22364.878958201625,109956.17317521038,9198.877910790083,122855.05819168902,21807.56854009838,38470.28822561634,22788.65085221965
11026621,Celje,67.40218251665192,4359.053802714744,1370.4539496132647,225.07052639368663,245.97103437092096,139.14495565399127,324.97933887800076,207.177561562559,30615.652069217023,1315.0309676400193,139.14495565399127,12163.772050171236,2281.775718318335,2206.2703594316704,425.0347235332872,139.14495565399127,10962.344018062175,139.14495565399127,721.3109491921617,70881.6054484974,30322.865643504523,4323.623852573239,22618.858691686422,225.07052639368663,5603.825901247925,11079.730810882225,2742.3652287892664,1879.694554718468,261.0833804718063,721.3109491921617,168.97715490106714,8762.531426979916,1824.0663196173089,135.39279978105944,207.177561562559,261.2352369533024,32628.853940608573,33200.95309989942,191.67413295852853,806.9981637310196,2193.7277929156267,559.4288152900234,208.5781748747085,207.177561562559,423.565663145863,25932.877325034195,1706.7017527440057,207.177561562559,1566.7159243522244,207.177561562559,521.8531732766662,10357.463493758049,261.2352369533024,9950.466273165235,126.08460410937167,1681.2266165979038,566.2360324460634,11296.358564114727,686.753227980992,1788.3623716748991,567.7073487614265,202.08187124044161,594.6313955145168,658.0872176695746,715.8645185082114,594.6313955145168,0.0,126.08460410937167,261.0833804718063,261.0833804718063,0.0,318.6064074311409,172772.0552572536,208.5781748747085,191.67413295852853,54513.353101814966,510.08439529659836,670.5481284874011,68684.84273195869,71376.4233984199,19202.828375089382,52368.30647300974,31849.051694707567,72627.19888366925,22866.4608494883,74449.47360915512
11026818,Gorišnica,1003.2123182961171,5730.496502452664,12611.05096278755,10921.374120399321,10333.09386673911,871.8039509506465,9753.60884487065,11770.28016825743,11518.426901441628,2949.559350173519,696.5968786520635,13749.221204646583,10868.827689661879,11165.955458117907,2522.5845272101515,12263.8439777181,22567.802010575786,1029.315668634356,8478.897670553486,47605.28932306926,6510.632329443087,6510.632329443087,12177.403844511753,11377.754333894332,5111.138290448301,11877.848362303157,2606.503876007461,10989.864816958803,37250.030169916456,12188.559307347541,11966.861639174447,5171.664694075304,11395.81028434587,12380.283789441319,12315.715658678982,3615.323770494101,18884.41647741312,27478.512151146966,1208.59966602201,8127.318385320946,11473.533246128914,19350.184004828618,6591.833847103506,7803.08292038021,1193.1175040060707,27949.40219979072,11851.608095214,2047.7682723947178,8197.452806384794,11330.045864273225,13159.49143953565,11786.005456806113,10846.66859117623,13594.618283690483,12422.726325619411,775.9591970607529,3428.3451155226517,5111.138290448301,11723.039143902746,11039.85407514574,12913.438465368346,4858.752337617392,12730.10317324102,12999.465835814948,12188.579652531182,36802.08447573505,0.0,871.8039509506465,11421.715495685477,11924.066791858306,1056.5035735062029,1062.1844672965733,239067.410525291,12319.039698898312,7749.805924164588,38168.76407684957,1208.59966602201,11212.522667726289,134980.19799999593,137671.77866645716,12172.931721304592,5799.559335983969,11395.81028434587,138922.55415170666,11929.849907550979,140744.82887719254
11026982,Krško,0.0,18780.614976888,42041.86776922657,1894.2384160622582,2328.747495292536,1732.8415826794953,99.45286785859307,3066.65513754176,43730.62939411948,2885.084423536317,0.0,16948.647983055685,34604.27468920729,17868.930618772032,2478.3235355232046,18778.21821667459,42750.08329808826,0.0,16352.809781084796,94383.08801695099,28989.13058647846,41938.079649483734,63623.82687447479,2412.429042536805,3512.6032478052557,2029.4009536738279,3239.716418511339,3768.604111945889,52647.1911628093,1812.8566198884666,15028.491769303886,17650.617618789976,13601.884407534148,16965.549671420675,9658.037388311383,13379.735030691141,45273.73618876634,43545.52896739051,99.45286785859307,12255.047585823928,14840.87076157618,16116.259956299866,2963.923521798305,1815.4228498993318,1815.4228498993318,52264.77305840847,31905.534261328186,0.0,2884.401991617475,2781.2440245482,18673.265514186118,2552.4062005997484,2969.317135448739,46146.12829310653,50276.20659330615,154.28558563677976,700.2707666264374,16079.46350009137,34264.13033628665,44254.34242927928,52042.10457122247,3080.492250654302,12989.153425655626,32129.28678079673,12904.066256410044,12989.153425655626,0.0,1815.892457046544,0.0,0.0,1746.3413661612974,1873.9076724998063,189094.64551118162,2581.7219738717126,164.80034392638726,34939.46215929165,2027.7859692945945,2993.4582487233642,92278.09924458171,94509.13722118239,61274.88498340349,75904.44932513483,43496.659770010614,94226.43730430624,61274.88498340349,96966.84698002909
11027067,Loški Potok,0.0,18307.34206512679,40047.386286284236,13391.384867188912,11864.23667679443,25836.733799729423,40444.96039763164,25747.63868616327,25344.572168532522,919.5578533603398,10384.826810965307,15006.48864582258,40834.69522816103,28221.808974254505,351.30489788207115,26009.13180915869,39124.46211936213,11288.633775674927,0.0,50667.728931162084,39124.46211936213,39718.134393023465,49965.58775022987,11974.172671494582,13961.716880754799,38450.310581661346,11932.525778356361,40688.64009589043,50389.16590469764,13127.875795115035,10110.250220801794,14800.483765743124,46128.24864270017,21288.60295451949,39285.7965666539,14826.764329624868,26488.779975192876,39418.579072161316,72.76742812761985,13535.931837890757,13391.384867188912,19446.69370913589,19489.795687780002,13459.19847408525,16948.929585413778,16303.41534683757,15033.073173792223,11974.172671494582,34135.800358026034,25747.63868616327,39785.22631533826,30071.5131579717,19381.37864567862,13391.384867188912,26532.305389524816,19143.715358980608,5799.331577514569,38566.243620275694,26339.030211873793,40164.69837894392,49706.37607234675,18874.027842153064,40198.471098446214,34968.74832645331,33778.86884088666,50082.16845936537,121.78651193141066,201.89647587702294,25587.4763231091,50389.16590469764,121.78651193141066,0.0,93376.11379443252,33702.448380259084,611.084237324758,50142.275862885675,121.78651193141066,19745.315765416606,49492.30439699118,50389.16590469764,133378.13199623043,48059.3748314588,143074.36348576096,49979.35063971455,63490.51452119335,52647.984325939884
11027130,Moravske Toplice,1451.019465644639,2593.04740603494,47841.62599273069,8195.770146190123,7130.46765248005,6546.17097310934,6368.795272813933,6753.452211287444,6504.613734958369,6019.632294703445,347.4412770050663,8437.5890193126,6364.5585580043635,8107.8146549383055,2230.2852991588807,9408.317436813622,26400.085954457925,435.85537348929563,6493.595720257852,25772.063460778125,7684.313356429245,7460.769208243659,48596.82774700741,6368.795272813933,5479.384012669408,7554.222601991453,23567.011810263197,1354.8740829050785,57435.82487638946,1353.4901370270195,1191.3123582931803,1342.2217021677188,7584.532115257192,7794.410550582096,6695.695522006557,8052.410518263476,55303.8403799088,41480.320714081085,909.81467921333,1495.8473056310613,8140.372626014329,20254.653052651975,8912.56238815182,2738.86601719879,7731.121693871197,5135.547445777499,8052.410518263476,1362.0092444595339,6368.795272813933,6368.795272813933,25750.357236815387,7238.3646475252945,6181.745295572394,8140.372626014329,48199.36109799494,6368.795272813933,1510.8444236329235,1510.8444236329235,7738.826722886148,47875.780487505705,48694.94673100573,7458.12651653626,8124.5772951867975,7590.272113502549,7959.229704224684,8124.5772951867975,1353.4901370270195,1354.8740829050785,8135.0351455141845,8135.0351455141845,5863.094021106878,1510.8444236329235,275486.8344277868,6968.46620633877,641.4950286350339,58645.14596656913,768.75701760161,8186.2303790657825,171399.62190249152,174091.20256895275,16344.76561254414,40047.02961972754,24587.19652562376,175341.97805420225,25671.77200744227,177164.25277968813
11027245,Rače-Fram,574.2584130781444,24422.70424815975,8412.29668753568,7239.921998600568,676.239282534247,7256.824198476891,12178.645502429277,11069.924369686043,737.8223893119527,2611.6593733035456,160.1543755092828,5317.144033534883,8103.020931602608,9550.873942342514,676.658463362232,13753.548362893078,12998.167616041615,515.1783696794726,5044.275645748299,72985.40315921356,3710.2413782100516,6834.30265235583,12334.252687202426,7575.875030693448,4158.522936402534,9251.192250072636,2507.8034491090993,12543.535386053341,13611.328305000949,7800.705427925449,11072.790918094232,2369.4954341861667,7729.766438825569,12068.44082762362,580.850048781745,9233.353921055874,11714.116727161912,25870.44709725415,1565.3100093397109,180.81846073197016,8879.217588465985,11810.227526080589,4500.906831288088,749.9836546885408,1565.3100093397109,6332.8330695399045,12838.129144912564,1592.3939738340237,7714.751867532763,8290.52013339308,12804.843032699779,8986.0541770915,2404.6240514768538,15642.668164992929,16799.375993205333,8942.006054717247,2837.1902548105463,252.78990904322487,12707.458742511768,8503.992693826061,13479.428782802916,11034.150498739273,12821.079451919497,10692.310021836995,13316.632878741168,12821.079451919497,378.1869887867874,781.047112528722,12233.725923034452,13611.328305000949,393.67210785588867,737.8223893119527,215113.5087142972,10913.530067014506,4145.0590302376095,14187.759053033993,723.6265118225223,13022.813111562029,111026.29618900236,113717.87685546356,13479.16134095511,12042.712424228777,12697.977503167276,114968.65234071291,13481.1272676787,116790.92706619878
11027342,Semič,940.0379954717685,12414.801507338458,6974.74711422474,663.7129187351472,12294.551481832867,10478.362843647059,18676.6418994468,23838.473741294874,64319.08646597311,1105.5420406238052,982.9996497502929,12041.900686434583,23328.4604615239,13400.32377980365,1157.8177331386125,23110.48865320701,79759.75835222847,7704.081150707709,31354.521788968526,80487.32953613508,31107.737741454977,18257.50676865224,11569.798467362658,23864.241586811764,18133.981341818755,24821.557228753063,14548.173347433374,24151.55316621165,80208.76650967066,12067.740662564742,4357.795017866823,14534.609225063603,58215.626603465986,10624.551002611073,57562.9436809729,10998.14947196778,80005.06465162519,76492.59638312775,846.4027706669075,8012.225583715896,18913.708617801778,41431.57679364823,23443.307307016068,10941.798292439842,2260.1912812476585,52392.34914127102,6974.74711422474,10532.152142897783,10678.068355801797,10931.262626365406,32006.150148670156,10684.462289625115,18841.63975923481,18913.708617801778,48293.064264438144,12114.216202314066,3363.1655624780933,20743.20139796397,22939.37555506532,32305.52978366674,79525.9766773198,10405.018055560227,23145.28502743855,22003.866293003513,23184.501930717193,23145.28502743855,631.0063218907179,788.1375352752917,10911.018058006894,23844.017998531945,998.2693654416336,948.3536818754992,155576.74457689346,11930.311891614467,774.0593095000509,23401.334448044207,998.2693654416336,10305.004204430772,79383.68099146173,80208.76650967066,110128.78616123536,97260.24206231574,99286.79194778317,79798.95124468756,64353.272632861284,82539.36092041041
11027369,Sevnica,50.17592845605627,29279.672594989177,34386.221523145236,977.7675600124243,694.8770803128384,94.58580087940233,1302.0808809429464,520.3944074072499,31297.748021154355,1278.7877407443923,372.8466311762794,33460.17850187392,31102.165312346453,1635.2403408430869,1399.7118228904528,29625.81665434139,31173.168612513466,3.2256812355722793,662.915818791938,77965.6164106178,12686.568625859558,35177.68713072662,62192.91797137698,50.17592845605627,16820.371334027175,18473.913851978203,18980.81056312073,20725.120390078882,39937.34984759573,8623.457367666459,50.17592845605627,15924.05995659656,30046.397305838516,50.17592845605627,326.9098284271177,29824.247928995534,51124.34963492731,49671.82855967601,58.67735566636298,1302.0808809429464,3.2256812355722793,13508.72565921674,17200.0582781047,14258.373569292786,848.6877472910899,53724.25124862187,36931.48669532261,50.17592845605627,3.2256812355722793,3.2256812355722793,2437.7977375392607,13504.743834239056,3.2256812355722793,30088.553404078604,40072.34862395817,143.43575918133473,382.69324835189957,16037.711582295802,31294.61107664891,28061.95970369022,39920.11813408107,382.69324835189957,29433.666323960002,31959.016151018386,27285.23280870127,29433.666323960002,143.43575918133473,242.47749896501261,1151.1290175421825,17015.72559987673,38.268806773175726,58.67735566636298,172910.08514119737,722.7234906271317,50.17592845605627,34769.191529513315,635.8773823701364,242.47749896501261,75860.62763824865,78091.6656148492,53890.970276025044,82030.74891742037,49622.95936229611,77923.87534368725,48418.63237641355,80664.2850194101
11027440,Šentilj,619.5363862924112,29086.71991974879,16232.394767424861,11309.39763543408,7697.307536161037,15365.878801685285,15277.99656512781,15539.461577464124,15912.656586885565,1812.8847990907366,565.4003069286518,2378.2048041047747,1076.7556414456758,16517.34764580711,764.9180020449065,18244.394688679327,15489.132216732594,640.7380490464037,675.3632432470673,74717.29820729262,9426.929215990724,690.6666147777275,16383.128300077124,14429.42178547537,16751.994761887763,15891.517195694505,1104.3725022887218,16455.66217959295,15767.932254538999,1076.7556414456758,15179.157818493073,5613.070953270007,15343.180368991028,16496.23074260254,7829.774461351516,8552.225929079588,36829.72012104528,20529.57906193915,1457.4389864114546,8552.225929079588,255.7134514115121,15805.821262294781,14378.11449664405,1495.6694106262498,492.39131199203126,31646.26369095221,6954.826220248603,1104.3725022887218,16070.163012827752,15539.461577464124,16758.359333985452,376.18750263654744,15343.180368991028,7259.3534917036295,38748.50236865093,15245.616781809407,223.31644385678086,9561.724060073582,633.4760925097036,16607.087435351837,16418.517521901875,8292.654120318031,16821.92101847168,15530.546154113943,16021.064231227547,16821.92101847168,354.35821011329887,1052.2965962694348,15417.350366679573,15767.932254538999,255.7134514115121,758.1021746251635,240752.7128983739,15356.926047104273,471.9160063101562,16759.232939499678,376.18750263654744,15861.493197114787,136665.50037307883,139357.08103954006,16072.280498878536,16384.12616705424,31012.895541497273,140607.85652478956,16383.128300077124,142430.13125027544
11027512,Šmarje pri Jelšah,245.76692798190857,7995.719423193279,15333.249326819641,11461.823830551722,278.18949471877625,245.76692798190857,10076.241679064353,21165.545659583135,11469.347674949877,4542.802227405777,489.98619554538067,12379.095144429846,10613.906555860469,1219.430928265435,1297.3689911195281,11062.66252408882,11037.2877900261,268.0336557880243,4810.458857268779,92515.50788322538,33887.944638028865,235.9425746274168,24506.037666663313,11749.42133444794,4810.458857268779,11141.016416930006,11769.163802317233,11357.505691252349,22020.669575919474,8636.376855792156,11658.938142576166,2349.1746105246834,360.4777218514827,10521.659417614224,11357.505691252349,10369.911482173717,11062.66252408882,11634.761683379666,476.1016572990336,330.3797340287577,21628.364620952056,354.3026912729565,8239.208824235087,7182.891088838142,489.98619554538067,13146.983850597015,12099.985641352247,150.79606161991447,11357.505691252349,12066.33347276922,11898.332451613522,11012.115853652034,360.4777218514827,26543.518822855847,16030.406172902463,379.00291963911064,5541.545240739833,11226.402591240265,22277.910705537328,11007.330191029458,21415.582984332665,9567.694583651386,22186.334280930216,9679.855261708908,21884.525273801613,22186.334280930216,150.79606161991447,235.9425746274168,379.00291963911064,22020.669575919474,1438.5126062095037,96.6973894639591,194405.95769198166,9567.694583651386,594.8779793556089,46208.19911461937,476.1016572990336,306.9975750860096,90318.74516668667,93010.32583314787,21577.58643905538,41642.40376886522,11357.505691252349,94261.10131839722,21577.58643905538,96083.3760438831
11027610,Velenje,134.72284110295055,8421.047199681088,7572.125037115772,1048.3404536721437,872.8429796117465,369.2195520253723,487.2757348093927,951.5608127844009,35330.43600235946,1230.331945786204,134.72284110295055,8754.470438014232,1593.8377143088935,23029.983027446742,2088.404777394516,1130.5262849656078,33159.782875602614,755.6883685313543,18056.549560886302,69671.42291023438,30638.706375025064,650.1654200565777,1335.1801377906352,1321.0409512026783,17191.580390469717,1039.9175248523347,4222.591104715824,1110.4487755692542,23370.969951026505,2953.35677530318,1017.9128361996609,6984.55796215439,21568.160554225455,1375.7193711490097,23439.867937941643,1693.9047871976682,53676.95096752205,21413.562899886787,528.7801454150326,618.8866587459597,2153.9058893803394,15449.289015618788,687.5632651703544,1544.673039506354,831.150846500521,33969.48769070019,1116.5096045557684,937.3579266683446,951.5608127844009,21994.167373852644,6274.920141991479,15859.658199705374,951.5608127844009,10234.041793902781,1048.3404536721437,872.8429796117465,5154.236842255243,13958.797726487273,22970.68434651932,849.4954885696972,23968.41279461243,835.7498984972655,10679.441457694928,1147.7439526819642,1045.6242110340322,22794.10835160791,248.9644412695734,387.91115403027095,999.6941013515218,22971.125125836796,248.9644412695734,936.056927411312,171561.8727189906,687.5632651703544,573.0424955106972,67953.77787723513,174.5764398481523,860.3926576576107,67474.66019369567,70166.24086015687,26248.68872554201,65808.7312484299,45289.47647012778,71417.01634540623,999.6941013515218,73239.2910708921
11027717,Ilirska Bistrica,894.4489557305577,26031.05357521735,4322.662217566527,5683.76063948609,867.9254178498489,1113.2764725830648,29932.184152278667,594.5873932685872,28743.994571415766,1800.2373409043837,969.5908960727738,25888.2208599111,28553.500592710632,18416.779421908333,1318.3292319321533,18303.297453197963,40201.774321450015,547.2354943806712,29638.36574704295,3067.0008636275056,24736.312375342568,48117.53428613481,49985.53951807523,1209.8772912040654,12619.436721373459,28792.940796639923,28628.256213898356,28712.77671621729,55864.31555251844,550.445014844027,13067.867398730274,3543.7875885865105,37215.36046049543,40631.471670183855,29368.212082097634,16216.98083500973,41779.83364516782,30169.74779920629,615.1107448447437,19673.76057280004,20729.028849967322,40373.71640754955,31985.974079392494,1607.7813946964443,1607.7813946964443,53792.751525885025,9933.252890640446,550.445014844027,1012.2678495708326,28712.77671621729,13376.74932167769,15213.615185312965,1031.684388255182,54042.32107075629,56490.27390209261,584.1037799871319,494.79602209718576,50029.33589358626,29205.311952820513,29124.515902379128,56032.90513191262,29563.49527611823,29354.057869615954,29291.056387982244,29495.13974593356,60531.780078607735,0.0,1135.8068534511838,910.8259943278305,55864.31555251844,1243.7749063396154,818.5676567115403,55505.53495751789,1370.2212303650638,361.98461152289275,57000.78144783101,1577.3528558738544,1135.8068534511838,74562.02781316148,75281.33796423321,163743.38654084806,55112.4321924236,176642.27155732719,74536.92666040135,70453.52753281627,74181.53364972716
21427624,Benedikt,194.20204741345225,7647.645633680128,23354.602503153248,7951.036515636382,184.81751101689957,12525.837970194854,22488.086537413677,22544.419138839792,22966.1383261628,714.0185149208048,308.11550242114737,23147.465339314353,21386.63127336637,5633.167374896434,309.7334510392215,24973.287339270442,14004.972956500525,263.93872965465846,10518.396505389726,52592.213532673355,17198.85821616518,87.8013971464033,23505.336035805507,6934.635827959047,10900.382592273234,22522.114690230286,7633.25832189695,149.5952543975909,22890.13999026739,265.4487129527736,13315.883759685208,7490.454443112211,7530.780117315354,6882.956117549447,14526.458916999989,12660.825883881023,32665.33055497897,6934.635827959047,204.75221183211053,8061.422092672799,18609.62151872759,5831.843726156903,391.8382270539263,5633.167374896434,21368.430900916173,24810.437215374684,21467.965385834188,4786.73059741885,5765.952542473176,21878.97718919955,24113.638931433175,13646.947569718079,5712.944586458428,27375.532361256348,25560.851273065164,6461.629906757625,6932.94483239065,6882.956117549447,22612.91904816867,22047.8454270001,23540.72525763026,5172.803516359111,23545.772178796895,16573.796536357164,23143.271966955934,23545.772178796895,309.7334510392215,7007.0957169286985,7303.074840982172,22890.13999026739,391.8382270539263,184.81751101689957,244757.47984595384,17015.735590049844,2738.279498022162,24099.461080447065,391.8382270539263,7007.0957169286985,140670.26732065878,143361.84798712,17156.133096671758,23682.32067978376,13114.66354035484,144612.6234723695,23505.336035805507,146434.8981978554
21427632,Bistrica ob Sotli,160.83831937327272,10950.133392678292,36540.86166227887,12035.046604916757,6655.399291580056,14157.4174450785,22825.050639461802,23918.3202104199,26375.98203707031,1979.442327405782,7299.590624535628,16489.393932386924,26574.854206226333,14042.763800436645,284.0916719737817,12651.640578023173,29987.83733600031,284.0916719737817,19454.102918495024,114232.92196074814,48842.64647746368,28482.081486527975,46269.17951742562,13808.45521202486,7565.383962381285,24346.483182447937,26931.416651690375,25806.532616711134,45093.92782672191,11769.647868015625,15153.90486740792,5192.009668574366,22603.802355206164,27303.9838761068,15383.950177455703,17194.826343499284,27919.08883171719,26190.881610341352,5341.984331725529,358.2061809612961,12624.49803489595,12739.205851058197,25833.3910673878,9756.244931735515,10950.133392678292,34910.1257013593,16031.297169981075,7426.214195804338,21835.175532866655,21804.79460185971,25993.10129579588,12732.527544869625,14157.4174450785,46664.417973629585,41302.56916247351,13876.494827001565,4282.887735651877,7444.989473772441,45351.16895633975,27863.75649865782,44488.841235135085,13457.311850273272,23486.77828500654,25896.380486857433,23610.946261119036,23486.77828500654,0.0,6779.847622870603,23672.914559520166,25554.57344948259,358.2061809612961,15.936400706461,209066.16299280163,22568.025057027295,458.8397376385768,58705.479029794915,358.2061809612961,23517.756029939115,112127.93318837885,114358.97116497954,45874.209764815365,58549.80196808566,26142.012412961463,114079.95319529127,45874.209764815365,116820.36287101412
21427659,Bloke,194.9798045274349,11135.982275686541,31775.03321850448,2060.931308308063,10262.834313716816,13921.042044716445,29864.838919809255,13831.946931150289,13428.88041351955,474.71597988134783,1210.1766150269953,4657.516268321294,30378.613397473473,16306.117219241523,318.99173911374953,14093.44005414571,27512.387488822216,10372.770308416968,11915.69175501298,42287.34891901107,27512.387488822216,34904.92903430406,41072.33991771647,10372.770308416968,9452.68546099383,29352.512194600244,12050.644876824139,29306.835737058307,42008.78589254663,8927.364550164652,11614.293539153543,10048.969412283443,38942.71979801559,16210.158060543277,29443.98357208335,14856.47464853527,14573.088220179883,28663.341983776398,4748.8790374067,2205.4782790099093,2060.931308308063,20486.656562228924,20825.10490403672,2128.7449152044014,17915.924616341614,5938.484946735046,14367.641805920752,9149.759674377547,29515.62501525438,13831.946931150289,33783.854530060074,18155.82140295873,13428.88041351955,2060.931308308063,16046.410240017305,13428.88041351955,124.09780305560857,26954.168989735805,14423.33845686081,29708.61654825636,41325.996060195735,16574.576767488827,29742.389267758663,28335.320666664767,29290.83717348925,41701.788447214356,0.0,235.0313074917424,13671.784568096124,42008.78589254663,235.0313074917424,235.0313074917424,85005.4382995099,28335.320666664767,165.30865581127964,41614.400697614474,235.0313074917424,13691.303611983885,40599.05656447778,42008.78589254663,127376.76021095226,36447.300200918915,138087.67434801895,41451.475474443345,56886.76082644243,43754.736493426484
21427667,Braslovče,630.5074096237363,7297.944781743576,14445.258945713784,11414.588169136108,3952.1296748726004,10348.053418287507,3832.126594129419,14894.956728982965,25079.821164299163,4836.791130386716,457.5477756198295,6532.975635513415,6298.3838385998715,21372.56927612823,528.5595228739655,14622.980729315404,25685.894685816034,0.0,10452.245099563905,55995.43663523544,24787.034738586663,15368.30860819316,15835.92510777395,11635.89750406465,11278.621224646045,10844.41494327353,12054.886915479472,14859.560940730498,19849.672042429145,10595.245138296918,10893.531619151305,5282.986391083171,16268.304931085064,409.68782045270086,10396.240205641387,7770.863885671482,52382.57771714253,16113.707276746394,3760.4186134311144,3725.3338844652735,529.8259305715031,10149.433392478393,11845.468134878189,10238.276166523076,2775.157515333924,44129.858884382666,8355.817582387232,3514.668538122855,9709.209981558994,19721.395267645068,15014.114060648319,10559.80257656498,9324.579184659353,17897.995138223934,14723.419265922717,8140.44691347478,0.0,9709.209981558994,19952.06629242881,14954.558669794196,20447.11488601507,7289.087756777864,18343.39480201609,15798.830201090712,14839.26544090366,19874.597594154988,0.0,3667.2914793086484,11715.40934709112,19849.672042429145,736.2283858026148,0.0,157885.88644399168,15348.81966168344,2484.6719705992605,57903.9552935784,736.2283858026148,11596.748973377214,53798.67391869662,56490.25458515793,37147.14823757725,64552.909043374464,50046.03325405606,57741.03007040727,15114.602029541868,59563.30479589315
21427675,Cankova,172.84206750136664,13942.24314905919,46200.766055205495,5393.806398487016,9467.952473246116,304.8782427403645,15088.596612402005,14368.890387282694,16621.31101332064,314.1283470348661,120.14499158043002,13081.172664553847,13943.036159882235,12304.096472888308,1620.4282271730738,14006.186587325685,23179.261481153077,172.84206750136664,12156.668840229207,42674.719495569276,51.29845884182214,2073.969244935109,46955.967809482216,10688.190279970631,13424.367628836024,15549.098768913991,11942.193881903042,12508.692981401065,50304.71202193791,278.92129178221285,15613.131205179357,1454.7949817564586,10834.336569051917,15125.107790239712,13768.079798142848,15125.107790239712,53662.9804423836,34349.207859629525,3932.0104911921335,6886.737921613052,15231.974875026599,213.15645221043883,7629.8344671040795,6808.687836580751,13886.487711337746,11288.027188470183,15125.107790239712,7935.688264216842,13991.366419710042,14368.890387282694,43169.05440211415,14576.887465238084,10834.336569051917,15389.878544290348,46558.50116046974,11163.927547074572,1220.6963416109086,213.15645221043883,15215.48707358245,46234.92054998051,47054.086793480536,13804.77728212206,17693.039340667936,12873.100349362248,15733.65610214493,17693.039340667936,105.4555300910144,51.29845884182214,15557.850660855429,15557.850660855429,156.55476120701766,392.6005924770547,272172.0518776244,11842.442321488907,172.84206750136664,51514.03311211758,105.4555300910144,15164.656718099763,168084.83935232912,170776.42001879035,29563.62975654109,42162.45861855516,18301.12649333886,172027.19550403985,31392.520889471878,173849.47022952573
21427683,Cerkvenjak,214.280578643343,3292.856758124589,20447.05325474215,219.99659693820513,87.3891867703125,14410.127617189788,19944.08103299413,20548.44121857101,20699.79372382755,1539.038633238782,179.24553480057895,20893.954288652993,18304.611150496406,10455.018249367578,147.57033287408882,21023.02647900141,6252.171343300867,136.30676728471943,5011.621460189,47025.93446537397,14131.495702316015,8191.227576574656,21202.25500901888,10870.680054879065,5393.607547072507,20388.152880342503,11571.162814681544,8253.021433825845,25981.058739659467,8339.205432437837,12556.66555489187,3294.8445923319346,11188.580270552191,5423.647096316767,6773.65730380033,11414.164538618554,27909.26764192022,10870.680054879065,82.90813351176077,274.26375223926,15217.191690641743,7062.9713715734015,8313.450610440648,5376.314223182451,20086.958659020816,19244.533601011633,20876.459259721127,7059.513688347971,10382.894182702279,20251.68337677971,20765.477679299125,16802.671284351134,10473.579203889896,22619.4694481976,20804.788360006416,10706.733876037106,87.3891867703125,87.3891867703125,20035.38097024968,20481.207749517183,21300.373993017205,6942.584675591472,20432.712801037094,13968.188563497106,20615.3016845484,25953.21953425067,72.89170632833493,6282.441565422984,10960.874994219004,20948.917956365432,274.26375223926,87.3891867703125,247413.86023760767,14410.127617189788,3278.7081398352884,27190.37982983914,342.65764377495094,10836.708999948964,143326.6477123126,146018.22837877384,9403.3314834721,17776.335054966974,15920.313593239809,147269.00386402334,20759.611859786604,149091.27858950922
21427691,Dobje,6788.541133097682,21641.29868307828,11487.831673161892,18938.740146747015,6710.785080882325,19301.012490669942,10785.685255257478,21238.03115040826,30524.593237637906,2104.4113960427903,4819.034851439908,23154.972064498263,22275.180463251872,12995.035938417079,325.00193823252164,19482.045972251064,12196.04720202359,10586.480308058155,21982.022563727605,87920.95340253103,36691.47842598562,17567.73531618166,39272.854600915365,21729.379203211818,19464.43960914631,12359.531359966992,12927.923214314724,12847.252863710119,22093.1550667446,11353.465577080706,18592.042964567798,10858.828544683447,19415.723284539516,12712.388651295883,22039.249247835352,12460.154703479942,30117.908086776853,30690.0072460677,6471.848239194427,19031.072470401035,19592.560170264293,19409.54825396099,8970.817461134355,12284.222603904156,12284.222603904156,30554.12985993566,20032.19624821736,1338.0641876876512,20212.006916821087,21238.03115040826,18472.41129048447,9895.420383783998,12033.69034888221,19619.75717509554,19722.170497241466,18643.08538073288,6178.047532351112,12719.262176810611,22350.396196362453,17617.241742342656,21488.06847515779,12623.841266282674,22258.81977175534,12633.85917744152,21957.01076462674,22258.81977175534,149.2815561455891,6635.30514075871,12821.134964989798,22093.1550667446,1515.9374303317052,6788.541133097682,189546.616996759,12623.841266282674,0.0,58774.10132963937,1515.9374303317052,12196.04720202359,85815.96463016178,88047.00260676243,30720.848887338838,58985.35228390259,30412.75125394038,89361.58687451757,30720.848887338838,91468.17319299988
21427705,Dobrna,1765.0976859227571,12508.478909619917,18228.550160422437,11239.394602163848,11287.380535339846,11083.333752004248,9695.544954453131,11098.964828170527,33782.77981678458,1893.2487391568989,808.8855031014134,7794.56157335384,10657.81790071707,15848.102898993693,629.546496753117,11138.956065556535,23716.21301065742,9333.99319806535,17497.21843842929,75015.8442296897,37711.7042643937,9845.880286220518,11193.766601352212,11079.36489838227,12946.19524034831,11020.9474797428,7808.893279261716,11724.935822619367,17162.308505724894,9708.889776834394,10957.70051931713,9959.126983754173,16424.049827452687,11223.121529166252,17231.20649264003,13340.422017798932,42640.52961584619,32125.592734144742,808.8855031014134,4897.981508271055,12266.991036174286,14421.742441587108,11208.562309109257,12542.214463836968,11836.275001917804,22330.748080224806,11229.594751349716,7996.883495088209,9602.588002865841,15719.671374630714,16834.020338238828,26571.688033963317,723.067964521693,18097.690805371214,11239.394602163848,9312.224384564983,3578.429092387186,20131.741480867782,17106.421764759914,11854.619643986978,17759.75134931082,11455.215827769656,17028.95306648609,11156.671694668974,11161.347235853307,17028.95306648609,0.0,745.3733915712077,11441.368759154091,17162.308505724894,894.9256112788268,1848.566176159339,176906.29403844595,11876.12643506055,280.017150418724,56315.03826675976,894.9256112788268,11579.058706030026,72819.08151315099,75510.66217961219,14609.94911506663,54169.99163795453,33650.73685965239,76761.43766486154,11441.368759154091,78583.71239034741
21427713,Dobrovnik,329.2927569072622,9450.232616636975,52160.23826896113,2618.458664126749,13652.862305689965,13761.065559247905,4717.601911099324,14354.972530274808,15778.89734108254,1960.5157101546615,235.82957069834498,15499.602875568295,15668.801107136993,10464.132601324589,264.0297878005825,18265.09736994236,31254.987812827665,4587.404867061392,2808.4822191481944,14239.788363971953,5132.602215530949,12055.970718434837,52915.440023237854,14092.47565492053,2813.3966326439536,16509.151012521168,12515.8465677653,11010.453981435245,62295.122862052674,10901.668189545304,11445.214657689146,2515.877117540448,16539.460525786904,398.0064448051164,10951.001405958074,2459.3667827283384,59622.45265613924,46339.61869974429,4496.239256151513,4800.750455790679,2405.056865988564,19439.733444372025,17543.13132258603,9088.937198845299,12068.23455799668,13830.299323548968,10166.834981069325,5667.878703174727,13761.065559247905,5257.914052715377,14218.082140009219,15452.00380207735,9000.108519789192,15073.288179614336,52517.97337422538,10549.31122965656,1869.5729791130457,4146.927674661767,13955.073502089463,52194.39276373615,53013.559007236174,10770.580933601283,14604.330679948718,16545.20052403226,16136.296077868603,14604.330679948718,262.4127135802782,384.5230456445187,13712.271170315064,16312.101519158105,0.0,359.7374483692519,279805.4467040173,14218.082140009219,249.36084171028466,63504.443952232345,0.0,14394.655389852333,175718.2341787221,178409.81484518334,7293.9243138266165,36661.68794614575,23722.66960703721,179660.59033043284,23752.64544501916,181482.86505591872
21427721,Dolenjske Toplice,305.06244710294925,8309.341465361604,1192.4096078722498,11314.10761494035,4652.717112295592,11210.517840398305,349.8878922106577,13254.02767021235,46666.246281793756,895.7388583125257,349.8878922106577,702.1079542913899,10871.532198876674,10848.695328913574,3750.0425563243157,11708.381726848953,62106.91816804903,1069.023771791833,16066.54772544866,62834.489351955664,15819.763677935107,382.22668231444,26845.9107550533,12673.890920677348,258.70125548095257,12917.621747981742,32120.382241231473,13865.838843526126,62555.92632549122,208.27803054797343,12391.608780792712,8732.67262510227,52718.60180890372,25900.663290301716,45461.679752628064,8977.312938903124,62352.22446744587,58839.7561989484,363.3009603016787,11042.555011146384,751.1801991667343,35934.55199908596,12650.048169965265,12508.363989153779,11587.30835885612,42433.054262632686,22250.859401915386,208.27803054797343,13182.1746283125,13254.02767021235,16718.176085150284,20865.21175495803,868.9370050209425,751.1801991667343,30640.22408025877,775.9193607742354,244.28942241213716,35888.17438117367,12098.339625752025,14652.68959948739,61873.13649314033,6182.244829068948,12211.785382715749,9398.009649736588,12757.004011286943,12211.785382715749,85.04890302078095,368.7219610721253,12676.486477357126,12676.486477357126,486.3158785800256,349.8878922106577,146852.8419130436,11849.128834029018,257.8615054592012,12210.983781909787,486.3158785800256,11912.32636932157,61730.84080728232,62555.92632549122,97998.49926013435,79607.40187813634,90256.27885767915,62146.11106050813,46700.43244868193,64886.520736231025
21427730,Grad,1810.238094737301,19943.82996232205,56256.8529964776,14074.089497185205,9288.020303678626,13185.556720936866,19298.84927472668,18818.373462435986,19190.486325315815,11947.051417718498,1488.256149298711,15742.952795493775,18860.061133057963,20675.711813383597,3510.2026631433755,18923.21156050141,33235.348422425166,7669.762282664731,16812.2413299111,45846.50865533442,8566.79156016288,12271.419948853887,57012.05475075432,8427.490995719916,14504.943397956815,20082.693770353064,1548.2410817741877,19480.87736940643,60360.798963210014,335.55871713285865,9392.038430968663,4368.729754741103,8573.637284801202,19356.649735091258,14171.023249846186,19356.649735091258,63719.06738365571,44405.29480090164,3945.0727995336,7894.5211763034595,10447.346072207336,13424.9202302938,8726.11476838478,335.55871713285865,8658.595851696433,16163.554577928353,19356.649735091258,0.0,18908.39139288577,18818.373462435986,45824.80243137167,19493.91243841381,8573.637284801202,18770.279717692058,56614.58810174185,1438.2137742802943,6577.313669268008,13424.9202302938,19601.57963688469,56291.00749125262,57110.17373475264,8887.982596565258,21894.759260199386,19617.093299296495,20343.27674515226,21894.759260199386,335.55871713285865,2025.4089847046328,20167.47130386276,20167.47130386276,1972.8905797772861,1528.7946591087855,282228.1388188965,19278.758162185553,1803.371177838525,61570.120053389684,1972.8905797772861,19180.654346467094,178140.9262936013,180832.50696006254,33765.349676072525,52218.54555982723,28357.213434610967,182083.28244531204,38905.41640347719,183905.55717079793
21427748,Hajdina,2418.724004297322,11313.424854947774,4110.043377174441,2786.497355485593,1626.3702863080703,3433.1667765233137,2684.7372521919146,3386.573255982386,3595.3019760449333,2623.385393513977,218.20483817500488,3453.188860486603,1521.3587597534022,4012.176964950785,1122.3158534070963,3531.2142520920397,23859.96521945398,1207.6467598698123,3291.2610642644927,59876.12376600157,218.20483817500488,218.20483817500488,3444.7741188856953,2442.505939996227,2373.762557705727,3013.8691691814747,4272.25924286761,3693.7641098232752,24392.015054221938,2349.7001214190805,2691.8247165516777,1720.4257937309344,3424.9800203002874,3647.654063815256,3814.7080730658727,2109.563560568186,4222.852987247377,25539.690610676535,232.39407153752225,3167.8134142789813,2800.1532784828123,4688.620514662862,3212.2514815275804,2684.7372521919146,1725.942007734156,13613.363861745904,3118.9783695879405,264.1600912008836,3671.175817838391,3386.573255982386,4658.48385392254,3402.2985445310687,2682.073752599754,3298.5859395305047,3690.0965999933514,1586.2476852362045,3392.323255739404,279.53624943613465,2505.1010134695475,3982.6183089911797,4180.808739742282,4127.39267791815,4707.414656608466,4740.868012773405,3687.572066918072,23611.836939643606,0.0,218.20483817500488,3582.9474459450466,3191.437066232247,1381.8429233264437,218.20483817500488,224733.32052707675,4437.129060862247,1106.1574813328664,24978.516540758093,1381.8429233264437,4353.87328892395,120646.10800178187,123337.68866824308,3440.3019956785347,2589.152431824094,3624.12263843015,124588.46415349243,3197.22018192492,126410.7388789783
21427756,Hoče-Slivnica,158.55907189653186,28875.43018125639,5701.688057638817,2225.360456304055,166.1613519594478,848.2934120498156,5688.748853661177,4580.0277209179485,6394.159842159704,1322.4364344609778,183.51099861902412,4451.238853648764,4385.704198005265,4571.310421700773,708.8039447493296,7255.2134004628,6508.2709672735145,105.87598282028921,5587.221560592988,77139.14217926921,5775.805590356091,144.23416128027438,6991.230618910608,1517.5701793175492,2472.9781070386784,2279.4070323735714,3655.7449237921537,6600.050687133512,7121.43165623285,3212.877161379236,4101.005700395166,3768.8804098762125,4627.468774111162,6632.739082028243,4489.315802433728,3875.6747017631346,17556.359847598396,21522.304652613853,421.3719249431221,4929.366588801176,4056.9240739484467,7717.420383562762,3004.370861587515,2340.8955723205336,1254.299808638434,9165.7792201372,5909.517254018898,2326.5797760562436,2424.5778594361445,4580.0277209179485,6306.5080702695,6792.181343126069,2839.2700915242976,20185.737518807713,22124.933869994427,2452.1094059491506,112.62722574090566,6626.124047023767,6217.562093743672,1836.7952251432844,6989.532134034824,4544.253849971175,6331.182803151404,4240.826669966226,6826.7362299730685,6331.182803151404,72.94742247506608,150.70418550296867,7421.6633248052,7121.43165623285,408.3585720408574,130.63673098217404,218395.58777581993,4803.538254342032,153.34956980673394,7697.862404265905,538.4484308344362,7214.992598808638,114308.37525052509,116999.95591698629,6989.264692187013,5552.815775460684,15905.772197554843,118250.73140223564,6991.230618910608,120073.00612772151
21427764,Hodoš,9194.369875935978,23003.697608720813,67605.45707060948,26333.0392216132,26894.298730358896,26310.002050988187,26132.62635069278,26517.28328916629,26268.444812837217,1394.548810068767,113.02479490575442,27305.494653747854,26128.38963588321,27871.645732817142,6453.555811087437,29172.14851469246,46163.91703233674,113.02479490575442,664.5089526784785,37954.3689214584,9255.873157091226,9255.873157091226,68360.65882488618,26132.62635069278,3654.387727195785,27318.0536798703,21958.4278863221,21765.524285590953,77199.65595426828,21580.457766245938,12156.818413951707,5815.89597762945,27211.74062593638,24052.96321538534,23337.646321310116,26173.947340214785,75067.67145778767,61244.151791959936,766.312708581807,664.5089526784785,23394.600279661932,664.5089526784785,28676.393466030662,20732.13017956368,427.0557073497354,24899.378523656345,27816.241596142318,21244.89904911308,26132.62635069278,26132.62635069278,37932.662697495645,27002.195725404144,25945.57637345124,27904.203703893167,67963.19217587377,21865.435660244886,3562.1763025259033,664.5089526784785,27502.657800764995,67639.61156538453,68458.77780888455,25421.984192053274,28535.227497872667,27354.103191381397,27723.060782103523,28535.227497872667,208.25414587425183,9255.873157091226,27898.866223393023,27898.866223393023,664.5089526784785,113.02479490575442,295250.66550566576,26732.29728421762,3673.553230428735,78408.97704444797,664.5089526784785,27950.061456944626,191163.45298037058,193855.0336468318,31215.691503209964,59867.052754219694,44407.219660115916,195105.8091320813,45491.79514193441,196928.0838575672
21427772,Horjul,316.1764027682461,14987.680879116315,13572.375962959675,5269.536927027622,167.82989945476146,8066.978065559025,7692.069588042172,7729.703006791636,8066.978065559025,6226.653463503787,38.153953179321306,5199.912869016219,7059.39781600531,7302.836995864359,230.98043908858816,19325.32823458167,17073.441312379025,230.11983308018915,9219.487837927833,19370.520846807256,7862.034332998628,8447.144320435242,16293.013078341686,8566.219544081372,8358.859903057535,7302.836995864359,12298.449141587605,12932.870886615028,15628.609100824926,7071.34739654861,12990.116667643028,4026.3561194356544,17000.80461039079,342.46347248493356,7948.2081795001895,9322.254293370312,22757.52743726543,18262.69224310358,718.9858878398524,9803.326079734728,8296.978922037415,16686.05484211641,9236.806100911834,8105.435030378365,13048.906298388449,167.82989945476146,5499.842573923818,806.5769228153138,16434.094497956703,7729.703006791636,7781.341454236181,18692.080487578067,8205.2987323742,17399.565101006985,18190.402257799797,5972.762652456247,38.153953179321306,17444.63933367149,14987.224550550398,9351.237004784525,18927.161103726718,7091.893074323536,20120.52475585222,17051.29919147879,18881.037654240135,20120.52475585222,38.153953179321306,285.1810089758623,8402.525424212392,18950.683416026146,572.0817033820989,167.82989945476146,90007.52963429465,16330.276978471427,582.9355982239108,18369.197335365454,382.1261992019158,8933.070424582855,18231.373264954414,18950.683416026146,106598.17967845798,8776.185470774752,119497.06469493662,18206.272112194325,33342.60660929975,17221.64857666835
21427799,Jezersko,378.14406378432665,30160.59269886318,23770.69285138584,19507.50004125244,19101.41456793936,25507.27918029811,25627.32173838858,32951.822213983265,28856.653505611015,19335.571700683176,428.92795893185206,33914.07342962541,24920.4756958173,26423.07628511688,27.88330755450807,28226.777655095808,28456.104811230263,2151.2613670374717,31689.283605770343,50470.84901225597,27434.847414913595,27690.064819685962,28964.29688902909,26923.51872926404,19853.36502203436,39128.24778904322,19423.56209153218,27651.95267114111,50251.35300137343,3393.0688678930487,25279.050580271476,2621.048660229576,28951.164344993787,19674.05204275691,34562.3547186815,28856.653505611015,53308.12532877242,40579.28484561095,23577.163431551588,335.8410704736393,27902.574219653423,25516.309112795734,32499.850802736277,1405.9888555622929,29733.234028310868,32889.693430329266,28118.32114491757,25029.366947612158,27208.576679510727,25270.051797920594,29932.82187937038,42370.91111868677,19775.24613145104,52703.85986320726,39812.44928858625,24965.1830822681,135.71458965025232,377.87094398580564,28416.99821359108,41544.16896991739,50350.69092610898,27494.442044219206,28482.774946464964,28971.773442077607,28613.584316404136,51544.05457823444,27.88330755450807,377.87094398580564,28278.309534792206,28278.309534792206,333.2583327112244,279.50794664806807,147747.32066299312,27632.44405480368,328.30874168848106,51363.675631566875,333.2583327112244,28686.70168396703,28528.367533879114,50374.213238408396,112738.25684644363,29387.425986111077,125637.14186292229,51200.75040839575,28278.309534792206,50555.91771854379
21427802,Komenda,647.8330258965258,4572.613410914336,14914.794088362538,4455.533459908691,5429.332256782678,5444.263693578854,8955.685537536672,6709.73497956651,9373.675895758313,3922.184410327416,238.72878633399122,12641.841104187532,5452.465355365333,1891.6687881029054,0.0,9873.119201779582,16217.321323655311,263.89671147110477,5917.950658623693,19848.36385370848,10226.8722541171,8038.304814903808,9873.119201779582,6793.149219747213,7298.3712066020635,15088.268493295951,14604.314828622233,7805.715395448746,19122.1280859918,1482.8518065524577,7312.385362559304,1644.6541346216025,14273.45544508785,778.1963034335743,7749.126687826666,7208.990529621269,20827.792421273065,6899.35712730522,1950.4559210233433,2191.239513579376,815.1350031282277,7794.019677067994,6051.866671020558,6801.054707215793,5613.5895261284495,5241.688094125364,5498.262361652749,1315.4633272921187,9123.537486614512,5567.372318247146,5796.713714620119,10470.537333642053,263.89671147110477,23048.022724587583,8267.552707209385,2260.4504037292077,263.89671147110477,11153.624596572023,14603.576155600278,7139.888734667649,20001.46250191251,5791.141868306183,16243.99145889002,16731.798378170468,16374.800828829173,19861.635642422763,0.0,403.21980278032345,7720.040605252712,16039.526047217249,778.1963034335743,628.1147635030935,119757.45174739466,7280.835291892295,232.46095627986978,21361.87823445077,266.63119902985545,7520.926262858431,16143.00385868578,20185.577445011906,80408.98420749852,16894.206458147393,93307.8692239772,21198.953011279642,7720.040605252712,22562.327839017733
21427829,Kostel,2610.975629961355,16721.474271534138,34383.812640420234,7350.816409398419,25616.5958024077,42368.46739260286,59911.09499708122,67770.98483952713,72611.64573798973,26088.234632786698,26618.07141781172,12279.576828280775,67595.51366109059,39988.28201430915,3589.6478590527117,68994.42271660644,84653.45192462367,16078.351949749716,47267.07356945725,85381.02310853028,71076.6940939505,60113.53159322657,41903.715199523554,47421.0986364688,16045.086421092295,69641.60321019564,24669.521612760884,71151.87983328362,85102.46008206587,2979.5006886883825,50850.52909966073,17021.072718449934,80841.5428200683,43053.10717892883,70339.11357649876,3000.440794659755,73755.85354465009,81314.51396602536,22194.627108575696,26149.718075959387,43079.40181855894,42357.3630912983,25707.72862708415,22224.765592968713,26625.941746615317,45046.11561666483,32454.816219577046,4500.487229864902,25681.81638935483,25750.343856051146,69115.239952988,26425.021904296776,22154.94801651037,60312.38730403731,63532.810094084656,25654.86414529447,6572.349613138239,53565.74781175719,69384.3806155095,56261.36890807134,84419.67024971501,42422.25669185359,69497.82637247324,66121.9911119505,26106.235788458926,69497.82637247324,0.0,25589.587825230134,26486.277310880432,69962.52746711463,97.99565957802179,2622.721425556844,140599.38272154273,26029.81532783135,4031.3230431095417,69497.02477166727,21386.497516626307,25672.771491677293,84205.59857435935,85102.46008206587,145712.9229255984,95326.44840091602,147542.31984743665,84692.64481708276,86260.17332967976,87361.27850330803
21427837,Križevci,264.71715506928774,4507.983893320538,31708.51239219994,13866.621584500544,128.5315894766056,0.0,11833.164708230235,6043.274269033268,7464.944186114268,3800.9778140079425,0.0,3087.8107384711175,11833.164708230235,5884.310354448277,893.3464559299059,14517.847550037695,12765.468030395019,2682.8233732038807,6210.723018607091,30267.962109113763,9345.177326609033,14014.021784273187,32463.714146476672,6696.713711378361,687.2143192858586,14129.899894015996,16315.93980201208,10397.47289101208,44371.677712683006,128.5315894766056,10567.801988949854,7570.696191026614,7464.944186114268,7346.200649306686,11255.238240570268,14519.177667467942,39170.72677937804,28416.173550374646,128.5315894766056,253.5011164744412,7388.938540739901,12083.109366029346,10138.228574071989,4226.0806107163,4179.8915112473915,6737.0648523068485,14519.177667467942,6843.593370697061,6582.8511771422645,6043.274269033268,31067.666850883834,3939.210976920949,7464.944186114268,14783.948421518578,32066.247497464206,5604.343757155148,3034.9888867847335,9118.911702953797,13853.780173295718,31742.666886974974,32561.833130474995,5994.616103287345,13910.656655001967,12954.507543628328,13860.456572199406,13910.656655001967,0.0,264.71715506928774,7117.406420860482,14036.262013488908,253.5011164744412,197.92038711897354,259353.72082725598,6731.22144917342,1260.6629979897932,45580.998802862676,253.5011164744412,6950.066391092845,155266.50830196092,157958.08896842215,15327.363243915423,20034.943406771967,5994.616103287345,159208.86445367165,7069.176267150826,161031.13917915753
21427845,Lovrenc na Pohorju,202.26578671620626,44465.175112444456,24843.177796187465,9384.153595653293,529.7234680847432,11731.302916849114,23407.562464154646,21997.276767949774,24419.542627578914,11112.445184789038,0.0,28833.971477024443,12757.244351171332,23217.074365016204,330.8174665789085,23239.54058913373,21898.088746879857,0.0,21943.876326802492,96893.64635087177,13009.599419897302,0.0,23667.20140237545,12920.297059112081,12135.28820160298,23123.75764146367,14043.319807110565,24843.54257148982,25402.412493843036,13772.284950257854,13772.284950257854,953.2740531260599,24066.931524166575,12916.28788702805,24868.399527697547,8338.814044833014,45856.98096909153,41276.80882421645,168.36985647315691,11436.927636297618,13474.73969761089,22135.5772342039,6829.982256293611,19915.22898159254,5201.983579711385,26714.453167751115,336.9828047183264,330.8174665789085,13742.02711527367,21997.276767949774,16917.481689361928,23354.59209549247,13663.186164699138,33505.173849540595,44005.04438451007,11731.302916849114,54.360139086186734,13332.09252285498,23688.849041771628,26206.078105413595,24733.957617078308,18153.384326524076,24837.882733392806,13567.948167033086,25103.413726440485,24837.882733392806,0.0,168.36985647315691,25701.434035351635,25402.412493843036,468.1618765131118,512.1925149879208,223617.8621334401,13567.948167033086,330.8174665789085,24688.02205203976,468.1618765131118,21898.088746879857,119530.64960814522,122222.23027460642,24989.04584602332,24823.90415697672,39696.20030106807,123473.00575985578,24735.656101954093,125295.28048534165
21427853,Mirna Peč,453.20181105708446,8124.359685131867,16819.29019330601,7499.216514234129,9659.5372522335,9519.904721165442,8257.343125373693,7751.111124373473,37232.56640096407,2521.641418425141,1393.7635591914775,15677.169932035227,9325.593987529308,10396.317172760331,374.7979719036525,9516.588200859105,49908.37047171526,9573.967437723542,577.5549769805551,56776.34963417742,397.38299763285465,397.38299763285465,39644.1636714544,9659.5372522335,16106.45493315167,8018.107745093182,16340.259869694046,11395.76862725947,56497.78660771298,10339.986499077973,9480.156458730744,10287.964273930378,47696.141839263066,34730.12820463774,34635.71915803761,9794.513435999146,55496.117277853264,52781.61648117016,7848.407042212055,9440.37403599795,9674.710980026055,31602.395557808413,7745.580973733134,9683.975321757618,1602.8910831567923,41584.390460203955,26936.320629428545,7305.98168201412,7728.300596855014,7751.111124373473,815.2146349693782,17247.646414367806,7712.028264524033,15326.727657168645,30459.808963444593,8292.296824329069,5928.188866168387,31556.01793989612,9693.608199859902,16821.33613080631,55814.99677536209,9422.593467562097,9808.235596502258,9521.119976159418,10286.933795020286,9808.235596502258,345.94625123832395,577.5549769805551,9654.625925217906,9727.75357593414,979.6233438216466,577.5549769805551,148705.16207606436,9519.966601219745,5070.150658360325,9430.246211817173,979.6233438216466,9508.77658310808,55672.70108950408,56497.78660771298,82095.53780995352,73549.26216035814,83723.78988608696,56087.971342729885,37266.75256785224,58828.38101845278
21427861,Oplotnica,163.73478793668392,12397.96329157091,29546.775387811213,8122.7485697908305,176.19875357851797,7154.219394311772,6463.271715020962,7613.807118650168,12114.616169670147,6491.410648230276,1923.0207163363573,25643.847794676283,26041.00077198594,6678.872078610254,331.88058742423925,26814.798617246895,25010.76823837707,176.19875357851797,9512.689210380275,93106.39108904586,21983.118425196255,84.96529635706075,11897.488086236892,6465.328277682157,6204.297622017227,12463.23720240172,12594.020027045759,12114.616169670147,29065.444712462253,6918.095394493688,7163.524972696523,1612.2242944006534,181.12252831886752,7479.463946507687,24004.43529881108,7003.905152121389,28499.40422596623,29112.358518931862,7611.2661048066875,9511.292627312027,7279.456349954914,18725.353600206254,6732.55601008056,6064.500646998252,15805.68718678119,349.6899634173541,8615.887399975876,1248.064384650488,12132.21740182426,7613.807118650168,17828.066675222424,19795.071371932467,163.73478793668392,7279.456349954914,19499.121946575808,7255.999726828408,163.73478793668392,547.8444368597469,28738.61443072272,27603.533646890744,28809.916434329218,8137.274075476979,28647.038006115607,26156.27918233777,28591.97272771349,28647.038006115607,231.04570098616986,0.0,7480.173080676543,29065.444712462253,370.7380506908411,137.19722513492,199649.9081444698,6398.216350844139,492.09705261212997,34710.77916631927,407.8085596064245,7118.099551311747,95562.69561917482,98254.27628563602,7480.173080676543,32565.732537514035,11979.25436415356,99505.05177088537,7480.173080676543,101327.32649637124
21427870,Podlehnik,137.81719517853477,13616.433931732809,11171.026720863569,9847.480699174717,10201.523600916966,10437.969073402663,9745.72059588104,10447.556599671509,10489.430479681887,4924.450932894777,114.61628844054832,462.33059311229,6229.667071636411,10136.959036358166,3441.835748781079,10592.197595781166,22125.547963333374,1594.3263763040552,10352.24440795362,65472.338320663,38.89669573581215,38.89669573581215,10505.75746257482,9503.48928368535,6398.724563812034,10074.852512870602,10286.443071967607,10499.130438345122,33032.743310222264,3471.4037923759106,6428.413543265839,3594.076723594102,10485.963363989413,10708.637407504386,10875.691416755,10438.691296886675,12325.849226138589,27260.751110026456,6057.966194915922,4950.1330717109695,125.2000925555303,12791.616753554068,10273.234825216707,7535.004709579025,8338.126644877491,18945.861998229782,10179.961713277067,9088.086518342257,10270.168890449215,10315.271267705497,216.6740046707659,6464.253992637527,9743.057096288876,10878.643622491418,10751.079943682478,103.191871514826,1277.5155386460297,3287.9766928325703,9566.08435715867,10021.500505471642,11241.792083431414,11366.047269915724,11768.398000297597,11801.85135646253,10748.5554106072,32252.565195643936,136.68338188639797,6398.724563812034,10643.930789634172,10252.420409921373,354.4374273335145,1114.9394371537092,232125.67286248234,11498.112404551375,3194.880777240335,33619.24479675843,354.4374273335145,11414.856632613077,128038.46033718747,130730.04100364867,10501.28533936766,9650.135775513218,10685.105982119278,131980.81648889804,10258.203525614046,133803.0912143839
21427888,Prebold,279.0890685109481,2322.7059432020365,16160.977234156675,7074.456427837884,429.7280504389633,7404.524599254387,2725.307470032053,15532.36805987277,17842.757382852247,1988.4269333318266,557.1687337132142,875.4877516649619,2739.1761910928963,17183.542068355928,635.1015140459542,15829.525285135325,18448.83090436912,429.7280504389633,12390.539907841028,57933.73144351257,17549.970957139747,17608.797142484193,18076.413642064974,7535.666429638275,7316.276646483504,17053.95010289011,10514.317018427679,16857.79569100766,15660.644834656834,12533.539946574041,15680.725352071335,11134.684953573114,16802.1674559065,6405.31737929256,12334.53501391851,7350.3890645529,48193.550509370194,23659.733340875646,2366.694309337857,4890.920978471645,7628.218271818108,7401.371585336086,15898.958504356044,7167.804557995303,3802.57062978608,40651.63853638589,12457.56220141475,4427.79379233847,15168.812435669579,15532.36805987277,15332.356667170772,17700.451471175136,8294.050972239336,21533.156370979326,15648.449864118791,183.51920800867768,538.5820319993916,12286.34822656463,15763.039084656511,16874.362873823884,16258.087678242762,3513.0218506915016,15685.570386382686,15123.666559726196,16406.244847989547,15685.570386382686,100.55824846175419,279.0890685109481,7486.343141707287,15660.644834656834,45.95577517944572,264.093748801286,159824.1812522688,13386.903726095366,97.27170018555027,59842.250101855534,393.6503590979048,7569.316367223346,55736.968726973755,58428.54939343506,33669.34492151967,66491.20385165163,46567.81290605929,59679.324878684405,17355.090563832902,61501.59960417028
21427896,Razkrižje,1043.1541883524192,10900.04952301712,40154.17013231389,8146.549303391119,5505.040532117368,8280.65258602716,12628.517951273114,9875.39365233817,8350.309914344822,2681.8797071196423,587.7223390739696,12051.829747870004,19694.48377968149,7570.873764532571,587.7223390739696,22290.780042486866,26748.258389707094,5631.316579500479,8062.539481053757,19536.494559300056,8249.411384624611,20315.543962486892,40694.59524750084,8610.909636657427,10589.699191318465,20702.599578037734,24579.06656582513,11968.497876517193,58178.90278433328,12208.003849087265,20629.203918351614,2624.9826027994336,8350.309914344822,8469.053451152404,12247.605588984128,19974.01394917257,47401.607880402225,42531.54327323275,7692.383441789297,1792.7775690020799,9459.783096037081,23533.570887677917,19359.509178372267,9906.80322146173,8677.165602274918,14911.40752483425,18935.173090228865,8610.909636657427,9345.702179897895,8337.663805973965,20424.141916366665,14051.769645281365,8350.309914344822,20004.358456184564,40511.90523757814,8280.65258602716,1375.9400968652615,9663.41203921407,18630.013352493213,39881.302868315775,41007.49087058893,5366.097263332324,18630.013352493213,21013.073934802866,20161.978750413113,18630.013352493213,630.0806401679275,623.3753667678811,8720.368008707697,20337.784191702613,744.5526280030479,806.5862197254463,267584.6019282803,9013.060213847604,339.05289168101723,59388.22387451295,639.0186246231929,9020.910946390026,163497.38940298502,166188.97006944625,11184.420162832039,21328.81169472424,8642.162017016097,167439.74555469575,8672.13785499804,169262.02028018163
21427900,Selnica ob Dravi,357.52894499230797,37150.252724013946,12314.855176641777,3615.653489866191,178.0264750172122,3736.63731431258,10731.684844576364,11891.971919798914,12327.732498053607,167.53199226085087,304.0036784990664,16305.648857478756,1513.2244282628421,12246.045641928204,1034.2940039478976,12268.511866045726,12831.690311516857,2248.523593366247,12327.732498053607,84979.0776711917,2537.146436063314,2537.146436063314,10804.843984582589,11852.701854141387,12359.964982215328,11957.388710796587,1081.3433264156283,12508.247324053473,13604.998369624718,3736.63731431258,3736.63731431258,1346.3661665382156,11538.608904620887,2942.759583521267,12340.076908151863,12327.732498053607,35131.00207888741,29362.240144536354,156.632319236509,3985.8795150789197,2881.3492187754123,12749.905040945976,7419.339984865394,10802.633667772816,2214.553959303772,21197.31625576973,9402.98455467524,280.31958892352804,3706.379479328396,11755.48694600412,11953.014048872375,12304.644133396667,3627.5385287538656,27682.566129934792,37971.3588396688,8151.834803745144,358.2541184505211,3296.444886909708,10726.872561076669,14472.909939075033,12407.686112979336,8048.079478373222,13168.70692078987,2974.5576881976085,13362.81782427741,13168.70692078987,70.56936537286177,192.09101734507064,13429.138510555567,13604.998369624718,534.0922374717929,192.09101734507064,232542.90290018983,2974.5576881976085,600.5520077494548,12352.726804603411,464.0325850930848,13698.559312200507,128455.69037489496,131147.27104135614,13248.449943860247,12295.581537431035,34194.9804971035,132398.04652660558,12995.060199791018,134220.32125209138
21427918,Solčava,97.78992333343214,27781.60904996291,43272.84656624055,7871.727778308526,9482.258470467006,34910.393834020135,39598.207751880975,35106.90284188526,45034.37810936785,1863.0250588581619,297.97863059714433,1469.8785829566004,36965.71772288908,37003.97376025212,628.4627311346792,45659.524939027644,55003.28999934419,10069.584049763751,33960.271907793256,56702.25117500179,27182.55401141775,27182.55401141775,45659.524939027644,27983.295558735812,28619.856750253733,33097.711785274856,26738.72875116478,26986.907332359413,55976.01540728508,11887.847511687994,5709.389538752904,5401.922069045099,24471.268177679638,19375.69044751086,27178.635999275633,4786.3321584303,56682.74787847645,27017.453759740118,9314.955050531626,24698.177332699415,7173.242357697702,32220.610218374884,29539.825526239187,4401.670377164966,34692.91181283808,45349.40003289128,33960.271907793256,130.04303337876928,32771.38745246971,36578.444327587255,42650.60103591338,23828.466822689537,19225.714274566635,44458.18023212894,34315.57965577827,24643.15312373853,628.4627311346792,32771.38745246971,53789.058748188225,36860.554678824585,56855.34982320578,30417.5480592842,44957.1410718049,48473.31931012469,47919.893873874906,56304.67571549378,0.0,19531.99856550698,34798.14629252165,55830.47566067062,322.68689505044745,0.0,158197.69670615732,35616.04301305888,628.4627311346792,58215.765555744045,322.68689505044745,30030.942166302393,55734.33778382417,57039.464766305166,66357.07424389881,56939.5921119895,91474.3991460581,58052.840332572916,34798.14629252165,59875.11505805879
21427926,Šempeter-Vrtojba,403.079348181909,21385.25135772115,8892.538081735527,315.40873846567195,311.2176250030889,3872.995879121617,305.37059800894053,669.8752195728013,4101.45135223557,531.4883698864792,264.57029501381913,10850.474844395196,4961.722040736852,2020.8898748999914,3585.4001108956463,59526.910160916006,835.4627683803537,243.36136742753033,2156.447152905705,73669.33422974282,3614.845622824857,4429.419658029561,28754.968181772234,4792.2353978794745,4548.203013883424,4670.4781751698,1333.3043637284297,5024.251543674888,78368.90477991651,5107.191492252291,4478.1989810335745,5729.630678706909,4191.434280803032,269.7570042237025,783.9202013092208,344.68150102134746,69381.04299408697,55202.23670176444,521.4724499263637,403.079348181909,1652.7782232036916,4534.003874923868,4616.835042390396,451.56280983063726,913.9584659672466,33344.44979759752,20630.012375367827,234.66280075434804,2218.733667427366,669.8752195728013,4377.687236552678,4493.779460207091,291.9567472038799,67963.22128410323,9841.559917473669,179.56853466508875,269.7570042237025,4416.007926783949,4047.2072284745173,4236.631824857736,4447.893649389358,4586.17767369432,319.9537478465953,970.8480845831824,4376.484069141382,319.9537478465953,68.42288691780402,319.9537478465953,4836.155193451236,4426.077246555967,451.56280983063726,331.28858023658665,78010.12418491594,970.8480845831824,234.66280075434804,1978.438535267033,390.4783296225947,4541.17350482235,83263.38780025303,83982.69795132476,172444.74652793963,63813.79217951515,185343.63154441875,83238.2866474929,4836.155193451236,82882.89363681871
21427934,Tabor,270.09268746685456,5593.977076308295,21744.200556982963,12572.198830323983,261.05542737951197,6480.772558180451,7658.984037306286,18541.450486876918,17759.241810000807,1866.2643151090201,1773.2242751345414,5064.0137168740475,7672.85275836713,17180.607267509422,326.71010147730817,18050.361392465747,18365.315331517675,4055.497411480622,6584.96423945685,52128.15577512839,17466.455384288307,20892.428361894486,21360.044861475268,12793.508165252524,12436.23188583392,16970.43453003867,15447.993585701912,18619.651888224977,21007.282703617024,5064.0137168740475,18192.473230420484,11551.073761126174,22148.80532486668,6522.597722024232,6528.959345534333,3381.429099371195,50198.31358585561,23412.64888801557,7688.143405632071,9249.453638166604,6890.128927004161,12521.326824686503,17753.261273712946,6511.412161501954,8299.277269035256,40872.327241079794,13879.937336088564,3316.708274408854,17008.151592828166,16228.076002097889,19777.87840956666,17475.668134664782,13631.313410566463,25196.936749493118,20247.539019624048,7899.085730595501,1767.0419547305883,6480.772558180451,17440.119040881964,16874.24796118814,21604.72554720295,8446.698417965736,17664.840475574918,20470.304428686384,19165.52588319695,17664.840475574918,103.43312608469428,6661.439032504106,12873.020008278994,21007.282703617024,270.09268746685456,270.09268746685456,154018.60558388464,16786.652705223158,897.5726577415269,54036.67443347135,270.09268746685456,12754.35963456509,49931.39305858957,52622.97372505088,38603.02148879387,60685.62818326739,51501.48947333351,53873.74921030022,20638.721783243196,55696.0239357861
21427942,Trnovska vas,1073.2837055370912,4771.213745373494,13234.190834525654,6748.617895988447,7288.476038210701,12425.067782948612,12731.218612777631,13335.578798354505,13486.931303611045,974.8715359384535,0.0,15561.209948937201,11091.7487302799,11116.628755054877,853.2407632383203,13810.164058784916,13453.258194741255,1666.5676353920746,3515.6386924214094,52718.31235184125,11888.774110382821,1073.3344167902037,13989.392588802371,10755.500399965622,3897.6247793049147,13175.290460126007,10474.39062653003,11107.968923902718,25135.510562607775,6301.740343012088,13327.429236399945,3510.2403244100415,11073.400615638748,3927.664328549174,9106.1413158832,6748.617895988447,20696.405221703735,10755.500399965622,3969.569247632296,6264.213935589439,8004.329270425231,11123.377984123857,10427.683551160217,9517.007166809262,12874.09623880431,26445.620452452018,13663.596839504618,8246.198523602361,10926.372165510918,13038.820956563208,13552.615259082626,13715.294874434792,11073.400615638748,15406.607027981101,13591.92593978992,9038.280195106001,1000.4788986278621,1081.3054029290518,12822.518550033185,13268.345329300684,14087.511572800713,7942.806369052085,13219.850380820593,13365.985470488818,13402.439264331904,25791.14275113728,0.0,4904.554967731677,10845.695339305561,13736.055536148924,779.9521479223608,1073.2837055370912,240879.39926958166,13331.260466022333,3800.541402760622,26344.83165278745,964.6701724507192,10721.52934503552,136792.1867442866,139483.76741074782,11576.842075578126,12323.753115253823,13104.585376635852,140734.54289599732,13546.749439570103,142556.8176214832
21427969,Trzin,465.06678280380464,8494.476539976953,7474.697559653519,3899.9654565397477,2455.7832306747464,2473.4222297670744,2874.896946882867,4625.428555685924,3141.4124823552334,2611.7954715964856,334.8068439210145,9761.006596019732,613.6979065403762,1610.2810692003331,234.54848768849746,2617.0204247147126,9126.3147867392,212.09425971213201,226.68137406161316,10825.27596239677,4630.726552703163,616.562436583843,2617.0204247147126,3241.80396820569,4543.001954933746,6065.180601984242,9870.633382050708,10728.344219163926,10099.040194680085,5797.497363641034,3602.0938042275484,1783.9944373528501,5250.3675537761355,616.562436583843,8278.179346294068,2999.345562831111,11804.704529961376,3795.8142278306686,594.4157898889064,471.85856831957165,4530.8261502215255,10746.70873736516,6245.143808158569,3733.6676257331455,898.259661521944,3991.2077002542637,7354.652909227021,270.6635341470379,3177.605797070925,3440.4104968338897,3573.6695860034424,3633.2998763600885,381.71435863290867,14024.934833275865,4876.31960754288,2205.136617296805,2570.9786717890183,10708.192721059433,7912.083535583251,9501.823087487937,10978.374610600797,3136.5871507057027,10838.547751111035,8383.954203107432,9113.299791430243,10838.547751111035,234.54848768849746,605.2227089646728,3025.3521189921134,11162.48955370019,444.95880135695126,2473.4222297670744,112320.72149355218,3509.9934140329274,212.09425971213201,12338.790343139066,212.09425971213201,3179.2218165202758,9857.362571219182,11162.48955370019,79014.36926891198,25113.548674631384,91913.25428539069,12175.86511996793,11261.335060430003,13998.139845453836
21427977,Veržej,233.91245728284488,2742.841952896304,34448.09027927127,11356.064077922376,453.08341468577925,3203.254247795744,9128.416447167005,7319.786225517116,8825.451787038164,905.8148115495559,191.9735368642689,1725.0535540301225,9128.416447167005,6965.057986905869,1713.9250120120064,12396.529002453732,13852.320778879388,281.67381571493706,3225.673914319356,27282.913004826023,6859.738944999682,11309.273523209957,35203.292033547994,7298.497580687054,3890.4685670816025,11619.342387437828,16840.546664738456,7412.423786724342,44896.28457540938,3074.7226583191386,11691.398942885555,8095.303053752985,8825.451787038164,8313.310176828634,8270.189136282535,12201.219001131629,41910.30466644938,28940.780413101016,2765.4660925796143,2765.4660925796143,8749.446141663797,13018.370050324915,8172.550734846758,4750.687473442671,2016.5982113911923,3752.0157480191133,12201.219001131629,7298.497580687054,7943.358778066161,6616.224967247848,28082.617746596094,824.2256593133797,8825.451787038164,12560.260688124525,34805.825384535514,7509.862441808867,263.3932111936683,6738.958831677991,10925.607550714234,34482.24477404629,35301.411017546314,7345.108386256224,10925.607550714234,11987.195600460574,11155.708311136175,10925.607550714234,0.0,3210.9082239118206,8477.914021784381,11331.513752425677,583.5278724538252,281.67381571493706,262093.29871432733,8091.729050097317,223.07321037358338,46105.60566558905,3225.673914319356,8310.573992016742,158006.08618903227,160697.6668554935,14225.383377830582,22774.52129384328,7345.108386256224,161948.442340743,8429.683868074724,163770.71706622888
21427985,Žetale,10659.111064830664,20098.223722223727,21990.86197830304,12325.469892925259,10896.952181596493,15935.042353648822,20565.55585332051,21267.39185711098,16020.71739504997,10216.183043069053,833.6766686609667,10881.66113656015,15821.845225893947,11155.399242129139,538.6412488922497,17568.462919199705,11070.614675085853,8453.037932942649,8756.745360351322,76341.68341100395,11016.03659251172,11016.03659251172,21325.59272001429,16320.477472847198,12426.78001873078,20894.687770310073,14600.908830253084,15593.051398836109,41939.36402989984,13311.346951451353,15449.519940849928,5668.231263517088,21305.798621428883,11097.129157727373,15935.042353648822,16371.928973175429,17568.462919199705,16205.817821778925,504.6251027135186,657.5906653716022,10975.805401334415,20485.96595521216,12784.790199069634,6344.69229193781,10749.420640465652,14034.398251423734,13112.95191967763,9508.870477909968,14600.908830253084,16524.17977880869,10996.320661940774,17333.599082978468,10896.952181596493,21698.478879930888,21570.91520112195,11028.845836069338,1996.5061211487048,12888.251874398957,20385.919614598148,17300.714601842774,22061.627340870877,16379.88486342009,22588.23325773707,15972.259860899874,21568.390668046668,41149.11517681837,313.3531461736817,10740.884708179448,21463.76604707364,21072.25566736084,680.9563550993607,538.6412488922497,221687.5802942572,15972.259860899874,5602.158111004334,42515.79477793289,10063.956464700621,22234.691890052556,117600.36776896239,120291.94843542359,21321.12059680713,20469.97103295269,16320.477472847198,121542.72392067294,21078.038783053515,123364.99864615881
21427993,Žužemberk,393.74095304533085,17290.27959832742,14363.816862649144,12461.415382689016,4384.25495504135,12538.073424221477,14841.52906471213,13858.463043153908,32417.9498595278,954.0589543399758,1310.006557804952,8604.095842479073,21049.372722984594,21854.090084599553,842.1626015292198,22713.776482534937,47661.21360915733,609.3828450959488,15871.519979796643,48388.78479306396,16284.339570095324,15043.965660857471,39880.80636061242,12336.941373268784,10049.632965296312,21808.48676564397,26483.45815754146,24871.233599212093,48110.22176659952,3444.710441530083,23270.535479281538,5116.716602361763,43921.08049409961,30371.623718660314,31015.97519373637,20773.450572909558,47906.519908554175,44394.0516400567,238.70250787166736,14505.915621310027,15242.821371668206,36443.38674960458,12364.410003958523,609.3828450959488,12358.643094151614,30659.26145291858,19749.511821129916,12336.941373268784,15936.353739266468,13858.463043153908,17277.631565941247,30997.208250448686,774.661459700113,15242.821371668206,16194.519521367089,14544.796349804066,5116.716602361763,31369.172991919168,23103.734381438,206.9850405956949,47427.43193424863,12478.787330517796,23217.18013840173,19841.344877879063,23762.398766972918,23217.18013840173,83.82139771199674,266.35883849891763,12640.359964486237,23518.132596484942,108.01720982567056,393.74095304533085,132407.13735415187,20828.16366686976,717.4942308595032,23216.378537595778,484.98224584105037,12393.39303170561,47285.13624839062,48110.22176659952,89365.30940379472,65161.69731924466,92969.07912737201,47700.406501616424,32452.136026415974,50440.81617733932
11026877,Šalovci,6735.578127834914,23009.95814362105,66685.77690376887,27039.921057228334,25388.689017467015,25390.321884147554,25212.946183852146,25597.603122325658,25348.764645996584,1136.7784123470353,1113.3069914208636,25863.67979988615,25208.709469042577,26951.96556597651,3994.764062986374,28252.468347851827,45244.23686549611,1026.747278531441,1103.3845544248406,38756.338925571494,6797.081408990161,6797.081408990161,67440.97865804558,24828.224991197196,1195.5959790947222,26398.373513029666,19499.63613822104,22567.494289704046,75328.67211814642,19121.66601814488,9698.026665850646,6138.012826759978,24752.948877835315,24854.933219498438,21895.831467448414,26896.561429301684,74147.99129094707,59373.167955838064,824.357683279062,2958.296299564917,23507.62991795652,2958.296299564917,26677.509824831635,18273.338431462616,1228.9876537811951,23979.698356815712,26896.561429301684,18786.10730101202,25212.946183852146,25212.946183852146,38734.63270160874,26082.51555856351,24752.948877835315,26480.094281099024,67043.51200903316,19406.643912143827,1103.3845544248406,2958.296299564917,26582.97763392436,66719.93139854392,67539.09764204394,22963.192443952208,28171.013012792297,26434.423024540763,26803.38061526289,28171.013012792297,123.41613920156887,6797.081408990161,26979.18605655239,26979.18605655239,1344.9122342364356,1259.70239098871,294330.9853388252,25812.617117376987,3828.1010338189717,76537.99320832611,1344.9122342364356,26890.46890987406,190243.77281353003,192935.35347999126,32017.66150732306,60307.21257764548,43325.086589547325,194186.12896524076,45931.95496536019,196008.40369072664
11027288,Ravne na Koroškem,312.81601298854974,33631.28282924454,3511.1395591958103,2868.1047940417975,3980.444186717437,372.4883342659701,407.6464973668084,12617.789433011596,64733.761965150035,1329.6696867476903,694.8219240056469,41006.68268798228,1329.0411160065737,13477.338987452848,427.3062629001233,34133.741068718125,26520.801533235146,2362.704823452614,9513.821672609727,100284.14258306996,1317.9411690661454,20474.150668071696,32502.32891758347,491.63051534500016,8988.87563371844,24807.721961164774,35830.07297583155,701.6135046357737,54978.45182214224,9310.200643852982,1676.5637648653692,3491.315212610001,701.6135046357737,9634.836377547485,451.5501233671391,16457.74996267283,74653.80737187303,50645.54728698705,393.9875890008596,270.5693602473983,3967.137276182692,12029.8264955972,15489.96694205275,3397.3196866218136,748.3141091384905,53018.96625957743,9985.78172554646,491.63051534500016,12382.244727615769,12617.789433011596,25754.52787318049,8970.062851692206,701.6135046357737,35502.67842909656,24145.50087659317,3600.698578014249,2655.897030784714,9196.581323728029,12361.010624663813,33663.32212561437,55575.89466572817,10044.492020146667,12763.275100826519,32869.05168400832,9381.817099474501,12763.275100826519,300.5272945087574,440.40091639712307,12361.451403981291,12361.451403981291,952.3855882722437,395.5993724162509,201779.58811422563,871.6697628672034,949.2810504937659,67951.34900589235,1034.295650185366,307.3034527550427,99316.22919189245,100621.35617437348,23115.975164078445,67894.20373872001,64601.71900801784,101634.73174064122,33607.266938763045,103457.00646612709
11027318,Rogašovci,329.8249860577897,23229.39360233956,55487.91650848587,9616.042080543975,749.8181067371272,10494.023238451851,23625.063163518542,22944.4016084768,23516.700214107677,11113.029828227081,256.38838675796154,19529.167066279264,22518.547381076347,21591.246926168686,1512.4493211396552,22581.697808519795,32466.41193443345,35.435087859702016,21138.455218702962,50172.72254412628,140.789090550321,12527.18659112459,56243.11826276259,110.71120122158348,18831.15728674867,24124.6099901081,6989.961115167315,21795.843434681443,59591.86247521829,5685.299490586656,16324.63038307242,3404.8184691488304,35.435087859702016,23682.86362388312,18497.237138638044,23682.86362388312,62950.13089566398,43636.358312909906,344.3885508150881,7794.777943939126,5022.680801083461,10733.386747808785,4148.533268549008,2752.3308571852326,15591.187803800189,18965.147748118106,23682.86362388312,110.71120122158348,22566.877640904153,22944.4016084768,50151.01632016352,23152.398686432192,35.435087859702016,23096.49360648392,55845.65161375011,365.0260658823561,1118.2974221875177,10733.386747808785,23790.998294776557,55522.071003260884,56341.23724676091,3005.875800929845,26220.97314899125,22160.25080264263,24309.167323339036,26220.97314899125,39.32143962286178,170.2753817975925,24133.361882049536,24133.361882049536,553.3462981709398,386.161200997362,281459.2023309048,21129.592774769284,2152.2665719778824,60801.18356539796,229.77099074413832,23506.868235258957,177371.9898056096,180063.57047207083,38091.56356486438,51449.6090718355,27588.27694661924,181314.34595732033,40679.67134275223,183136.6206828062
21428019,Markovci,380.080791308642,2935.3624620046326,6696.4596015360985,5006.782759147871,4589.931620833297,5177.0979539811515,1737.5017081142103,5855.688807005982,5603.835540190178,1293.208758517386,458.4556889225799,7834.629843395138,4954.236328410427,5251.364096866458,1835.6531120595428,6349.2526164666515,25481.13060233393,180.03167299447233,1903.4000263243547,54791.26685093482,168.327887641854,168.327887641854,6262.812483260311,5589.844565267189,1903.4000263243547,5963.257001051709,4969.741608517488,5246.702571052989,31335.438808665018,6273.967946096092,4595.7599485411265,1391.942806522088,5652.648038440051,6465.692428189868,6401.124297427531,6508.134964367964,12969.82511616169,26089.354382087407,224.41155698108355,109.5568678217806,5999.03238401229,13435.592643577167,3728.9281249211467,168.327887641854,6397.724734848446,22034.810838539288,5937.016733962554,1751.7710076742078,180.03167299447233,5429.676328213787,7244.900078284198,4259.499696633928,5103.5063452704135,7680.026922439039,6508.134964367964,4923.659897591452,1391.942806522088,168.327887641854,5808.4477826512975,5125.262713894287,6998.847104116894,6996.157999464064,6986.940927335201,7256.30358990913,6273.988291279731,30887.493114483583,129.12614681439683,4566.070969087322,6169.363670306706,6009.475430606861,210.31481397209242,168.327887641854,233152.8191640395,7023.545285223904,2883.1235100768695,32254.17271559807,4525.602560927731,6652.910962467793,129065.60663874458,131757.18730520576,6258.34036005315,5937.016733962554,5652.648038440051,133007.96279045517,6015.258546299534,134830.23751594106
21428027,Miklavž na Dravskem polju,1081.5085314392625,25453.555726983417,2046.9265173780545,1630.7875119279342,599.5878293317082,1276.560922094063,6997.678789194194,6014.027344893177,7381.1689311187265,1893.4801358890268,679.3348891484557,7735.37221940641,1071.9471093082284,1779.7598491256097,306.9845314961976,8369.731916849627,7566.320171920798,630.4384604916512,3383.3143289048417,73717.26772499627,6536.973231427272,5061.900776025978,7978.239707869633,731.2381057045492,765.7987640038747,1513.4256735357017,2602.039541649718,7576.989037589422,8098.37000668876,7152.771196703365,6887.039201768922,2761.1659864312146,599.5878293317082,7619.748170987267,1057.9528473341861,4331.652336497842,15316.427531725214,18100.430198340877,623.3446045963418,3271.2125572996615,4106.106453496532,8694.358734018673,7978.239707869633,1712.7616044126462,4339.947535725295,12449.912585894848,8361.78950726793,652.4971194667661,1007.7972592234287,1925.149963235455,7600.48004154667,8162.00605925858,663.6504858480539,16834.431118201403,18773.627469388113,3647.079870378711,743.6034216220079,7698.451996771669,7204.571182702697,6289.77658713018,7976.541222993848,3893.9960340441535,7318.191892110428,4234.362733457612,7811.23580149839,7318.191892110428,696.569390525141,935.6316079246113,8268.388796421717,8098.37000668876,1277.5467021091345,1005.2082233193669,221423.1128066958,3721.1387356028827,1231.24163488288,8684.87149322493,1328.8821574391234,8191.930949264548,117335.90028140099,120027.48094786219,7973.7642637123345,6208.557813479213,18707.65350782491,121278.25643311154,7978.239707869633,123100.53115859741
21428035,Polzela,205.52527892055633,7062.31026537312,15642.372277507038,8086.68884742194,5871.987106246095,8129.030329427646,386.4538622308454,11516.98324530783,23898.685031324367,4170.217054383045,149.99916563550147,3759.3734100421066,3646.9341191361486,18044.669954414076,24.222271176180698,11245.00724564027,24504.75855284124,3172.9986259043244,12158.866264849734,57702.057800521274,23605.898605611867,11990.335124518026,12457.951624098816,8307.998182350482,7950.721902931879,11455.585271046828,10917.513390605744,11568.162702376789,16521.772720714984,12301.866303582747,11063.751699400866,7932.050078352559,17663.295341964647,148.27323389692668,12102.861370927216,7984.834321001275,49054.67839542835,18762.770964015774,281.47714100463713,347.36040079013736,2949.115541854974,8035.816841784462,11970.846178008305,7982.708920269512,816.5100498670414,40801.9595626685,6414.354599537698,127.74447352729555,11516.98324530783,16393.495945930918,15005.412419251936,13208.866263834365,9145.803427664421,18964.53407116324,11345.445782247583,6239.446856480803,3478.941472426477,12054.674583573336,16624.16697071466,11697.8465237444,17119.215564300914,3961.188435063692,16546.698272440837,12420.856717415578,11461.291957228526,16546.698272440837,24.222271176180698,188.35000688217139,8387.510025376954,16521.772720714984,656.0266556583804,205.52527892055633,159592.5076092775,11970.846178008305,994.2695018272168,59610.576458864234,331.26300601059404,8268.84965166305,55505.295083982455,58196.87575044376,33819.24891586311,66259.53020866033,46718.133932341894,59447.651235693105,11736.628545866733,61269.92596117898
21428043,Prevalje,103.4455865508474,38048.00391309478,7524.555498324936,1571.4992856285949,501.89792542131937,4496.904216571451,103.4455865508474,17034.510516861825,69150.48304900026,1072.2641576116241,1068.088263597386,41155.106973224174,3263.5777607805,17649.641091259236,759.0674185070883,38550.46215256837,30334.113718975215,975.641725843943,13327.133858349795,96141.28794357121,3496.8222504143896,24287.462853811765,36919.050001433716,4304.942701085068,12802.187819458512,28621.034146904844,40246.79405968179,4514.925690375841,59395.172905992484,13323.616582982111,2052.262073696115,4247.94623070635,501.89792542131937,13448.148563287552,4534.704046048799,15194.890135440424,79070.52845572325,51131.46797183147,706.2833728329985,1591.3782220438284,936.0768415117789,7886.9718560984775,19906.688025902975,1102.9411862867557,1275.6958160909176,57435.68734342766,9068.473360055905,396.00297973254897,16798.96581146599,17034.510516861825,29567.84005892056,12783.375037432274,501.89792542131937,39919.399512946795,28562.221960443403,933.5427455662795,1844.4674561816703,13009.893509468096,16777.73170851404,38080.04320946459,59992.615749578414,13857.804205886734,17179.996184676747,37285.77276785857,13195.129285214569,17179.996184676747,359.921214545078,838.0337634086922,16778.172487831514,16778.172487831514,1170.6223206087566,396.00297973254897,197636.73347472688,4885.085701996329,2125.427917139745,71764.66119163245,1170.6223206087566,4724.02453660527,95173.3745523937,96478.50153487473,26929.287349818514,71707.51592446011,69018.44009186795,97491.87710114247,38023.98802261328,99314.15182662834
21428051,Ribnica na Pohorju,490.50478315029335,57511.76670075669,36432.47306880259,10147.831159470521,12866.891674261877,9973.85739625827,34996.85773676974,14710.448349851657,36008.83790019398,11521.550280605676,2314.945860317889,40423.26674963956,10999.798830580488,14710.448349851657,14.389398593880935,34828.835861748805,13543.176728651617,9931.273506022992,9424.781690055488,108482.94162348684,490.50478315029335,10467.528013762801,35256.49667499052,17944.103937732794,4613.41166386603,14710.448349851657,25632.615079725667,36432.83784410493,36991.707766458094,3172.1783286140167,25361.580222872963,3504.1069471435626,35656.22679678168,13973.379895229134,36457.69480031266,6221.725918856193,57446.27624170667,52866.10409683155,156.43769847001107,13744.800461879291,5073.649165704441,13780.665215975663,6216.6093320186255,10445.745091268329,10250.787533110939,38624.14888939002,13383.574393030562,512.4025608508891,25331.322387888777,14710.448349851657,14125.36802477254,28592.591855396942,14574.501854852804,46551.765437852875,47642.237400428035,9973.85739625827,66.00386511386603,24921.387795470087,35278.14431438672,37795.37337802866,36323.25288969338,17449.996557631617,36416.6256789182,25157.24343964819,28153.15564457875,36416.6256789182,66.00386511386603,9973.85739625827,35802.53671249902,35802.53671249902,634.0486147512779,490.50478315029335,230061.76858231134,25157.24343964819,512.4025608508891,36277.31732465487,634.0486147512779,13543.176728651617,125974.55605701647,128666.13672347767,23437.968028227162,36413.199429591834,51285.49557368317,129916.91220872702,36324.95137456916,131739.18693421286
21428060,Sodražica,90.63676251279746,7278.792012568828,30932.396199601193,5919.749451862206,21854.88603329099,26049.695991106353,34883.76779425613,25960.6008775402,25557.534359909452,372.78841171479326,176.14291988272726,14226.692947830972,34344.45065192231,28434.771165631435,3040.166189647549,26222.09400053562,38573.19048187978,126.97486021285705,11161.65891546207,39506.070015700054,28831.46278256449,28556.475477561402,38803.92883476784,21964.82202799114,3706.6430401455555,27288.651666199257,876.9271348326321,36681.692511466754,39227.50698923561,11729.420718232785,20100.89957729835,8129.735344380071,34966.58972723814,10126.944039057418,28124.137651191828,8284.335964117343,26701.742166569806,35439.56087319523,176.14291988272726,13748.894029267689,13604.347058565843,8418.143656577926,15664.817773852821,6206.838089861423,5787.270669951706,6703.633935413694,3871.414258330153,2969.260806217591,25020.810271342958,25089.337738039274,28623.567399876192,25142.09062524887,8352.828593120654,13604.347058565843,22074.74914777251,8115.165306422643,3461.813335926244,28039.258096164438,26551.992403250722,32933.38648739661,38544.71715688472,7712.368926690988,38920.50954390334,23807.08941099125,24663.878754203593,38920.50954390334,176.14291988272726,176.14291988272726,24285.18028871264,39227.50698923561,176.14291988272726,90.63676251279746,97134.09224589981,23807.08941099125,176.14291988272726,38980.616947423645,176.14291988272726,8716.765712858647,38330.64548152915,39227.50698923561,122216.47308076834,47508.10319397645,131912.70457029913,38817.691724252516,52328.85560573124,41486.32541047785
21428078,Sveta Ana,280.4597311653031,15022.43352420496,25676.737149497196,13549.322359646272,7715.590824409399,9229.640265019338,24810.221183757625,24866.55378518374,25288.272972506747,4839.718649907877,62.447145217613624,22400.418777048224,21098.969614389123,8323.049155650124,183.98824745726594,27295.42198561439,21379.76084702536,2962.615841639683,7631.113946181788,57555.174528880496,20114.44155531765,7735.1927017818,25827.470682149455,9045.10372536053,7631.113946181788,24844.249336574234,369.5511349334687,7796.986559032987,25212.27463661134,4345.663507048218,14051.992082415529,9236.808240335225,9852.914763659308,9313.12715484594,21901.246807524825,15576.663573795598,37691.54812343802,9045.10372536053,7639.3422159334095,9477.273176789178,20277.927424354963,8521.725506910594,7537.445097636908,8323.049155650124,20356.435302846698,28332.58264519188,17159.780185296087,9045.10372536053,8455.834323226867,24201.1118355435,26435.773577777123,14383.0558924484,8402.82636721212,27281.567464647076,30587.06884152421,9012.139638412898,2577.0980972956495,9313.12715484594,20655.690065453153,24369.980073344046,25862.859903974208,10199.021084818169,25867.906825140843,20083.507489719785,25465.40661329988,25867.906825140843,183.98824745726594,9117.56361433018,9230.305178378012,25212.27463661134,62.447145217613624,128.19347203405067,247079.61449229784,19909.32311620668,4345.663507048218,26421.595726791013,62.447145217613624,9117.56361433018,142992.40196700278,145683.982633464,24530.920987196594,26036.640154876357,13850.771863085161,146934.7581187135,25827.470682149455,148757.0328441994
21428086,Sveti Andraž v Slov. goricah,332.7917501551883,3488.8579003356904,16952.055732813853,5552.634238506267,5420.026828338375,15886.651467813868,16449.083511065834,17053.443696642706,17204.796201899248,4823.301978515052,702.0557381494381,19279.074847225394,14940.17917285649,12428.593381531495,9.376745080406293,17528.028957073115,10249.234124372959,160.38678073326426,332.7917501551883,48888.63539942546,12778.500444450776,4921.764859366803,17707.257487090577,12168.358525665686,67.9478268891303,16893.155358414206,6644.713674114244,11000.783509942503,27275.23872318259,10150.170785588682,12658.527783431486,937.1313355166153,12486.258741338812,97.98737613338952,5276.464363467417,6489.825221719095,24414.270119991914,12168.358525665686,5261.505076832427,5606.901393807322,11852.759713001826,11060.034152645492,11243.026482598834,6489.825221719095,15424.366390470015,23305.068558999286,17381.461737792823,6644.713674114244,12339.23029121098,16296.437132200126,17393.707730276525,17433.15977272299,12447.154336053813,19124.4719262693,17309.79083807812,10649.288093537589,393.14304948909694,4929.73584550565,16540.383448321383,16986.210227588886,17805.376471088908,8352.19632797583,16937.715279108797,17207.077941682717,17120.304162620105,27930.870911712092,9.376745080406293,6302.19048633817,12258.553465005625,17453.92043443713,452.64837699510895,393.14304948909694,244597.26416786987,17172.35293721623,1436.745029424166,28484.559813362263,452.64837699510895,12134.387470735584,140510.0516425748,143201.63230903604,7747.16512316234,12849.885914399676,16362.20155227277,144452.40779428554,17264.6143378583,146274.68251977142
21428094,Velika Polana,394.9464298606814,12452.710002536489,49930.81918659268,4744.022704586149,9772.187178393857,9772.187178393857,394.9464298606814,10517.395911676918,18126.958968623607,1296.8023447164776,2377.57347440464,10566.63889643079,18159.75037815821,6674.774525532596,394.9758912066421,20756.046640963585,32556.70557088296,394.9464298606814,2625.8744601021276,9608.472314105931,4641.160623352656,14466.678167301188,50471.24430177961,9756.68122568541,12649.663892703318,19167.866176514453,14257.731870109266,14187.053836683523,63600.669367412986,9773.595992528284,19162.935980639213,1974.664889090126,18126.958968623607,4049.8321192820526,10712.87218746085,10456.159790281807,57178.256934681,47645.165205104604,1489.9020345303582,628.4655693318365,10479.761748023695,14163.694921334392,14014.159545236402,1135.1553145580083,9932.540716519228,15231.045575724267,8913.63364661974,9756.68122568541,9580.269718959411,7974.8870187039165,10102.807220650806,14858.806094806847,6775.7868502263755,10479.761748023695,50288.55429185692,917.63681727932,312.8677181772761,346.1090295084315,9866.70117527079,49657.95192259455,50784.13992486772,5579.416707086452,17095.279950969933,19478.340533279585,18627.24534888983,17095.279950969933,302.56731411611077,4641.160623352656,9910.100470130958,18803.05079017933,698.6389016554501,346.1090295084315,277361.2509825591,10102.807220650806,4139.6459750559625,64809.990457592656,698.6389016554501,10306.28306303366,173274.0384572638,175965.61912372505,4773.322288715371,31357.829410403414,18418.81107129488,177216.39460897454,18448.78690927683,179038.66933446043
21428108,Vransko,511.1441551672751,9982.235435851906,24790.267773461415,16787.996015921366,6331.782500439657,18.593152489312473,11849.378959745205,23489.282992619133,21196.214859803305,268.88642274897876,159.04497679221296,11429.45362738898,11667.820722421664,23679.972978179183,150.49426057401072,23217.306992951573,24864.68104218744,141.34877673351718,125.7183920354016,45974.795152660816,18424.381473536723,18424.381473536723,24430.251371410104,15685.629181006474,14222.065596314947,18218.648860287605,15915.030266150194,18308.140697378738,25223.07988921442,228.59856752009784,18267.765536165378,6315.083110183324,18493.28477909811,188.08490946801896,141.34877673351718,3117.93661129857,44044.95296338804,18338.687124759443,11213.887732223393,12319.660148101442,9936.196143482617,16737.12401028389,11253.895563043181,123.80159270113832,11369.483778970096,34718.966618612234,16950.143846023402,2633.3295489531997,18530.522897338862,22727.441712767664,24894.791721728354,17589.789531386927,17847.110596163853,28243.00396597157,23317.745529558884,12287.344090139111,106.53635589747368,18.593152489312473,23939.484751551725,23373.6136718579,25820.522732800346,12662.495603563124,24164.20618624468,24393.156464726864,23433.591704539827,24164.20618624468,0.0,202.19318508265727,17088.817193876384,25223.07988921442,350.7162905604309,18.593152489312473,147865.244961417,21204.870979237294,127.9244398645228,47883.313811003776,411.74661165858834,15921.51356443901,43778.032436122,46469.6131025833,42529.135314353975,54532.2675607998,55428.02033083282,47720.38858783265,23708.928293178033,49542.663313318524
21428116,Žirovnica,215.60880506523588,35634.30504526241,1918.7941988441576,6395.40674791832,5945.82924852212,5945.82924852212,7044.399073827263,5892.0339129101085,7952.503723663561,1060.3769483188441,156.76128269579263,3784.2127136451822,5264.900071540838,6963.56765058444,118.3435116758156,7443.80251099183,22579.6833092485,2962.2207277666657,30664.22588740124,52252.6180378115,8041.267295777931,17667.370608881418,25841.75914050749,6078.463945063799,4029.499219055901,30342.669669890187,6983.8416999339715,4482.718752394136,52035.77719879766,5220.129096226906,5633.988508348697,7202.9290741066225,7959.6835482830675,16593.162040150608,8113.151714755028,6103.710875037256,55830.765861178275,7896.348729584125,427.2957077261528,5825.2535752359,7557.704489837294,7683.551292134913,7020.708992727448,2350.8782236485126,305.2606490957116,35609.59846902196,7281.930069885805,3997.8632282432623,5509.563029744446,5509.563029744446,18068.813479494045,15211.693434992603,215.60880506523588,7557.704489837294,7359.57093981004,5509.563029744446,2181.65307426861,18967.174170081038,2343.738382252806,48530.8879086889,52132.45995166452,7921.450853970367,9664.692069492481,7528.937514824168,26588.302816560685,9664.692069492481,0.0,647.6191986090055,8169.94739489966,26864.420833019307,1063.1100947807308,215.60880506523588,149489.5968479852,7173.701540940443,215.09200074160353,53145.44465712241,1063.1100947807308,26392.62948198617,26588.302816560685,52155.98226396393,121836.56628504595,27322.54983480227,134735.4513015248,52982.51943395128,8249.820420248185,52330.6653191964
11026613,Tišina,155.93180078405663,7626.973392936559,39885.49629908286,6527.012403725453,2338.956459526542,5527.172565366274,6773.0186335545195,6181.013270625847,8370.515064932299,4986.489767726208,131.8111984238413,6856.2971601004265,5755.159043225391,5988.826716765677,1265.6022686225608,5818.30947066884,16863.991725030446,264.01895200103013,4160.903141616607,33048.89753695463,5797.276536919131,7075.035309835736,40640.69805335958,6479.961648128936,5236.4905121791835,6790.2907132409055,9287.366380555442,6193.423225278433,43989.44226581526,4754.303412353453,7196.770773970117,4109.16384469917,6790.2907132409055,6937.230673582868,7645.000960889221,6937.230673582868,47347.710686260965,28033.938103506902,1372.6950516222832,5037.137181446998,7044.097758369756,11309.034659894738,4547.758719828541,5057.397225033515,7278.752758812837,3616.8332606149734,6937.230673582868,2338.956459526542,5803.4893030531985,6181.013270625847,33543.2324434995,6389.010348581237,5526.171459287289,7202.001427633504,40243.231404347105,5557.367961577922,2902.467634747584,6866.161689375618,6514.170992520625,39919.65079385787,40738.8170373579,5162.313212015881,8831.301987979288,6557.83059323962,6931.817648158066,8831.301987979288,178.53580479521526,874.4889988011741,6756.012206868565,6756.012206868565,0.0,224.19806912451628,265856.7821215017,5527.172565366274,5618.131256084754,45198.76335599493,0.0,6976.779601442919,161769.5695962065,164461.15026266774,19937.80779792643,34550.61583937594,11985.856737216222,165711.92574791724,21017.664211253697,167534.20047340312
11026745,Dobrova-Polhov Gradec,230.81144934695777,11784.233661839708,7439.678935925538,1340.2581310056041,2240.0022594486154,4787.2309600296985,4708.380608422833,3562.734276233006,5946.703820128174,5032.495302982378,264.5413821658778,10198.373071511267,4401.697324937849,7407.587310936967,42.92201743792691,8858.330761354531,7458.565807440322,230.81144934695777,6280.470968355281,8903.523373580114,6123.6654590019225,5342.809356562037,5826.0156051145395,5340.905979119109,10082.313548559383,785.1398280348747,4118.180093276187,5187.592214709649,5161.611627597783,3604.7618680792166,5109.421410511915,1861.1473375897192,6533.8071371636415,323.4505097410206,5539.325545173183,7147.712760267983,12290.529964038271,7795.694769876431,410.4396661700957,3804.244584704703,4628.037918444495,6103.397973977664,6131.2032186711585,3963.5952474066853,4664.269981451666,323.4505097410206,8810.60628330973,1233.2751780471233,5967.097024729565,3562.734276233006,597.2106276722217,8109.423619439327,4288.308293242705,6932.567627779827,7723.404784572644,4685.249168890458,1335.2609815876995,9063.280088239562,4520.227077323243,5342.809356562037,8460.163630499579,5439.526688082558,9653.527282625066,6584.301718251649,8298.380786101388,9653.527282625066,42.92201743792691,226.74057579324955,8553.927839552063,8483.685942799002,545.3205261278106,325.40344513349265,98446.80734712924,5863.279505244282,3445.105482895972,7902.199862138303,545.3205261278106,7131.326060499506,7764.375791727265,8483.685942799002,96015.52281031923,17215.46318360934,108914.40782679789,7739.274638967172,27743.012640953384,6754.6511034412
11027822,Lendava,206.56474095805612,5006.39028313828,57296.29521829022,0.0,209.0264959508158,0.0,9928.083880200165,593.9069710269032,25492.435000321162,1904.5219009735927,91.43370261136069,1940.9568756852368,26839.403201126664,1015.7336749971686,2008.8242058942546,29435.69946393204,41488.168117043824,0.0,8138.297332257286,719.5534803747721,147.9513272085895,6623.573770390273,57836.720333477155,362.2023586413592,16382.391202938044,27847.51899948291,4396.4257889111495,22855.235619658768,72532.13191357384,812.3639196441098,25014.209227983243,4679.959436019556,25492.435000321162,8106.470872820185,19644.334733621723,532.6708496317883,64543.73296637854,56576.62775126548,206.56474095805612,0.0,1514.6421797312744,6320.590524423478,6171.05514832549,453.22104753549223,1077.835993182259,24162.508121885137,7014.3383619242695,147.9513272085895,0.0,593.9069710269032,457.0165807613105,7015.701697895933,372.8312087194308,1514.6421797312744,57654.03032355446,298.87052806735386,1885.5292076943533,9879.246479847914,303.54049282774884,57023.42795429209,58149.61595656526,2587.052358961006,25774.932773938388,28157.99335624804,27306.898171858287,25774.932773938388,134.07301628987923,0.0,134.07301628987923,27482.703613147787,512.008702462234,297.62683946666107,284726.72701425664,457.0165807613105,157.02590679746936,73741.45300375353,445.52473930178803,743.1223805906162,180639.5144889614,183331.09515542263,13704.78483487625,38723.30544210097,25784.287102992435,184581.87064067213,25814.262940974386,186404.14536615802
21428124,Žalec,153.43891836400377,5003.486565981071,9460.843278825236,451.55262285464494,7532.762665164933,129.10595809218785,153.43891836400377,8266.32484934363,23692.48949242481,480.76167327350515,460.6470427815536,4198.83888901761,5540.925690399226,9917.498857826795,980.9694197262277,8563.482074606185,19260.997376294705,99.88919957754317,9145.648068144359,62696.083521644716,23399.70306671231,12622.277210805767,17474.587015886565,99.88919957754317,528.4263674841916,17301.767894277156,3373.6773257463265,9591.752480478523,8394.601624127698,9145.648068144359,8414.682141542198,9483.566038882209,9536.124245377363,8288.944319171136,8463.499611042838,381.15196768539244,40927.50729884109,27053.092206918634,71.74361406193972,6443.030020938013,9905.785718675681,530.2172733904903,8632.915293826904,2184.1988746156985,401.57405768761714,33644.93525079423,10131.0388716962,99.88919957754317,7902.7692251404405,8266.32484934363,8066.313456641633,17252.249525429885,1018.6323310771339,16845.252304837064,8382.40665358965,7252.26060095466,398.706263512128,17048.70030469677,8496.995874127375,10101.989969317232,8992.044467713622,340.6553868495444,8419.52717585355,7857.623349197058,9140.201637460406,8419.52717585355,85.0595965818963,192.68148657437428,74.02111286046951,8394.601624127698,404.50736141197183,381.15196768539244,164586.53333040097,6120.860515566226,382.1058024351781,62225.411027575,321.8163471492313,192.68148657437428,60499.3208051059,63190.9014715672,26834.247962210833,60080.36439876977,39561.10962046763,64441.67695681655,17722.189173688443,66263.95168230242
11026702,Destrnik,2333.6748827717133,10276.364318183858,9650.18908735023,7862.379636977849,9875.417767067715,9470.083257434748,9776.234087263767,10380.59427284064,10531.94677809718,1858.569740585408,1915.2709350785065,12606.225423423337,8136.764204766037,9246.388251754384,2529.4204655231347,10702.71746111648,18958.408767551628,4017.650979716484,8356.348924571024,58223.46292465161,9930.835890439317,5121.28860396933,10276.174311089935,9452.06596157384,8277.971073648012,10220.305934612143,10911.789371724135,9496.69713038716,23850.835286014964,4154.013318235775,10342.614523627499,4863.503687415601,9776.234087263767,9432.81490135954,10193.419875694395,6570.127101278072,17741.42069618988,14046.90304853306,1705.3946823949525,4116.486910813126,3370.356225888171,14763.42446361696,10413.923295391325,9470.083257434748,9919.111713290446,26806.406418567487,10260.403566742969,8823.666667797763,9558.683958436752,10083.836431049343,9745.357581975768,10760.310348920928,9547.19229865825,12451.622502467237,10636.941414276056,8977.998948256962,1046.954815388899,2898.2775782449057,9867.53402451932,10313.36080378682,10374.705771477677,9648.961451150248,10264.865855306729,9683.686455616733,10447.45473881804,24084.977998695264,1731.0294532641967,2333.6748827717133,10591.764914056239,10781.07101063506,2715.952310281851,2898.2775782449057,237924.4147440678,9648.961451150248,2390.830756557204,24944.95146763505,2715.952310281851,9930.835890439317,133837.20221877273,136528.78288523396,10260.403566742969,10049.038664807762,10149.600851121988,137779.55837048346,10591.764914056239,139601.83309596934
11028012,Podvelka,373.0601265194864,56569.538155813054,32186.241773095237,9760.747488397954,11924.663129318242,373.0601265194864,30603.071441029828,12148.477873338312,32199.119094507063,2005.9207913374482,574.2501037809228,36177.035453932214,1484.169341312264,12148.477873338312,1356.500343151825,31216.73053781267,10625.013737020785,415.644016754766,19244.202261268012,104850.46426764518,10309.925354362824,866.7307440240187,30676.23058103605,17923.897203055854,1346.7340095911609,12148.477873338312,20952.729922869068,32379.633920506927,33379.60244252197,3505.775942253768,21749.474898936798,1404.7771551329101,31409.995501074347,11100.56104119247,32211.46350460532,7702.684067017829,53834.17091777049,49233.62674098984,1612.4787401778076,7798.721567698232,14893.069736916967,10862.502224344831,5274.38078707499,9479.534152217137,649.9902633721541,35012.04356545386,7721.284524995654,649.9902633721541,21719.217063952612,12148.477873338312,11416.494085049493,28332.55438654915,12026.81259500125,45609.536892909244,47382.19993158023,373.0601265194864,1420.2846037133572,21309.282471533927,30598.259157530134,34183.268054092536,32279.072709432792,16999.14604806235,32815.07268207174,21545.13811571203,27893.118175730957,32815.07268207174,292.6918295870722,373.0601265194864,33300.525107009016,33379.60244252197,1356.500343151825,373.0601265194864,229801.73111346355,21545.13811571203,2208.7774659052225,32224.113401056868,323.61467084822226,10625.013737020785,125714.51858816868,128406.09925462988,22699.662965359315,32166.968133884493,47673.39024974702,129656.87473987923,32712.846050633034,131479.14946536513
11027466,Šentjur,197.27788732951,15345.707498822758,4875.201016934118,9493.420557653402,6734.1355072037895,10888.572818775745,296.4190545350882,10518.296920963165,22318.33437997517,1312.5542606421345,359.1609660904697,22338.08000524514,11555.446233806784,1219.8605124088058,951.943260973439,10973.192501173686,339.19386749997295,397.80863429141795,11262.288334282512,81868.25914460537,36274.903366593775,7320.8366869393185,26737.61353139179,11009.6449737667,6929.198539622751,362.58632075319304,1175.7724375671323,2016.5169845968342,11373.420837299484,285.8938954662331,10535.109870877668,1760.74568875834,10935.728541140343,197.27788732951,11319.515018390237,909.0445757400586,21911.64922911412,22483.748388404965,151.19499809613995,6858.392435199754,10981.115882332086,11203.289396298256,1473.9871075738408,4480.414849796088,889.5584347947015,19933.564583257157,10435.05244392769,285.8938954662331,10913.866034055058,10518.296920963165,11634.190630104344,5015.80229497243,698.0099469107632,20318.793842272557,7186.9294277179015,10854.264929649786,4628.2329379544535,204.15141284423652,11630.661966917356,12234.786739741126,10768.334245712671,1474.6869003018323,11539.085542310242,1484.704811460678,11237.276535181623,11539.085542310242,502.6143429270403,84.53919147986181,285.8938954662331,11373.420837299484,347.52386419442786,149.1249715420289,183758.70895336152,1474.6869003018323,544.3164583351024,48595.15784318426,118.15841033096328,339.19386749997295,79671.49642806666,82363.07709452786,18185.60781781528,46450.11121437903,22206.492396277645,83613.85257977722,18185.60781781528,85436.12730526309
21428264,Šmartno pri Litiji,311.4630222373677,16952.625641495528,12770.110909127718,12737.331300367065,2371.718959796067,16625.63188560993,16922.864944500034,2625.3922960386376,2357.7891631048506,38.51159548529345,171.4030405455328,2790.305676805704,3309.193160733522,3125.7301598470603,1702.6619399772974,23812.758990738428,23554.30569886236,311.4630222373677,14469.57432886889,33215.29300327806,24779.279813446905,2756.1254874132146,29308.05791300547,2562.3118760894226,2790.305676805704,3584.380678100601,29477.210161358627,19031.531571527034,33341.342207509515,2790.305676805704,25788.81968832518,7758.227062814885,30803.174771292346,311.4630222373677,24251.3043285258,2154.963872447736,29733.31588232108,30123.444676955874,311.4630222373677,2550.135567823718,2791.8019938628895,18400.926486567645,2322.1276721686245,2593.9957851552317,2923.748638744581,13645.156667552596,2851.7489201189032,2495.565608121411,16810.42259399939,2541.1025174374026,15970.259704215348,18494.272551004677,489.5248377115579,36066.462185889715,12509.632818499786,2076.3966531300043,1702.6619399772974,13831.501090595975,23687.069012607746,2364.567904111091,32601.910648872657,17949.71101846792,24379.644382499155,32260.97824221011,27774.195545687402,24379.644382499155,87.06565509423467,1674.8787290415385,2373.5072355796647,33341.342207509515,489.5248377115579,489.5248377115579,134840.95659750598,3787.3798603513856,7777.913918744841,34818.85169843577,728.1243272888813,1699.287816244802,31445.200749815307,33341.342207509515,71137.32919117349,53609.61243398595,81848.24332824041,34655.92647526464,2391.9753299930276,36762.51279374689
24063453,Renče-Vogrsko,155.42245660946415,19571.993698300448,3789.6455563986324,2845.061663131172,1214.1190994519957,8227.571574025902,4797.521927327946,5402.521194620096,8456.027047139858,1458.8719467077945,256.4960044608391,15205.050539299476,9316.29773564114,6375.465569804278,2133.973693575188,57709.11292504236,5526.301390280842,1662.6334759268823,260.7385228686669,69985.42644647279,1498.5457529988582,1498.5457529988582,26939.93470965946,9146.81109278376,8902.778708787708,9025.053870074085,4752.941349590284,5484.067791517603,74684.99699664649,4667.072968935691,562.0812655451471,1131.054099201039,8546.009975707319,1444.9602863888867,1351.8160569768042,2048.03620855327,67566.00952197419,53384.4394658908,1168.6091061099958,895.8261398797595,5367.713403714959,8888.579569828153,2977.3672863735164,5475.324933502142,1641.4864358425,37699.0254925018,19753.902017713655,1222.8960682494223,5831.763721043445,5402.521194620096,1770.743748489843,8848.355155111378,4565.894540496628,72026.07721457985,8384.398072990309,2969.5192484806835,2111.4286684380627,226.51123073749642,8401.782923378803,4215.683214841061,8802.469344293644,2116.231556879412,4845.632775720543,4869.948163385059,8731.059764045669,4845.632775720543,95.90629904030318,1395.4315643054836,9190.73088835553,8780.652941460252,419.86752065612535,1475.4232431196085,74326.21640164591,4869.948163385059,1217.975433597004,6333.014230171321,419.86752065612535,8895.749199726635,81448.35432814025,82167.66447921199,170629.7130558269,61998.75870740238,183528.59807230602,81423.25317538013,9190.73088835553,81067.86016470594
24063461,Gorje,498.13937104916874,38535.74720626432,9896.214752764616,2922.159495332433,34.09002761815452,4613.060874408419,4649.918856626652,4904.464613683568,4556.137909530382,1487.0615067601561,0.0,6874.88271032152,8248.093071259487,4538.199790256832,0.0,10271.271927567183,23104.02622540278,498.13937104916874,33557.50275293406,55145.89490334433,10232.005815923547,23397.36488065997,28735.036006040307,3598.374494619121,5650.001159547582,31702.39901294742,10118.512007306905,2340.6983497689575,54929.054064330485,3405.3442293891153,3690.390262833074,2450.790050202007,10506.68691491469,18453.5257986972,10485.769674111243,10517.315122383658,58724.0427267111,4499.982915450946,2862.4944506580923,3615.277657716551,837.2487357375048,10818.22159950785,3872.762667598403,1610.730587843404,2723.468580017132,38502.8753345548,3857.092038287261,1428.1916057796743,4726.243493692644,4128.044311102825,23798.807751272598,17072.057193539193,763.5445068054398,3725.5397621837506,3934.7329082114957,8235.535306729342,596.1617757523223,21868.61633108293,2833.8668763876385,51424.164774221725,55025.73681719734,11056.121161343306,12790.119046492708,4132.571700690989,29481.579682093503,12790.119046492708,0.0,3736.512107615314,10360.685915045278,29757.697698552125,245.96011022898995,78.99210752022037,152382.87371351803,10289.66199320287,0.0,56038.721522655236,111.05165922774528,29285.906347518987,29481.579682093503,55049.25912949676,124738.00844604787,30215.82670033509,137636.89346252673,55875.79629948411,11375.247397248411,55223.942184729225
24063470,Log-Dragomer,1948.5908778908672,7498.6179174019435,10405.629825840471,4128.357146791548,624.587327970052,7315.9506993414425,7102.054540977972,7617.1618289557055,8346.512819863463,2513.0680725767425,607.0829422404007,13268.788400283973,2898.131396987363,697.0090040298714,278.1677401536454,11581.381556210099,10074.48822262525,488.1000580581258,5573.578359689504,11626.574168435687,3541.3299617420066,3129.2714791863436,8549.066399970114,2686.4102285502504,8263.903106492506,7303.64328166354,2294.857459922527,2929.2792049499517,7561.472522570188,4651.030138373884,2986.5249859779524,6503.313944453205,10094.470761434195,3094.0016681694433,7939.186440145588,10009.650234665194,15013.580758893839,10518.745564732,573.2013797315335,2730.51443060461,488.1000580581258,10291.368339233688,8854.25401352673,8018.022800129386,3885.0206619245473,161.82828090378428,7614.264964493163,2686.4102285502504,8366.906024464854,7617.1618289557055,8576.732753100938,12402.136853779288,5396.195123146109,9299.582443096317,10446.455579428211,5721.177230166214,777.5866287015376,11786.33088309513,6913.901009878382,3129.2714791863436,11183.214425355147,7709.83393426992,12376.578077480634,9149.59431031842,12497.318131352873,12376.578077480634,225.26620450642616,1401.8809966221816,9620.526239778177,11206.73673765457,1248.4535840850033,2013.3225804287338,91304.48854174887,8586.330300099855,548.9197664090391,10625.250656993878,504.69238233531877,9979.311650262563,10487.426586582838,11206.73673765457,99668.78531426957,10073.144378228946,112567.67033074822,10462.325433822742,33019.96054033641,10106.93242314855
24063488,Rečica ob Savinji,574.4957021595313,3765.101191537601,15593.79434185135,19915.423193724102,2248.9796602259767,16268.475534892299,15443.613843929557,20296.53293756501,38685.50429653797,2117.0002692602634,1071.3539098512733,4666.59419587894,20190.180048181042,35121.882943741184,106.5721553290054,19997.609025017566,40168.07129062837,195.06111878965186,18424.69185543709,55334.88652804464,11393.461115705344,11393.461115705344,20981.70327084416,2769.496134768158,8943.282055812391,5764.217518859644,1994.835998436503,2549.4248581748034,33598.98571004211,11653.660758765373,5813.334194737418,2815.8499138376865,2734.568939894177,9115.79779637569,7109.4605195218055,19394.66840834356,55152.77246717294,2579.9712855555076,4672.380422748623,4056.4009391548075,15012.002535383856,4541.557993985678,7338.648811574318,2176.5274279328883,11026.815132044683,43982.035385934134,8611.943810189352,154.28843161518174,5092.335228080496,33470.70893525803,16601.598878875804,4151.601862128562,233.05535835004838,16779.12800773973,19915.423193724102,19079.777265296823,138.04575083096128,5092.335228080496,33701.37996004177,19207.189757584307,34196.42855362804,20118.75008546067,17278.0888474157,20794.267085735486,20240.841649485705,33623.91126176794,0.0,2983.717628626241,20516.17823812391,33598.98571004211,353.7731993110006,2983.717628626241,156830.3320592002,19970.563452133763,138.04575083096128,56848.4009087869,2728.149057665288,3005.380518200694,54366.973136867025,55672.10011934802,44788.77517526508,57457.235830270314,63795.34692166904,56685.47568561577,20516.17823812391,58507.750411101646
24063496,Sveti Jurij v Slovenskih goricah,619.1083018697636,14607.744731714542,17458.2841356699,12206.513987007795,5955.36490137071,16591.76816993033,16503.885933372854,16765.350945709164,17138.54595513061,6654.437404675461,2124.5461890075712,14642.518002740871,12881.683936792886,7084.044555579107,834.0930158323687,19198.627627516536,16715.021584977636,5809.7846336863295,15215.687678628718,61688.12676831459,12635.362704268991,11950.414542498793,17609.017668322158,6050.603873904903,16705.39351719753,16747.45497847638,9191.545825631258,6601.820785065814,16993.821622784042,11881.531164361102,13842.546760526775,10997.558712511847,6567.252476801837,6386.857552692205,17614.53850351638,12206.513987007795,34879.59091170969,6050.603873904903,5632.609398250558,5721.814142889412,14769.891642046116,7301.273087339729,5990.600261489283,5967.781094015946,12419.50094173819,30993.60414718613,10143.410700479271,6050.603873904903,5744.5469053946135,16104.317477445637,17984.2487022305,14956.27448767056,6567.252476801837,21773.531682338238,27547.025926897473,6017.639786957272,460.7293622430231,6386.857552692205,15147.654283144308,16273.185715246193,17644.40689014691,9845.833874911266,17771.11246704299,16756.435522358992,17246.953599472585,17771.11246704299,410.57362793384686,6016.632818974803,5552.733888573698,16993.821622784042,163.43236124901705,576.2667445928846,239966.80436798724,16582.81541534932,2967.7910409551578,17985.12230774472,163.43236124901705,6016.632818974803,135879.59184269217,138571.1725091534,17298.16986712357,17610.015535299284,22691.478641664708,139821.9479944029,17609.017668322158,141644.22271988878
24063500,Šentrupert,130.95134126417207,7564.983936464463,18519.97566801652,3331.7786542904837,2975.6935142497036,10977.121600073919,23667.026563285497,10222.838111580131,27952.15101254123,1313.5002338852873,197.17149713912752,28387.738709465677,27078.263532174395,20933.44336120852,0.0,27269.257745504194,31776.44135370031,9931.689630494331,17771.082109215004,58033.5299591644,10611.013348178032,17801.917597899628,56665.70436152533,11178.25365102661,9931.689630494331,25919.828660036284,5834.670537886394,28924.092745935515,47262.01022853838,97.61856736152147,13383.768920923727,4464.550356540074,47411.94795513379,20075.340194126326,22355.227044305466,27547.182980644226,56753.29760284024,54038.79680615714,6409.706029898358,6489.454002466346,22496.586338126082,20239.633105178724,9823.278792875772,23159.330167794695,2332.550871776509,41522.141383115224,25795.734742979843,8814.123518907636,20370.23970240076,10222.838111580131,17571.17806073077,20235.651280201044,130.95134126417207,32978.076005304894,31721.241427023648,10019.038148845755,3725.733411111483,22850.559865187955,27446.277744504987,23653.85473900427,47244.77851502372,11230.513163794256,27560.905141147345,25734.547343713413,28039.60333966537,27560.905141147345,0.0,3927.2758361445494,10874.835059809158,27480.42312057923,258.98614010853487,108.85484879530412,152331.36146522712,23010.19890359971,5740.082095746777,27182.915756462266,258.98614010853487,11224.288026454025,56929.88141449106,57754.96693269996,65994.2156996233,74806.4424853451,71443.29777235481,57345.15166771686,30012.085084505805,60085.56134343976
24063518,Mirna,725.4255550022657,11513.340436307006,18718.225732647432,855.5017476866317,4811.777926007363,7727.501526271031,22191.495417645536,6973.21803777724,27845.435443739603,1125.990223230954,2913.3453875916452,26350.175312810887,23919.041549321897,23062.6356930143,642.230975938901,24110.035762651696,35724.79785354288,10455.762192364358,14521.462035412118,54783.909885361514,12740.20567998381,14552.297524096743,54045.89194578777,7928.6335772237235,11716.315529106794,22760.606677183787,7670.754949644052,25777.940224221828,51134.5907341437,4008.22058987605,14807.460314395401,5221.346055756788,49248.03236689144,23947.920699731676,24484.419376111247,24387.960997791728,53503.677529037355,50789.17673235425,7274.444285042546,3239.833928663455,23346.449381795937,24112.213610784074,7136.728070478888,20806.63246970164,2590.011330792404,39132.80294818734,23406.39630805195,5564.503445104746,21648.055098774068,6973.21803777724,14321.557986927877,24108.231785806394,3977.2868398935852,29728.455931502005,28471.621353220755,13967.394648688296,4720.350131935556,26723.140370793306,24287.05576165249,20404.234665201384,51117.35902062904,7980.8930899913685,24401.683158294847,22588.117642901125,24880.38135681287,24401.683158294847,268.4585442255987,268.4585442255987,7625.214986006272,24321.201137726734,436.8789062266826,329.9319351340383,149081.74139142424,22909.793302633483,7576.166507504435,24023.693773609768,557.8975076534563,7974.667952651139,53680.26134068817,54505.34685889707,69866.79620522862,71556.82241154223,73572.4901041606,54095.53159391398,27879.62161062778,56835.941269636874
21436437,Apače,189.8632615034179,14795.03747320073,33953.51971922635,6747.473772518521,121.88377485601778,778.3106652582491,24477.44703835264,23970.557233458294,26074.943469730413,611.2953347428916,996.7871375787786,24770.19795754959,23669.059840674552,12158.738808240243,3407.4858667826898,23732.210268118,21424.000107412652,121.88377485601778,3641.9838954780093,50753.325941752744,13312.592968189896,7250.143495287775,34104.25325187861,11048.990384303506,3641.9838954780093,24494.719118039022,9070.926549024543,11731.152318547081,33489.05720634049,11600.475083158202,7250.143495287775,1607.8950638309375,18129.69733338846,17589.90972457511,24752.329347311825,23853.446143524754,44142.30575625412,17321.88629508969,2051.8506318994914,148.4754297436524,23928.02399705369,16752.31851757033,11471.610857151,1607.8950638309375,24006.531875545425,21530.734058064136,24775.516676680938,2917.4718692181564,7048.923275957409,23970.557233458294,34712.55614750628,7581.207305320647,16633.41937787185,25040.287430731572,37037.82647434026,7014.256115890827,159.12733617135768,17589.90972457511,24218.599397318743,32646.762643073194,34139.64247370336,16649.778717634188,26535.73039277742,13281.65890259203,24636.246052956183,26535.73039277742,0.0,778.3106652582491,6952.672984824995,24460.440611666683,319.3289208357636,247.6611917441872,255356.397062027,13107.474529078925,6984.336881255356,34698.37829652016,1126.227085476906,7389.320675748139,151269.18453673195,153960.76520319318,27746.636862726922,34313.4227246055,7048.923275957409,155211.54068844268,32245.315213613427,157033.81541392856
21436445,Cirkulane,111.73383299830718,9881.626763119624,16009.664181353068,14319.987338964838,13903.13620065026,9154.654199571216,11473.645174761246,15168.893386822947,14917.040120007145,2171.716696247036,177.5858040905217,12110.24721413483,13188.721173678374,14564.568676683424,4779.010966252186,15662.457196283616,31938.745318560224,5241.966178411695,9100.308863918248,56685.1053602102,9972.844282115555,9972.844282115555,15576.01706307727,14903.049145084155,9100.308863918248,15276.461580868674,9782.661294323776,14559.907150869954,40221.0238431296,12655.373143968693,9589.209160517888,8545.172478249808,14965.85261825702,15778.897008006836,15714.3288772445,11975.60678755552,20191.74625679363,34614.887625815405,8470.83491202713,9589.209160517888,12493.449920334004,20657.513784209128,13042.132704738115,9470.969552576114,10487.711882453406,27552.646757804025,15250.221313779517,10417.38264756366,9865.339438580699,14742.880908030755,12513.965180940362,9706.99127270439,14416.710925087382,16993.231502256,15821.339544184928,9262.827870258647,107.54703545481831,9972.844282115555,15121.652362468263,14438.467293711257,16312.051683933863,14229.695645601845,16300.14550715217,16569.508169726094,15587.192871096699,39440.845728551256,77.5931003106911,9154.654199571216,15482.568250123672,15322.680010423823,33.612862858290356,94.5819316225235,240992.3130076572,16336.749865040874,1204.25496804181,40807.525329665776,94.5819316225235,15966.115542284759,136905.10048236215,139596.68114882338,15571.54493987011,12935.934810652396,14965.85261825702,140847.45663407288,15328.463126116496,142669.73135955876
21436453,Kostanjevica na Krki,602.6539618332786,22802.096132849518,37211.794128725225,449.19331849570756,14089.218366123054,389.6378800390829,13601.396394267984,13203.636643527048,58746.49033697495,1424.7775302966718,112.61802572194654,18943.666194944584,23168.881559995778,25360.829571946793,232.21412265773915,24481.100600045564,58621.91092833405,12691.29352930915,30865.855184957323,86386.98308177752,30311.724720503043,32133.90377638212,50996.50758886667,16353.791149553042,10867.419116141431,15970.763060690062,10443.305539420702,12691.29352930915,67873.19839629362,11897.082659978942,16706.025162748112,3280.0535373723897,17774.197943651434,30287.629774728426,17276.008247711772,16873.698256491876,61419.48181247968,59691.27459110385,1178.3402177199723,7298.592344513815,16837.05360903251,338.10440192936886,13738.569915549486,1542.5011605889845,15756.784956915568,68410.51868212181,47388.359146204275,1178.3402177199723,12625.724285102347,13083.891427997032,29704.53622367362,14275.408857737773,1540.8948538780828,35516.782210588855,60070.44241104459,12645.612651714464,449.19331849570756,301.307945720872,24412.563631739577,47132.82189278297,67855.96668277899,13709.612720617682,17647.020586499148,22656.67002264198,17349.367030772977,17647.020586499148,0.0,602.6539618332786,16204.95494545707,16204.95494545707,112.61802572194654,386.2342877544172,179290.46963807987,13898.352319662998,445.44683443661626,24457.161230141068,112.61802572194654,13642.03872799674,85283.33453710418,86108.42005531311,77420.63060711691,92050.19494884813,59642.40539372395,85698.60479033,64304.55709354164,88439.01446605286
21436461,Makole,355.17240706021374,16593.29078556796,21889.327805006364,5831.014780220753,7199.6884341685145,8376.320270709213,20464.021680023834,14107.484862283327,13879.031574999815,727.9929893252261,3683.831566359593,21232.4732883185,16137.449856173702,7153.492083427977,35.2970469579392,17038.44867549531,15442.688170228637,257.62338544693466,6689.088727664451,77655.40819383346,17997.489266006916,15556.233104616613,14247.713234428855,8472.45044972413,6953.434730966666,13980.595360332209,13433.461035038019,13879.031574999815,31396.47160846302,13232.82046185128,17376.855004779292,4707.866427220812,13980.81929018216,13932.686217438724,17374.14697633362,11366.570831382833,16269.451320540782,17651.40296846094,167.2330385703458,8840.096603789654,13086.795378947834,8319.387419778384,9607.314312977365,8436.659498122965,8483.748919611566,167.2330385703458,10002.595900390908,6292.589037422549,13799.070824477909,14021.29594635032,17914.973736694796,12979.958790322318,7150.848347645973,21077.870367362404,21469.38102782527,13799.070824477909,1061.8991757325914,7110.788721293386,20284.38544130147,16169.301620091166,21960.0931675742,13988.248363402578,22486.69908444039,18267.21226176927,21466.85649474999,30606.222755381576,163.52554002991215,345.9804254084709,13707.989153598564,20970.721494064164,257.62338544693466,345.9804254084709,209389.03594873607,14565.111296799112,3760.080809899221,31972.902356496063,372.97147331529516,14996.631866614132,105301.82342344112,107993.40408990232,21219.586423510453,20368.436859656013,14102.919194596878,109244.17957515168,20976.504609756837,111066.45430063755
21436470,Mokronog-Trebelno,256.2662478519841,13844.800559477942,24799.792291030008,219.87796913307517,3768.7068645252575,14761.127388393794,19833.531800761768,13754.041224629918,34231.96763555471,1206.6365866092647,335.91346721918814,32121.22295319178,21561.07793243813,17106.780514046735,644.7609083493509,21752.07214576793,37903.307744448764,15105.357223042849,16761.137607017346,61817.53574748428,6784.350501016249,16841.43601878942,53104.0326965049,14962.259439346486,16211.506253507809,20402.64306030002,747.4173291870012,23419.97660733806,47256.17737797469,6309.006409627371,7866.583321187455,1045.3899902274622,41492.31439369318,18622.973243743814,18528.56419714368,22029.99738090796,60537.30339116012,57822.80259447702,490.0724684577062,10273.459790786223,18669.9234909643,20233.800254615046,12551.5965071237,21919.459266666436,2811.292906882101,46431.41003200032,31011.165960396585,9008.657562713213,14450.606140960126,13754.041224629918,15628.83838618718,20229.818429637366,6245.823684133924,31770.780678325194,35505.247215343516,16298.854771859233,1382.1362573850265,22844.727014624277,21929.09214476872,27437.860527324145,47238.94566446003,13873.964374433339,22043.71954141108,20217.361743977133,22522.417739929104,22043.71954141108,219.87796913307517,707.7522923467119,14658.840848129033,21963.237520842966,1006.0628936582366,398.6322875687568,156115.36725354707,19183.536056437926,2469.727171284016,21665.730156726,1006.0628936582366,15008.2938147739,60713.88720281094,61538.97272101984,65988.38284905959,78590.44827366497,67616.63492519304,61129.157456036744,35484.3912629724,63869.56713175964
21436488,Poljčane,18.022915291105853,9544.503511543386,26525.588555167767,3373.2201324969,9564.932588970183,108.93101749040352,15058.940427243346,9854.181158167052,9199.850190659541,7546.437886023766,1742.6727409235637,20207.509243748533,11622.431028355966,13279.555387027674,960.8813364099512,14080.834482336253,20024.74872153354,8049.053056142348,11441.639574175082,85962.08463542277,19411.506700623966,10805.430731333214,10029.599729258425,165.7740081348502,9406.490732834909,9474.174884041377,9604.957708685415,9199.850190659541,30770.69845262881,7016.051382978566,14717.965234498379,3027.934213535938,9804.246236743724,9852.37930948716,14416.532783174562,10642.839200942914,14080.834482336253,14693.788775301879,7786.800716220206,774.4760164775141,10680.21282983568,12.710978189104434,9208.001842373395,226.35287963378775,205.31892638997826,36.433323418745175,14837.752983773798,165.7740081348502,9305.530977315319,9369.643834225977,14957.359543535735,13301.060499377569,160.13010056370896,20524.66569031215,19423.15934752704,9301.06299200909,2216.652479721239,10199.319081855969,28591.06188289076,13184.963903260763,30266.76960916349,9512.522254720472,30352.291746282164,16003.800110796336,29773.53293633928,30352.291746282164,12.710978189104434,108.93101749040352,9989.564350181698,29277.397935653455,266.2369778215455,530.7217554962451,201610.7186427912,10102.752803282548,3442.756478894668,31731.76117721448,356.4415394968736,10662.36542685377,97523.50611749625,100215.08678395745,15558.733306511675,28675.113301245303,9222.842633943505,101465.8622692068,15558.733306511675,103288.13699469267
21433632,Središče ob Dravi,345.8983560621966,23638.248101025674,34077.044737375574,10592.798667761625,16940.274572295057,16763.86773543498,28713.833849745813,18358.608801746002,16833.52506375264,754.7935027525426,345.8983560621966,5097.52110173015,32334.821464249864,15966.910547767471,3183.595922768856,33729.83775230613,34830.917301477704,414.0307548189079,10304.340498579684,35621.810457772735,14593.108546318688,27976.626104031064,33643.39761909977,17094.12478606525,19072.914340726275,33343.842136891166,24072.497650595436,28053.81377498988,58716.02394450447,13958.050621577,27344.267212120063,6511.9810893739395,10503.752837873546,16952.268600560223,28332.921487456817,19561.04728246776,40350.41025200116,48483.05712942954,1348.6687963266033,9002.080391395559,10595.420210279846,34148.55863711203,11213.172013262718,10503.752837873546,763.1398775507212,29088.427290474974,33317.60186980202,9840.48402699621,9803.825683922732,16820.878955381784,34625.485214123655,26320.993601605798,9803.825683922732,35060.61205827852,33888.72010020744,9820.331552229194,11549.854077251779,439.02575880519714,33189.03291849075,32505.84784973373,34379.43223995637,18239.928486224373,34196.09694782901,34465.459610402926,33654.5734271192,34715.32925096588,139.7356094338845,467.5154397488856,10900.492919805554,33390.06056644633,803.7024761890987,414.0307548189079,260533.4042998791,10310.725711813913,557.7310474395814,59634.757851437585,586.1514904057991,11308.857510971924,156446.19177458403,159137.77244104526,27269.73606130473,10707.29789953637,17125.377166423914,160388.54792629476,17155.353004405864,162210.82265178065
21433659,Straža,375.63975697806643,3621.8443865765526,5829.921159783488,7597.158180592695,1056.5151117357216,7493.568406050645,346.1813991992948,9241.25999449649,47361.43494805159,857.3392180301581,346.1813991992948,4697.122918569359,6184.035120091626,7131.745894565916,1237.219092782358,7991.432292501299,60643.25407323245,605.0576935713511,11379.050646663609,63529.67801821349,11132.266599150056,5065.963166180248,28664.116657988518,8956.941486329695,5126.407919685804,8230.124669196699,27555.7242410899,10148.889409178471,63251.11499174905,897.8147745039452,8674.65934644506,5015.723190754611,49001.652374556055,27718.869193236933,42787.02337023003,8958.809186285871,63047.4131337037,59534.94486520623,331.19191639280365,7325.605576798723,4346.680643702777,32217.602564738307,8933.098735617612,8791.414554806126,8186.222090469114,43540.11763476454,24069.065304850603,310.09875119659466,8494.677549527454,9241.25999449649,12030.679006365233,17148.262320610378,5582.3281175560205,4346.680643702777,31335.4127465166,5489.310473309313,4156.403137002349,32171.224946826012,8381.390191404367,15347.87826574522,62568.325159398155,1494.7477502838983,8494.835948368094,4710.512570951539,9040.054576939288,8494.835948368094,0.0,656.0439656773854,8959.537043009474,8959.537043009474,1182.749467455041,527.3290305534422,147548.03057930144,8132.179399681358,0.0,8494.034347562134,408.4915022828983,8195.376934973916,62426.02947354015,63251.11499174905,93311.00218134938,80302.59054439417,86539.32942333157,62841.29972676595,47395.621114939764,65581.70940248884
21433667,Sveta Trojica v Slovenskih goricah,75.6342922762991,5263.482449841813,20214.526518245286,7265.63444748432,4711.965103702855,17234.24296258325,19711.554296497266,20296.073168576593,20467.266987330688,4346.528049811418,75.6342922762991,20899.119369051146,18072.084413999542,3961.5683098248956,483.20266023170035,20790.499742504548,13297.80919384698,133.17650572009507,8134.233321551411,52064.55116552249,18869.109794102485,4900.788252409205,20969.728272522018,4686.289857695845,8516.21940843492,20155.62614384564,9645.256083081198,4962.582109660392,20641.794020004192,4973.853705341165,17697.04024524025,2726.149720488172,5282.434147052152,4634.610147286246,13724.7359450132,7672.236234325411,27676.740905423354,4686.289857695845,2407.0511768065044,5335.144691870682,13621.031869171973,3968.317538893879,4616.862497803385,3961.5683098248956,19120.08493065297,24283.15030116014,19587.290122831437,119.17828774677568,3889.444243159596,19630.631218936353,20532.95094280226,18387.451505160843,3980.129264347212,22386.94271170074,20572.261623509552,4213.283936494424,5511.712194286519,4634.610147286246,19802.854233752816,19799.4994567369,21067.84725652034,184.21386680350173,20200.18606454023,18715.24608311327,20382.774948051538,21297.426208533696,84.50984081999297,4758.749746665497,5054.72887071897,20641.794020004192,159.65401057269622,84.50984081999297,242509.1338756906,19157.18513680595,754.4285400740046,21851.115110183866,5100.243219442317,4758.749746665497,138421.92135039554,141113.50201685677,16195.436704708127,19304.088798973487,17855.167475797607,142364.27750210627,20527.08512328974,144186.55222759215
21433675,Sveti Tomaž,127.39366395459196,15967.760853478025,20611.26463952822,11478.651881094944,11776.023802470309,11531.786490213615,20108.2924177802,12713.2239445166,11482.416206047526,791.7592892515863,226.68789785824757,8011.451996637898,19446.060791979125,12349.030722032701,791.7592892515863,21187.237863787483,13954.383404161312,3340.464553585103,8935.349423616803,36235.10852192212,8950.15642170403,11085.613030613455,21151.68975471515,11856.838224672078,7221.299916540883,20552.364265128574,11415.211479643282,19073.013431465733,42942.75433984645,6499.48846750293,6467.7333148036705,5114.49639795738,11482.416206047526,11363.672669239944,10712.710440601695,9711.273251038221,27858.702387616486,27835.874142329525,4661.3957299364465,12333.973004110792,11338.817805589188,13272.02473979564,11190.142332609239,5595.515667325399,7662.580130553722,18695.65939980891,20825.894005417395,5455.532817239853,12035.71345661381,11521.588557083101,21052.916636990893,15897.805524423013,11482.416206047526,22568.90419389387,20968.999744792487,11478.296238872948,7296.700098461384,11136.426099350721,20199.59235503575,20338.397375530076,21464.585377803276,6511.428463529748,20596.924185823165,20866.286848397085,20779.513069334473,25869.251202504038,127.39366395459196,11078.691881366936,11287.00005514575,20898.3527020617,362.0205217024486,226.68789785824757,248041.69643549455,11850.890506026033,4240.4406219962575,44152.07543002612,226.68789785824757,11431.307844504945,143954.4839101995,146646.06457666072,8651.570113190854,11713.892372252556,11406.052330884304,147896.84006191022,11620.171384205021,149719.1147873961
21433683,Šmarješke Toplice,354.4509062037758,18696.232640636554,26233.928717434286,6534.176695665114,10721.788855870107,13242.592156134819,11924.811417354782,12131.208516691184,45272.207803846904,3969.4761077020403,1111.2803911166197,24889.35907416452,12997.063195398725,14382.964160655882,43.46429341849167,13503.235188754656,46056.1424509537,2301.473970640439,20577.65220318869,72568.25106685088,16038.072222082272,20330.86815567514,44723.81594975247,12622.84789485168,13025.512030685175,13875.164782072548,12601.398453964446,13720.367500548648,55409.012084479604,43.46429341849167,2517.9921985576907,6999.325505431122,32050.633490647528,21569.8389589444,21475.42991234427,13465.982643868563,71223.3115486969,68573.51791384355,7679.231350522647,10995.76105380403,9168.481019903964,17360.59003146863,13372.784476411696,13355.444529627035,13303.873214824187,57376.29189287731,40128.76459661453,6276.497353537722,6780.158902334748,12131.208516691184,19923.476483422102,10902.616304876892,10006.3446809423,24538.916799297935,46251.71039611795,13094.609624593164,2415.82468904715,17314.212413556335,12656.918842478082,35329.786272075995,55391.780370964945,10327.47377829351,13794.882584397808,10522.07528698814,13313.724113251717,13794.882584397808,0.0,354.4509062037758,13399.222783803558,13399.222783803558,547.8274699021731,2322.2741849056724,166861.83043432148,10327.47377829351,2517.9921985576907,13332.250665483087,547.8274699021731,13495.42357100363,71464.60252217753,72289.68804038646,74041.27239260689,89341.16359303155,69446.23512994118,71879.87277540336,48014.20707478757,74620.28245112622
11027423,Sveti Jurij ob Ščavnici,162.35384765575319,9307.674940128225,25192.12434494087,6572.692127337669,6683.537843004084,11281.994342347976,16012.723614355284,16508.312149836023,17929.98206691703,1040.073764689357,216.24830970460354,14847.696021386242,16012.723614355284,11331.410610298899,216.24830970460354,18694.098278744023,541.9063867554698,122.75779040251531,10558.171735398435,40314.65086521012,10710.967161068726,13368.139718751721,25947.3260992176,13108.615196664729,8321.532161474453,18306.15062272234,13667.476514179385,11536.007118811656,32740.21020065773,12095.030054162944,6944.7437026021735,5633.351251010694,17929.98206691703,10730.081533201615,4111.0397404048845,11750.888573276816,32654.33873211894,17629.831515877322,216.24830970460354,371.2687864370376,17853.976421542662,292.044341799004,14316.49973595261,2160.021021564944,15274.883987733409,12537.078748152799,18695.428396174273,6944.7437026021735,14720.384932867466,13564.495089348875,25633.77634240354,13821.401768096459,17120.27455202995,18960.199150224907,25549.859450205135,11714.815683225148,1322.3247757837398,292.044341799004,18030.03090200206,25226.278839715902,26045.445083215924,13701.736136589745,19250.16080868529,10787.465710135828,18040.01547832446,19250.16080868529,0.0,572.1766088775871,14493.470579121846,18215.82091961396,451.76361511093126,0.0,252837.33277999697,11281.994342347976,3476.4476483072126,33949.5312908374,451.76361511093126,13631.912987808082,148750.1202547019,151441.70092116314,8947.385707019075,20161.923078682743,14720.384932867466,152692.47640641264,17534.214147953593,154514.75113189852
