Village_ID,Village_Name,dominant_municipality,dominant_Pij,dominant_dist_m
10127637,Črna na Koroškem,Črna na Koroškem,1.0,0.0
10110084,Ljubljana,Ljubljana,1.0,0.0
10104505,Kalce,Krško,0.41036038331157043,8701.792668562462
10104262,Gorenja Lepa vas,Krško,0.43273812299838743,8395.28838438458
10133335,Mostečno,Ptuj,0.16155316983840298,20246.818182907915
10124824,Medvedce,Ptuj,0.21307505201369434,16094.276478141084
10123160,Gorenje,Postojna,0.4358472918348845,9309.818607783449
10088470,Zavrh,Ljubljana,0.3031630910459569,36146.41460726071
10090431,Zastava,Črnomelj,0.6693987296711479,5230.310306384454
10089514,Mihelja vas,Črnomelj,0.5247932570992879,6036.001576083654
10112915,Škrlovica,Ljubljana,0.2726679646275024,33872.9729174086
10128439,Junčje,Ljubljana,0.2603025959948765,34043.81243043873
10090920,Jasen,Ljubljana,0.3105634081296837,22904.775137267447
10125901,Zgornja Hajdina,Hajdina,1.0,0.0
10088461,Zales,Ljubljana,0.2500779446199276,40509.999520216894
10119022,Dolenjske Toplice,Dolenjske Toplice,1.0,0.0
10122996,Parecag,Piran,0.3301899372954892,8623.082188764352
10125910,Zgornja Pristava,Ptuj,0.4212371882166827,11089.289671278659
10146054,Tirna,Ljubljana,0.16596307718586573,43008.37783629619
10145490,Dolenja vas,Zagorje ob Savi,0.8047538620307204,1571.597292335204
10147913,Radizel,Maribor,0.3783933417523871,11054.941755482696
10139058,Kristan Vrh,Rogaška Slatina,0.44775426550472985,5736.830107038371
10117232,Deskle,Nova Gorica,0.34073419705957747,15365.50380817459
10140951,Ljubinj,Tolmin,0.725127831336215,5414.627017344138
10092558,Trbonje,Muta,0.21539152561070535,5580.6889730228595
10123879,Biš,Ptuj,0.226681626921395,15955.481712064016
10140307,Zgornje Negonje,Rogaška Slatina,0.43214881183549636,7161.704000668957
10123925,Bratislavci,Ptuj,0.24265981537235198,15065.035269811458
10128960,Zamostec,Sodražica,0.6104091925743811,1316.6917162374323
10105145,Ravno,Krško,0.19984091906752677,14179.047712266445
10110815,Spodnja Senica,Ljubljana,0.3666407584964499,15255.867271015
10110700,Polje pri Vodicah,Ljubljana,0.4618742806948496,14393.426264147092
10110785,Skaručna,Ljubljana,0.5570799044586884,12897.412301151646
10146836,Podvrh,Velenje,0.13883817828043826,13045.040090143746
10146569,Liboje,Celje,0.4139269930743822,8269.431754749085
10117372,Gradišče nad Prvačino,Nova Gorica,0.27725007617440295,13890.160258217067
10111773,Kamnik pod Krimom,Ljubljana,0.5318000009045726,16534.829951309737
10141842,Arčelca,Ljubljana,0.1747012313781378,42761.83210990626
10089565,Močile,Črnomelj,0.1910542518005803,16670.467152577614
10136628,Dorfarje,Kranj,0.32199326964683916,7347.116408365346
10113628,Moravci v Slov. goricah,Ptuj,0.17862114949357347,20240.227232873254
10137314,Opale,Ljubljana,0.2743593669955237,36875.33471359881
10137462,Poljane nad Škofjo Loko,Ljubljana,0.2394539188207252,32842.77498606384
10138272,Žirovski Vrh Sv. Antona,Gorenja vas-Poljane,0.2018058135438454,4323.589486203095
10135567,Ostrožno pri Ponikvi - del,Šentjur,0.12385870205942673,10125.394326572232
10135257,Grušce,Celje,0.16649088002346032,16261.118438880623
10145848,Potoška vas,Zagorje ob Savi,0.3822718943415046,3838.780553258363
10139511,Pristava pri Mestinju,Rogaška Slatina,0.32101104089521154,7624.9511402558155
10130573,Coljava,Sežana,0.19972156322831222,16840.586601480398
10147824,Pivola,Hoče-Slivnica,0.42124584382415226,2083.905707007495
10148251,Zgornji Duplek,Maribor,0.4681929860707146,10462.552790214326
10115663,Bukovnica,Murska Sobota,0.26451653848945655,15277.345977218047
10122082,Cvetkovci,Ormož,0.24967457058859394,7319.414683793795
10096324,Godovič,Ljubljana,0.20209607046367642,42796.552689333745
10100313,Nemška Loka,Ljubljana,0.13918291255743917,80895.20540851826
10099803,Hrib pri Koprivniku,Kočevje,0.14672914400938378,17837.733548100543
10139635,Roginska Gorca,Rogaška Slatina,0.18288733465032808,11688.728621376522
10132967,Hošnica,Slovenska Bistrica,0.18513467942440784,9345.291635922662
10138973,Kamence,Rogaška Slatina,0.6854147036458685,3958.6755446804927
10139236,Nimno,Rogaška Slatina,0.48262474684877654,6404.805131990607
10139406,Poklek pri Podsredi,Krško,0.18242496746241244,15368.334585281696
10085390,Pavlova vas,Brežice,0.26184408325414227,13249.035004460788
10145074,Brezovica pri Borovnici,Borovnica,0.36078747308812653,2606.2870523944375
10123488,Postojna,Postojna,1.0,0.0
10121744,Vrh pri Ljubnu,Novo mesto,0.59282160301527,7182.640229881057
10132703,Brezje pri Oplotnici,Zreče,0.27450692645602065,4354.753533058781
10092744,Galušak,Ptuj,0.14610785321362205,20557.290585619383
10114136,Vrh Sv. Treh Kraljev,Ljubljana,0.31746159993459294,32812.852867080444
10115027,Lepa Njiva,Velenje,0.1617446062257057,13616.601817184344
10147760,Morje,Maribor,0.31936239848792564,15816.976273221873
10131227,Krtinovica,Sežana,0.1609192859017357,20693.707284844117
10131090,Kodreti,Ajdovščina,0.19073808224822403,12572.536016630422
10087309,Dane,Cerknica,0.17105628685729268,15172.418977802718
10088534,Klance,Cerknica,0.20154825101912607,14414.34105948833
10092892,Janžev Vrh,Gornja Radgona,0.2321117986456397,5406.248983998553
10116376,Murski Črnci,Murska Sobota,0.7121931453995154,5007.28962725904
10097720,Blejska Dobrava,Jesenice,0.5891751006821154,4480.678267270469
10097835,Kočna,Jesenice,0.4471372255706846,6035.838231694656
10126533,Bled,Bled,1.0,0.0
10103665,Zgornje Jezersko,Jezersko,1.0,0.0
10112672,Selo pri Robu,Ljubljana,0.3843079601273913,30331.69336124953
10098050,Bela,Ljubljana,0.1842826161705368,41328.46084122377
10098980,Šmarca,Kamnik,0.45971258292011924,3900.052699480619
10084296,Planina,Ajdovščina,0.5833459519761984,5140.459282748175
10091608,Selo pri Moravčah,Ljubljana,0.3416950879123934,21248.522563939045
10144655,Gaberke,Šoštanj,0.3686793695164045,3350.458938429885
10132533,Spodnji Razbor,Slovenj Gradec,0.22633625299179305,12494.246554259058
10085403,Pečice,Krško,0.22918523365437282,13450.717711300296
10097649,Dobrava,Izola,0.5849654895160736,2921.389501974351
10102197,Srgaši,Koper,0.6090369818960067,8352.735125508623
10125766,Veliki Okič,Ptuj,0.34823538298966683,16499.852331725448
10124697,Ljubstava,Ptuj,0.4186178681219925,11689.171538084784
10142881,Lisec,Žužemberk,0.2772379988277494,4258.113652798896
10141427,Stržišče,Ljubljana,0.17725928114913161,68278.15704413618
10141265,Rut,Ljubljana,0.15666759518512458,76215.55706958422
10140668,Hudajužna,Ljubljana,0.1622384688656065,65547.2628010178
10096898,Zakojca,Cerkno,0.15460056450599258,9914.502833148767
10092540,Tolsti Vrh p. R. na K. - del,Dravograd,0.45094190993467487,4591.506098064016
10126363,Remšnik,Radlje ob Dravi,0.19361304859299922,9375.58844468502
10149304,Zgornji Boč,Maribor,0.419538455026695,15917.28662205027
10149266,Veliki Boč,Maribor,0.42400122289129083,24100.03120725967
10111200,Boštetje,Ljubljana,0.36228890931853,31595.953197304836
10143748,Ševnica,Trebnje,0.2743027229813257,7128.113913021357
10142989,Mala Ševnica,Trebnje,0.4960012878158724,4502.642247859256
10146496,Kapla,Tabor,0.10722838550733024,1773.2242751345414
10146615,Loke,Tabor,0.1255403496964277,1767.0419547305883
10146348,Drešinja vas,Celje,0.4570828044319806,5457.4045109861
10125570,Stražgonjca,Ptuj,0.2042020879302291,15222.604341163045
10119421,Gorenje Mraševo,Novo mesto,0.4686197013352742,9731.889399225664
10113997,Hlevni Vrh,Ljubljana,0.3082825856946702,32491.70505711834
10136733,Goli Vrh,Ljubljana,0.3279098254290674,32241.760567864258
10134650,Radana vas,Zreče,0.5654967133669224,2054.4013621614217
10135532,Okrog,Šmarje pri Jelšah,0.21963732404472902,6121.43594654507
10125219,Repišče,Ptuj,0.39482738185562355,13654.795726146827
10131286,Lukovec,Nova Gorica,0.15296259180798238,26520.98308093932
10149258,Spodnji Slemen,Maribor,0.5524069107098675,9880.929925969533
10107245,Lokavec,Maribor,0.2695213755626627,28377.99005471064
10107776,Žice,Lenart,0.25611403126017046,6278.382686780337
10148782,Spodnji Jakobski Dol,Maribor,0.5205203660302261,14242.471875737467
10089921,Rožni Dol,Novo mesto,0.2348135687034526,18651.330588850367
10126126,Sv. Trije Kralji,Radlje ob Dravi,0.22036258548522702,8488.015737638649
10148049,Spodnja Gorica,Maribor,0.2082412848933845,19426.00384934289
10129826,Pijavice,Mokronog-Trebelno,0.1452083056384211,3660.0144396210253
10142709,Hrastovica,Mokronog-Trebelno,0.11255526718542494,4235.1912053767455
10103878,Brezovica v Podbočju,Brežice,0.30770761232763283,12712.4255277757
10145104,Dragomer,Log-Dragomer,1.0,0.0
10146267,Čreta,Ljubljana,0.11010546606082304,54156.23358541274
10115469,Volog,Ljubljana,0.12239319037525867,50897.08009259327
10135940,Straža na Gori,Celje,0.1744075733195848,16368.720457613463
10135044,Brdo,Celje,0.11875316074677301,25817.29913719007
10097363,Prelože,Ilirska Bistrica,0.246399684201793,12481.265363289733
10097088,Huje,Ilirska Bistrica,0.21572822015624735,14213.743211570907
10116252,Markovci,Gornji Petrovci,0.1884631527425387,5882.078169385823
10115507,Adrijanci,Gornji Petrovci,0.3630163907841783,3273.811727940776
10116198,Lipovci,Murska Sobota,0.42885371641389985,7339.175008469126
10106982,Cogetinci,Cerkvenjak,0.24814445506740887,2902.5908730930437
10113407,Gibina,Razkrižje,0.23242593329233283,1154.1102705222372
10091438,Prevoje pri Šentvidu,Domžale,0.3238784699484073,5082.545118237057
10091926,Učak,Ljubljana,0.21976423432845013,35921.41494365444
10103487,Tupaliče,Kranj,0.32664830064370476,8427.270257636192
10126282,Sv. Anton na Pohorju,Radlje ob Dravi,0.2014894570195544,10012.183212602884
10092370,Črneška Gora,Dravograd,0.37990269618438804,6086.037178371084
10139643,Rudnica,Podčetrtek,0.09302668569331232,9215.634544501141
10114586,Mlake,Črnomelj,0.31253546783082203,10064.585842632538
10148278,Zimica,Maribor,0.49823797191308383,11843.421193663786
10142156,Dobrava,Žužemberk,0.2367615003386568,4521.952632006666
10127394,Ukanc,Bohinj,0.23450785717240602,10900.8845367142
10127084,Polje,Bohinj,0.6724983377686887,3766.1371223106066
10137152,Leskovica,Ljubljana,0.2216367588221094,45876.8036658888
10115051,Logarska Dolina,Ljubljana,0.19526384257732612,64018.804855357004
10084083,Gaberje,Ajdovščina,0.3391122036694935,8705.558089873604
10084300,Podbreg,Ajdovščina,0.14478049148757158,14143.20467779697
10131804,Selo,Sežana,0.2386659307329315,16845.44964529414
10122341,Lahonci,Ormož,0.17660446111668188,10291.126798980174
10122228,Hermanci,Ljutomer,0.3829099079608022,5784.229505053697
10096693,Podlanišče,Cerkno,0.2213425305877036,6862.411603574635
10137322,Osojnica,Žiri,0.3963538563800989,2139.4804235684132
10096391,Govejk,Idrija,0.19045453050382533,9803.57598824269
10114900,Florjan pri Gornjem Gradu,Gornji Grad,0.16660283618119257,4799.176528046796
10130263,Velika Hubajnica,Sevnica,0.1831542076755631,11291.498568702014
10103142,Predoslje,Kranj,0.6338125803456969,4798.708938514383
10102855,Mače,Preddvor,0.7258979554383382,841.4698090723641
10127904,Ravne na Koroškem,Ravne na Koroškem,1.0,0.0
10149070,Črešnjevec ob Dravi,Selnica ob Dravi,0.3534650076903854,2132.931405475967
10148634,Podigrac,Maribor,0.45012587863295767,16400.63643603188
10148405,Gradiška,Maribor,0.7321198602302843,7996.117165288805
10110491,Zagorica pri Dolskem,Ljubljana,0.47782459481497186,19833.108253177033
10113121,Zapotok,Ljubljana,0.5000948817446208,23245.365569545556
10111536,Gorenje Blato,Ljubljana,0.5120364333276859,13642.264653800568
10113113,Zalog pri Škofljici,Škofljica,0.5025514028571155,1973.3169182734237
10111501,Glinek,Ljubljana,0.4341083020870181,12297.76112552597
10148880,Štrihovec,Maribor,0.4222444045167099,14350.495407291439
10147182,Zahomce,Vransko,0.5222304364747636,1847.2167122247931
10130522,Brezovo Brdo,Ilirska Bistrica,0.13510112205799157,18764.747423402918
10097215,Male Loče,Ilirska Bistrica,0.1554890417463336,17753.158851648892
10147646,Limbuš,Maribor,0.8126858350686936,6242.377282084371
10147638,Laznica,Maribor,0.7604990010421637,7038.550343381556
10107032,Dražen Vrh - del,Maribor,0.2981253572973388,24231.415502637996
10093503,Stogovci,Maribor,0.20262677748511043,31983.579115670236
10124018,Črmlja,Ptuj,0.2165992413789597,15471.027111175223
10107652,Zgornja Bačkova,Maribor,0.1913762261522904,27603.674240335287
10107393,Spodnja Bačkova,Maribor,0.18863161895898115,27214.053874084795
10099676,Glažuta,Ljubljana,0.19791886238373857,59299.51733120945
10128358,Hrovača,Ribnica,0.9773732714589388,636.8565037482557
10124735,Lovrenc na Dravskem polju,Ptuj,0.3634488789831869,9418.035088796878
10124913,Nadole,Ptuj,0.2002293251735183,22388.763330439324
10131502,Ostrovica,Hrpelje-Kozina,0.15392854104151635,11320.326683358293
10120888,Ratje,Ljubljana,0.19955663859623782,49825.64853695208
10122015,Žvirče,Ljubljana,0.2154919733968057,46886.301459549584
10115990,Kančevci,Murska Sobota,0.3271377250784572,14619.220354980947
10116767,Stanjevci,Gornji Petrovci,0.4003355812480206,3050.2665447581176
10107563,Šetarova,Lenart,0.5602124410334479,2926.5576591028503
10113547,Krapje,Ljutomer,0.28848390413413055,6365.76736883677
10111820,Komanija,Ljubljana,0.6850565176631408,7354.702687368352
10110254,Malo Trebeljevo,Ljubljana,0.4009948231189926,23037.919548549384
10110203,Križevska vas,Ljubljana,0.4564441474423303,21050.823746214937
10086787,Svetina,Celje,0.29598056865729905,12250.520826609598
10101131,Trava,Ljubljana,0.2236017567283942,64392.17177064051
10105170,Rožno,Krško,0.5112439007105256,6831.267987320186
10136512,Delnice,Ljubljana,0.28101936564097296,36974.36476383985
10137942,Topolje,Ljubljana,0.23055445419012832,36615.17736186522
10137675,Lajše,Ljubljana,0.23274730677862418,37638.769548359305
10114985,Krnica,Ljubljana,0.1839949370914689,50934.44857534557
10147263,Zaplanina,Ljubljana,0.17354742602752976,42996.89397962118
10086523,Podgorje pod Čerinom,Celje,0.1983721826729553,15108.980700942331
10085926,Brezova,Celje,0.43260795556386894,8673.633968332344
10117542,Kostanjevica na Krasu,Nova Gorica,0.2402062035821897,21012.019438846786
10113369,Desnjak,Ljutomer,0.18578363494161995,8580.946515908628
10140854,Krn,Tolmin,0.25774540891058323,17294.52274639645
10093368,Rožički Vrh,Sveti Jurij ob Ščavnici,0.1627309571374416,4702.840378386495
10113601,Lukavci,Ljutomer,0.29386722358800843,5697.4759101869195
10113857,Šalinci,Ljutomer,0.36071331843020216,5072.977594242656
10110394,Senožeti,Ljubljana,0.432730687132537,21071.24960455496
10086752,Strmec nad Dobrno,Velenje,0.17884357663919687,14611.952949439945
10146283,Črnova,Velenje,0.28170349208344775,8569.029259774303
10106737,Trobni Dol,Celje,0.16551480284248438,19432.463233625935
10148090,Starše,Starše,1.0,0.0
10125804,Vintarovci,Destrnik,1.0,0.0
10098211,Golice,Ljubljana,0.2410280055493228,36046.56619115243
10091128,Log,Ljubljana,0.26698476058589143,34395.9487162341
10134374,Koroška vas na Pohorju,Zreče,0.31481908238710293,5327.072087292867
10119642,Groblje pri Prekopi,Šentjernej,0.2089051853683453,3036.392060382298
10137900,Ševlje,Ljubljana,0.24371286369582437,31155.39188866604
10145384,Blodnik,Ljubljana,0.18850544890872512,40594.66776199119
10129974,Razbor,Sevnica,0.20673796981601447,9824.839790575415
10130166,Šmarčna,Sevnica,0.3099396113325652,7138.795958244907
10106303,Mrzlo Polje,Celje,0.12374758052437553,24805.763316154054
16567639,Čretvež,Zreče,0.2393989427301274,5660.955993806326
10102715,Jama,Kranj,0.3792107833862155,7191.458285057716
10147026,Studence,Celje,0.20246814393338425,13517.924088522852
10146801,Podkraj,Velenje,0.3999690390599024,6929.6442202063945
10106842,Zidani Most,Radeče,0.2067124372258112,4538.518652083482
10106320,Obrežje pri Zidanem Mostu,Radeče,0.23555408078016954,4201.396189243131
10113768,Rinčetova Graba,Ljutomer,0.68997068171189,3029.2129198298676
10133378,Okoška Gora,Slovenska Bistrica,0.2559678660300774,7937.490667168755
10086493,Pečovje,Celje,0.5131883521245283,6207.360704675496
10135249,Grobelno - del,Šentjur,0.4525107670116562,4389.862346984265
10118387,Vrtoče,Miren-Kostanjevica,0.6313604023401133,2661.33298040336
10132673,Zgornji Razbor,Slovenj Gradec,0.16756455580990426,17177.442762360493
10127670,Javorje,Črna na Koroškem,0.10657651514811124,7743.967517172484
10091357,Poljane nad Blagovico,Ljubljana,0.27704168106484073,32963.362339927844
10140269,Završe pri Grobelnem,Šentjur,0.29689719995963687,5809.758792246562
10144191,Žubina,Ljubljana,0.19388641112021343,39837.69195301209
10143560,Sela pri Šumberku,Ljubljana,0.19890787906798219,40724.29478410712
10116465,Panovci,Murska Sobota,0.3198352577540487,14231.92606205924
10115922,Hodoš,Hodoš,1.0,0.0
10093040,Lutverci,Gornja Radgona,0.42567885387883464,3941.094094829693
10126495,Zgornja Kapla,Maribor,0.25037948357265244,35136.69550032634
10116422,Nuskova,Rogašovci,0.958878438930637,504.95920652716967
10125553,Stoperce,Rogaška Slatina,0.16486828716004856,12679.470273139492
10113962,Grčarevec,Ljubljana,0.1924853582241239,35677.31094027692
10145066,Breg pri Borovnici,Borovnica,0.3452245634772859,2359.376170162479
19813240,Paljevo,Nova Gorica,0.4463579650691529,15621.828828055957
10099188,Zajasovnik - del,Ljubljana,0.1702869421825952,40428.82773571505
10135354,Jelce,Šentjur,0.15537810595961787,11176.382131341832
10135290,Hrušovje,Celje,0.1225372843704703,24514.901444300875
10125162,Prvenci,Ptuj,0.3552676812331877,8777.298550299036
10121086,Selo pri Zagorici,Novo mesto,0.37845862873851416,10329.847058422469
10121043,Sela pri Štravberku,Novo mesto,0.446617943556487,10610.690792100082
10118654,Češča vas,Novo mesto,0.6296000972240098,6321.103493232774
19813274,Prilesje pri Plavah,Nova Gorica,0.4591575941037634,13845.927872593627
10117178,Brestje,Nova Gorica,0.5305176037033197,12060.289575002376
10117909,Plave,Nova Gorica,0.47113397518557915,13233.947941951148
10118069,Senik,Nova Gorica,0.2875201317692555,28173.218597798834
10107326,Peščeni Vrh,Cerkvenjak,0.25497023839206234,2852.768321854247
10113466,Iljaševci,Križevci,0.36814779661708247,1490.1510219809666
10115973,Ižakovci,Beltinci,0.32918328234624356,2926.9050721729795
10141362,Stanovišče,Kobarid,0.1883794314145869,11183.155898601279
10122937,Žerovinci,Ljutomer,0.30848188204347493,6263.447593675364
10145040,Blatna Brezovica,Vrhnika,0.42441241455274364,4668.28304221431
10145333,Verd,Vrhnika,0.7517530478947759,2488.6801646315826
10113482,Jeruzalem,Ljutomer,0.33371102188170026,6157.4819547169745
10125774,Veliki Vrh,Ptuj,0.36274992471862044,14853.04157153688
10086221,Konjsko,Celje,0.34528881222381747,9458.493169523541
10134706,Sojek,Slovenske Konjice,0.20910722578988072,8657.7446678821
10139341,Platinovec,Šentjur,0.24147300332793642,6837.620165545969
10124883,Mostje,Ptuj,0.39268850370409397,8603.900225761807
10123895,Bodkovci,Juršinci,0.4557024836319808,2895.9561786931354
10124026,Desenci,Ptuj,0.40140688300033944,10632.959901662618
10125464,Spodnji Velovlek,Ptuj,0.5618347618738286,7081.636406331719
10088453,Zala,Ljubljana,0.28938344586622056,36431.86271271341
11023991,Ribnica,Ilirska Bistrica,0.2054846916716275,12434.720662993912
10137845,Strmica,Kranj,0.4039135863041407,10026.17085873556
10136679,Forme,Škofja Loka,0.3874554635545011,3445.252955585602
10097797,Hrušica,Jesenice,0.75694000902996,4002.2809528275725
10097827,Jesenice,Jesenice,1.0,0.0
10127289,Spodnja Lipnica,Radovljica,0.6458263278308092,3926.5229421083327
10126622,Češnjica pri Kropi,Kranj,0.23843072549514174,14527.205167978726
10126835,Kropa,Radovljica,0.2572391739431556,9084.493334575991
10140846,Kred,Kobarid,0.4217228470205791,5736.083562500217
10127068,Podnart,Kranj,0.26413169991848134,12684.267288843554
10123534,Razdrto,Postojna,0.25349691513095846,13141.194452954269
10128935,Vrh pri Poljanah,Ljubljana,0.26351786279586414,37639.70931636837
10088151,Slivice,Cerknica,0.3545520320836146,6122.848981739975
10142164,Dobravica pri Vel. Gabru,Ivančna Gorica,0.23818684431870069,6856.604728926896
10118948,Dolenje Polje,Dolenjske Toplice,0.25786380169122186,3205.3836070813486
10124123,Dragonja vas,Ptuj,0.2754861423284408,13819.835439830622
10116899,Vanča vas,Murska Sobota,0.6100430531799766,6169.813346998626
10116147,Kupšinci,Murska Sobota,0.7749261891866104,4363.9367858986
10116597,Puževci,Murska Sobota,0.4211027262787721,10402.857973622262
10092426,Kozji Vrh nad Dravogradom,Dravograd,0.29263927274048995,7038.252610424644
10102936,Nemilje,Kranj,0.32073270340980303,12613.618466490632
10130417,Slap,Radeče,0.43541540446754795,2873.4901009334794
10106923,Zavrate,Radeče,0.2870816739057674,4241.495481831762
10100275,Morava,Kočevje,0.28710369659298823,13237.563641482515
10111242,Brezovica pri Ljubljani,Brezovica,1.0,0.0
10100224,Mirtoviči,Ljubljana,0.1950101456978861,85591.60215731197
10119391,Gorenje Kronovo,Novo mesto,0.47781969652776374,9600.368054475384
10129737,Novi Grad,Sevnica,0.21553952039539287,9058.016097167161
10144710,Lokovica,Šoštanj,0.38598905227186325,2806.1325331769635
10144850,Skorno,Velenje,0.25572429473276626,9344.494293938325
10086515,Pepelno,Celje,0.38294714034505595,10311.032743145059
10146470,Kale,Velenje,0.18577424213218985,11078.154423201888
10101646,Grintovec,Koper,0.6316306886866284,8507.156801530979
10097622,Baredi,Izola,0.4225223826497483,4591.323380933575
10097690,Šared,Izola,0.5009175606315208,3628.634942389133
10093724,Bičje,Ljubljana,0.39681135735201967,18625.749142170334
10112907,Škrilje,Ljubljana,0.5828256204198061,16779.561688970018
10111803,Klada,Ljubljana,0.569975492206682,17456.029615627358
10111706,Iška,Ljubljana,0.5985335698469302,16985.715366573855
10097681,Malija,Koper,0.3305287411841024,10536.017292466166
10101352,Bertoki,Koper,0.8645405974214966,3854.7839889764887
10111668,Hrastenice,Ljubljana,0.6577326049456975,12508.695500916534
10094089,Gajniče,Ljubljana,0.4250613052116402,12621.666071798349
10128315,Grčarske Ravne,Ljubljana,0.19224975777287664,54100.485301110464
10099722,Gornje Ložine,Kočevje,0.3423530319968592,8205.112211915653
10128722,Rakitnica,Ribnica,0.3367060355579172,6000.202435468618
10090474,Bišče,Ljubljana,0.5642474011260885,11406.926052088516
10109990,Beričevo,Ljubljana,0.6403753469870329,10211.687707166742
10100682,Pugled pri Starem Logu,Ljubljana,0.1578842533662985,64545.50096084937
10119740,Hrib,Novo mesto,0.280664181411567,13884.14117252117
10118930,Dolenje Mokro Polje,Novo mesto,0.40990219296181796,11233.496001577298
10110521,Brezovica pri Medvodah,Ljubljana,0.6116804359078004,14553.934594911956
19821846,Pedrovo,Nova Gorica,0.19763461160175452,23407.342490083607
10145678,Konjšica - del,Zagorje ob Savi,0.5468821952024421,2880.940969176147
10146372,Gomilsko,Celje,0.11609575174056046,18331.226541963093
10147077,Šmatevž,Celje,0.11548343426880754,18453.085130791354
10126002,Kupčinji Vrh,Ptuj,0.15834730781639697,25290.90081918006
10112702,Setnik,Ljubljana,0.5028596959324997,22507.247204602358
10122554,Pršetinci,Ormož,0.14902138342744467,11104.273810573846
10112753,Srednja vas pri Polh. Grad.,Ljubljana,0.5654877797776303,17039.154780821653
10099072,Velika Lašna,Ljubljana,0.2670268514515035,26498.175866120062
10091756,Straža,Ljubljana,0.3043926709328955,24184.827686882487
10090725,Dupeljne,Ljubljana,0.3068842507512817,24359.303990823548
10140145,Vodenovo,Šmarje pri Jelšah,0.43369886373293787,3788.536756978261
10094852,Peč,Ljubljana,0.33784467667901164,20537.516036967325
10134439,Ličenca,Slovenska Bistrica,0.23854523131414096,8156.397888943024
10104831,Mrčna sela,Krško,0.20729291936825775,14448.618912397607
10138582,Dekmanca,Rogaška Slatina,0.09254210779286134,21671.447003183406
10142199,Dol pri Trebnjem,Trebnje,0.5436968866511607,4022.0568448366594
10147301,Zgornje Roje,Žalec,0.5282520251392268,3223.486902409454
10131812,Senadole,Sežana,0.31520839845399384,11471.646488416858
10130506,Brestovica pri Povirju,Sežana,0.492415046318215,7863.19376768564
10131669,Prelože pri Lokvi,Sežana,0.4199024602423096,8750.611491183081
10093732,Blečji Vrh,Ljubljana,0.3655354007933901,22299.553449786636
10090059,Sodji Vrh,Metlika,0.18285079369371088,8795.770070459204
10120012,Konec,Novo mesto,0.4861485335006014,11354.088691864736
10101034,Suhor,Kočevje,0.2229154331543377,16224.730282745042
10100518,Podlesje,Kočevje,0.2261008648898176,15796.981787014456
10103991,Črneča vas,Kostanjevica na Krki,0.1452902138989521,4725.323014192182
10105196,Sajevce,Kostanjevica na Krki,0.2751574120346791,2683.838858777202
10119448,Gorenje Sušice,Novo mesto,0.30713543443957697,12938.999438871884
10146135,Zabreznik,Zagorje ob Savi,0.17822906358569732,8390.041409740123
10132550,Stari trg,Slovenj Gradec,0.8734971230817274,2415.824301981781
10132576,Šmartno pri Slovenj Gradcu,Slovenj Gradec,0.7806997205763837,3390.40841077857
10133289,Malo Tinje,Slovenska Bistrica,0.26549798910744316,8752.03072198663
10122490,Ormož,Ormož,1.0,0.0
10118212,Šmihel,Nova Gorica,0.658142937375694,7696.963193528318
10126932,Mošnje,Radovljica,0.5545952347052346,4281.9117967298225
10096286,Čeplez,Cerkno,0.5091443695203344,3685.4520479570238
10137756,Spodnje Danje,Ljubljana,0.22204012449245894,53970.19063765356
10138230,Žabja vas,Gorenja vas-Poljane,0.4271820261002611,2362.813014247966
10106206,Loška Gora,Radeče,0.3386029574410295,3665.8157742945914
10133556,Rep,Slovenska Bistrica,0.23724914696505126,10164.292071984202
10132959,Gorica pri Oplotnici,Oplotnica,0.48290384396889374,1254.8092994840094
10133530,Raskovec,Slovenske Konjice,0.1980920286216858,8188.821460528174
10135133,Dobovec pri Ponikvi,Celje,0.11409206297077948,20231.088295758265
10134846,Špitalič pri Slov. Konjicah,Slovenske Konjice,0.18742064206246628,9300.645682636501
10138108,Zabrdo,Ljubljana,0.24055593175403345,51116.43271715279
10141761,Planinska vas,Trbovlje,0.4690173182077265,6208.891837097737
10145805,Podkraj pri Zagorju,Zagorje ob Savi,0.7755024242031363,1793.3175415990745
10098556,Motnik,Ljubljana,0.15929750926009004,43547.98735537877
10146364,Glinje,Celje,0.10495681278406285,19358.71565865899
10133343,Nadgrad,Slovenska Bistrica,0.13110926068023743,14568.227495535075
10086477,Otemna,Celje,0.428811709034095,9186.22954550165
10086779,Nova Cerkev,Celje,0.2960886500325444,11522.69536784908
10122376,Libanja,Ormož,0.4997970757738875,5449.831284316507
10130131,Šentjanž,Sevnica,0.09508106313340058,15319.779713917802
10106338,Ojstro,Laško,0.5472786640516999,3401.192190924731
10117682,Lokvica,Miren-Kostanjevica,0.29372069799475525,7348.2806528089795
10137870,Suša,Ljubljana,0.25231316494265793,38951.11244292228
10137225,Malenski Vrh,Ljubljana,0.26410721114961483,37782.13813121671
10146305,Dobriša vas,Žalec,0.771394774177873,1954.3284956574264
10147310,Žalec,Žalec,1.0,0.0
10147174,Zabukovica,Celje,0.2932140378206707,11691.912753365788
10086833,Šmartno v Rožni dolini,Celje,0.4706073014808633,8233.138747463681
10086345,Lipovec pri Škofji vasi,Celje,0.4593902308570798,7654.287274072233
10113334,Cuber,Ljutomer,0.56045739402022,3862.6402837348505
10124417,Gruškovec,Ptuj,0.32293591987508546,18014.166204003086
10130484,Bogo,Sežana,0.22053704583161607,18019.12910534932
10131715,Raša,Sežana,0.328285957273114,14158.309719844076
10135222,Goričica,Šentjur,0.4237408238784572,3924.597697199621
10086213,Kompole,Celje,0.4351638171330151,6890.0542639915175
10146917,Prebold,Prebold,1.0,0.0
10122708,Središče ob Dravi,Središče ob Dravi,1.0,0.0
10122333,Lačaves,Ljutomer,0.17614742444274495,10444.096047645531
10131430,Nova vas,Sežana,0.307522489579639,14368.7005026731
10130948,Hribi,Sežana,0.3461966452144319,13538.640208421493
10144990,Šenbric,Velenje,0.8059689065247913,3094.374044413992
10086639,Razgorce,Celje,0.24656519056912374,14061.776919398751
10147085,Tabor,Tabor,1.0,0.0
10131600,Poljane pri Štjaku,Sežana,0.22747823563670067,17406.472459214998
10084369,Poreče,Ajdovščina,0.17217150696954106,12110.712903661384
10110483,Vrh pri Dolskem,Ljubljana,0.49028318004223137,19281.42757483303
10145759,Mlinše,Ljubljana,0.1948282113418031,37988.67451110065
10084555,Vrtovče,Ajdovščina,0.43388767627038743,6795.0867594587335
10144337,Hušica,Tržič,0.30431843299940964,4295.105066119419
10136768,Gorenja Ravan,Ljubljana,0.2664621362790225,38957.68837227476
10110041,Podgora pri Dolskem,Ljubljana,0.3951774310665753,14226.234656207529
10086922,Verpete,Celje,0.19416372297979864,14373.788177203694
10088186,Stražišče,Cerknica,0.3086446641888036,8731.609753249766
10130638,Divči,Komen,0.8020487790437121,1096.4167555584843
10086825,Šmarjeta pri Celju,Celje,0.7548385521161999,4041.8750105515956
10123224,Hrenovice,Postojna,0.6132201346731306,6402.860426725637
10123216,Hrašče,Postojna,0.6816731426367573,5460.192596349643
10087244,Bočkovo,Ljubljana,0.24808987328081256,39973.777938588566
10087643,Kremenca,Cerknica,0.23126432620600917,11487.597028155782
10130565,Brje pri Koprivi,Sežana,0.32725883763325103,13426.421712860734
10130778,Gabrovica pri Komnu,Komen,0.210225114182626,4193.934291782725
10144370,Leše,Radovljica,0.19543894764038963,9926.701154451308
10106109,Kuretno,Laško,0.444027892389306,3864.144703344388
10136229,Vodule,Celje,0.19336593922543,15954.931050820052
10087902,Otonica,Cerknica,0.4158742058721714,7338.771113072548
10090482,Blagovica,Ljubljana,0.2789872582759944,30592.376430653654
10145813,Podkum,Trbovlje,0.13743584328458877,14746.148203164797
10146585,Lipje,Velenje,0.5734392711176458,5289.009172069685
10144639,Bevče,Velenje,0.7666207790262232,3297.8456371529205
10084601,Potoče,Ajdovščina,0.4127703582548285,6588.94093470891
10084415,Skrilje,Ajdovščina,0.5836640810494695,4851.190328960695
10102707,Ilovka,Kranj,0.7987295913421774,3125.59892561352
10145651,Kolk,Ljubljana,0.1527462230698415,46300.6435668284
10147328,Železno,Celje,0.30818528601968503,10220.696422772375
10091772,Suša,Ljubljana,0.2669893853439929,34563.599965228066
10134919,Vitanje,Vitanje,1.0,0.0
10123330,Mali Otok,Postojna,0.7655964054341138,4419.522410476013
10091969,Veliki Jelnik,Ljubljana,0.27850786638995745,32676.512153007214
10091616,Serjuče,Ljubljana,0.2558030300518911,27134.236482477012
10122414,Mala vas pri Ormožu,Ptuj,0.16502497545394101,21612.598299290326
10122783,Sveti Tomaž,Sveti Tomaž,1.0,0.0
10084059,Dolga Poljana,Ajdovščina,0.6721866391660499,3715.575775991024
10127335,Srednja Dobrava,Radovljica,0.3343553957705552,6992.80247231882
10139945,Šmarje pri Jelšah,Šmarje pri Jelšah,1.0,0.0
10143713,Šahovec,Trebnje,0.2673762129289303,7232.878530997284
10142334,Dolenji Vrh,Trebnje,0.3357463217061608,6171.310240291073
10129184,Dedna Gora,Sevnica,0.23501575998054297,9812.091924908149
10101522,Dekani,Koper,0.6542491904079123,8671.57821816144
10140188,Vrh,Šmarje pri Jelšah,0.46747682176932254,3498.947991906675
10104971,Pleterje,Krško,0.6391733869348295,5211.447207686302
10103738,Anže,Krško,0.4458540079927072,8270.679804305484
10121612,Verdun,Novo mesto,0.6733088680358408,7377.443487754869
10103762,Ardro pri Raki,Krško,0.3398102003405746,10205.534170990897
10129095,Boštanj,Sevnica,0.8152061559727597,2397.783168949207
10130387,Žigrski Vrh,Sevnica,0.46064841192331624,5518.549331607278
10129621,Lončarjev Dol,Sevnica,0.6098531796083504,4119.1898388314985
10139953,Tekačevo,Rogaška Slatina,0.8551951506617463,2318.9398388603777
10122686,Sodinci,Ormož,0.32761396812944293,6440.787151894584
10089506,Mavrlen,Črnomelj,0.5883526641621468,6178.178507770873
10084962,Dolenja Pirošica,Brežice,0.5340448730995897,7064.609751276817
10097380,Račice,Ilirska Bistrica,0.25610229761032227,13761.06264846707
10097401,Rečica,Ilirska Bistrica,0.8654224182913683,2961.0392356460184
10101468,Cepki,Koper,0.551788540259719,11231.364090553114
10130107,Stržišče,Sevnica,0.22614781622870544,9727.916321408584
10089611,Obrh pri Dragatušu,Črnomelj,0.44863021887302645,9006.133005512234
10084709,Blatno,Brežice,0.38809753923625245,10209.068326005943
10085543,Rakovec,Brežice,0.40571849041896224,11067.826097650073
10085152,Jereslavec,Brežice,0.3855056178426437,11360.865341564167
10097606,Zarečje,Ilirska Bistrica,0.7755622027366692,4122.353594669952
10113024,Veliki Osolnik,Ljubljana,0.36409333703372554,28551.88491153219
10102006,Podpeč,Koper,0.3734467846651978,17875.028307935278
10131421,Nasirec,Hrpelje-Kozina,0.5821541086342412,3499.605067869964
10106745,Trojno,Laško,0.5156671288879082,3564.7807678222603
10135605,Planinska vas,Celje,0.10464458090851857,27507.24958580758
10148227,Zgornja Gorica,Maribor,0.22289523479647239,18414.8974011449
10090148,Svibnik,Črnomelj,0.9338321966893823,1902.4828130676576
10084806,Bukošek,Brežice,0.776649536599752,4403.912202437857
10128242,Globel,Sodražica,0.22091165926616277,3363.004349865192
10100348,Novi Kot,Ljubljana,0.2267434497059538,63401.9896552195
10100208,Malinišče,Ljubljana,0.18053822696608718,79053.05883188723
10142768,Kamnje,Šentrupert,0.5376598823414549,1042.9986907229052
10105668,Vrhulje,Krško,0.396583725979397,9127.168068024926
10131235,Krvavi Potok,Hrpelje-Kozina,0.5207361134891926,4032.5224195661867
10135508,Lopaca,Celje,0.10745272173886802,26675.809846512242
10132797,Črešnjevec,Slovenska Bistrica,0.5187249190888166,4465.6580315551
10140340,Zibika,Šmarje pri Jelšah,0.1627359704445439,8063.254067811757
10140137,Virštanj,Podčetrtek,0.20986338182658676,5473.866201293545
10085667,Stojanski Vrh,Brežice,0.4687301808709678,8745.75003442986
10088011,Pudob,Ljubljana,0.163380533277867,54234.078345736256
10143047,Martinja vas,Trebnje,0.18474705445072462,8819.428304532788
10100828,Sela,Osilnica,0.6395774294820256,598.7464822803872
10118697,Črmošnjice pri Stopičah,Novo mesto,0.8093931578893151,4933.9787568504435
10096880,Zadlog,Ljubljana,0.18540121017892866,52381.060311068315
10135397,Kameno,Šentjur,0.749731608578616,2199.3203993091174
10103835,Brezje pri Dovškem,Krško,0.36638937591027393,9787.336441173115
10103789,Armeško,Krško,0.5573913818060181,6570.4603641871145
10140226,Zagaj pod Bočem,Rogaška Slatina,0.6757847436255939,3893.809538243811
10114632,Primostek,Metlika,0.5341001857625048,4148.560980852886
10114667,Radovica,Metlika,0.4551131968810907,5477.836815852276
10085632,Stankovo,Brežice,0.6176729170840942,6485.353194651972
10112303,Podlog,Ljubljana,0.3245948931855199,28430.897054949783
10142962,Mala Loka,Trebnje,0.2928196913334045,6797.320303044997
10099889,Klinja vas,Kočevje,0.6972277580886382,4388.6072756082585
10142547,Gorenje Medvedje selo,Trebnje,0.8064395105035969,2129.485812333523
10104793,Mali Trn,Krško,0.3340968074633221,10091.297804823265
10104297,Gorenje Dole,Krško,0.4078436179321469,8469.20413652526
10104084,Dolenja Lepa vas,Krško,0.4397570609993676,8276.898411519845
10138426,Bodrišna vas,Šmarje pri Jelšah,0.2562489504111482,5192.773475729134
10135630,Podgaj,Šmarje pri Jelšah,0.19870728352698863,6162.914641272233
10139783,Spodnje Sečovo,Rogaška Slatina,0.7945769669293153,2945.0432487505163
10085535,Rajec,Brežice,0.43202806625341056,11508.139181224933
10085357,Nova vas pri Mokricah,Brežice,0.45561956146638016,10837.433285554584
10096987,Dolenje pri Jelšanah,Ilirska Bistrica,0.5073796106287128,8563.979973246982
10111641,Hlebče,Ljubljana,0.3049334185706965,29101.511854471482
10143756,Škovec,Trebnje,0.4189010469449167,5167.830057896697
10135788,Rakitovec,Šentjur,0.2629357412632801,7015.647897182061
10133084,Kostanjevec,Slovenska Bistrica,0.4324216749974739,5518.3822979986235
19022587,Nova Gora nad Slovensko Bistrico,Slovenska Bistrica,0.49605884910111225,5190.571160474323
10114535,Križevska vas,Metlika,0.7396323266264656,2760.488266947451
10123046,Sečovlje,Piran,0.3905136411160298,8707.634021348553
10111307,Centa,Ljubljana,0.4713521115575318,24303.62437304149
10128641,Perovo,Ljubljana,0.27513791485378053,36982.88838127362
10112427,Polzelo,Ljubljana,0.3017245649502945,33765.732493862146
10128455,Kot pri Rakitnici,Ribnica,0.29402437521183816,6808.5808113048315
10104238,Golek,Krško,0.6389465554495677,5665.1546408385875
10103851,Brezje pri Senušah,Krško,0.55349781983869,6484.093729861202
20021683,Rim,Črnomelj,0.35827542802720064,10820.656955303319
10142563,Gorenje Selce,Trebnje,0.26737023980943847,7204.915813583788
10142857,Krušni Vrh,Trebnje,0.2624485970754769,7453.7052957422575
10143667,Stranje pri Dobrniču,Trebnje,0.3537536062119099,6046.531074842997
10142644,Grič pri Trebnjem,Trebnje,0.5572917562429289,3819.717833524513
10143110,Mokronog,Mokronog-Trebelno,1.0,0.0
10130077,Spodnje Mladetiče,Sevnica,0.10375997211900427,14259.176301037407
10129354,Goveji Dol,Sevnica,0.14710278431633125,12391.994988035467
10105307,Smednik,Krško,0.21399065987279733,13381.15187782714
10105200,Sela pri Raki,Krško,0.3007777665188287,11138.268365025539
10135109,Črnolica,Šentjur,0.5567735326062281,3469.111242025754
10088593,Bedenj,Črnomelj,0.4576674697653808,8807.150505822892
10114462,Kapljišče,Črnomelj,0.3300583919541187,9040.578237324848
10112796,Staje,Ljubljana,0.4974443679461312,12286.453678543605
10128676,Praproče,Ljubljana,0.24723931337430244,36901.61127778921
10144183,Železno,Trebnje,0.26112975171541736,7346.408751621557
10138744,Golobinjek ob Sotli,Podčetrtek,0.2909806615576111,4438.247661170954
10139325,Pilštanj,Kozje,0.14763209063965574,4969.94760096507
10085829,Župeča vas,Brežice,0.5788170532724078,6402.072162602302
10105382,Stari Grad,Krško,0.504305833834565,5636.903621989387
10084920,Dečno selo,Brežice,0.5921596352212083,5997.333842395765
10111927,Lanišče,Škofljica,0.5337407023275517,1816.6639702027053
10119774,Hrušica,Novo mesto,0.6114019880100174,8388.914988439741
10119766,Hrib pri Orehku,Novo mesto,0.6092677010475679,8520.064449288706
10120870,Ratež,Novo mesto,0.6929383833081642,6530.963078699693
10119910,Jelše pri Otočcu,Novo mesto,0.7041601409662418,6023.403954616878
10130476,Betanja,Divača,0.35066943734638245,4807.256182683357
10136091,Trška Gorca,Šentjur,0.28249690174116,6879.682617712049
10104718,Lokve,Krško,0.4401354429389071,8422.771892912397
10123500,Prestranek,Postojna,0.5561354994392883,6912.521131793883
10120560,Petane,Novo mesto,0.5766181645943608,8216.141300066762
10119057,Dolnja Težka Voda,Novo mesto,0.7707714389019269,5594.922851205247
10087023,Začret,Celje,0.572075189727086,5746.403766908531
10135591,Planinca,Šentjur,0.4219196375294978,4858.98751631218
10125782,Videm pri Ptuju,Videm,1.0,0.0
10085675,Trebež,Brežice,0.7174398227475561,4169.633930456681
10084679,Artiče,Brežice,0.5331216829698944,6286.100847011818
10095204,Rožnik,Ljubljana,0.3875295450237915,24223.70657390776
10128048,Andol,Ljubljana,0.24085668682006875,35593.6420919352
10129010,Žlebič,Ribnica,0.42343002975929406,4465.195439602814
10141869,Artmanja vas,Trebnje,0.2947494203022153,6655.631606558319
10099579,Dolenja Žaga,Ljubljana,0.16938017433329858,79234.94786278125
10106524,Selo nad Laškim,Laško,0.207517091080582,7988.765353803903
10085349,Nova vas ob Sotli,Brežice,0.21547632757833265,16328.066199477638
10120357,Malo Lipje,Žužemberk,0.16206880441676666,6722.303330877715
10100097,Laze pri Oneku,Kočevje,0.2767483423295167,12251.176610926532
10100216,Mavrc,Ljubljana,0.17161751112037896,80796.91677805003
10124352,Gradišče,Ptuj,0.31317603598638866,19833.239649075145
10122775,Šardinje,Ormož,0.46651219335794564,5413.349117133037
10103916,Bučerca,Krško,0.6915714950263209,4782.744371350696
10131464,Odolina,Hrpelje-Kozina,0.3144785680762843,7101.854632188783
10131391,Mrše,Hrpelje-Kozina,0.17303352120216614,11015.703058204115
10130514,Brezovica,Hrpelje-Kozina,0.4079762938943662,5601.75402602113
10121728,Vrh pri Hinjah,Ljubljana,0.17434222113724587,51438.06573882845
10129982,Rogačice,Sevnica,0.2615477301818586,9014.000346969824
10129605,Log,Sevnica,0.5553902625910723,4519.81035748235
10099161,Vrhpolje pri Kamniku,Kamnik,0.8678942881413864,1840.66424671219
10145732,Medija,Ljubljana,0.22649407780166064,36713.18093654604
10108080,Mostje,Lendava,0.5624477317325637,6488.476530734408
10119103,Dolž,Novo mesto,0.4906485177275539,11024.838218906292
10121787,Vrhe,Novo mesto,0.45856649289036533,11874.363086540992
10098203,Godič,Kamnik,0.5388130454304522,4913.948041205309
10104033,Dobrava ob Krki,Brežice,0.3207691033215778,11064.161884808482
10105676,Vrtača,Brežice,0.17531574643936132,18700.884140556733
10126339,Radelca,Radlje ob Dravi,0.17722069735729573,10427.048923048307
10104912,Oštrc,Kostanjevica na Krki,0.23752758122396014,3381.954218593397
10103797,Avguštine,Kostanjevica na Krki,0.33806855334875796,2574.6614975895845
19815285,Gorenje Nekovo,Nova Gorica,0.21359286100333771,27539.41714731977
10101786,Kozloviči,Koper,0.5762093081094275,13617.111390200462
16391565,Laznica,Cerkno,0.608990064555821,3200.1794996526164
19022650,Radkovec,Slovenska Bistrica,0.1885200764152412,10626.269913052927
10090318,Vinica,Črnomelj,0.2233948547853694,17102.017693956728
10101301,Abitanti,Koper,0.34634218539166073,26044.75054841866
10102065,Pregara,Koper,0.3631387166075023,24431.11802432932
10101964,Pisari,Koper,0.37948470980466154,22788.918662935357
10114551,Mačkovec pri Suhorju,Novo mesto,0.2894796692978257,16916.349221510547
10100984,Staro Brezje,Kočevje,0.24641214001433048,13564.29444381833
10130352,Zgornje Vodale,Sevnica,0.13271031590162782,13217.327510715846
10097240,Novokračine,Ilirska Bistrica,0.3268517303824941,13381.987504291608
10100062,Kuželj,Ljubljana,0.17471474907610376,91413.99078618697
10101115,Tišenpolj,Ljubljana,0.17130281499136396,83645.53071164746
10100500,Poden,Ljubljana,0.17209238232293161,81962.31290635532
10100038,Krkovo nad Faro,Ljubljana,0.16965427951113832,82142.34622365054
16567574,Gornja vas,Zreče,0.2807392102694773,4972.926494110601
10119294,Gorenja Stara vas,Novo mesto,0.24734571066005004,14681.932595379587
10118778,Dobravica,Šentjernej,0.48057889583504304,1620.8549965024267
10090423,Zapudje,Črnomelj,0.35328329398628405,11405.435488005398
10115698,Černelavci,Murska Sobota,0.8789821215106224,2956.2860927207494
10099480,Colnarji,Ljubljana,0.17041558796482797,80706.19057074189
10099811,Jakšiči,Ljubljana,0.16080877996188708,86248.97415894542
10090032,Sodevci,Ljubljana,0.1420701471277332,90280.30127189304
18688387,Kal,Zagorje ob Savi,0.3046026635192778,5548.890982974124
10121698,Volčkova vas,Šentjernej,0.3889827885808138,2077.205967528573
10090300,Veliki Nerajec,Črnomelj,0.4047167071693993,10009.865705662876
10089751,Podlog,Črnomelj,0.515578210331448,7849.267416618921
10089964,Sela pri Dragatušu,Črnomelj,0.5527436726245862,7075.783946430333
10088909,Dobliče,Črnomelj,0.6780536563939723,5089.776420077998
10127874,Preški Vrh,Ravne na Koroškem,0.40336498946231364,4520.163856947354
10089026,Drenovec,Črnomelj,0.22294753121875302,16991.471971669886
10118450,Apnenik,Novo mesto,0.18842632999159126,19200.748739058465
10088976,Dolnja Paka,Črnomelj,0.8492763496626424,3083.0437735375003
10088631,Blatnik pri Črnomlju,Črnomelj,0.7694043365854814,4057.3747269923474
10118689,Črešnjice,Novo mesto,0.6550841443436854,6849.964750145326
10089212,Hrast pri Vinici,Črnomelj,0.2370447024732951,16095.833687954566
10090164,Špeharji,Ljubljana,0.14003526579518139,94469.0556977973
10089093,Golek pri Vinici,Črnomelj,0.21787202390549817,17459.846785181537
10089824,Preloka,Črnomelj,0.1902210176904243,19266.306157166113
10134633,Preloge pri Konjicah,Slovenske Konjice,0.7298599205573151,2533.0082794969767
10120756,Prapreče pri Šentjerneju,Novo mesto,0.3247276016005323,13326.0369557125
10120977,Sela,Novo mesto,0.3126633123205973,12421.12683606862
10092680,Čakova,Sveti Jurij ob Ščavnici,0.5898225960925689,1725.1048655331042
10108063,Lendavske Gorice,Lendava,0.9569603689071375,1907.5987926769003
10098254,Hrib pri Kamniku,Kamnik,0.561434809705113,4592.902606090577
10090571,Čeplje,Ljubljana,0.2573498941744424,23387.522856299278
10107857,Čentiba,Lendava,0.8694394510856793,3674.313827759926
10107946,Genterovci,Lendava,0.4324451846359279,8106.470872820185
10107920,Dolnji Lakoš,Lendava,0.9237752786831585,2436.9513882235815
10117577,Kozarno,Brda,0.5602902116278233,2674.652778514426
10118093,Slavče,Nova Gorica,0.29467262013967865,22573.30684539987
10117780,Neblo,Brda,0.49908710778443566,3064.280286020861
10092639,Aženski Vrh,Gornja Radgona,0.3093305191483794,5180.7345886438
10149100,Janževa Gora,Maribor,0.3840481911207377,15312.655806381394
10148847,Svečina,Maribor,0.4927603989075493,17392.38290227527
10099218,Zduša,Kamnik,0.8142600359221012,2315.4143355871265
10117763,Morsko,Kanal,0.7525626620142079,1930.9265664671047
10093058,Mahovci,Apače,0.1887041809927517,2981.7594277073895
10093651,Žepovci,Maribor,0.17210252263254705,33286.278129116006
10116473,Pečarovci,Murska Sobota,0.3979464020474328,11694.979785127878
10098688,Podjelše,Kamnik,0.7466551588444028,2889.6288492887484
10113776,Sitarovci,Ptuj,0.1349567473672885,24667.980046408316
10091829,Šentvid pri Lukovici,Lukovica,0.34884468077321545,1515.66157791915
10111455,Draževnik,Ljubljana,0.6617565381780266,7037.327083912247
10141281,Sela nad Podmelcem,Tolmin,0.40745738546796695,11765.869872945017
10115655,Budinci,Murska Sobota,0.1572557491436678,29203.298423351578
10093643,Ženik,Sveti Jurij ob Ščavnici,0.3182884545731628,3070.030520536126
10140676,Idrija pri Bači,Tolmin,0.5106581882109693,8012.472322136668
10141036,Modrej,Tolmin,0.7709088481475743,4560.587058820436
10140862,Kuk,Ljubljana,0.1816951824213789,63812.57351911195
10113938,Zgornji Kamenščak,Ljutomer,0.2762323257776193,6461.801929004145
10126576,Bohinjska Češnjica,Bohinj,0.6191531587797636,4141.3782754483345
10115671,Cankova,Cankova,1.0,0.0
10126860,Lepence,Bohinj,0.8013019598643312,2467.20102775768
10107156,Kadrenci,Cerkvenjak,0.5796557604258824,1397.0520473914307
10098394,Kregarjevo,Kamnik,0.46183872096945117,5879.334376035588
10098092,Brezje nad Kamnikom,Kamnik,0.49292706852361845,5516.823022011164
10096553,Lazec,Ljubljana,0.16330623979561562,55232.39246295375
10115515,Andrejci,Murska Sobota,0.45090411932353613,9910.836357315751
10138043,Vinharje,Ljubljana,0.31325906006117726,34393.89576064912
10137527,Predmost,Ljubljana,0.24178366306796498,33037.89345555088
10112338,Podreber,Ljubljana,0.5509619169332536,17892.171467108667
10093481,Stavešinci,Maribor,0.1326176801630072,31312.867693783144
10141567,Volče,Tolmin,0.8227359575585842,3965.063811390827
10093422,Spodnje Konjišče,Maribor,0.19109745733535022,34315.5462716281
10148839,Svečane,Maribor,0.36610567732528787,22909.363322611796
10136415,Brode,Ljubljana,0.2899097548787246,26524.840660608643
10091918,Turnše,Domžale,0.4504048938028015,3856.434621537664
10141630,Žabče,Tolmin,0.9459771203267519,2118.4344253331888
10118271,Vedrijan,Brda,0.3597393784124916,3395.5722814340998
10149142,Lovrenc na Pohorju,Lovrenc na Pohorju,1.0,0.0
10120683,Polhovica,Novo mesto,0.3748915853924143,12030.560569803825
10089913,Rožič Vrh,Črnomelj,0.619293142622732,5634.953921117298
10088763,Cerkvišče,Črnomelj,0.44138254220375955,8239.360318282123
10099501,Čeplje,Ljubljana,0.14211456585083107,81348.6111353218
10127173,Ravne v Bohinju,Bohinj,0.7373833657683906,3154.082997710113
10133769,Straža pri Oplotnici,Slovenska Bistrica,0.16816190788125646,9385.987886820187
10109264,Prevale,Ljubljana,0.15159795727327305,55252.11673995511
10109051,Mamolj,Litija,0.2617136943155338,10543.435582135688
10108926,Leskovica pri Šmartnem,Litija,0.34450823491794086,7852.542662535812
10093821,Brezovi Dol,Ljubljana,0.22801218999069384,45678.006545652424
10095034,Polje pri Višnji Gori,Ivančna Gorica,0.3234115871672118,4861.605122782652
10094313,Kompolje,Ljubljana,0.25016292186239014,35748.61365107319
10095905,Zavrtače,Ivančna Gorica,0.3511148155106037,4759.052736682365
16361291,Magolnik,Ljubljana,0.12386057790130478,55824.304779212514
10109655,Široka Set,Ljubljana,0.19714511131342294,39447.198087984296
10120233,Male Poljane,Novo mesto,0.1775998967788525,18241.417957604797
10109230,Potok pri Vačah,Litija,0.2453162904218532,10013.687192444984
10108454,Gabrovka,Ljubljana,0.15946887013848043,49439.59455032692
10094763,Mleščevo,Ivančna Gorica,0.9309937893819836,997.6934355887014
10147816,Pernica,Maribor,0.669417568185851,9148.661692357775
10095646,Velike Pece,Ivančna Gorica,0.5544137329100667,3425.986364055826
10109493,Sevno,Ljubljana,0.1766605060494451,43920.525714252406
10108985,Lukovec,Ljubljana,0.14704034956749798,52968.781813190115
10109884,Vrh pri Sobračah,Litija,0.20231995634703873,11453.509087846027
10095166,Radohova vas,Ivančna Gorica,0.335960504792251,5382.21479952119
10093929,Češnjice pri Zagradcu,Ljubljana,0.22195399321948525,40515.744235563696
10095344,Stična,Ivančna Gorica,0.6828615888795104,2478.168914923024
10099960,Kolenča vas,Ljubljana,0.2580581464334929,41229.244545003094
10119804,Hudenje,Novo mesto,0.181682326515682,17653.472236261598
10108870,Kresniške Poljane,Ljubljana,0.42421095769852984,21747.97664119981
10108772,Kandrše - del,Ljubljana,0.22920075862673406,34748.80382929936
10108411,Dolgo Brdo,Litija,0.23456891502127,11082.763675843069
10108616,Hude Ravne,Ljubljana,0.13729551311503554,56797.709113216566
10096189,Prapretno pri Hrastniku - del,Hrastnik,0.42862585128279795,2320.5738169035103
10108357,Cirkuše,Litija,0.3610177809090948,7641.770108794217
10095395,Šentpavel na Dolenjskem,Ivančna Gorica,0.3417198431496446,5334.692226849667
10108314,Brglez,Ljubljana,0.15366126262177787,53395.958276570076
10094895,Planina,Ljubljana,0.25411500868895975,29897.681887236715
10095476,Trebež,Ivančna Gorica,0.2588243990699144,7031.384232347138
10094941,Podgorica,Dobrepolje,0.8442245262442508,736.7952361828422
10109531,Spodnja Jablanica,Litija,0.630214695725189,4082.444304140915
10108713,Ježce,Litija,0.24934777276911765,10136.703221596765
10095492,Trnovica,Ljubljana,0.22104191620144356,37598.10117436685
10129699,Močvirje,Krško,0.12557934517411157,19268.040914921738
10094771,Mrzlo Polje,Ivančna Gorica,0.932009434497729,988.0304027555678
10125332,Skrblje,Majšperk,0.44056750864155464,1995.5919149278277
10108802,Klenik,Ljubljana,0.22700803248536439,34851.61025495827
10109329,Pusti Javor,Litija,0.2563096174403617,9863.649080457262
10093970,Dob pri Šentvidu,Ivančna Gorica,0.35025673636870025,5241.478337490035
10092906,Kapelski Vrh,Radenci,0.25741819884945993,3649.735515333501
10093686,Žrnova,Radenci,0.20613654164473813,4173.5357404682645
10116414,Noršinci,Murska Sobota,0.7001102235151152,4499.221536303733
10114233,Božakovo,Metlika,0.47228195980765236,5506.8734174546735
10088275,Šmarata,Ljubljana,0.18255096799921142,56572.046652093784
10104424,Hrastek,Brežice,0.3144453740686154,12078.495617933959
20885645,Svetinje,Ormož,0.29254839660540505,7856.6643855833245
10140056,Verače,Podčetrtek,0.1398407129023553,7118.179300713232
10122384,Litmerk,Ormož,0.6357568342329745,3987.351778541369
10099897,Knežja Lipa,Kočevje,0.17712421428507716,17622.44757973502
10100372,Onek,Kočevje,0.4496045705409975,8258.341611026564
10100909,Spodnji Log,Ljubljana,0.155565193102672,79479.23946911408
10097860,Log,Kranjska Gora,0.9081141020336033,1612.7247051299971
10148065,Spodnje Hoče,Hoče-Slivnica,1.0,0.0
10147719,Maribor,Maribor,1.0,0.0
10094224,Hrastje pri Grosupljem,Grosuplje,0.44823291578724855,3142.394632771902
10094208,Grosuplje,Grosuplje,1.0,0.0
10094038,Gabrje pri Ilovi Gori,Ljubljana,0.3451983545943746,27591.873883781762
10125065,Podlože,Majšperk,0.3921889273542424,1949.6867085837757
10128943,Zadniki,Ljubljana,0.25468235517041254,37266.925647760276
10089930,Ručetna vas,Črnomelj,0.47052807149951115,6467.344561084385
10114594,Okljuka,Črnomelj,0.37268261193277574,8793.862315816597
10111528,Gorenja Brezovica,Ljubljana,0.5322060962859281,18917.4050270483
10112532,Rakitna,Ljubljana,0.43241395681343925,25406.565555320813
10128269,Gorenje Podpoljane,Ljubljana,0.2675299561360715,33711.696257313306
10128226,Finkovo,Ljubljana,0.26779449608234984,33767.59892144982
10128579,Marolče,Ljubljana,0.2593641561800664,34478.872996307204
10099226,Zgornje Palovče,Kamnik,0.4906515589321614,5177.8649401550065
10125952,Žamenci,Ptuj,0.33832704945347136,9984.048695154459
10125847,Zagojiči,Ptuj,0.35584743441483957,10463.773053615112
10117887,Oševljek,Renče-Vogrsko,0.2881876828219347,3971.643749983141
10088160,Slugovo,Ljubljana,0.22579159426043385,40927.98395365925
10087520,Jeršanovo,Ljubljana,0.23570599481181329,41386.4890782006
10087465,Hribarjevo,Cerknica,0.2555631327590395,10875.441998227489
10120748,Prapreče pri Straži,Novo mesto,0.4808885462976608,8348.139330296392
10122031,Straža,Straža,1.0,0.0
10120934,Rumanja vas,Straža,0.5157430864607876,1652.0433250355716
10124638,Kungota pri Ptuju,Ptuj,0.34345222782341167,8660.94234995811
10125871,Zamušani,Gorišnica,0.37453576303131364,1498.0343640059723
10145961,Rovišče,Ljubljana,0.1785921056879615,40970.447375220145
10117259,Doblar,Tolmin,0.23143566457184264,13507.741953667606
10140773,Kneške Ravne,Tolmin,0.17481858044750634,21625.603781624406
10092604,Vrata,Dravograd,0.21746896565025467,7166.468980654388
10127823,Podgora,Ravne na Koroškem,0.42017180565948536,4285.8883374055395
10132517,Sele,Slovenj Gradec,0.36547419723460856,8715.661709512739
10107431,Spodnje Partinje,Lenart,0.35737850853705777,4351.857216589702
10107741,Zgornji Porčič,Lenart,0.47240096722524444,3459.050173863492
10124727,Ločki Vrh,Ptuj,0.30710897834271966,11439.114896087734
10133831,Trnovec pri Slovenski Bistrici,Slovenska Bistrica,0.22869544360353108,8570.20583678947
10125383,Slomi,Ptuj,0.32597037582152166,12028.720395967257
10144132,Zaloka,Ljubljana,0.13507131227896743,55775.37459968077
10104602,Koritnica,Krško,0.18811528804325436,14783.336604920682
10146674,Matke,Žalec,0.21368743432264573,7097.281529417328
10118166,Šempeter pri Gorici,Šempeter-Vrtojba,1.0,0.0
10116996,Ajševica,Nova Gorica,0.7547529781724975,5303.045659578909
10120055,Kuzarjev Kal,Novo mesto,0.5710813252943662,7361.335750177258
10119073,Dolnji Ajdovec,Novo mesto,0.2169523118440422,16024.918461344258
10136890,Hotovlja,Ljubljana,0.24856955098975728,33260.05261638753
10111293,Butajnova,Ljubljana,0.3961307515338614,26979.932753301684
10135010,Bobovo pri Ponikvi,Celje,0.11187569154946894,20887.4830085463
10148146,Vodole,Maribor,0.8339395755896087,5643.423972210578
10122651,Senčak,Juršinci,0.24331173382214535,4828.22993930026
10122805,Trnovci,Ptuj,0.1819269965904177,20773.608070410923
10116350,Motvarjevci,Murska Sobota,0.22862733283324113,18101.112079475075
10122635,Savci,Ptuj,0.22306945380347096,17729.537865558726
10096464,Javornik,Ljubljana,0.16726352279195755,58326.41671608611
10114063,Medvedje Brdo,Ljubljana,0.24978710620419103,36726.162544848085
10138825,Grobelce,Šentjur,0.17384570227960108,8890.476561100792
10138493,Brezovec pri Rogatcu,Rogaška Slatina,0.4967924361717756,4709.374876231109
10140030,Tuncovec,Rogaška Slatina,0.7432114025426935,3339.5344543080632
10112141,Notranje Gorice,Ljubljana,0.5611291751895418,12491.615488555495
10145228,Ohonica,Borovnica,0.3806646322333419,2511.893125147736
10087511,Ivanje selo,Cerknica,0.29381956285426525,7322.766105771723
10088542,Rakov Škocjan,Cerknica,0.414831955111158,5911.9259966428735
10120659,Podlipa,Trebnje,0.15763187081130242,10639.853685807122
10087406,Gorenje Jezero,Cerknica,0.2608032465163519,11784.490817408368
10116830,Tišina,Tišina,1.0,0.0
10115566,Bodonci,Murska Sobota,0.36309135740705806,12633.750829971994
10116716,Skakovci,Murska Sobota,0.29151740141983007,12287.686595680037
10116503,Petanjci,Murska Sobota,0.40479747680881323,7894.582798863426
10113300,Bučkovci,Ptuj,0.13800616048021375,23232.790673225496
10113890,Vidanovci,Ljutomer,0.2041417163762124,7897.241090834384
10108233,Žitkovci,Dobrovnik,0.22266722533221597,2459.3667827283384
10114128,Rovte,Ljubljana,0.28788266277685026,32245.2526868822
10088127,Runarsko,Ljubljana,0.20861324299716044,41754.84161757566
10093996,Dole pri Polici,Ljubljana,0.4032914256945241,19107.167467963398
10098971,Suhadole,Ljubljana,0.2861756396495849,17868.07485833478
18129876,Male Vinice,Ribnica,0.3366618307172124,5399.582776400767
10096618,Mrzli Vrh,Ljubljana,0.20205051293481985,46566.836201729115
10101743,Koper,Koper,1.0,0.0
10128919,Vinice,Ribnica,0.23091679326022055,6593.74614792912
10122953,Dragonja,Koper,0.41096258897356264,14927.371131794323
10148073,Spodnji Duplek,Duplek,1.0,0.0
10125502,Stanošina,Ptuj,0.3334337883646207,12829.7702111509
10124999,Placar,Ptuj,0.6931955499082776,5586.499075731923
10103568,Vrhovje,Kamnik,0.4453195137619543,5411.656034394842
10125618,Strmec pri Leskovcu,Ptuj,0.3486230754052501,14973.614058217907
10125367,Slatina,Ptuj,0.29688388124563964,18765.25113607825
10097614,Snežnik,Ljubljana,0.1493608390569974,85840.11548279176
10119758,Hrib pri Hinjah,Ljubljana,0.18190058157287833,53233.73349390588
10120586,Pleš,Ljubljana,0.19252565458124135,51904.099842685086
10141494,Tolminski Lom,Tolmin,0.4102353960644371,10269.823948203657
10140714,Kal,Ljubljana,0.17972680646520914,70028.71940434302
10126517,Begunje na Gorenjskem,Radovljica,0.5001403671569291,4926.0845781657445
10127700,Koroški Selovec,Slovenj Gradec,0.27699220556976156,12868.539640346367
10126894,Ljubno,Radovljica,0.26787874090229674,7380.002103130483
10112133,Naredi,Ljubljana,0.32835140359693593,33082.67156507192
10087694,Lepi Vrh,Ljubljana,0.2833154486244516,37992.32857219857
10111285,Bukovec,Ljubljana,0.45435976014773494,27750.300723346347
10143586,Selska Gora,Ljubljana,0.13177009589505406,55109.099100614825
10132401,Kozjak,Velenje,0.16683588686104833,15682.873219041137
10126169,Gortina,Muta,0.35821351044268485,3761.2359278362487
10146666,Marija Reka,Celje,0.12238236510221041,19332.270185086545
10143519,Roje pri Trebelnem,Novo mesto,0.21694188529542624,17027.766571732216
10121795,Vrhovo pri Mirni Peči,Novo mesto,0.3106176331676174,11456.769719947572
10120764,Prečna,Novo mesto,0.6781510831047832,5809.417262471731
10125669,Šturmovci,Ptuj,0.4526323973011572,7866.54528299285
10138019,Valterski Vrh,Ljubljana,0.32703136222762474,32084.244564016735
10131065,Kobdilj,Sežana,0.20985217174326676,16146.796701684478
10084431,Šmarje,Ajdovščina,0.3309366919853196,8484.663185370426
10132223,Volčji Grad,Komen,0.5175020176438029,2194.3696799555614
10131103,Komen,Komen,1.0,0.0
10131260,Lisjaki,Ajdovščina,0.18646546773453382,12219.549202735734
10131316,Mali Dol,Komen,0.3923875265118935,2859.5035464404227
10149053,Bezena,Ruše,0.4714879809505098,1833.0434035312412
10127602,Breg,Mežica,0.16487991692038514,3563.1812339135813
10127769,Lom,Mežica,0.0992177204954849,4998.996775625605
10148995,Zgornje Gradišče,Maribor,0.37864036028741926,22092.20522645124
10107296,Negovski Vrh,Maribor,0.177153728059858,25876.624051533097
10093147,Negova,Maribor,0.1677404806919143,27594.120393707493
10121655,Vinja vas,Novo mesto,0.5215080060195327,10393.738734601686
10120799,Pristava,Novo mesto,0.5051880447478971,10872.215361457578
10147786,Orehova vas,Maribor,0.36088822710451934,11448.821746488422
10112044,Mala Slevica,Ljubljana,0.25236689965316317,32650.211821383666
10085772,Zgornja Pohanca,Krško,0.31776223547380933,10416.547823622357
10084652,Arnovo selo,Brežice,0.4636636147867191,7107.389419921054
10085845,Dolenja vas pri Artičah,Brežice,0.4422850485043418,6497.361849832597
10145180,Lukovica pri Brezovici,Ljubljana,0.4267034257504243,9805.725973171498
10145139,Drenov Grič,Ljubljana,0.4037869460553162,15227.122465715278
10124859,Mestni Vrh,Ptuj,0.8738164707140136,3291.138684152596
10115477,Zavodice,Nazarje,0.5236729662035979,1987.8763064832144
10115221,Pusto Polje,Rečica ob Savinji,0.1658174021373819,4155.373171855378
10130026,Selce nad Blanco,Krško,0.28528978797672533,10874.416018519481
10132118,Tupelče,Sežana,0.16294454208223297,19156.016739286315
10096995,Dolnja Bitnja,Ilirska Bistrica,0.416021556066977,8196.97521354915
10116945,Vidonci,Murska Sobota,0.21743074500916756,20033.92767822459
10116058,Krašči,Murska Sobota,0.21149141394838045,17703.0017855242
10107679,Zgornja Ročica,Sveta Ana,0.20382069893224858,1756.4919464659065
10116368,Murska Sobota,Murska Sobota,1.0,0.0
10116074,Krnci,Murska Sobota,0.4280145048246431,10843.528935252449
10125421,Sovjak,Ptuj,0.21135384263024726,16213.157885439085
10113423,Godemarci,Ptuj,0.15023346456213227,24052.061524016597
10113393,Gajševci,Murska Sobota,0.1328273791682646,17930.96709419691
10113385,Drakovci,Ptuj,0.1582137211696747,21895.60124565995
10093023,Lokavci,Maribor,0.17882740368770797,27499.846485879465
10107164,Komarnica,Cerkvenjak,0.2820912701360251,2640.716664787621
10114713,Sela pri Jugorju,Novo mesto,0.27349188101327904,17544.095159215114
10111595,Gradež,Ljubljana,0.3892635426291187,25118.165050602835
10139074,Krtince,Rogaška Slatina,0.37560096282061517,6558.078231276766
10138370,Bezgovica,Rogaška Slatina,0.15760213799657546,13300.865452417142
10139503,Pristava pri Lesičnem,Podčetrtek,0.09979507232081018,8684.16575904517
10143349,Puščava,Mokronog-Trebelno,0.22328311840966783,2665.875464389876
10085136,Hrastje pri Cerkljah,Brežice,0.325085542295049,9356.543196892144
10107105,Sv. Trojica v Slov. goricah,Sveta Trojica v Slovenskih goricah,1.0,0.0
10096537,Korita,Ljubljana,0.19516725211981434,44095.82405568286
10126690,Goreljek,Bohinj,0.17525513957973318,10844.51058649062
10113229,Banovci,Veržej,0.40271123241440077,1623.5300428815517
10126711,Gorjuše,Bohinj,0.17128714473818424,11945.351137277608
10126843,Kupljenik,Bled,0.24663896425732743,7022.340665283126
10127939,Stražišče,Ravne na Koroškem,0.7605512398225561,1915.100321691863
10128005,Zagrad,Ravne na Koroškem,0.16962622925237603,10457.553315674493
10141095,Petrovo Brdo,Ljubljana,0.2100896844526301,55450.53367484638
10137969,Torka,Ljubljana,0.24055593175403345,51116.43271715279
10103207,Sidraž,Kamnik,0.35459038012273264,7058.610304593004
10111838,Koreno nad Horjulom,Ljubljana,0.4491857308441396,22767.995640265985
10084075,Erzelj,Ajdovščina,0.33694741561796,8815.768841291594
10084261,Orehovica,Ajdovščina,0.15844131473851888,12922.027222217072
10104840,Mrtvice,Krško,0.38134377368768135,7502.548783236374
10137004,Kladje,Ljubljana,0.2256203502821025,41497.0838159933
10137110,Laniše,Ljubljana,0.20896515478616226,49754.51299119418
10096928,Žirovnica,Ljubljana,0.2265613587080517,41550.174038128156
10115248,Radmirje,Ljubljana,0.12283386932970564,49720.6733407456
10084016,Črniče,Nova Gorica,0.3705736534005866,13142.945379173465
10102669,Hotemaže,Kranj,0.3726882389993457,7983.0199020476675
10149207,Ruta,Maribor,0.38664771733280134,20448.976069516884
10148561,Pesnica,Maribor,0.5167150088296069,16410.2183142583
10110432,Veliko Trebeljevo,Ljubljana,0.3998608475178908,22424.908249639728
10107008,Čagona,Cerkvenjak,0.21987746518240492,2843.5379768020116
10137683,Smoldno,Ljubljana,0.28638039639816654,32590.230978962336
10112893,Škofljica,Škofljica,1.0,0.0
10147484,Fram,Maribor,0.33153397846388993,14614.907998695806
10115485,Zgornje Pobrežje,Rečica ob Savinji,0.2257672906488461,3394.4499148178757
10146275,Črni Vrh,Ljubljana,0.10109229845112687,59074.43244114729
10104327,Gorenji Leskovec,Krško,0.25364167400551435,12335.893151169344
10129885,Poklek nad Blanco,Krško,0.21520335556867437,13310.993067434218
10147972,Rošpoh - del,Maribor,0.912306502732858,4515.464655894526
10107571,Štajngrova,Benedikt,0.330458168303682,1881.642108482602
10092299,Žirovše,Ljubljana,0.29970323147115496,27979.892737974005
10091683,Spodnje Loke,Ljubljana,0.29984604230949685,27350.806208139067
10137071,Krivo Brdo,Ljubljana,0.29351108290383576,34997.28011139566
10098297,Kališe,Ljubljana,0.2486326211265206,33087.8355531474
10087546,Knežja Njiva,Ljubljana,0.173102200516148,55783.30443517204
10087163,Babno Polje,Ljubljana,0.20019487326273339,63561.45289725127
10146259,Čeplje,Vransko,0.36117092156666053,2423.365059194742
10146119,Vrhe - del,Ljubljana,0.150529890619579,47987.98519668234
10135311,Jarmovec,Celje,0.3109992908735112,10740.961808270622
10136032,Tajhte,Celje,0.11428296777141304,26221.821588938932
10124646,Lancova vas,Ptuj,0.5327730364422042,7333.6198148845115
10124603,Kozminci,Ptuj,0.32285773219136465,16230.58688179392
10116155,Kuštanovci,Murska Sobota,0.3337378314821727,15047.021308682288
10116457,Otovci,Murska Sobota,0.2665572449403139,17400.063102903187
10148618,Plodršnica,Maribor,0.38756386811975924,19082.096144080224
10107849,Brezovica,Turnišče,0.28077006422539486,3800.336085256752
10110416,Tuji Grm,Ljubljana,0.42979024926380127,22143.28911399845
10092221,Zgornji Tuštanj,Ljubljana,0.31673030899758886,25436.992804663165
10105781,Šentrupert,Celje,0.20822085755149047,14821.61733455705
10136164,Vodice pri Kalobju,Celje,0.14765638444889895,21797.314426662353
10115213,Primož pri Ljubnem,Ljubljana,0.14819494041309228,56779.2878608499
10145708,Log pri Mlinšah,Ljubljana,0.20991664520265482,36850.689133584856
10098149,Češnjice v Tuhinju,Ljubljana,0.230031905443577,37635.353328808036
10104335,Gorica,Krško,0.39473563126112704,8411.27080378167
10119286,Gorenja Gomila,Novo mesto,0.2863369705225602,13848.490320632558
10146577,Limovce,Ljubljana,0.18783510039665688,41870.2183114931
10086949,Vine,Celje,0.1971472320088147,15748.23176502137
10135141,Dobrina,Celje,0.11997453501191316,25028.34319216615
10131910,Sveto,Komen,0.5521526978065128,1992.9649381676704
10130204,Telče,Sevnica,0.17519640573866246,11404.290460670796
10141613,Zatolmin,Tolmin,0.9567065414866192,1899.200128969707
10140536,Dolje,Tolmin,0.9256061006878449,2521.7707848276996
10113326,Cezanjevci,Ljutomer,0.41218959396530935,4783.462540207386
10126851,Lancovo,Radovljica,0.8213005582796558,2403.83370517
10108144,Radmožanci,Lendava,0.30655744828466164,9397.245683246285
10103436,Tenetiše,Kranj,0.5763204540709113,6040.793645994856
10102626,Golnik,Kranj,0.3219467134281701,11616.835569996014
10091942,Velika vas,Ljubljana,0.4240796590414197,22379.774528942642
10086957,Vinska Gorica,Velenje,0.17143877399593488,11633.225600490367
10105919,Doblatina,Celje,0.31710249632226195,10661.421547398826
10124204,Drstelja,Ptuj,0.5564095845889953,7573.3359823407145
10124387,Grajenščak,Ptuj,0.5322005831698776,8508.267466456922
10134285,Gorenje pri Zrečah,Zreče,0.367294622347447,4736.46293386225
10134072,Zlogona vas,Oplotnica,0.19858282238161884,2787.2230867587623
10134064,Zlogona Gora,Oplotnica,0.32198621572309993,1981.7234874537335
10120802,Pristava pri Šentjerneju,Novo mesto,0.3650300437297741,12544.077457934023
10137659,Selca,Ljubljana,0.22301541389221274,35099.86799068914
10136580,Dolenja vas,Ljubljana,0.2472840521577809,33039.26274133011
10137306,Ojstri Vrh,Ljubljana,0.24058689866746752,38175.77337821591
10145481,Dobrljevo,Ljubljana,0.17076018622212985,42641.42530262388
10090873,Hribi,Ljubljana,0.197760505688326,39277.83451414529
10086558,Pristava,Celje,0.3960057346574488,9059.31364055872
10129869,Podgorje ob Sevnični,Sevnica,0.2094285951192205,10519.13567645384
10129842,Podgorica,Sevnica,0.3205643294851561,7566.738347365809
10137012,Knape,Kranj,0.28442552888176864,12909.347328762893
10136784,Gorenja vas - Reteče,Ljubljana,0.3718921174857851,16734.621987108785
10110807,Sora,Ljubljana,0.3926306791305755,15683.577575155226
10102880,Meja,Kranj,0.39542601683385076,6777.45184945034
10140501,Daber,Tolmin,0.1561699409644646,20710.7031916992
10127998,Uršlja Gora,Ravne na Koroškem,0.20771244146417864,8471.49211275851
10144531,Vadiče,Tržič,0.19384104023068177,6136.872125220393
10148677,Ranca,Maribor,0.5802955836826161,9239.229253697407
10122147,Frankovci,Ormož,0.566406775038278,5081.663795100793
10133416,Planina pod Šumikom,Maribor,0.19298610346185527,30968.39159852371
19807258,Dragovica,Nova Gorica,0.518837097120136,13832.552334332382
10086035,Gabrovec pri Dramljah,Celje,0.27068642453318786,12808.277475978637
10125375,Slavšina,Ptuj,0.17238018894020046,19660.382981722938
10107385,Smolinci,Ptuj,0.14143470991439344,20929.308058486116
10148812,Stara Gora pri Šentilju,Maribor,0.5381260705878202,13093.06962872166
10139899,Sv. Jurij,Rogaška Slatina,0.24906911439489984,10607.488011995887
10122929,Zasavci,Ormož,0.23706196913648295,9444.878055740903
10145058,Borovnica,Borovnica,1.0,0.0
10086795,Svetli Dol,Celje,0.3235802319408216,11983.146260654354
10135079,Brezje pri Dobjem,Dobje,0.1495799364077255,1160.1307091372707
10125987,Župečja vas,Ptuj,0.3465017304385616,10613.201975899461
19810925,Sveta Gora,Nova Gorica,0.7240155473675102,7818.071240017065
10134056,Zlakova,Zreče,0.660406202048744,2225.007137225914
10124956,Pacinje,Ptuj,0.48807464255338434,6737.054858167961
10117640,Lipa,Nova Gorica,0.22720618190548397,20319.670780024357
10088046,Ravne,Ljubljana,0.29133129773358546,37818.27168890587
10144892,Škale,Velenje,0.6973879081931984,3987.1833957095423
10118425,Zapotok,Nova Gorica,0.26265847559314465,28079.03520143741
10092922,Kocjan,Radenci,0.14895455507319666,5277.541103560188
10113644,Noršinci pri Ljutomeru,Ljutomer,0.5296575626526164,3691.6373612529082
10113652,Nunska Graba,Ljutomer,0.6670807633003119,3184.360591351627
10116341,Motovilci,Murska Sobota,0.19833934094930497,19676.95804955596
10124972,Pestike,Ptuj,0.3307363736912517,17389.759966735783
10124581,Korenjak,Ptuj,0.3158832811668853,19365.966336689067
10110963,Valburga,Ljubljana,0.4009535650036256,15730.423677378913
16567361,Spodnje Stranice,Zreče,0.21372253367742433,6070.163502277482
10086841,Šmiklavž pri Škofji vasi,Celje,0.4620491702178897,7935.979126640436
10135338,Jazbin Vrh,Šentjur,0.2648450926245017,7251.665058730922
10125634,Svetinci,Ptuj,0.39471910770035545,10336.917702572135
10088496,Žerovnica,Cerknica,0.4267653186116662,7632.495318221205
10103410,Šutna,Kranj,0.39511259656090053,6936.067181505854
10144868,Skorno pri Šoštanju,Šoštanj,0.2540664366190057,5703.517423668726
10141737,Ojstro,Trbovlje,0.8714012964499059,1846.5524792609722
10092981,Kupetinci,Murska Sobota,0.22239016273395656,12847.683139274151
10096677,Plužnje,Ljubljana,0.1583701534590635,54617.019985843464
10144418,Paloviče,Radovljica,0.18581901385477925,10596.004181762884
10102839,Letenice,Kranj,0.46562451092204404,8129.976269138486
10128137,Bukovec pri Poljanah,Ljubljana,0.26800433160178133,34042.79936469344
10142571,Gorenje Zabukovje,Novo mesto,0.15830729615749034,18567.79829911805
10129800,Pavla vas,Novo mesto,0.11575984512203072,24006.757432982693
10110912,Torovo,Ljubljana,0.36286003659351657,17475.664345408957
10090903,Imenje,Ljubljana,0.3136653536823336,22338.9571493638
10135184,Drobinsko,Šentjur,0.18036485893755821,9298.323143539057
10119154,Drenje,Novo mesto,0.21610784621993084,15366.868288694024
10090881,Hudo,Domžale,0.2821960173580395,5219.271793175313
10093198,Orehovci,Gornja Radgona,0.3917733399284062,3733.6487965340107
10115647,Brezovci,Murska Sobota,0.5139405669826003,7858.808635033999
16150991,Obrežje,Radeče,0.6802173056273946,1693.3635439277452
10100674,Puc,Kočevje,0.20366156836115518,17526.132389480434
10092159,Zgornja Javoršica,Ljubljana,0.40600499141838503,20617.13912263848
10110351,Ravno Brdo,Ljubljana,0.5313461646677703,19017.48682112679
10110050,Videm,Ljubljana,0.38551266319954197,12090.830133703175
10118514,Breška vas,Novo mesto,0.27479172337153757,15217.05478900902
10105641,Vrbje,Brežice,0.17531574643936132,18700.884140556733
10086060,Gorica pri Šmartnem,Celje,0.5744398468159838,6148.735494065291
10110459,Vinje,Ljubljana,0.47174608618097447,18289.88876639359
10146658,Male Braslovče,Braslovče,0.33156321246968706,1320.9799760297158
10111692,Ig,Ig,1.0,0.0
10094151,Gornji Rogatec,Ljubljana,0.4085027471381786,22016.08332948011
10113059,Vnanje Gorice,Ljubljana,0.46138233873493184,10189.710867284946
10113172,Podplešivica,Ljubljana,0.5409979597110169,13322.534968152911
10145783,Osredek,Ljubljana,0.14334940294292717,50609.16076646079
10129486,Kladje pri Krmelju,Ljubljana,0.11659649184774278,60490.88388428032
10128307,Grčarice,Ljubljana,0.19144189315408938,54062.12197234769
10128382,Jelendol,Ribnica,0.2307121950603101,8351.49744901343
10101182,Vrbovec,Kočevje,0.2367633628646909,11614.918041861569
10142130,Debenec,Trebnje,0.15208809055064354,10540.014578811753
10142822,Križni Vrh,Mokronog-Trebelno,0.1487209255983485,3679.4164067701918
10119120,Drama,Novo mesto,0.18242389563422098,18090.951664016
10119014,Dolenji Suhadol,Novo mesto,0.4548323301758904,10817.977382023391
10085993,Dobrna,Dobrna,1.0,0.0
10144906,Škalske Cirkovce,Velenje,0.5801045601598844,5422.216732018843
10112311,Podolnica,Ljubljana,0.5103297332111285,16210.601181916389
10145945,Rodež,Ljubljana,0.15655681326331014,45083.21496663775
10111943,Lavrica,Ljubljana,0.6413026474036099,7825.228686257898
10138477,Brezje pri Podplatu,Rogaška Slatina,0.33948101214937293,7206.724216935464
10111129,Osolnik,Ljubljana,0.4311796516441268,20592.86034541345
10147107,Topovlje,Žalec,0.1251382977205428,8777.052312601085
10131456,Ocizla,Hrpelje-Kozina,0.33873310265197515,5526.185216229882
10099013,Trebelno pri Palovčah,Kamnik,0.46677417029485974,5559.129528905981
10095581,Velika Stara vas,Grosuplje,0.4493105704374066,3606.3398830809006
10146798,Podgorje pri Letušu,Velenje,0.15649232882699987,12875.034771077078
10144965,Velenje,Velenje,1.0,0.0
10139686,Sladka Gora,Šmarje pri Jelšah,0.18496357304177025,6676.31645491943
10138396,Bistrica ob Sotli,Bistrica ob Sotli,1.0,0.0
10088313,Topol,Ljubljana,0.19875440158051363,44582.48932813307
10141982,Brezovica pri Mirni,Trebnje,0.3757459972038726,5489.365255669918
10105765,Belovo,Trbovlje,0.16377677909497568,11167.006486941333
10133645,Spodnja Brežnica,Slovenska Bistrica,0.1978269302810201,9655.7281589117
10094437,Luče,Ljubljana,0.3467362163661452,25600.579521733143
10094470,Mala Loka pri Višnji Gori,Ljubljana,0.3212626950900536,24652.140941566606
10089174,Gradnik,Metlika,0.20432819150255144,8249.94925489739
10138795,Gradišče,Kozje,0.1449803121306735,5398.426617476083
10138485,Brezovec pri Polju,Kozje,0.13883051785427636,5268.871685472654
10139155,Lesično,Kozje,0.08609076399078318,6735.932065360511
10101077,Škrilj,Kočevje,0.20886865053351025,17083.61309460771
10131758,Rodik,Hrpelje-Kozina,0.35314849532214587,5034.668732295362
10131014,Kačiče-Pared,Divača,0.28768892563707715,5015.7165810016
10110238,Mali Lipoglav,Ljubljana,0.4303028171734306,16751.44918621678
10112729,Sloka Gora,Ljubljana,0.3944921446855683,26405.673937370306
10146151,Zavine,Zagorje ob Savi,0.40044228137994375,4561.1231480591705
10135451,Laze pri Dramljah,Celje,0.20956271670900148,13825.783684063643
10135176,Dramlje,Celje,0.2066078557398834,13405.196909706769
10136261,Zalog pod Uršulo,Celje,0.18454574816158947,14750.16402363456
10122201,Hajndl,Ormož,0.72447478938403,3106.6522920462185
10122724,Strezetina,Ormož,0.38160140283352406,6591.58946041826
10137748,Spodnja Sorica,Ljubljana,0.22770179172598043,50720.20727923059
10136563,Dolenja Dobrava,Gorenja vas-Poljane,0.7092245328970866,1333.205456022365
10110823,Spodnje Gameljne,Ljubljana,0.7662140557316124,8698.957484546672
10122562,Pušenci,Ormož,0.7311330815790172,3400.9973814406335
10138175,Zali Log,Ljubljana,0.22667911596863877,43686.73732319211
10147034,Šempeter v Savinj. dolini,Žalec,0.45351831066359755,3718.035554596345
10123011,Portorož,Piran,0.8882810540066042,2130.4705334464425
10137101,Lajše,Ljubljana,0.2147407369199271,47296.20565877747
10146771,Petrovče,Žalec,0.538864740457974,2555.9387646537557
10146909,Prapreče,Vransko,0.45514115557343393,2188.742259819191
10086027,Frankolovo,Celje,0.261923743652103,12734.242857271074
10145996,Selo pri Zagorju,Zagorje ob Savi,0.6456833399904717,2056.6744294579166
10122856,Vinski Vrh,Ormož,0.28931001250627086,8254.999663739454
10145112,Dražica,Borovnica,0.5493200458670817,1728.818396001176
10137209,Lovsko Brdo,Ljubljana,0.2765695554269393,36335.5756168075
10091888,Trojane,Ljubljana,0.20381801369149316,37209.9875003002
10122368,Lešniški Vrh,Ormož,0.5830425515000907,4419.005322537598
10130824,Gorjansko,Komen,0.26469920692454674,3860.949672582244
10136997,Kališe,Ljubljana,0.2405590259846021,37914.5375635392
10124832,Meje,Ptuj,0.30760300516876965,19960.57858498409
10146194,Arja vas,Žalec,0.4731958233937236,3135.390673257923
10117461,Hum,Nova Gorica,0.6059215274647167,10198.817793030139
10084466,Ustje,Ajdovščina,0.8404036212107425,2510.7797331844276
10084202,Lože,Vipava,0.24844922904185687,3981.078192012458
10137691,Smoleva,Železniki,0.34887641663246965,2484.896576493048
10106800,Vrh nad Laškim,Laško,0.23629898747425887,7025.65672868031
10132606,Tomaška vas,Slovenj Gradec,0.5824996204097462,5235.428956205428
10117569,Kozana,Nova Gorica,0.3661155799934699,15918.873036320947
10114004,Hotedršica,Ljubljana,0.22757177612955212,38292.200451267745
10087970,Podskrajnik,Cerknica,0.9395675002778987,1422.878281694725
10084474,Velike Žablje,Ajdovščina,0.48373735204593765,6018.155186216693
10144922,Šmartno ob Paki,Šmartno ob Paki,1.0,0.0
10117917,Plešivo,Brda,0.4150108599235577,3686.4724667173646
10087210,Bezuljak,Cerknica,0.49401702064200337,5793.855318976763
10123615,Stara vas,Postojna,0.9293216252812243,2109.820722993511
10106095,Konc,Celje,0.14245468480135676,21477.42036989807
10086396,Lokrovec,Celje,0.777824342323574,3838.651818746914
10087392,Gora,Cerknica,0.3016397942258182,9686.291887166204
10134692,Slovenske Konjice,Slovenske Konjice,1.0,0.0
10096561,Ledine,Idrija,0.2383629090948342,9072.65741405438
10090733,Gabrje pod Limbarsko Goro,Ljubljana,0.28884119956694426,28254.16197911793
10086485,Parož,Velenje,0.14564553110552073,15980.540189385512
10117984,Ravnica,Nova Gorica,0.7379672724412768,6905.106792003779
10092302,Straža pri Moravčah,Ljubljana,0.2813183208524262,27707.900063384484
10134897,Vešenik,Slovenske Konjice,0.7764393078142829,2143.4198896704825
10106311,Njivice,Radeče,0.36054656511397204,3524.358533208142
10144698,Kavče,Velenje,0.7853571519103267,3041.1862387099477
10134234,Dobrnež,Slovenske Konjice,0.6665494852499175,2789.311697294371
10134714,Spodnja Pristava,Slovenske Konjice,0.34102997429349835,5678.984316226797
10134242,Draža vas,Slovenske Konjice,0.30490408065257835,6141.039032170305
10123771,Zagon,Postojna,0.7538337286241095,4666.324273882303
20557532,Križišče,Sevnica,0.19700636644510866,10228.84954429186
10091454,Prilesje,Ljubljana,0.2715457365825863,33096.437522666725
10090946,Jelša,Ljubljana,0.276784100432519,32324.854793991803
10091209,Moravče,Moravče,1.0,0.0
10136083,Trnovec pri Dramljah,Šentjur,0.3066175427178606,5366.72511635168
10122465,Mihovci pri Vel. Nedelji,Ormož,0.6521956467003168,3651.5269005398445
10084130,Grivče,Ajdovščina,0.9072537252960192,1874.5505899773555
10126916,Mišače,Radovljica,0.420963564319018,5705.515174691184
10103134,Preddvor,Preddvor,1.0,0.0
10121990,Žužemberk,Žužemberk,1.0,0.0
10087155,Babna Polica,Ljubljana,0.19243281261703227,58942.71619355334
10144051,Vrhtrebnje,Trebnje,0.4477410922886674,4970.625544802472
10138329,Babna Brda,Šentjur,0.12913364972808097,11600.515684326436
10094909,Plešivica pri Žalni,Grosuplje,0.34996549790100606,5096.858359364103
10128609,Nova Štifta,Ribnica,0.25223084599338286,6824.457083218012
10120241,Malenska vas,Mirna Peč,0.5551363152071518,1450.421976829333
10119537,Goriška vas,Novo mesto,0.3011054450158039,10822.583327551878
10120578,Plemberk,Novo mesto,0.7023952085264046,6839.9248130348815
10121205,Stopiče,Novo mesto,0.7432621254288518,6095.924438303816
10104815,Mikote,Krško,0.2361966824279602,12940.385989708111
10085659,Stara vas-Bizeljsko,Brežice,0.2814958064530332,13709.379774026918
10094488,Mala Račna,Ljubljana,0.3485327639858626,25178.898566248914
10144078,Zabrdje,Trebnje,0.23558459525797837,7194.0570834171
10101816,Kubed,Koper,0.5137381330914883,14027.97314970759
10102219,Stepani,Koper,0.5032548215641923,12309.003448556761
10101506,Črni Kal,Koper,0.44494238739964054,14168.484608412446
10101484,Čentur,Koper,0.746598062312762,7762.014418025287
10132304,Zazid,Koper,0.3382833594750344,21109.07831686146
10129583,Ledina,Sevnica,0.6043099576900473,4187.671057576704
10140102,Sveti Štefan,Šmarje pri Jelšah,0.2082771790455489,6976.155811990572
10138469,Brezje pri Lekmarju,Šmarje pri Jelšah,0.313665497054887,5273.985684827533
10089433,Lokve,Črnomelj,0.800955396257218,3338.865864269686
10090199,Talčji Vrh,Črnomelj,0.64761456865393,5143.260013321598
10085578,Sela pri Dobovi,Brežice,0.8536372162057014,3388.1991173751126
10112931,Tomažini,Ljubljana,0.36690288192154596,28129.133558351143
10142938,Luža,Trebnje,0.40418350604461223,5229.900673540692
10143837,Trbinc,Trebnje,0.213939692114018,7551.234685180011
10142474,Gorenja vas pri Mirni,Trebnje,0.2560324646158517,7421.191450559335
10102367,Zanigrad,Koper,0.4103224900221697,17985.135950594948
10102391,Predloka,Koper,0.46441536847487314,14304.498152481894
10135192,Golobinjek pri Planini,Celje,0.10296834638487586,28238.380162767768
10089298,Kanižarica,Črnomelj,0.8552253816918396,3013.093371973147
10085519,Prilipe,Brežice,0.7513167389616242,5030.393406417771
10084954,Dobova,Brežice,0.6753708591275998,6053.350703479631
10085314,Mostec,Brežice,0.8456635580743079,3596.397408594492
10128650,Petrinci,Ljubljana,0.20769282503615283,45096.71558148077
10112036,Mački,Ljubljana,0.4051341124369793,28135.22590466936
10142016,Brinje,Šentrupert,0.5082770351113373,1058.076957760175
10105269,Senuše,Krško,0.48992362116578186,7389.117598505662
10131375,Mihele,Hrpelje-Kozina,0.4505484457440091,4669.281287735177
10135982,Šentjur,Šentjur,1.0,0.0
10134498,Mlače,Slovenske Konjice,0.17352669076180488,9242.004748709916
10124476,Janežovci,Ptuj,0.6077636253350827,6743.626685067374
10085063,Globočice,Brežice,0.6320002285852756,6493.081420317567
10085497,Poštena vas,Brežice,0.44870032024470036,8897.746672004261
10111340,Dednik,Ljubljana,0.3777531376221417,31778.768689363344
10143152,Občine,Trebnje,0.4490288442082212,4728.395839324958
10121345,Škrjanče pri Novem mestu,Novo mesto,0.9069786808459216,3128.1072834890874
10105757,Ženje,Krško,0.5124756236523359,6986.792286905677
10097703,Cetore,Koper,0.35317204068630276,10433.872449866174
10096740,Predgriže,Ljubljana,0.19277435263953455,46606.38849700659
10096421,Idrijski Log,Idrija,0.23322668157354978,9358.640951226447
10096294,Črni Vrh,Ljubljana,0.18122054919083042,48835.57182141756
10135923,Stopče,Šentjur,0.6680528263940099,2628.2355051926866
10124131,Dragovič,Juršinci,0.7240728926843701,1478.842471453349
10125251,Sakušak,Juršinci,0.3511861844386252,3586.0125395944483
10139619,Rogaška Slatina,Rogaška Slatina,1.0,0.0
10104963,Planina v Podbočju,Brežice,0.2512086389407088,15718.135938876176
10084822,Bušeča vas,Brežice,0.4565196273104291,8386.179359114723
10097304,Podgraje,Ilirska Bistrica,0.4185345405492432,10619.8237625367
10087147,Andrejčje,Ljubljana,0.27513893147452745,37583.420321986356
10112389,Podulaka,Ljubljana,0.2805486367406254,29564.986531965187
10112150,Opalkovo,Ljubljana,0.2838678064564459,29987.017290279833
10142784,Korenitka,Trebnje,0.33485369404218096,5970.36282504908
10142997,Male Dole pri Stehanji vasi,Ljubljana,0.1892441458711974,40969.29312179225
10144108,Zagorica pri Čatežu,Trebnje,0.17221848848837917,10035.255192546254
10143969,Veliki Videm,Trebnje,0.19187047116571618,8955.38074994884
10143012,Mali Videm,Trebnje,0.24738965170505187,7497.614853511481
10100232,Mlaka pri Kočevju,Kočevje,0.8028266472176353,3259.0085889676093
10100186,Mahovnik,Kočevje,0.9490061280790494,1568.3099537627852
11024173,Dole,Šentjur,0.6028251627445335,2788.502589830679
10124484,Janežovski Vrh,Ptuj,0.5202928677609001,8361.65635080953
10114357,Drašiči,Metlika,0.5537372130348849,4663.892562292757
10114209,Bojanja vas,Metlika,0.38985892439102227,6166.10851597754
10085187,Kamence,Brežice,0.36703149883101477,11984.285655652024
10085683,Velika Dolina,Brežice,0.46699288543067985,10532.04771471588
10111749,Jakičevo,Ljubljana,0.28817414080906567,28460.400341115703
10111218,Brankovo,Ljubljana,0.30427969914760594,30020.281619593985
10112648,Sekirišče,Ljubljana,0.4510954772378743,26655.027718662954
10143845,Trebanjski Vrh,Trebnje,0.2705035858274942,7554.5135061553865
10129222,Dolnje Impolje,Sevnica,0.20056307717807756,10600.540710134785
10135214,Gorica pri Slivnici,Šentjur,0.35047139306553843,5743.526754614851
10134005,Zgornja Nova vas,Slovenska Bistrica,0.37658253656405044,7003.600996738686
10133904,Videž,Slovenska Bistrica,0.5374559273371002,4366.877424665136
10140366,Žahenberc,Rogaška Slatina,0.24534446434246568,10681.054920903722
10114519,Krašnji Vrh,Metlika,0.3015961151422961,8007.266857092724
10112281,Podkogelj,Ljubljana,0.3095040134394624,32442.32033864335
10143268,Potok,Trebnje,0.18872532996529817,8957.241582681752
10100330,Nove Ložine,Kočevje,0.46670144520183066,6570.841613616601
10134048,Zgornje Prebukovje,Slovenska Bistrica,0.384814895086816,6768.904075852029
10133602,Sevec,Slovenska Bistrica,0.30975473691499034,6646.750122671779
10089042,Fučkovci,Črnomelj,0.33984932854017497,11155.512872537442
10128072,Breg pri Ribnici na Dol.,Ribnica,0.8085685906103068,1977.629700591441
10141877,Babna Gora,Trebnje,0.18707278523252518,8788.312472441492
10142172,Dobrnič,Trebnje,0.36678883161944176,5611.672428822506
10143829,Štefan pri Trebnjem,Trebnje,0.8391190269497664,1876.679415239502
10105102,Raka,Krško,0.265040586970069,11913.222816467623
10105064,Pristava pod Rako,Krško,0.21568473072166017,13855.721951238414
10135303,Jakob pri Šentjurju,Šentjur,0.5113719392006019,3924.3792558754635
10138418,Bodrež,Šmarje pri Jelšah,0.30567230302546766,4881.5379162504505
10114799,Zemelj,Metlika,0.27616490604268107,6939.403473215025
10130859,Gornje Vreme,Divača,0.18823591411755794,8115.918413748751
10095824,Vrbičje,Ljubljana,0.3888525878340517,22448.53907732364
10128587,Maršiči,Ljubljana,0.24715555127113892,36922.58032159095
10143527,Roženpelj,Trebnje,0.2737846754818133,7130.419459473778
10143438,Replje,Ljubljana,0.16847701200973958,43456.99152069629
10120543,Paha,Novo mesto,0.5179421867677171,9174.230872221984
10139040,Kozje,Kozje,1.0,0.0
10123143,Dolnja Košana,Postojna,0.15592117100962727,19877.02615150711
10100950,Stari Breg,Kočevje,0.3397877942040828,10253.427456850071
10101271,Željne,Kočevje,0.7400749323739632,4101.875289070335
10141885,Beli Grič,Mokronog-Trebelno,0.2836011191104567,2356.377967562316
10121582,Veliki Slatnik,Novo mesto,0.7191118451660279,6385.81254102271
10135087,Bukovje pri Slivnici,Šentjur,0.2252868184594792,8298.747103221982
10140315,Zgornje Sečovo,Rogaška Slatina,0.665624312958422,4277.385411928601
10139589,Ratanska vas,Rogaška Slatina,0.8435166123135581,2490.1696949200855
10125359,Slape,Ptuj,0.2639243940053305,14561.282573250335
10125197,Ptujska Gora,Ptuj,0.2836631817930856,12728.439696730771
10104769,Mali Kamen,Krško,0.35729161930725284,10005.888827661805
10123356,Matenja vas,Postojna,0.7013050027673321,5078.28181098105
10121264,Suhor pri Dol. Toplicah,Dolenjske Toplice,0.34933796322033706,3104.7009862612194
10128099,Breže,Ribnica,0.5437223765266227,3626.286678904734
10120985,Sela pri Ajdovcu,Novo mesto,0.22754048126578894,16088.234880131879
10119561,Gornji Ajdovec,Novo mesto,0.21923021874453125,16078.402186364137
10101328,Babiči,Koper,0.725995502041286,8419.102897388982
10106648,Škofce,Celje,0.1400169031666868,21852.18408580143
10123194,Gradec,Pivka,0.42164584635214647,2865.111090090248
10123364,Nadanje selo,Pivka,0.22638991506938183,5261.037462600893
10123135,Šmihel,Pivka,0.31335646912608117,4087.9079847907815
10094682,Malo Mlačevo,Grosuplje,0.5913950172079243,2890.6118310872566
10120594,Plešivica,Ljubljana,0.19358333668044783,45984.06341501073
10121159,Srednji Globodol,Novo mesto,0.25464326194817294,14849.06024922432
10101875,Manžan,Koper,0.8084889682936552,6125.118533149027
10101697,Kampel,Koper,0.88595039079592,4020.8190840864045
10129761,Orešje nad Sevnico,Sevnica,0.47950560731025527,5423.8721642396795
10124158,Dravinjski Vrh,Ptuj,0.41493160632095927,9331.016056433615
10125936,Zgornji Leskovec,Ptuj,0.36301090989785734,15029.471634895333
10123283,Koče,Postojna,0.4922730047374589,7733.309848906493
10131324,Markovščina,Hrpelje-Kozina,0.23347272800879554,8903.964882914679
10121051,Sela pri Zajčjem Vrhu,Novo mesto,0.5485077561222004,9864.088488818536
10096812,Srednja Kanomlja,Idrija,0.48766842233031243,5724.063644859802
10096863,Trebenče,Cerkno,0.7424441579324499,2333.926329698914
10103908,Brod v Podbočju,Krško,0.2345614177817187,12230.483135971324
10104025,Dobe,Kostanjevica na Krki,0.4285914940421112,1976.6588421868778
16925209,Zalči,Ilirska Bistrica,0.4871067870327295,8139.486406155939
10137918,Škofja Loka,Škofja Loka,1.0,0.0
10120675,Podturn pri Dol. Toplicah,Dolenjske Toplice,0.559758643086969,2134.871835921021
10118590,Bušinec,Dolenjske Toplice,0.3574452093195014,3464.1833634326726
10138221,Zminec,Škofja Loka,0.37356872077277187,4478.27556164878
19815625,Dolenje Nekovo,Kanal,0.3338411035895056,5547.050265244506
19812111,Goljevica,Nova Gorica,0.37545769646029936,17594.923329342077
19814831,Močila,Kanal,0.3188487328814077,4709.81119869563
10117003,Anhovo,Kanal,0.34298581187909133,4257.482060761447
11024157,Zgornja Orlica,Ribnica na Pohorju,0.20307126067646467,3433.002563431106
10110840,Srednje Gameljne,Ljubljana,0.7382161119811833,9530.163042234319
10092523,Sv. Duh,Dravograd,0.4003078737944575,5921.579857635357
10139279,Ortnice,Podčetrtek,0.10476830094969707,8344.121216421949
10141133,Podmelec,Tolmin,0.4427971380178628,9564.569181573226
10088801,Črešnjevec pri Semiču,Črnomelj,0.21074903293977573,11122.376037758862
20006927,Kot pri Damlju,Črnomelj,0.15536010812951667,22211.000496404264
20007478,Sovinek,Semič,0.24811046221808883,2815.1535613977057
10101573,Fijeroga,Koper,0.6602937439729354,9900.328156944704
10101409,Boršt,Koper,0.6104039693740339,12529.83908300744
10148057,Spodnja Korena,Maribor,0.3747641675857293,14270.372002364298
10105501,Velika vas pri Krškem,Krško,0.5401920842550203,6348.213961619655
10090237,Trebnji Vrh,Črnomelj,0.26775726700671565,9113.577445114825
10102235,Šeki,Koper,0.37310393483498,23333.957502742076
10131707,Rakitovec,Koper,0.2928071146315393,26253.55290433269
10101921,Movraž,Koper,0.402318822077142,20739.097420205475
10092345,Dobovlje,Ljubljana,0.4341402874036595,17038.44838108681
10105218,Selce pri Leskovcu,Krško,0.6126310749180762,5824.806463777821
10104548,Kobile,Krško,0.5325598658381793,6905.307249334732
16568457,Štajerska vas,Slovenske Konjice,0.15796472878639153,9943.722993928064
10101158,Vas,Kostel,0.22449444019026835,1029.6025369788617
10089123,Gorenji Radenci,Črnomelj,0.15940602086620106,19828.501872123572
10088755,Butoraj,Črnomelj,0.7897028276426911,3944.1243537854334
10093350,Rodmošci,Gornja Radgona,0.21437594863090745,6237.291326886385
10088879,Dečina,Črnomelj,0.14206732811477335,21333.214513938132
10089808,Prelesje,Črnomelj,0.14872682993392605,20152.949845273488
10089387,Kovačji Grad,Črnomelj,0.17089014073938844,20861.774783410034
10105935,Dol pri Laškem,Celje,0.11756983363251715,26102.941715075234
10118999,Dolenji Maharovec,Novo mesto,0.25684677900389885,14425.168485846922
10118875,Dolenje Gradišče pri Šentj.,Novo mesto,0.31364760570417766,13093.855484976597
10088968,Dolenji Suhor pri Vinici,Črnomelj,0.3471037904326963,11593.44794031248
10089131,Gorica,Črnomelj,0.1688002909357392,20164.919578235647
10089549,Miliči,Črnomelj,0.2040312868393059,18181.414061989017
10089689,Paunoviči,Črnomelj,0.1801817339696091,20143.060859956677
10092272,Žiče,Ljubljana,0.29443245502386844,20993.45101391181
10117526,Kojsko,Nova Gorica,0.5421264403906844,11438.808294058816
10117399,Gradno,Brda,0.32829493621136174,4331.292067893145
10093201,Orehovski Vrh,Gornja Radgona,0.3978516384237965,3946.184183594328
10103576,Zabukovje,Kranj,0.6676243248459462,5327.248426053066
10098947,Stebljevek,Ljubljana,0.25208468570285575,32062.671550153147
10092612,Apače,Apače,1.0,0.0
10092582,Vič,Dravograd,0.6369701043015938,3373.9300578609605
10098246,Gradišče v Tuhinju,Ljubljana,0.2606321920302415,33171.08585091249
10091349,Pogled,Ljubljana,0.2744266861206688,27507.14994231061
10090601,Češnjice pri Moravčah,Moravče,0.36117158026786117,1217.5791715885591
19813509,Krstenica,Kanal,0.6750647507728189,2285.0045725846035
10113903,Vogričevci,Ljutomer,0.17951227441430131,8389.193698582227
10141249,Robidišče,Tolmin,0.11923657944953148,33565.15732569838
10141419,Strmec na Predelu,Bovec,0.21446284661891196,13797.587876157419
10115540,Berkovci,Murska Sobota,0.25747422893784305,17638.870661701512
10092485,Podklanc,Dravograd,0.6340043564239618,2832.172093970127
10148944,Vukovski Vrh,Maribor,0.6159556014792702,11407.997402225601
10116635,Rankovci,Murska Sobota,0.6221544383546032,6235.587181000589
10103525,Viševca,Kamnik,0.34676422772409304,6859.059254452931
10098190,Gmajnica,Komenda,0.5322046405709862,685.2581898410851
10140412,Bavšica,Bovec,0.40694171136303114,8201.551756164048
10140927,Lisec,Tolmin,0.2621202848717223,15183.895054158813
10098017,Zabreznica,Žirovnica,0.4000360986346392,1320.3845275512986
10115841,Gederovci,Murska Sobota,0.43005944142151725,8970.674992893302
10148367,Drankovec,Maribor,0.5444763082099218,13630.3919667537
10110114,Češnjica,Ljubljana,0.7261480582681251,10798.297194196886
10096901,Zakriž,Cerkno,0.671782170808056,2775.6565072126346
10141079,Obloke,Ljubljana,0.1614899861400979,67061.09027576451
10126614,Brod,Bohinj,0.8707477567750156,2015.021092012806
10127386,Studor v Bohinju,Bohinj,0.4062370763376807,6678.846876971344
10127033,Perniki,Jesenice,0.16443418401553359,14160.379390420923
10103177,Pšenična Polica,Cerklje na Gorenjskem,0.6649898375126984,1151.039699121823
10141141,Polje,Tolmin,0.1781356229617296,18980.308989286146
10125227,Rjavci,Ptuj,0.17774508519334997,18480.77573130073
10103347,Stiška vas,Ljubljana,0.2383332596106825,29932.943810268138
10127220,Savica,Bohinj,0.8282336979022866,2398.5955990320276
10092434,Libeliče,Dravograd,0.2302201546817416,9808.382179339971
10098602,Okroglo,Kamnik,0.3607820304925353,7602.817914264302
10141435,Sužid,Kobarid,0.7244253529621515,2809.114113599359
10141338,Smast,Kobarid,0.4689983590330748,4356.797211980515
10136873,Hosta,Škofja Loka,0.5305034916686415,2778.5258061575573
10110629,Goričane,Medvode,0.6022859635547805,1431.9406006283086
10098238,Gozd,Kamnik,0.3141829039607079,8693.618528563518
10099137,Vodice nad Kamnikom,Kamnik,0.5382812011204491,4951.206598678108
10116520,Pordašinci,Murska Sobota,0.2111656101085653,20604.3366447164
10107199,Krivi Vrh,Maribor,0.20426821622984395,24895.709488798406
10110769,Selo pri Vodicah,Ljubljana,0.4511683340231826,15254.098986622115
10140587,Gabrje,Tolmin,0.848093478517044,3789.5389130705653
10148219,Za Kalvarijo,Maribor,0.9918008260363074,1229.1268031842892
10133459,Podgrad na Pohorju,Slovenske Konjice,0.12536856122985243,12194.31735508366
10099242,Zgornji Motnik,Ljubljana,0.1526845057435425,44633.16811537253
10118913,Dolenje Kronovo,Novo mesto,0.40967752823299713,10765.983999509222
10137888,Sv. Barbara,Ljubljana,0.3153065313606522,27379.507723819133
10121426,Tomažja vas,Novo mesto,0.23148353688351606,15478.369896739729
10109639,Ščit,Litija,0.3515898161617797,7650.851550498217
10109680,Šumnik,Ljubljana,0.16190735156748065,47617.70869696559
10132908,Gabernik,Slovenska Bistrica,0.3134482271804773,6790.494202670116
10096138,Krnice,Trbovlje,0.2208160810188722,10303.339604907638
10109949,Zavrstnik,Litija,0.7884670023908336,2431.252708737067
10095875,Zagorica,Dobrepolje,0.45354642053135297,1948.5790947157702
10094046,Gabrje pri Stični,Ivančna Gorica,0.6378033120185379,2765.9103793752092
10108349,Cerovica,Litija,0.4438591138310094,6282.738497715138
10109361,Ravne,Ljubljana,0.15912912005255647,45637.288110194975
10095859,Vrhpolje pri Šentvidu,Ivančna Gorica,0.8561597302188941,1525.2053092651763
10109892,Zagozd,Ljubljana,0.1464348582924075,54889.33299976544
10108322,Bukovica pri Litiji,Litija,0.2657567151889913,10213.384056334471
10095441,Temenica,Ljubljana,0.19247686789509547,37887.986905074555
10095956,Znojile pri Krki,Ivančna Gorica,0.275662175255762,6568.406587896947
10133467,Pokoše,Slovenska Bistrica,0.4403684737006049,4792.8775713591485
10109868,Vovše,Ljubljana,0.24092951670928334,38526.49798202641
10119529,Goriška Gora,Novo mesto,0.14247752938658084,21416.005374013665
10119731,Hrastulje,Škocjan,0.8321673151857946,673.8502627952398
16358363,Bogenšperk,Litija,0.4510573648294517,6152.73346202386
10108250,Bitiče,Litija,0.34452778458078587,7706.764963865118
16366161,Kumpolje,Ljubljana,0.14984905920408886,52773.692833445835
10100445,Paka,Ljubljana,0.251329477662268,42090.58651462216
10108420,Dolnji Vrh,Ljubljana,0.18244891033634503,42496.5911886983
10109159,Pečice,Ljubljana,0.14455391070188015,53849.55271434881
10095271,Spodnja Draga,Ivančna Gorica,0.7033804666874853,2324.1673661554037
10133599,Sele pri Polskavi,Slovenska Bistrica,0.28610870188073745,6261.274314600345
10094291,Kamno Brdo,Ljubljana,0.31559077451621964,29688.66608237504
10094984,Podsmreka pri Višnji Gori,Ivančna Gorica,0.3218671559488136,4942.458453028081
10093872,Cesta,Dobrepolje,0.5883291247619312,1401.299020563965
10100194,Mala Gora,Kočevje,0.5357046946111297,6056.729040040805
10108535,Zgornji Log,Litija,0.7596670094459673,3062.5291867610044
16366200,Pogonik,Litija,0.5179665853876134,5190.08338854583
16361399,Sopota,Ljubljana,0.12230753178133855,54814.91672825616
10108934,Leše,Litija,0.24119567077506504,10558.24834999396
10094283,Kamni Vrh pri Ambrusu,Ljubljana,0.2317254428085732,43161.2352661674
10120519,Osrečje,Novo mesto,0.22047891732031816,15290.151111250325
10109124,Obla Gorica,Litija,0.23271931627938483,10959.643457802991
10108799,Klanec pri Gabrovki,Ljubljana,0.1611953702785562,48775.61965139929
10095867,Zaboršt pri Šentvidu,Ivančna Gorica,0.2790776358803377,6171.269106029709
10096227,Turje,Trbovlje,0.18053963789054522,11050.354058700226
10095697,Veliki Korinj,Ljubljana,0.2551396446277086,38714.09661408636
10108373,Čeplje,Ljubljana,0.1597372909850119,49257.855192898416
10109256,Preska nad Kostrevnico,Litija,0.31970891805055857,8767.617629844806
10109205,Poljane pri Primskovem,Litija,0.1760963829689434,13373.721223030858
10087589,Kozarišče,Ljubljana,0.17841376882794122,55891.425502401034
10139333,Plat,Rogaška Slatina,0.5510304278805191,4902.276153745657
10142636,Gradišče pri Trebnjem,Trebnje,0.29728269949801744,6897.823737582092
10142091,Češnjevek,Trebnje,0.41566642199558046,5093.258240335116
10122295,Kajžar,Ljutomer,0.22918752853798344,7992.3425396018765
10120349,Mali Vrh,Mirna Peč,0.3559052768958637,2141.9117774172823
10129311,Gornja Stara vas,Novo mesto,0.15898057830851087,19984.670559257007
17603612,Zatrnik,Bled,0.15206698310727865,9878.440686818187
10095620,Velike Lese,Ljubljana,0.2325865713546696,36398.255217021615
10094704,Marinča vas,Ljubljana,0.23324979432413512,37413.04830015891
10099498,Cvišlerji,Kočevje,0.8556515075184821,2923.7400303899094
10146038,Šentlambert,Zagorje ob Savi,0.21001330727414785,7139.122627608068
10139961,Tlake,Rogaška Slatina,0.299916758955912,8899.227338531815
10146828,Podvin pri Polzeli,Velenje,0.14327644723109628,12772.16294810642
10093848,Brvace,Grosuplje,0.8206450408423379,1373.9650349878834
10105234,Senovo,Krško,0.46382293308767325,8004.172355748166
10106613,Suhadol,Trbovlje,0.16427393552340075,11815.016536923707
10133220,Ložnica,Slovenska Bistrica,0.15083430409592408,11231.49450396046
10084199,Lozice,Postojna,0.13931427709496905,19796.891655802705
10112770,Srnjak,Ljubljana,0.40658956802367835,27534.614090391584
10112176,Osredek,Ljubljana,0.47442355493936716,23899.036405349205
10130158,Škovec,Ljubljana,0.09568338611581463,67387.64911283582
10128994,Zlati Rep,Ljubljana,0.27210975492792655,34758.4456674534
10132665,Završe,Velenje,0.16343246511685908,14783.867204204218
10132444,Mislinjska Dobrava,Slovenj Gradec,0.2827478661976947,8699.47406937694
10124867,Mezgovci ob Pesnici,Dornava,0.5758582693733365,1477.2692415444635
10125049,Pobrežje,Ptuj,0.6825595429570217,4855.437272246274
10087597,Kožljek,Cerknica,0.39023537089961663,6955.962680319917
10087376,Glina,Bloke,0.35601356312471377,1519.8728292911699
10119855,Jablan,Novo mesto,0.3515110555120227,9579.769389770283
10119430,Gorenje Polje,Dolenjske Toplice,0.34318206857953265,2660.3572253114385
10111013,Vodice,Vodice,1.0,0.0
10145856,Požarje,Zagorje ob Savi,0.263795136596901,6276.531816232667
10147468,Dravski Dvor,Maribor,0.28910137280658976,13728.339126144783
10139805,Spodnje Tinsko,Rogaška Slatina,0.14322321878628783,13953.474150182272
10117429,Grgarske Ravne,Nova Gorica,0.5426901525349656,12836.516629156242
10126185,Janževski Vrh,Maribor,0.22459952742512718,35374.62696960586
10124409,Grlinci,Juršinci,0.3220240764114622,3485.247652067764
10124719,Ločič,Ptuj,0.30646494768857224,12688.338044078146
10124590,Koritno,Majšperk,0.23457977065528274,3100.0699198222037
10125898,Zavrč,Zavrč,1.0,0.0
10087490,Hudi Vrh,Bloke,0.2072009946957884,2327.8563907863045
10119693,Hinje,Ljubljana,0.18460275809737844,52955.352028862886
10121663,Vinji Vrh,Novo mesto,0.25579794635349823,14669.674038411657
10105706,Zaloke,Krško,0.2986414061483628,10847.17167857471
10102502,Breg ob Savi,Kranj,0.5426641596025106,5429.807784056837
18700450,Retje nad Trbovljami,Trbovlje,0.540997428022858,4997.220254517958
10147166,Vrbje,Žalec,0.871191481203078,1289.5230910988003
16151106,Sv. Duh na Ostrem vrhu,Maribor,0.4169705439652186,25331.978393419467
10146704,Miklavž pri Taboru,Celje,0.10685640092489095,23755.089752859767
10123607,Stara Sušica,Postojna,0.1574695675133564,20043.30708518015
10145252,Podlipa,Ljubljana,0.3295930969484341,25644.544315099043
10145309,Smrečje,Ljubljana,0.341973253323076,27165.733262360056
10138132,Zadobje,Ljubljana,0.3479612097860331,32228.395662530686
10112214,Planina nad Horjulom,Ljubljana,0.36397876397983786,30345.420701732164
10084571,Zavino,Ajdovščina,0.2533168734348968,10199.36415127851
10132193,Veliki Dol,Sežana,0.2538820773354394,16146.461851988006
10130921,Griže,Sežana,0.4320528712227596,10708.72769111584
10084423,Slap,Ajdovščina,0.32136995661865436,7552.048195477816
10147930,Razvanje,Maribor,0.5035965624787779,7019.641095837465
10147557,Hrenca,Maribor,0.8058953200769661,6430.367183620315
10107474,Spodnji Žerjavci,Lenart,0.30896037051301073,5527.79006116206
10124450,Hvaletinci,Ptuj,0.19418489951518392,16086.738589400506
10115949,Ivanci,Murska Sobota,0.4255750026606583,9015.399121540042
10122538,Podgorci,Ptuj,0.2433182427467059,15977.0815438653
10114179,Logatec,Logatec,1.0,0.0
10099994,Koprivnik,Kočevje,0.17678951149634967,16146.667999174066
10104319,Gornje Pijavško,Krško,0.4929476707499709,6819.341099675144
10139163,Lipovec,Šentjur,0.21199628486245872,8024.013102169152
10111021,Vojsko,Ljubljana,0.5896782091418084,12419.28128482822
10091195,Mengeš,Mengeš,1.0,0.0
10110645,Koseze,Ljubljana,0.3841991754130021,16056.60396558953
10091900,Trzin,Trzin,1.0,0.0
10123305,Liplje,Postojna,0.27282558836975657,10343.731590280631
10087333,Dolenje Jezero,Cerknica,0.8426363548620499,2557.0893974450864
10088348,Unec,Cerknica,0.34315683966962196,6286.217395715811
10114055,Laze,Postojna,0.18412051919384556,12200.683669247468
10121531,Veliki Kal,Mirna Peč,0.28967351447863376,2683.9199946457757
10120276,Mali Kal,Novo mesto,0.3202085766063178,10847.024174684626
10143411,Rdeči Kal,Trebnje,0.22587635041667425,7955.906208168319
10121876,Zalog,Novo mesto,0.5682216157418797,6882.322056342628
10132894,Frajhajm,Maribor,0.27520946723850054,25775.76208326351
10147018,Stopnik,Vransko,0.2591899817449644,3119.284826628659
11024190,Brdo,Ljubljana,0.10715786662360428,53526.56199975274
10092167,Zgornje Jarše,Domžale,0.5509156952231692,2704.761705450931
10141664,Čeče - del,Trbovlje,0.5052597997262896,4810.198186826387
10147832,Planica,Maribor,0.3227509642809665,19801.07257793176
10132681,Bojtina,Maribor,0.20981843533688113,29999.12032181968
10147921,Ranče,Maribor,0.36313912804689136,17319.117890012152
10147662,Loka pri Framu,Maribor,0.2787717609002771,18873.098458418426
10087732,Lož,Loška dolina,1.0,0.0
10093538,Turjanci,Radenci,0.4601191577620804,2359.144357782672
10115558,Beznovci,Murska Sobota,0.3251336855611096,13303.759224635054
10097932,Potoki,Jesenice,0.39036913452675986,5707.38736177621
10144426,Podljubelj,Tržič,0.4051683659856649,4371.26177113904
10144493,Senično,Kranj,0.27248399145360963,11815.789184627809
10144400,Novake,Kranj,0.31672181782061776,11969.270126588319
10114144,Zaplana - del,Vrhnika,0.24642805870485313,8438.647061815558
10111897,Krvava Peč,Ljubljana,0.4722676480483141,25365.504415626063
10128668,Podklanec,Ljubljana,0.22192326508256227,41801.727982243676
10088194,Strmca,Ljubljana,0.27825391525508447,37016.19271191131
10096774,Spodnja Idrija,Idrija,0.6362959599959581,4036.615331499398
10139287,Osredek pri Podsredi,Krško,0.21685084270307972,14521.164328758157
10128684,Preska,Ljubljana,0.23123181143500207,38087.06551556499
10142482,Gorenja vas pri Mokronogu,Mokronog-Trebelno,0.20029218535772286,3001.27078301378
10123020,Sv. Peter,Koper,0.4906658428008804,13730.937058636304
10149274,Vurmat - del,Maribor,0.37827924040809996,28467.00764650174
10099048,Tunjice,Kamnik,0.624174832101984,3624.249389287212
10121736,Vrh pri Križu,Žužemberk,0.19833869239978028,5598.497542377817
10119090,Dolnji Križ,Žužemberk,0.22595692671788553,5163.832738464484
10140463,Bukovski Vrh,Ljubljana,0.149690365063322,70533.5174516357
10097738,Breg,Žirovnica,0.22650679104417193,2013.23018134038
10132355,Gmajna,Slovenj Gradec,0.8337738991192637,2912.2557129139404
10132657,Vrhe,Slovenj Gradec,0.44840624616158237,7128.626817776021
10144221,Brdo,Radovljica,0.22089648645186438,8478.592323788931
10112613,Rupe,Ljubljana,0.3796619257647311,30655.617026403608
10143888,Trstenik,Mirna,0.17881662875430884,1770.3908905494122
10125014,Planjsko,Ptuj,0.23571867488562334,17934.82714290284
10141770,Prapreče - del,Trbovlje,0.40041979925726046,5092.0372814161965
10120608,Podgora,Novo mesto,0.46444524803618586,7765.774121061078
10136423,Bukov Vrh,Ljubljana,0.3007156207179076,34328.307239787355
10134277,Gabrovnik,Slovenske Konjice,0.6290131991055273,2922.617585589083
10132835,Dobriška vas,Slovenske Konjice,0.28634078085189035,5897.695664738799
10134528,Ostrožno pri Ločah,Slovenske Konjice,0.13961022932978814,10822.069359708665
10134331,Klokočovnik,Slovenske Konjice,0.22335140676509052,7942.323135532996
10124140,Dravci,Ptuj,0.41289988281949697,12297.43259552895
10130590,Čipnje,Ajdovščina,0.2106276562701867,11313.765957761236
10083966,Brje,Ajdovščina,0.26735885099327167,9870.544158095901
10149231,Spodnja Selnica,Maribor,0.36253796209963557,11102.563038513428
10149088,Fala,Maribor,0.4162039020492205,15972.702893683329
10107725,Zgornje Verjane,Lenart,0.2231559204073346,5838.276255362183
10107415,Spodnja Senarska,Lenart,0.23501635969334117,5747.674266774859
10093449,Spodnji Ivanjci,Sveti Jurij ob Ščavnici,0.1231394986478371,5165.296964846076
10089573,Moverna vas,Črnomelj,0.318721647274259,8967.077426691849
10126452,Vuhred,Radlje ob Dravi,0.48331788764138384,4315.869529612024
10149118,Kumen,Lovrenc na Pohorju,0.3198034307428645,3241.6992618577347
10148863,Šomat,Maribor,0.39872696052238843,20545.469331783483
10125448,Spodnje Jablane,Ptuj,0.2565795361040907,14237.866625111048
10125111,Pongrce,Ptuj,0.23699426586167205,14706.18634537887
10130042,Skrovnik,Mokronog-Trebelno,0.2103360907452428,2970.3907323837616
10142504,Gorenje Jesenice,Mokronog-Trebelno,0.10560293077817842,4347.538576240935
10142245,Dolenje Jesenice,Mokronog-Trebelno,0.12578013917297462,3920.2952213391873
10135583,Planina pri Sevnici,Celje,0.10780231003542111,27589.529237876188
10131383,Misliče,Sežana,0.14883354565497955,23609.240618056312
10097142,Kilovče,Ilirska Bistrica,0.31211278367630874,10076.608440351625
10116406,Neradnovci,Gornji Petrovci,0.2337774047823161,5305.141188976531
10116937,Veščica,Murska Sobota,0.8643490600975814,3175.990782585575
10116511,Polana,Murska Sobota,0.7745719461807002,4173.515193966344
10115965,Ivanovci,Murska Sobota,0.3742393859883786,12199.912618918102
10107075,Gočova,Lenart,0.2263845939015572,5845.428011314324
10113253,Bodislavci,Ptuj,0.16300341120769082,22705.510318894736
10113695,Precetinci,Murska Sobota,0.13229209737023928,18159.240943278663
10093520,Terbegovci,Ptuj,0.1422198376739105,22117.594426188632
10093490,Stavešinski Vrh,Gornja Radgona,0.15010565961638445,7285.391958842032
10114241,Božič Vrh,Novo mesto,0.2913912127831904,16726.33554479155
10091080,Krtina,Domžale,0.4127747263162978,4337.3156192012075
10091225,Negastrn,Ljubljana,0.2899480627263238,26536.82137031213
10147999,Ruperče,Maribor,0.6313511391442166,9508.470858648709
10102987,Olševek,Kranj,0.316971364029888,9098.096771303883
10137489,Potok,Ljubljana,0.24284047613065488,47569.76470313337
10138205,Zgornja Sorica,Ljubljana,0.22272344169892566,51666.65390911434
10136482,Davča,Ljubljana,0.20667653764486063,53075.67838540332
10130271,Veliki Cirnik,Ljubljana,0.09385171588548742,64116.22178441124
18800942,Marinčev Grič,Ljubljana,0.25272614335291793,28687.734146951236
10148502,Kozjak nad Pesnico,Maribor,0.7636785580259327,7569.845131823378
10124077,Doklece,Ptuj,0.3371617789205636,12882.796989717186
10125278,Sela,Ptuj,0.5351342413010047,7379.280351394442
10124069,Dobrina,Ptuj,0.23318351752114103,19841.556868508374
10126070,Zgornje Gruškovje,Ptuj,0.3422655131838291,16377.988193337067
10126045,Spodnje Gruškovje,Ptuj,0.33540495140199234,12962.314703347618
10125260,Sedlašek,Ptuj,0.35140785638958394,15095.660854659396
10120900,Reber,Žužemberk,0.42925198897128114,3175.400814042369
10120063,Lašče,Novo mesto,0.138941067232737,21319.67437078085
10097762,Dovje,Jesenice,0.38954579746997325,9719.675769403582
10116902,Vaneča,Murska Sobota,0.4172329507473261,8839.416080075835
10140595,Gorenja Trebuša,Nova Gorica,0.147789676394034,33824.09303245903
10117615,Lazna,Nova Gorica,0.26265703282946107,24938.72876853629
10093678,Žihlava,Sveti Jurij ob Ščavnici,0.24762056244679145,3539.1157771866588
10127076,Poljče,Radovljica,0.5156992001347421,4713.377093026865
10126550,Bohinjska Bela,Bled,0.28722373172688526,6067.38668184738
10127718,Kot pri Prevaljah,Ravne na Koroškem,0.2243820493371229,8191.697729103956
10110670,Medno,Ljubljana,0.6215543069186115,9602.12772416596
10127696,Koprivna,Ljubljana,0.1341951399084371,74864.58756277047
10130662,Dolanci,Ajdovščina,0.19939649883278457,12319.458280010316
10084342,Podraga,Ajdovščina,0.1929258592605741,11435.366912306328
10085586,Silovec,Brežice,0.30199824627753996,11281.721307938698
10134129,Bezina,Slovenske Konjice,0.61733433376611,3074.317450374974
10133521,Prihova,Slovenske Konjice,0.17987120238934726,8490.388276733609
10084563,Vrtovin,Ajdovščina,0.3039624424111818,8445.5007461783
10084270,Otlica,Ljubljana,0.14275451403748088,62321.59710935698
10084156,Kovk,Ljubljana,0.14590720591469666,59714.61113350298
10103614,Zgornja Bela,Kranj,0.3538200146823909,8538.174545461674
10102499,Breg ob Kokri,Preddvor,0.28088972111707844,1929.777424249707
10132410,Legen,Slovenj Gradec,0.7813609027657835,3521.277063671704
10103355,Strahinj,Naklo,0.46517049421644735,1685.5171775843514
10149061,Činžat,Maribor,0.36264375297628004,19559.43832800597
10107539,Straže,Ptuj,0.2804538283174565,13421.037982038257
10102812,Sveti Lenart,Kamnik,0.2298077161744264,10155.680273355189
10110475,Volavlje,Ljubljana,0.47976127794415563,20932.986889190553
10145635,Kandrše - del,Ljubljana,0.22995185325897424,34888.20019819685
10096367,Gorenji Novaki,Ljubljana,0.20718809426954182,49285.01011012665
10112206,Pijava Gorica,Ljubljana,0.5127126453924332,14031.714970087163
10138116,Zabrekve,Ljubljana,0.24000696659318926,39373.22563700142
10115337,Spodnja Rečica,Rečica ob Savinji,0.5023584023235713,1396.8930609627703
10136130,Vejice,Sevnica,0.10217331092651023,15152.69847173641
10084008,Col,Ajdovščina,0.2800361241391946,9124.657341242142
10131642,Povžane,Hrpelje-Kozina,0.3785683167289892,5961.658256606411
10131154,Kozjane,Ilirska Bistrica,0.12649741517860164,20387.59980187468
10131448,Obrov,Ilirska Bistrica,0.13029974817939527,18572.76154950548
10131006,Javorje,Ilirska Bistrica,0.13782109529481992,18369.927624502
10136288,Zgornje Selce,Šentjur,0.22188863030907963,7206.9056197316495
10148740,Spodnja Velka,Maribor,0.33334442886589305,23420.386934526843
10092841,Ivanjski Vrh,Cerkvenjak,0.15856923400593975,3954.748318550016
10134544,Paka,Velenje,0.09627437284256939,20782.89232121539
10134684,Vitanjsko Skomarje,Zreče,0.15780060792248632,9556.353114821799
10134455,Ljubnica,Zreče,0.1821572576767951,7782.624338522259
10137284,Na Logu,Ljubljana,0.30148730163873416,31016.07355091234
10138183,Zapreval,Ljubljana,0.2751213225203457,37109.52936223281
10098866,Sovinja Peč,Kamnik,0.24967060012263037,10347.144956524182
10128749,Ravni Dol,Ribnica,0.3135968933858791,5866.65761519882
10136792,Gorenja Žetina,Ljubljana,0.2663754920373747,41907.688039915134
10096804,Spodnji Vrsnik,Ljubljana,0.22395120881814967,44240.182403127095
10136865,Hobovše pri Stari Oselici,Ljubljana,0.21454188107746486,44904.80180124031
10146160,Znojile,Zagorje ob Savi,0.1728247885417078,8703.415167695375
10124522,Jurovci,Ptuj,0.48812017918282424,8298.03967442702
10135460,Lažiše,Celje,0.14073002927099212,22056.282649706245
10107997,Hotiza,Lendava,0.3516398589283083,8581.2454234898
10113814,Stara Nova vas,Murska Sobota,0.2359134720399478,11552.794633588528
10115523,Bakovci,Murska Sobota,0.645956844581943,5658.941000619259
10115728,Dokležovje,Murska Sobota,0.4246183575908262,8026.37241744847
10113415,Globoka,Ljutomer,0.49718334297578626,4622.625003549063
10112567,Razori,Ljubljana,0.5274932992538442,7124.27844947474
10110777,Seničica,Ljubljana,0.44719162554624625,11767.727591660645
10134765,Spodnji Dolič,Velenje,0.10685053842081689,18147.71833469344
10086175,Kanjuce,Celje,0.263147089770152,13882.134822412694
10099528,Črni Potok pri Dragi,Ljubljana,0.21943982244582233,70552.25785455892
10119219,Gabrje,Novo mesto,0.4613699781694695,11551.532737865393
10114837,Bočna,Gornji Grad,0.15153526752494995,4540.278683825547
10086540,Prekorje,Celje,0.6787459731817261,5081.479665988827
10131189,Kregolišče,Komen,0.23617372192719713,4095.3750520393805
10120489,Orešje,Novo mesto,0.2253830806725148,14234.525409108182
10140498,Čiginj,Tolmin,0.7254199620019591,5168.809660710019
10113911,Vučja vas,Murska Sobota,0.30487597104031744,10279.749570857819
10096766,Reka,Cerkno,0.20450630418922255,7550.823347486947
10141397,Stopnik,Ljubljana,0.13600751371109002,67138.7569834484
10136644,Dražgoše,Ljubljana,0.21905028455375244,40646.274222673084
10126819,Koritno,Bled,0.6819068177162069,1867.1461330747684
10103622,Zgornja Besnica,Kranj,0.46823034911763795,8761.83744691218
10103274,Srakovlje,Kranj,0.632490222664172,4952.565054885597
10144299,Grahovše,Tržič,0.38056062062307017,4581.689985260366
10146453,Janškovo selo,Velenje,0.4070484710409578,7116.347267349585
10107342,Rogoznica,Ptuj,0.3570516959518117,11516.269225673606
10148197,Vurberk,Ptuj,0.37017693598651147,10577.164823217214
10090938,Javorje pri Blagovici,Ljubljana,0.2669238348949144,33916.89011144897
10099102,Veliki Rakitovec,Ljubljana,0.2833195697545247,32139.464190935483
10137497,Pozirno,Kranj,0.28178653226848,14465.550615782699
10145830,Polšina,Ljubljana,0.17948923640321368,39580.60885657673
10106133,Lahov Graben,Celje,0.10400440171000916,27551.293510520652
10130832,Gornje Ležeče,Sežana,0.14746484084283987,22377.73134022175
10123097,Buje,Sežana,0.13421055023453027,23218.698554935345
10123666,Suhorje,Sežana,0.1254471491547926,25374.251336189034
10123186,Gornja Košana,Postojna,0.1486638374025046,20589.3276218791
10123801,Žeje,Postojna,0.5337388155174074,7326.704156560387
16567400,Mala gora,Zreče,0.24419065567229212,6030.153018158211
16567485,Polajna,Zreče,0.26836563703230776,5482.524358238001
10127831,Podkraj,Ravne na Koroškem,0.5260991473872214,3491.315212610001
10127734,Leše,Ravne na Koroškem,0.12995455557091615,12443.001667106228
10122481,Obrež,Ormož,0.2952694277333698,8079.443413889366
10122945,Žvab,Ormož,0.27354619307713607,8249.629922928829
10127688,Jazbina,Velenje,0.08955361439323654,27099.65913584532
10090598,Češnjice,Ljubljana,0.28055968184228036,31589.848177838463
10086183,Kladnart,Celje,0.24423113312200814,14497.173206052468
10110696,Moše,Ljubljana,0.3393029701808657,18214.32229408328
10090644,Dobeno,Ljubljana,0.47618867907141177,16088.794920488417
10107121,Ihova,Maribor,0.1751502325667999,27753.598421618542
10093597,Zagajski Vrh,Maribor,0.18058734080239758,28430.404375201473
10107423,Spodnja Voličina,Maribor,0.24664219072018442,18516.13820487063
10107288,Nadbišec,Maribor,0.22936966061275374,20867.291741641206
10116732,Sotina,Rogašovci,0.3554182906860647,3487.7849019976197
10133718,Stari Grad,Rogaška Slatina,0.15694281485875564,13263.29465892589
10145147,Lašče,Ljubljana,0.31512044965181,26861.634735275173
10145473,Čolnišče,Zagorje ob Savi,0.4923654710586106,3641.1267506882778
10135320,Javorje,Šentjur,0.17977397457711572,9764.010066429759
10135826,Repuš,Celje,0.12508398516648025,22710.433534092095
10135362,Jezerce pri Dobjem,Šentjur,0.18563998939378645,9605.545922434136
10117933,Potok pri Dornberku,Nova Gorica,0.2993034874438926,14644.394707418203
10117283,Dombrava,Renče-Vogrsko,0.4976492588105873,2045.7228954368325
10118042,Sela na Krasu,Nova Gorica,0.2565723931662722,21444.887461875696
10088224,Ščurkovo,Ljubljana,0.28581033680419665,37441.974268493075
10121132,Srednje Grčevje,Novo mesto,0.47463492648357425,10150.087837028093
10117186,Brezovk,Nova Gorica,0.3024568267935284,26131.367830481784
10093457,Spodnji Kocjan,Radenci,0.1810103358292734,4599.884747948966
10093309,Rački Vrh,Radenci,0.22689142403353935,4116.735865337088
10124174,Drbetinci,Sveti Andraž v Slov. goricah,0.26145465939108736,1327.5053179250772
10107504,Stanetinci,Cerkvenjak,0.700139827607974,1067.7959780559854
10113717,Pristava,Ljutomer,0.5555097206268461,3934.6983194162785
10115850,Gerlinci,Murska Sobota,0.20406582621164499,20522.35912419899
10107881,Dolga vas,Lendava,0.946923147955948,2049.0137738267736
10141354,Srpenica,Bovec,0.22266133664595333,9769.92257898477
10122678,Senik,Ormož,0.2544090932351006,8307.637344141536
10124786,Mala vas,Ptuj,0.3318728605138226,12889.241242192933
10145023,Bevke,Ljubljana,0.47976637206095696,15007.948613934492
10113008,Velike Lašče,Velike Lašče,1.0,0.0
10103673,Zgornji Brnik,Cerklje na Gorenjskem,0.6200639777162182,1197.3888725514469
10110637,Hraše,Ljubljana,0.3790514229435889,17007.838659791963
10087759,Mahneti,Cerknica,0.33660733362528744,8928.35153077044
10087872,Osredek,Ljubljana,0.2925492748016645,39408.91763285783
10087538,Jeršiče,Ljubljana,0.2842896281719889,36425.78951775943
10141745,Ostenk,Trbovlje,0.5598326472153095,4023.3072090701667
10141729,Knezdol,Trbovlje,0.3426490948564787,7301.805769157998
10127416,Vošče,Radovljica,0.570749386697638,4929.765703112582
10126924,Mlaka,Radovljica,0.21612221646282925,9957.134366830458
10084512,Višnje,Ajdovščina,0.21087370379382714,11022.676117298675
10118638,Čelevec,Novo mesto,0.1820204192863509,18369.025001602684
10143616,Srednje Laknice,Mokronog-Trebelno,0.13488814453360415,3959.592451807065
10092256,Žeje,Ljubljana,0.36150262639778497,19810.48073496674
10092051,Vrhovlje,Ljubljana,0.2841838206596174,22725.416522684023
10139210,Močle,Šmarje pri Jelšah,0.4451002663779015,3631.3885085405877
10098360,Komendska Dobrava,Kamnik,0.24904445160779462,7186.339589809877
10126118,Brezno,Podvelka,0.8813464625141769,1061.9765877624527
10120667,Podstenice,Novo mesto,0.17338853916288027,23061.046392550852
10099765,Grintovec pri Osilnici,Ljubljana,0.19366502945906325,82521.15481287637
10099854,Kaptol,Kočevje,0.24161700891121302,15239.811635945758
10099340,Ajbelj,Kočevje,0.2281172640719883,15979.33600992593
10110149,Dolsko,Ljubljana,0.4896970521626696,15604.252073975325
10110190,Klopce,Ljubljana,0.4974923533859549,18890.9772157864
10119189,Družinska vas,Novo mesto,0.3998976498788324,10796.154122800646
10086671,Rupe,Celje,0.37110284688297357,10507.803738695191
10095778,Vino,Ljubljana,0.4818808126223018,17526.44778258114
10111510,Golo,Ljubljana,0.5720306271972535,17951.36918743538
10121515,Veliki Ban,Novo mesto,0.15945973624101684,20885.26425051197
10145791,Padež,Ljubljana,0.14107198255305525,50516.78855072753
10105889,Čimerno,Trbovlje,0.15440629763621008,14457.0338912242
10106508,Rudna vas,Radeče,0.23417815305912026,4827.406116967773
10130140,Šentjur na Polju,Sevnica,0.2244555673993574,8506.306363229289
10099919,Koblarji,Kočevje,0.6033462295923041,5229.385594016391
10102898,Milje,Kranj,0.5799561088917208,5222.343894949508
10120101,Leskovec,Novo mesto,0.4907004445553787,10095.599214722983
10147069,Šešče pri Preboldu,Žalec,0.318283498100248,4941.103440095009
10146216,Breg pri Polzeli,Polzela,0.2662753471692208,1554.1918534323897
10105897,Debro,Celje,0.4248881637217502,7473.697732256007
10111331,Črni Vrh,Ljubljana,0.41969154814320775,26677.08110090979
10113156,Žažar,Ljubljana,0.3669115670480289,22407.519131667883
10090822,Gradišče pri Lukovici,Lukovica,0.3796668731759491,1671.8245640446407
10111323,Črna vas,Ljubljana,0.8403581180417089,7481.679444866163
10145970,Rtiče,Ljubljana,0.1416672725756057,49717.942626364704
10147298,Zgornje Grušovlje,Žalec,0.2646047772708882,5819.265461295361
10084695,Bizeljsko,Brežice,0.19093360098789441,17147.876271059566
10111170,Belica,Ljubljana,0.6132471513068621,14829.702185845901
10131537,Petrinje,Hrpelje-Kozina,0.26841421591409304,6569.109123744735
10091390,Preserje pri Zlatem Polju,Ljubljana,0.28017867216937886,24799.93439419387
10134749,Spodnje Laže,Slovenska Bistrica,0.10242505301358501,13478.715626327412
10140153,Vojsko,Krško,0.21416972712020824,14041.89694134792
10140005,Trebče,Krško,0.09948563699816323,22429.36291611477
10131839,Senadolice,Sežana,0.46989493717833813,8827.51487088998
10138566,Čača vas,Rogaška Slatina,0.5983548305495661,4768.231675041963
10134030,Zgornje Poljčane,Poljčane,0.2992192434957597,1662.7238160158556
10133688,Spodnje Poljčane,Poljčane,0.7558825524199767,616.7118305222817
10137608,Reteče,Ljubljana,0.35693032647124745,17099.357467549482
10134960,Zgornje Laže,Slovenska Bistrica,0.14826910884712424,11534.01783597453
10139295,Pecelj,Podčetrtek,0.14388285897437353,7101.028461755867
10099684,Gorenja Žaga,Ljubljana,0.169509679556265,79320.43573303703
10101336,Barizoni,Ankaran,0.4967951211094566,2430.116039815097
10120691,Poljane pri Mirni Peči,Trebnje,0.23951367889877676,7152.034209293047
10112869,Ščurki,Ljubljana,0.4555851785926581,23570.719303216774
10100542,Podstene,Kočevje,0.16877567530608856,17478.529962618777
10132525,Slovenj Gradec,Slovenj Gradec,1.0,0.0
10102553,Cerklje na Gorenjskem,Cerklje na Gorenjskem,1.0,0.0
10136750,Gorenja Dobrava,Gorenja vas-Poljane,0.47973566438410326,2186.600890650401
10145775,Orehovica,Zagorje ob Savi,0.16184948254442036,8477.273028359476
10134811,Suhadol,Slovenske Konjice,0.22855214137070698,7780.235462346886
10131022,Kazlje,Sežana,0.4648421536704599,9788.37907930104
10138086,Volaka,Ljubljana,0.21884044329616625,41337.02994402687
10106214,Lože,Celje,0.14443116873097916,20358.314033342333
10086248,Lahovna,Celje,0.7434647011468649,4362.542400209852
10117291,Dornberk,Nova Gorica,0.2986766918952228,14300.355046301254
10103479,Trstenik,Kranj,0.38745238411114696,9691.056107686047
10137276,Murave,Ljubljana,0.26741935731803235,38785.97992361708
10106001,Harje,Laško,0.5338194925443387,3355.618633522038
10147123,Velika Pirešica,Žalec,0.2980974150361639,5437.476505608768
10086744,Stražica,Celje,0.23284929055689965,13663.622751417435
10086019,Dol pod Gojko,Celje,0.20797502428549952,14447.010283123363
10117810,Nova vas,Nova Gorica,0.28808719075373257,17852.09899964814
10086337,Lipa pri Frankolovem,Celje,0.1639146846621396,16797.746375827493
10086892,Trnovlje pri Celju,Celje,0.7564904482677628,3919.8949272231716
10131677,Preserje pri Komnu,Komen,0.5860323407955158,1896.2935051563807
10111382,Dolenja Brezovica,Ljubljana,0.5455371948400887,17558.85969903717
10084121,Gradišče pri Vipavi,Vipava,0.5438120936244747,2010.078578789122
10084580,Zemono,Vipava,0.6288585938593021,1466.0937657455074
10084628,Hrašče,Ajdovščina,0.15746012050045333,12883.436605195518
10103703,Žeje,Kranj,0.38128911177361624,7834.445735036403
10137411,Podlonk,Ljubljana,0.24873770546626867,42423.34648394785
10086205,Koblek,Celje,0.37198356373454555,9674.294274162254
10122309,Kog,Ljutomer,0.22741506592234662,8776.320975543278
10117364,Gornje Cerovo,Nova Gorica,0.5284860188942498,12861.328487448904
10084458,Tevče,Ajdovščina,0.6221513298125888,4642.112136829174
10086965,Višnja vas,Celje,0.29932544354341406,10170.376193824713
10123623,Strane,Postojna,0.2528375004107174,14363.673593378498
19676811,Razpotje,Idrija,0.37906000541234514,7311.31417382697
10110297,Petelinje,Ljubljana,0.48858103673903636,15341.017811027403
10087198,Begunje pri Cerknici,Cerknica,0.8182990708643112,2680.55692985563
10088526,Župeno,Ljubljana,0.27446133367565695,31776.385368304218
10106702,Trnov Hrib,Celje,0.14558353807727908,18941.69937398298
10144736,Mali Vrh,Šmartno ob Paki,0.29098208634898215,1489.9597920474616
10087058,Dobrova,Celje,0.7461226720291538,4287.274058609249
10123291,Landol,Postojna,0.4174986665033784,9603.418151288975
10144558,Zgornje Vetrno,Kranj,0.23179308285924222,13729.425674445933
10106389,Plazovje,Laško,0.3335743453789076,5278.069452088725
10091187,Mali Jelnik,Ljubljana,0.28334280394005584,31074.358330175568
10086191,Klanc,Velenje,0.15231682265536822,13874.140831477245
10134820,Škalce,Slovenske Konjice,0.8063428186289779,1984.2159979626795
10087473,Hribljane,Ljubljana,0.23514607340497531,39939.461909924335
10087279,Cajnarje,Cerknica,0.24535903538685175,10949.141237163605
10087937,Pirmane,Ljubljana,0.2358133360274691,40066.36644263969
10096782,Spodnja Kanomlja,Idrija,0.45587664196395206,6000.337143587685
10091586,Selce pri Moravčah,Ljubljana,0.2914102871081085,28131.0903444484
10084440,Stomaž,Ajdovščina,0.5553893496520934,5644.4309311132465
10096332,Gore,Idrija,0.2959195275696815,7670.94353919122
10099099,Veliki Hrib,Ljubljana,0.2467119631217521,35032.75665433734
10098491,Mali Hrib,Ljubljana,0.24765801056571699,34873.99009927058
10146968,Ruše,Žalec,0.3444324650441013,4404.681537270184
10123631,Strmca,Postojna,0.40925189003319046,8917.461331353607
10123640,Studenec,Postojna,0.5673339224655145,7000.674869114505
10126673,Dvorska vas,Radovljica,0.624763752541154,3784.572464257701
10129702,Mrtovec,Sevnica,0.39900004605411016,6404.87016303326
10091420,Prevoje,Ljubljana,0.2678273754589405,33140.05394373399
10134218,Črešnova,Zreče,0.48849452334110577,3487.4498997621677
10135966,Svetelka,Celje,0.20916605116632828,13648.330998207086
10126665,Dobro Polje,Radovljica,0.45552011922030566,5036.033802514099
10127262,Spodnja Dobrava,Radovljica,0.2718087255274743,7952.062051538693
10129109,Breg,Sevnica,0.2801611245609379,7529.955640538812
10140242,Zastranje,Šmarje pri Jelšah,0.754882607986124,1913.7210125653244
10130441,Bač pri Materiji,Hrpelje-Kozina,0.41392751187023424,5479.680968812926
10119251,Golobinjek,Novo mesto,0.2702954787650815,12993.499260785515
10121485,Vavta vas,Straža,0.5410667749472728,1649.1281499475672
10129338,Gornje Impolje,Sevnica,0.20935975253036074,10324.364150939495
10105315,Spodnja Libna,Krško,0.7093723120927693,4186.437115240114
10097517,Topolc,Ilirska Bistrica,0.7842752416819446,3862.631165670775
10097045,Gornja Bitnja,Ilirska Bistrica,0.46186252557678475,7734.806330611862
10097207,Mala Bukovica,Ilirska Bistrica,0.7538534375971385,4665.34061242391
10095891,Zagradec pri Grosupljem,Grosuplje,0.44305233505995506,4059.4543394665648
10128536,Lipovšica,Ribnica,0.2502420324965644,6035.531663772363
10120039,Koroška vas,Novo mesto,0.60129196225013,8790.343447873072
10103959,Cirje,Krško,0.24732419744020318,12496.64329411429
10101689,Elerji,Koper,0.6228178697072826,8360.512050590747
10129206,Dolenji Boštanj,Sevnica,0.8062749061125754,2480.5984858564802
10139970,Topole,Rogaška Slatina,0.8927335688089508,1998.4916278120863
10138990,Kamna Gorca,Rogaška Slatina,0.6109870660065211,4354.866226799036
10139660,Sela,Podčetrtek,0.21682045263574692,5480.738188861955
10138876,Imeno,Podčetrtek,0.4329136018169158,3220.3265082172256
10085616,Spodnja Pohanca,Brežice,0.5167284341272014,5784.168172077341
10097274,Podbeže,Ilirska Bistrica,0.31243808444578974,12207.89996908647
10128692,Prigorica,Ribnica,0.5971022195100262,3512.5177637797087
10105412,Stolovnik,Krško,0.5711999861048372,6460.78515793623
10103827,Brestanica,Krško,0.719982054606942,4445.349577412973
10104904,Osredek pri Trški Gori,Krško,0.5938247926867949,6323.656309133216
10139368,Podčetrtek,Podčetrtek,1.0,0.0
10139031,Korpule,Šmarje pri Jelšah,0.8241552759917296,1492.4171258956355
10138663,Dragomilo,Šmarje pri Jelšah,0.3922905696099011,4273.860818346656
10085128,Gregovce,Brežice,0.2598690942624902,14672.510827742148
10084776,Brezovica na Bizeljskem,Brežice,0.22953689025410975,15610.963343086185
10112362,Podstrmec,Ljubljana,0.3004234660324548,34913.33005870931
10112583,Rob,Ljubljana,0.4132267150962051,26261.94907345716
10101832,Loka,Koper,0.4422731563570227,15609.537680460438
10088828,Črnomelj,Črnomelj,1.0,0.0
10085705,Veliki Obrež,Brežice,0.6076982840903081,7144.928667135842
10111161,Bavdek,Ljubljana,0.38783558988605327,27855.721194704733
10111137,Adamovo,Ljubljana,0.26927156055078616,30894.294586262702
10142440,Gorenja Nemška vas,Trebnje,0.696293466128204,2873.2052508427128
10128781,Sajevec,Ribnica,0.7329916037364202,2448.2555496450614
10100020,Križmani,Ljubljana,0.1898497987749106,78106.28428148635
10121302,Šentjošt,Novo mesto,0.7157859947957282,6601.168854803941
10104491,Jelševec,Krško,0.2543656319051588,12565.506580669722
10131766,Rožice,Hrpelje-Kozina,0.5015659604331661,4490.476481774443
10131057,Klanec pri Kozini,Hrpelje-Kozina,0.5126617286218649,3857.837636750649
10114284,Dole,Novo mesto,0.2640909433036015,17791.203707575452
10085144,Izvir,Brežice,0.4200669603094283,10271.761125414927
10087775,Markovec,Ljubljana,0.15700342878292275,53939.39301817954
10088399,Volčje,Bloke,0.4014306393353594,1392.14512868051
10087627,Kramplje,Ljubljana,0.232095369152776,39000.01910091563
10100160,Ložec,Ljubljana,0.19128858390218856,82553.32093557493
10101000,Strojiči,Ljubljana,0.19231698454073182,76515.09648105215
10100593,Podvrh,Ljubljana,0.18712986299399162,77516.62079054829
10100461,Papeži,Ljubljana,0.20689423685187774,73820.84756562035
10143691,Studenec,Trebnje,0.8878246359740177,1538.256694687165
10104386,Gradišče pri Raki,Krško,0.23848032895714127,13133.092091003407
10105358,Srednje Arto,Krško,0.37145999294136894,9971.299191130327
10104521,Kališovec,Krško,0.2965253848390473,11139.371734413453
10125880,Zasadi,Ptuj,0.33336346593813126,10557.143884692472
10139520,Pristavica,Rogaška Slatina,0.7496471171477144,3473.560203566427
10114390,Gornji Suhor pri Metliki,Metlika,0.24309833483226237,7562.240255460267
10085608,Sobenja vas,Brežice,0.6117344198180764,6900.643127590846
10112125,Mohorje,Ljubljana,0.3709545781695612,31187.535230832564
10088267,Škufče,Ljubljana,0.2658580727199248,38306.13599307977
10087821,Mramorovo pri Pajkovem,Ljubljana,0.27035223939497377,38225.23336683976
10142954,Mačkovec,Trebnje,0.24409450035962488,7910.345416139317
10099439,Breg pri Kočevju,Kočevje,0.8139541107763147,3160.5037092932034
10100291,Mrtvice,Kočevje,0.7434391101060525,4206.383928844085
10143357,Račje selo,Trebnje,0.8139501837559326,2082.5338948996678
10120047,Koti,Novo mesto,0.4496113206955795,10699.860303477391
10114659,Radoši,Metlika,0.36965412289798283,6708.703194436269
10114217,Boldraž,Metlika,0.6671977130464878,3528.5853901146056
10114268,Bušinja vas,Metlika,0.36096955507015105,5859.8672638941
10097193,Kuteževo,Ilirska Bistrica,0.4550965935753391,9752.737180040825
10097550,Vrbica,Ilirska Bistrica,0.7531108895422983,4713.768259271888
10097002,Dolnji Zemon,Ilirska Bistrica,0.8520453727776995,3349.705531423902
10141931,Bitnja vas,Novo mesto,0.2336509556967516,14847.121406178661
10120837,Radovlja,Šmarješke Toplice,0.31941716361660705,1570.291389975661
10119626,Grič pri Klevevžu,Novo mesto,0.19434713382138447,17630.96797964697
10129320,Gornje Brezovo,Sevnica,0.5825581849581091,4208.969072564075
10114101,Ravnik pri Hotedršici,Ljubljana,0.22623727712664074,37267.14160843974
10133939,Visole,Slovenska Bistrica,0.5706680626276024,4268.601341054195
10133807,Šmartno na Pohorju,Slovenska Bistrica,0.27446518097519307,8792.024145356681
10133866,Urh,Slovenska Bistrica,0.20325292807817993,11545.10162441515
10114543,Krmačina,Metlika,0.3452704863463679,7575.874778833152
10114683,Rakovec,Metlika,0.3365867697997667,7634.246717678224
10112354,Podsmreka pri Velikih Laščah,Velike Lašče,0.2666552928046166,3247.395378219505
10111854,Kot pri Veliki Slevici,Ljubljana,0.26039252909931326,32745.167189297066
10144043,Vrhovo pri Šentlovrencu,Ljubljana,0.179314111002417,40518.530304684406
10128528,Lipovec,Ribnica,0.3984952974831253,5456.5629246347025
10129664,Malkovec,Novo mesto,0.1096903462810903,24465.395691752823
10120209,Mala Cikava,Novo mesto,0.9121931822900808,3023.017296424316
10129214,Dolnje Brezovo,Sevnica,0.44675044042311207,5401.255870832282
10088941,Dolenjci,Črnomelj,0.37188437024461085,10614.3688648599
10128200,Dolenji Lazi,Ribnica,0.691354326581765,2691.5404813852
10132215,Voglje,Sežana,0.6132334872030882,8043.837603156147
10139465,Predel,Šmarje pri Jelšah,0.42499643444221546,3780.8198132593943
10134927,Zbelovo,Slovenske Konjice,0.1344795038105323,10650.002997368043
10105153,Raztez,Krško,0.4396765461289866,8459.13854177318
10114225,Boršt,Črnomelj,0.3222404434082376,9681.669695404316
10132282,Zavrhek,Divača,0.2292768598935076,7000.0280737578905
10132240,Vremski Britof,Divača,0.24871989101941114,6580.210145735974
10094950,Podgorica pri Podtaboru,Ljubljana,0.41008882262942936,19442.727175774235
10128714,Pusti Hrib,Ljubljana,0.24392301549113285,37457.62919972447
10142601,Gorenji Podšumberk,Ljubljana,0.1877457110484272,41680.20990144221
10129419,Jelovec,Sevnica,0.26901562820132163,8596.142284774805
10120535,Otočec,Novo mesto,0.6464396374676886,6929.790321645367
10131545,Plešivica,Sežana,0.6661154710593324,5858.119473707693
10133637,Smrečno,Slovenska Bistrica,0.19908483409918587,11742.348793962621
10133033,Klopce,Slovenska Bistrica,0.6422252470446285,3263.743761966398
10132789,Čadramska vas,Poljčane,0.43673071877358793,1231.8041937887403
10134480,Mali Breg,Slovenske Konjice,0.17744296592567002,9231.824748871653
10140277,Zdole,Kozje,0.3192683253584761,3049.382745667929
10085527,Račja vas,Brežice,0.6537819695591411,5619.9796323860655
10128234,Gašpinovo,Ljubljana,0.23128115806607819,36911.899209371346
10122040,Križe,Novo mesto,0.6696184931703973,7198.925817872377
10123518,Rakitnik,Postojna,0.7573431735890445,4385.142486300925
10095972,Železnica,Ljubljana,0.37888242636180025,25485.92073364462
10095638,Velike Lipljene,Ljubljana,0.38094032546904216,23407.50772427391
10128846,Sv. Gregor,Ljubljana,0.22645520292882668,35892.032420871124
10112842,Strmec,Velike Lašče,0.36737018257999215,2594.7495278796036
10112117,Medvedjek,Velike Lašče,0.33651974328790585,2770.2720983443014
10100356,Novi Lazi,Kočevje,0.29862575946030095,12370.054821494288
10100798,Sadni Hrib,Kočevje,0.2104540781478143,15474.796714082335
10099641,Drežnik,Kočevje,0.17860386256714125,19197.179423100766
10129893,Polje pri Tržišču,Sevnica,0.10282142945428889,14550.55846724609
10133947,Vrhloga,Slovenska Bistrica,0.3245294951216639,6715.040315626371
10133874,Varoš,Ptuj,0.16483620824273829,19710.59362264661
10084881,Curnovec,Brežice,0.4917452689645082,7765.2621165746295
10123275,Klenik,Pivka,0.469357859357172,2808.826099180047
10118735,Dešeča vas,Žužemberk,0.23779456118490705,5048.991302879936
10144116,Zagorica pri Dobrniču,Trebnje,0.23343833372418388,7660.599025966954
10100747,Rajšele,Ljubljana,0.17428746406923767,83039.40722292961
10105986,Gozdec,Laško,0.185734541830002,8397.91549677188
10084733,Bračna vas,Brežice,0.19548069992585346,17527.01891672002
10123399,Neverke,Postojna,0.16450186467104017,18593.805716998657
10123321,Mala Pristava,Pivka,0.17369439074639678,6176.734531716627
10099927,Kočarji,Kočevje,0.3484224417412845,11093.88252826566
10100151,Livold,Kočevje,0.6858149431601273,5052.30654682907
10099536,Črni Potok pri Kočevju,Kočevje,0.5040584521913261,7741.059826071025
10100992,Stelnik,Ljubljana,0.17131838973510863,80702.82979935854
10123852,Berinjak,Ptuj,0.342959272348799,16885.477740357754
10138612,Dobovec pri Rogatcu,Rogaška Slatina,0.22936429741752423,13105.85699697588
10140013,Trlično,Rogaška Slatina,0.21194418164284662,14180.103278303717
10104645,Kremen,Krško,0.7650468021940647,3888.9541174136316
10105633,Vrbina,Krško,0.7435275481976987,3874.7955652454616
10131880,Slivje,Hrpelje-Kozina,0.2089337011603178,9804.777414343633
10121019,Sela pri Hinjah,Ljubljana,0.18161325497905123,50576.65175458372
10099846,Kačji Potok,Kočevje,0.2879979502233166,13145.921828034006
10100283,Mozelj,Kočevje,0.4108681936305543,9474.529615885554
10102243,Škocjan,Koper,0.8213771149238236,5127.958245402241
10102375,Zgornje Škofije,Koper,0.652824684003567,8145.255867528745
10129818,Pečje,Sevnica,0.7955687280362813,2627.579941287576
10092469,Ojstrica,Dravograd,0.25591124513994606,9327.696805994074
10093155,Norički Vrh,Gornja Radgona,0.8885316356934568,1208.7780326980524
18696738,Spodnji Šemnik,Zagorje ob Savi,0.2898933070058052,5801.38959053934
10119600,Gradenje,Novo mesto,0.3080649731404444,12750.160032859698
10148103,Šober,Maribor,0.6334291182301954,13731.309900184307
19678725,Ledinsko Razpotje,Idrija,0.3020149015278545,7531.281101524382
10126444,Vas,Radlje ob Dravi,0.28724313305209737,7604.538718839375
17577662,Log v Bohinju,Bohinj,0.6709917405724972,3405.636429521205
10126398,Spodnja Vižinga,Radlje ob Dravi,0.6879455153955054,2811.5842544574766
11024033,Lohača,Postojna,0.4463395740491687,8104.612631077497
10097711,Belca,Jesenice,0.2695969741500476,12877.689833153136
10098645,Podboršt pri Komendi,Komenda,0.4094588424579451,908.7275881366537
10099323,Soteska,Kamnik,0.6679760010167338,3516.6314488975877
10103860,Brezje v Podbočju,Brežice,0.26022166697148874,15130.578131739314
10121574,Veliki Rigelj,Dolenjske Toplice,0.2669785500399143,4396.471380791342
10121639,Verdun pri Uršnih selih,Novo mesto,0.2983172218878761,13997.520090600912
10118611,Cerovec,Dolenjske Toplice,0.3520677264274802,3460.658497115739
19813436,Ravna,Nova Gorica,0.24652748617082906,27787.779233499128
20460423,Kerinov Grm,Krško,0.37665519000607045,8737.12680233419
10089794,Praprot,Črnomelj,0.32189179501977416,8335.452310795112
10089638,Omota,Črnomelj,0.198189847849706,12088.59393179949
10089069,Gaber pri Črmošnjicah,Črnomelj,0.21413617677519775,10765.134248557202
10090172,Štrekljevec,Črnomelj,0.17251569246040963,12500.241920433218
10147697,Malečnik,Maribor,0.8707069552255398,4768.382796599519
10092574,Velka,Dravograd,0.390005531858231,5108.572290811615
10091365,Prelog,Domžale,0.6204643884206651,2427.491391084814
10088666,Breg pri Sinjem Vrhu,Ljubljana,0.1419077795386051,95588.7408689119
10101441,Brič,Koper,0.6072384751146526,12021.879143995251
10089280,Kal,Črnomelj,0.1596555758842966,13330.261017101477
10115043,Ljubno ob Savinji,Ljubno,1.0,0.0
10102308,Trsek,Koper,0.5095742958836497,15909.607562648058
10101450,Butari,Koper,0.4436852546747334,18292.876084055326
10091306,Podrečje,Domžale,0.819219922499074,1505.5410667751896
10100470,Petrina,Ljubljana,0.17074150706432534,87370.21725946853
10104858,Nemška Gora,Krško,0.43911224039062396,8249.761591340617
10105544,Veliki Koren,Krško,0.20180192205391267,14522.589234171679
10101042,Svetli Potok,Kočevje,0.1888259412671194,16793.80341255746
10118808,Dolenja Brezovica,Šentjernej,0.6599465390721458,1175.749688494266
10099790,Hrib pri Fari,Kostel,0.36648543316573157,725.181296348649
10122007,Žvabovo,Šentjernej,0.37415162538365243,2158.551831200078
10089883,Pusti Gradec,Črnomelj,0.39193082337763463,10331.600629925813
10090288,Velika Lahinja,Črnomelj,0.7094376798120727,4987.666238271875
10089603,Nova Lipa,Črnomelj,0.2631082639573891,14795.770030645386
10088607,Belčji Vrh,Črnomelj,0.31979444059848267,12489.49504422505
10089263,Jelševnik,Črnomelj,0.7054556700378762,4685.265606620717
10088984,Draga pri Sinjem Vrhu,Črnomelj,0.15579645412816606,21796.78872190615
20007141,Hrib,Ljubljana,0.1394973810061776,94167.02533334159
10088852,Damelj,Črnomelj,0.17152953299492138,20526.745451698906
10134889,Tolsti Vrh,Slovenske Konjice,0.21084325202269524,8567.00563353673
10110866,Studenčice,Ljubljana,0.5061247115879821,16426.34945723973
10098483,Loke v Tuhinju,Kamnik,0.3503997541534143,7385.905781392735
10099021,Trobelno,Kamnik,0.24605660070146365,10443.121110648648
10114888,Dol,Gornji Grad,0.5071756350063241,1923.1301191647092
10118263,Ukanje,Nova Gorica,0.2272099974602372,31133.70701660181
10092698,Črešnjevci,Gornja Radgona,0.6413932407376697,2423.0285904280745
10138051,Virlog,Škofja Loka,0.8618494368656615,1274.6736211810755
10118298,Višnjevik,Brda,0.4268146428418865,3417.5956978160734
10117313,Drnovk,Brda,0.8757869384176099,1073.1245234325136
10103185,Pševo,Kranj,0.5899134063498281,6077.198069247915
10110980,Verje,Medvode,0.61095993564964,1435.0921904833338
10091276,Podgora pri Zlatem Polju,Ljubljana,0.30063231480819047,26529.798403396417
10115710,Dankovci,Murska Sobota,0.3823459724483295,12611.04114955439
10102731,Javornik,Kranj,0.525702871022235,7252.675793975576
10098998,Šmartno v Tuhinju,Ljubljana,0.2507337905955571,30596.309905753944
10098114,Buč,Ljubljana,0.24472401174190284,30480.366271481344
10107814,Benica,Lendava,0.5471540237503201,9732.053201551687
10117356,Gorenja vas,Kanal,0.9451843927292003,805.9871147128416
10107113,Hrastovec v Slov. goricah,Maribor,0.3682914259945378,14166.389506972546
10147735,Meljski Hrib,Maribor,0.9600893156623778,2621.5086812931036
10140994,Logje,Tolmin,0.11951148649055895,33474.198833413495
10118018,Ročinj,Kanal,0.31738852498736164,5064.814365467762
10126908,Mevkuž,Gorje,0.6749114981021299,596.1617757523223
10127505,Zgornje Gorje,Gorje,1.0,0.0
10113512,Kokoriči,Murska Sobota,0.15511337975508183,15920.375200912782
10115116,Nizka,Rečica ob Savinji,0.5701555882413266,1423.2287264717106
10141109,Plužna,Bovec,0.8101873345525397,2964.3101159447083
10091845,Škrjančevo,Domžale,0.5314649966295618,3069.608035869386
10103231,Spodnje Bitnje,Kranj,0.5215014721566604,5558.797150359114
10103398,Šmartno,Cerklje na Gorenjskem,0.28033740302556476,2617.8219498926023
10126525,Bitnje,Bohinj,0.9077114153753639,1590.8894589128504
10093210,Paričjak,Radenci,0.5025562045790886,2116.204409066595
10113202,Babinci,Ljutomer,0.5310834516270305,3750.0067788346705
10098955,Stolnik,Kamnik,0.6236702050816684,4029.705175640701
10103169,Pšata,Cerklje na Gorenjskem,0.3269116032783704,2474.256059113564
10127556,Laški Rovt,Bohinj,0.6157641017274225,4302.71224561222
10112737,Smolnik,Ljubljana,0.4158464769049183,28033.24679570742
10103380,Šenturška Gora,Kamnik,0.23474224521344486,9240.11228438166
10141443,Svino,Kobarid,0.8510466116599302,1860.2112243946915
10141028,Mlinsko,Kobarid,0.8925799300929254,1435.2559205237083
10140935,Livek,Kobarid,0.2833696797990144,7289.391119620558
10140838,Kozmerice,Tolmin,0.6362139913664001,6256.456650973195
10092779,Gornji Ivanjci,Maribor,0.14037865822450243,30467.081841234896
10137551,Pungert,Škofja Loka,0.3909047507345677,3624.161184820105
10097908,Plavški Rovt,Jesenice,0.7333991294474063,4369.31355143451
10107547,Sv. Ana v Slov. goricah,Sveta Ana,1.0,0.0
10116449,Ocinje,Rogašovci,0.31697722308840065,3940.0734344928906
10126312,Podvelka,Podvelka,1.0,0.0
10136393,Breznica pod Lubnikom,Ljubljana,0.31256534941693004,28901.323274165978
10091519,Račni Vrh,Ljubljana,0.34977181025878346,19105.085311290997
10091497,Rača,Ljubljana,0.350110958615746,19860.828833463922
10110653,Ladja,Medvode,0.3626339376048573,2397.173851254496
10117348,Gonjače,Nova Gorica,0.4498222994237504,12478.440879248521
10144752,Paška vas,Velenje,0.17791570096745155,10639.871381681494
10091403,Pretrž,Ljubljana,0.26071141684819393,32503.608481019088
10115167,Podveža,Ljubljana,0.2189030814647983,48270.98479464701
10134510,Novo Tepanje,Slovenske Konjice,0.33122082227359506,5475.95699356009
10090067,Sredgora,Črnomelj,0.24842590680273172,11970.75521488856
10141176,Porezen,Ljubljana,0.2049110491655003,69382.89681449407
10129834,Podboršt,Ljubljana,0.09178190445890172,65825.3933029557
10113270,Boreci,Križevci,0.6114769528477721,926.8437970604775
10111277,Brlog - del,Ljubljana,0.30423944011319864,35774.41226104497
10128617,Novi Pot,Ljubljana,0.26152044460020585,39704.43676298703
10121833,Zagrad,Novo mesto,0.14911699888277655,19960.48794744838
10108560,Gradišče-K. o. Grad. in Polj.,Ljubljana,0.17786761244403276,44194.41456314334
16366471,Berinjek,Ljubljana,0.14506580395643526,54266.26505706517
10109647,Širmanski Hrib,Litija,0.7015350326636337,3465.850382663855
10108969,Litija,Litija,1.0,0.0
10094755,Mevce,Ivančna Gorica,0.2926561732159394,6069.26432927176
10108705,Jevnica,Ljubljana,0.4523162768485457,19841.677083591378
10094267,Ivančna Gorica,Ivančna Gorica,1.0,0.0
10108683,Jelša,Litija,0.427493890652829,6561.1859049649465
10108721,Ježevec,Ljubljana,0.12388861299930291,59670.19665502498
10109809,Vernek,Ljubljana,0.3233245569721931,25833.291195470425
10109027,Mala Kostrevnica,Litija,0.43458625798746997,3243.5847892760335
10095735,Veliko Globoko,Ljubljana,0.23382943432656794,37777.69883053195
10095263,Selo pri Radohovi vasi,Ivančna Gorica,0.24679082977209446,6714.122651844438
10121337,Škocjan,Škocjan,1.0,0.0
10119235,Gabrnik,Novo mesto,0.1371975400240713,21373.920679352595
10093988,Dobrava pri Stični,Ivančna Gorica,0.35781480173501906,5053.757488123376
10094275,Kal,Ljubljana,0.23701814746916325,42509.1981080855
10093856,Bukovica,Ivančna Gorica,0.21353296521736173,7387.88188598606
10096065,Čeče - del,Trbovlje,0.32333701240197943,6939.312937644706
10094011,Dolenja vas pri Temenici,Ljubljana,0.19288720763231185,38300.932335338024
10095140,Pristavlja vas,Ivančna Gorica,0.4502215452748721,4293.157444012837
10129273,Dule,Krško,0.13762883812116106,17553.628442401565
10123062,Belsko,Postojna,0.5175046129033192,7695.636187125624
10095654,Velike Rebrce,Ljubljana,0.20302108796099794,41675.18603034698
10095751,Videm,Dobrepolje,1.0,0.0
10094658,Malo Črnelo,Ivančna Gorica,0.7500881717974106,2183.7636884684644
10095417,Škoflje,Ivančna Gorica,0.23674895299582494,6969.611464195789
10109248,Prelesje,Ljubljana,0.12789029244051722,58045.060490979355
10119987,Klenovik,Novo mesto,0.15461862986338465,19645.862893082412
10095549,Velika Dobrava,Ivančna Gorica,0.34596344394271483,4784.9812471060095
10109914,Zapodje,Ljubljana,0.2653431381769204,30272.10074974211
10108578,Gradišče-K. o. Št. Lovrenc,Ljubljana,0.12622587417330447,58544.51872061124
10131871,Skopo,Sežana,0.3931107652659391,11383.761788887015
10130808,Gorenje pri Divači,Divača,0.4960099028338917,2818.8807508310347
10094194,Grm,Ivančna Gorica,0.2701976598213945,6338.016103893401
10109825,Vintarjevec,Litija,0.4517100318600691,5959.545920943319
10109582,Stranski Vrh,Ljubljana,0.1540259254606556,47713.780935889416
10093708,Artiža vas,Ivančna Gorica,0.6963161571373092,2499.43480858206
10099510,Četež pri Strugah,Ljubljana,0.26605293509912675,39658.277975732504
10109612,Suhadole,Ljubljana,0.14473287434310456,54452.44236202441
10108888,Kresniški Vrh,Litija,0.30958954277109774,7823.514062250193
10094747,Metnaj,Ivančna Gorica,0.3036167350832737,5611.948842877926
10121221,Stranje pri Škocjanu,Novo mesto,0.24644118416879868,15019.527326118334
10109400,Renke,Litija,0.16952254050635043,10989.029385945209
10094569,Male Lese,Ljubljana,0.23436337570366617,36693.01788212424
10109752,Velika Kostrevnica,Litija,0.4642222437495011,5847.892834663037
10109396,Razbore-K. o. Ježni Vrh,Litija,0.2990274397848817,9079.50665916465
10094666,Malo Globoko,Ljubljana,0.23036075690056418,38673.66692960565
10094232,Hrastov Dol,Ivančna Gorica,0.24621440536787437,7100.081425720493
10094798,Nova vas,Ljubljana,0.2829286794315876,27424.57967471637
10094631,Mali Korinj,Ljubljana,0.2536254301513224,38543.04893834072
10095115,Primča vas,Ljubljana,0.23548478603436854,44244.82076627905
10094810,Oslica,Ivančna Gorica,0.4228350959139521,4557.397757426422
10095379,Sušica,Ivančna Gorica,0.2763476279980645,6619.921917644471
10108489,Gobnik,Ljubljana,0.175592544595363,45665.31340724861
10095816,Vodice,Ljubljana,0.3008415746185434,33475.73668385006
10095000,Pokojnica,Ivančna Gorica,0.24299713549108617,6808.253315774627
10092914,Kobilščak,Radenci,0.34425126501364206,2886.2468401304154
10091411,Prevalje,Ljubljana,0.30052189021423914,19844.649823944826
10116228,Lukačevci,Murska Sobota,0.5861914178593411,5754.978787162007
10103894,Brlog,Brežice,0.28687715408022296,13460.610883199452
10108845,Kostanjevica,Ljubljana,0.11254272778000544,61681.72095082882
10130018,Roženberk,Ljubljana,0.09430960689334413,61983.584734671975
10138965,Kačji Dol,Rogaška Slatina,0.537857082313046,5202.692159941339
10142555,Gorenje Ponikve,Trebnje,0.5670480052880559,3650.1291177729313
10143063,Meglenik,Trebnje,0.47262106660887016,4629.598513688408
10142318,Dolenji Podboršt pri Treb.,Trebnje,0.7100762925229807,2702.0848017647095
10143489,Rodine pri Trebnjem,Trebnje,0.5080039298846571,4257.618330291026
20886951,Trstenik,Ormož,0.30657973956971074,7685.166751161118
10145929,Razbor pri Čemšeniku,Ljubljana,0.14969363546537315,44762.03265947195
10124662,Lešje,Majšperk,0.4735276709290988,1750.6826726197583
10123496,Predjama,Postojna,0.3835402580733283,10594.861509842505
10128706,Pugled pri Karlovici,Ljubljana,0.28193977604615106,35861.25522835725
10128161,Črni Potok pri Vel. Laščah,Ljubljana,0.30293868833167253,34914.41143079028
10142024,Bruna vas,Mokronog-Trebelno,0.37901447985098247,1959.0742408337808
20021721,Pavičiči,Črnomelj,0.605902546858603,6269.340985302446
10132541,Srednji Dolič,Velenje,0.16407097137649745,13794.769749623387
10117852,Orehovlje,Miren-Kostanjevica,0.6238970980520259,2401.784235666585
10117976,Prvačina,Nova Gorica,0.31358167907224127,12627.14624799063
10087724,Lovranovo,Ljubljana,0.23321687012913483,40866.457712218304
10100755,Rake,Ljubljana,0.18100740571392931,86224.58324885117
10088895,Deskova vas,Črnomelj,0.17998800468629922,17257.857593652916
10124298,Gorca,Ptuj,0.35484479575454686,12135.620538448055
10139716,Olimje,Podčetrtek,0.31418157537316976,4340.86577723146
10117488,Kal nad Kanalom,Nova Gorica,0.24893351950015263,24795.048944273676
10107458,Spodnji Gasteraj,Lenart,0.31411085865098426,5509.458805458665
10107466,Spodnji Porčič,Lenart,0.6328481401755163,2585.102387248363
10126029,Novinci,Ptuj,0.17092976505162624,18563.79250967166
10106931,Andrenci,Cerkvenjak,0.671733137828974,1152.716882542331
10107083,Grabonoški Vrh,Cerkvenjak,0.16610672738958532,3759.3063370337914
10132720,Brezje pri Slov. Bistrici,Slovenska Bistrica,0.24783182943551219,8319.215931567407
10122058,Bratonečice,Ptuj,0.2219590075207785,17826.783208855966
10142695,Hrastno,Ljubljana,0.10285347420814435,61783.748782475006
10143578,Selo pri Mirni,Ljubljana,0.13001933068658955,54514.94333743448
10128889,Travnik,Loški Potok,0.6814372697651294,1359.6563475629043
10103053,Podreča,Ljubljana,0.3645374905199362,16422.911199394002
10146887,Pongrac,Celje,0.259959382072,12450.66419346038
10086426,Medlog,Celje,0.7499246231351389,3810.918859281677
10118344,Volčja Draga,Renče-Vogrsko,0.8019104146204005,895.8261398797595
10118131,Stara Gora,Nova Gorica,0.6296253948268057,6436.2850669531
10118557,Brezova Reber pri Dvoru,Novo mesto,0.3128310645298541,12859.49895742099
10124425,Hajdoše,Ptuj,0.6390009104997356,5127.444289664483
10138264,Žirovski Vrh,Ljubljana,0.2106647315221129,40941.059189888656
10134382,Kraberk,Slovenske Konjice,0.24859845352770482,7007.602700788062
10134838,Škedenj,Slovenske Konjice,0.2555441388170998,7033.49574647582
10131553,Pliskovica,Sežana,0.3007268896541551,13884.006933480674
10147778,Nebova,Maribor,0.7511735633904407,7302.18619659938
10093384,Selišči,Murska Sobota,0.18500384908328962,13701.149787249193
10115574,Bogojina,Murska Sobota,0.32033694917078853,11164.533662456352
10108152,Renkovci,Turnišče,0.3038843014988287,3625.5116505400106
10121957,Žaloviče,Novo mesto,0.38423534354199007,11907.848811898757
10121060,Sela pri Zburah,Novo mesto,0.2653480029857461,15101.980814542003
10099471,Bukova Gora,Ljubljana,0.13149264831198715,80147.91578045851
10089522,Miklarji,Črnomelj,0.2930617001859035,11927.989162652517
10129052,Arto,Krško,0.3450902705790752,8938.915287996126
10140072,Vidovica,Rogaška Slatina,0.45466090780133434,6928.066438564826
10110530,Bukovica pri Vodicah,Ljubljana,0.3216237232044176,16118.851016694212
10090610,Depala vas,Ljubljana,0.3110910319325304,11780.68641138546
10147395,Brunšvik,Ptuj,0.22974418621002826,12708.244345621928
10143993,Vrbovec,Trebnje,0.23759697839483981,7774.839985983979
10120136,Loke,Novo mesto,0.5957558811285659,6083.790984143153
10105056,Pristava ob Krki,Brežice,0.32265135883833246,11464.980165744237
10132878,Farovec,Slovenska Bistrica,0.20788397486158716,9409.867629056349
10092663,Boračeva,Radenci,0.5615549806523731,1761.9724531508384
10114934,Homec,Rečica ob Savinji,0.1301388636150756,5227.511478078595
10087686,Laze pri Gorenjem Jezeru,Cerknica,0.2748902281853705,11259.922479185325
10116864,Tropovci,Murska Sobota,0.5142093658374591,6297.9517982042
10116872,Vadarci,Murska Sobota,0.2671030393344622,15757.038994140225
10116678,Satahovci,Murska Sobota,0.7027308166802015,5217.764939002263
10103258,Spodnje Jezersko,Ljubljana,0.20962124658572867,46974.881800481955
10103592,Zalog,Kranj,0.3812865050191855,10071.330020492727
10114098,Praprotno Brdo,Ljubljana,0.30258300060737037,32367.89970612789
10128129,Brlog - del,Ljubljana,0.30700908874394595,37323.94308298593
10089727,Planina,Črnomelj,0.15252541468465688,15499.364585421346
10098408,Krivčevo,Ljubljana,0.25346347054862706,33456.28710169282
10096596,Masore,Ljubljana,0.15943789866033428,60786.331867683926
10091675,Spodnje Koseze,Ljubljana,0.32026763450663587,22198.745919944555
10145015,Florjan,Šoštanj,0.3279523430266309,4766.673909918832
10101590,Gažon,Koper,0.5678180207934174,7377.171339479656
10128978,Zapotok,Ribnica,0.2838378419887443,6132.053286947437
10122970,Nova vas nad Dragonjo,Koper,0.5649819015201752,11909.930547666381
10123844,Belski Vrh,Ptuj,0.35393785021942736,15680.95907042732
10147867,Podova,Rače-Fram,0.2898477990437599,2662.208452118956
10124336,Gradišča,Ptuj,0.3480862892469358,14828.873936477448
10125545,Stojnci,Ptuj,0.4098035519964,10003.69519520126
10125740,Vareja,Ptuj,0.4333965627706445,11006.502607755401
10121825,Zafara,Žužemberk,0.8668197669544258,1080.4765836671377
10101123,Topla Reber,Ljubljana,0.1543334951284905,64421.09930957924
10140617,Gorski Vrh,Tolmin,0.152409790386999,19965.5955593224
10097983,Smokuč,Radovljica,0.34963350722383885,6413.861141192671
10103240,Spodnje Duplje,Kranj,0.36696850708877987,8329.420472839167
10127122,Praproše,Radovljica,0.234786530885881,8101.237606541379
10126266,Ožbalt,Maribor,0.29241601980804643,27518.100515512426
10126428,Sv. Vid,Muta,0.3467641199748275,3757.4574440273254
10126142,Dravče,Muta,0.27287704227336673,4835.591303853873
10096499,Jelični Vrh,Idrija,0.21301044405722916,9795.83290775858
10124611,Krčevina pri Vurbergu,Ptuj,0.4606294976218432,9211.479112407422
10125138,Prerad,Ptuj,0.2961345288135352,13421.235854642393
10124905,Muretinci,Ptuj,0.378272485176693,11592.462215214944
10146542,Levec,Celje,0.6622628008864723,4129.031335147551
10147387,Brezula,Rače-Fram,0.47119757763651154,1803.177996089998
10143101,Mirna vas,Novo mesto,0.17915549149225457,19467.086567023285
10120152,Loška vas,Dolenjske Toplice,0.260755648432143,3898.8933969211344
10119065,Dolnje Mraševo,Novo mesto,0.46266255315786364,9499.846382432912
10105714,Zdole,Krško,0.5065061707614568,6580.48546094497
10137713,Sovodenj,Ljubljana,0.2050661518651256,46958.84835914091
10113989,Hleviše,Ljubljana,0.29108903826361154,34912.392247044394
10112877,Šentjošt nad Horjulom,Ljubljana,0.40749759989076123,25424.38856891101
10137217,Lučine,Ljubljana,0.35021317534965746,30352.14225572497
10133424,Pobrež,Slovenske Konjice,0.35276948886496,5200.473990927624
10134943,Zeče,Slovenske Konjice,0.5787883891948922,2871.072051578557
10149339,Bistrica ob Dravi,Maribor,0.642528361933914,8354.445950031693
10148260,Zgornji Slemen - del,Maribor,0.547476718982776,17104.287507529123
10107512,Stara Gora,Maribor,0.17984180228182403,24290.723008424302
10142806,Kriška Reber,Trebnje,0.38051297777802523,5833.085797036535
10090121,Stranska vas pri Semiču,Črnomelj,0.42480301968278494,7144.334058597676
10089239,Hrib pri Cerovcu,Metlika,0.23799015962085426,7463.028277223036
10088712,Brezova Reber,Novo mesto,0.2143533455613379,20040.22889705043
10148642,Polička vas,Maribor,0.45180843755421574,15287.540669409329
10089140,Gornja Paka,Črnomelj,0.6040888427010357,5231.579362794302
10148014,Slivnica pri Mariboru,Maribor,0.3697872817671066,10691.197368685913
10104092,Dolenja vas pri Krškem,Krško,0.42146581757688706,6465.930892241414
10085713,Vinji Vrh,Brežice,0.3732776995137019,10667.824411225387
10148081,Srednje,Maribor,0.7459656820061973,9174.081229785033
10114969,Kokarje,Nazarje,0.2683250599284391,3529.9823731747933
10115434,Trnovec,Rečica ob Savinji,0.345541731118573,2321.308183996177
10135672,Podpeč nad Marofom,Celje,0.12172338824473557,25168.863281751983
10140234,Zagorje,Celje,0.08120825516831497,32997.932052124845
10097070,Hrušica,Ilirska Bistrica,0.18552241882361664,16265.179863313215
10097398,Ratečevo Brdo,Ilirska Bistrica,0.3521594155976029,9858.785032077258
10116066,Križevci,Gornji Petrovci,0.3983776967668939,3032.9086045285085
10107067,Froleh,Maribor,0.18448628723344923,26369.534598851584
10092957,Kokolajnščak,Ptuj,0.1756240267151876,19101.908237128497
10089859,Pribišje,Novo mesto,0.2265060037338113,18267.156402201173
10090768,Gora pri Pečah,Ljubljana,0.2768605744754845,30509.52883338918
10148758,Spodnje Dobrenje,Maribor,0.6297939525738102,8701.742321372925
10103401,Štefanja Gora,Ljubljana,0.2554923958791388,30202.562956625883
10103517,Visoko,Kranj,0.44562419871060144,6561.9503469863275
10137128,Laze,Ljubljana,0.2145534735824185,47310.46083003871
10139376,Podplat,Rogaška Slatina,0.42069207115351154,5754.325445024463
10139112,Laše,Rogaška Slatina,0.30385646800270355,7089.283039666066
10138787,Gostinca,Podčetrtek,0.13248197150235722,7436.564185618977
10114365,Geršiči,Metlika,0.2911435933402713,6789.101554545813
10114411,Gradac,Črnomelj,0.496186196431816,6455.515423451778
10085764,Zasap,Brežice,0.3834153894628618,8557.997314724218
18801051,Prezid,Logatec,0.27039132819940004,4653.442152142675
10126240,Muta,Muta,1.0,0.0
24267245,Šestdobe,Maribor,0.3987485939192529,16200.661327387304
10127351,Srednja vas v Bohinju,Bohinj,0.4799008134079589,5649.456458004545
10117666,Lokovec,Nova Gorica,0.3399499929865473,19505.31346172285
10113881,Veščica,Ljutomer,0.39800641020770416,5297.404090896742
10113865,Šprinc,Ljutomer,0.3481933557078328,6248.825491776468
10103045,Podbrezje,Kranj,0.3757275607205332,8176.646816161737
10099196,Zakal,Kamnik,0.3767456615750571,7261.4140959791675
10127955,Suhi Vrh,Ravne na Koroškem,0.1867128475087115,9519.626697475336
10127947,Strojna,Ravne na Koroškem,0.11565493250636744,13934.314122767653
10138213,Zgornje Danje,Ljubljana,0.22236026821903782,54197.648834298576
10147425,Čreta,Maribor,0.4045945288161755,11145.119557897013
10132029,Štjak,Sežana,0.2565157144883977,15952.469901495377
18679850,Vidrga,Ljubljana,0.21575906187551175,35992.31517218357
10122830,Veliki Brebrovnik,Ormož,0.347707276177889,7479.046183835401
10137390,Podjelovo Brdo,Ljubljana,0.20852152440801242,50184.44144903842
10137594,Ravne pri Žireh,Ljubljana,0.23792327157833043,39469.10386689524
10135877,Slatina pri Ponikvi,Celje,0.12774074417688838,19539.412040025043
10134293,Gračič,Zreče,0.5207119749718241,2571.026477991135
10121396,Šmihel pri Žužemberku,Ljubljana,0.18947105252407775,43683.442135855774
10121442,Trebča vas,Žužemberk,0.5674577919882563,2403.928717187369
10105692,Zabukovje pri Raki,Krško,0.19418285312876926,14559.469673518726
10129770,Osredek pri Hubajnici,Sevnica,0.1519792369886208,12848.654512622647
10119782,Hrvaški Brod,Novo mesto,0.17252172850881609,19342.952658862057
10103100,Praprotna Polica,Kranj,0.25842555841576004,9995.50939235406
10126436,Šentjanž nad Dravčami,Muta,0.2778989489551369,5225.498152249553
10148952,Zgornja Kungota,Kungota,1.0,0.0
10091071,Križate,Ljubljana,0.24991333458431586,33225.65738857683
10110904,Topol pri Medvodah,Ljubljana,0.6677461950138244,12992.866035575787
10137616,Robidnica,Ljubljana,0.21162077337340304,47792.26550495807
10137420,Podobeno,Ljubljana,0.27548821575716914,35798.593256184104
10111226,Brest,Ljubljana,0.8584419280089098,6925.494644694893
10112621,Samotorica,Ljubljana,0.4370321697335176,23615.158478215475
10136741,Golica,Ljubljana,0.26197195563255193,36082.747015357374
10115418,Ter,Ljubno,0.6747314613761127,985.2756441980855
10136156,Visoče,Celje,0.11170612114540601,26632.134634943293
10096600,Mrzli Log,Ljubljana,0.1711220782046143,56373.71883975965
10123569,Selce,Pivka,0.38518455551668984,2867.007545520543
10123372,Narin,Pivka,0.20236201385304461,5770.696798851703
10135770,Proseniško,Celje,0.426462087954315,7504.372236948321
10107369,Rožengrunt,Maribor,0.28284141473704055,27504.235145334464
10107601,Vanetina,Cerkvenjak,0.18082451374287292,3390.456561051806
10111005,Vikrče,Ljubljana,0.6387349356196366,10503.005494088111
10137705,Sopotnica,Ljubljana,0.3187197165501951,28938.25314934049
10137241,Mlaka nad Lušo,Ljubljana,0.28361441736112053,35115.06722627193
10098718,Poljana,Ljubljana,0.2471263096776429,33048.132153804436
10128854,Šegova vas,Loški Potok,0.8548305032456139,806.4153996286017
10107822,Brezovec - del,Lendava,0.2931594950713921,10644.872468607846
10136598,Dolenja Žetina,Ljubljana,0.26656671962887074,40488.59052166222
10137667,Selo,Žiri,0.32439981389083106,2497.743147257806
10136407,Breznica pri Žireh,Žiri,0.22581671995954827,3306.5466779503554
10145902,Ravne pri Mlinšah,Ljubljana,0.1824562525415927,39662.18328519695
10113598,Logarovci,Ljutomer,0.14486603714151305,8806.679496932487
10116333,Moščanci,Murska Sobota,0.41160883595455205,11526.750669450905
10093139,Nasova,Maribor,0.19423230959084137,29823.57662352319
10116163,Kuzma,Kuzma,1.0,0.0
10107954,Gomilica,Turnišče,0.4234827802905203,2635.382493640294
10086850,Štore,Štore,1.0,0.0
10086574,Prožinska vas,Celje,0.4091404972764853,7754.9260318541765
10087074,Zvodno,Celje,0.7220837287099746,4474.490468820203
10114977,Konjski Vrh,Ljubljana,0.18709536059023663,55410.046176049975
10145503,Dolgo Brdo pri Mlinšah,Ljubljana,0.22777141447573332,35498.03007613244
10091250,Peče,Ljubljana,0.2695959260785164,31290.20110504967
10098181,Gabrovnica,Ljubljana,0.29359702819207295,29745.26377677623
10099269,Zgornji Tuhinj,Ljubljana,0.24760711741152866,34245.09998891895
10149185,Recenjak,Lovrenc na Pohorju,0.4307930506101554,2583.721950286975
10086663,Runtole,Celje,0.6216569568384593,5742.8121562375945
10130557,Brje pri Komnu,Sežana,0.17816747986212533,19721.44805142391
10131952,Škofi,Komen,0.18704698747782209,4828.1137876407865
10130972,Ivanji Grad,Komen,0.28508049702378646,3575.7588527844723
10083940,Batuje,Nova Gorica,0.28150386575895814,15387.073566676734
10129265,Drušče,Sevnica,0.24365911348272123,9319.24845155407
10130212,Telčice,Novo mesto,0.12156117076897555,23897.560404897828
10141290,Sela pri Volčah,Tolmin,0.49638825628365696,8233.980813734017
10146623,Lopatnik,Velenje,0.37354279890838,8088.001435402023
10144779,Paški Kozjak,Velenje,0.43619483471563214,7730.840876254659
10086566,Pristova,Velenje,0.1920286297057739,10907.352666698907
10124514,Jiršovci,Ptuj,0.3638972582169283,11387.935720096062
10090776,Gorenje,Ljubljana,0.26697456864953256,34898.44704409322
10098505,Mali Rakitovec,Ljubljana,0.28277063760201665,31726.52548329856
10133114,Kovaški Vrh,Zreče,0.19613808986126016,6998.300255656867
10132690,Božje,Zreče,0.1535938650677801,9088.374205280754
10145619,Jelševica,Ljubljana,0.1761268405622545,40430.77721366008
10147204,Zajasovnik - del,Ljubljana,0.14990383456375425,42149.61329185753
10106192,Lokavec,Celje,0.12173612852789258,24472.775497315833
10131243,Laže,Postojna,0.2012440208538759,16366.909279135076
10103452,Trboje,Kranj,0.33489369123974666,8152.915417906431
10127157,Radovljica,Radovljica,1.0,0.0
10126134,Dobrava,Radlje ob Dravi,0.8129551700460445,1998.6801924268289
10105994,Gračnica,Celje,0.13882315097354261,20491.871496917483
10129168,Čelovnik,Radeče,0.1202143045888482,6769.462094873249
10106788,Veliko Širje,Radeče,0.11953424572117392,6592.138964623644
10122473,Miklavž pri Ormožu,Ormož,0.25017852628656595,8843.09349196876
10113709,Presika,Ljutomer,0.4494602453254926,5118.379174432413
10086469,Osenca,Celje,0.668187803887404,5121.603425511026
10086264,Laška vas pri Štorah,Celje,0.4692483823770227,6325.126460633282
10118441,Solkan,Nova Gorica,0.9576621913547286,1885.349162641086
10127572,Bistra,Črna na Koroškem,0.1695333169803601,6857.182097297788
10086876,Tomaž nad Vojnikom,Celje,0.34773912544730506,9686.653735504857
10139791,Spodnje Selce,Šentjur,0.23714670810499874,6641.353554097352
10125073,Podvinci,Ptuj,0.7499377325013321,4174.53646423125
10098084,Breg pri Komendi,Ljubljana,0.2200470865051532,21425.41287088576
10110734,Rašica,Ljubljana,0.7059812043183741,11039.477545199974
10110998,Vesca,Ljubljana,0.4925482000359399,14654.321746135585
10116104,Krplivnik,Hodoš,0.5619704329809571,1723.3055560874193
10116490,Peskovci,Gornji Petrovci,0.438087744185274,2751.315259226886
10093015,Lešane,Maribor,0.16446062951280396,30581.212176665573
10147476,Dvorjane,Maribor,0.34884675449010255,14441.614361228461
10145201,Mirke,Vrhnika,0.9579587416962722,919.4481722182949
10090741,Gabrje pod Špilkom,Ljubljana,0.2714587318196493,35130.038170965345
10087228,Bločice,Cerknica,0.32659229300369613,9207.596515857731
10118751,Dobovo,Novo mesto,0.46175024627254607,10163.15300072218
10118727,Daljni Vrh,Novo mesto,0.613296161426755,7261.9670089105175
10121400,Štravberk,Novo mesto,0.4122671344652386,11884.594813034772
10119677,Gumberk,Novo mesto,0.5865234712463612,8126.068023022392
10118085,Slapnik,Nova Gorica,0.40424566040126175,18399.80837752527
10117402,Grgar,Nova Gorica,0.7072343503189082,8071.48515571533
10118204,Šmaver,Nova Gorica,0.5991819231841518,10940.560580627249
10093031,Lomanoše,Gornja Radgona,0.41226818680929767,4082.8983565527096
10092795,Grabonoš,Sveti Jurij ob Ščavnici,0.27222124918399376,3249.279256712749
10141648,Žaga,Bovec,0.2738089802957764,9000.831273509411
10140552,Drežniške Ravne,Kobarid,0.27466943224927937,8090.641791897044
10122171,Gornji Ključarovci,Ormož,0.23794675264479445,8620.381945546784
10128838,Sušje,Ribnica,0.33913266677173504,5551.568340961283
10110572,Dragočajna,Ljubljana,0.36108523514137214,17182.594106439243
10086302,Lešje,Celje,0.49521347750391215,7276.408837212935
10087104,Žepina,Celje,0.4544297088339267,7321.964587247968
10087988,Podslivnica,Cerknica,0.31294763172866336,9475.792227404281
10131588,Podgrad pri Vremah,Sežana,0.17465950611609277,20217.553556407962
11025056,Setnica - del,Ljubljana,0.553120582666504,17192.50050282672
10136636,Draga,Ljubljana,0.36378171284196836,17026.596860712263
10102570,Čepulje,Kranj,0.47885663330510925,8251.917421207027
10138060,Virmaše,Škofja Loka,0.49514464072695513,2884.0347712993153
10103193,Rakovica,Kranj,0.8096834815775333,3347.1189645463764
10137896,Sv. Duh,Škofja Loka,0.4220077088242729,3278.7250511260754
10147441,Dogoše,Maribor,0.6450657247182939,7290.885397146121
10092833,Hrašenski Vrh,Murska Sobota,0.17708859357504136,15287.008955266208
10096871,Vojsko,Idrija,0.1938425138939884,12765.068724483646
10115817,Filovci,Murska Sobota,0.25522962911626423,13233.14111717222
10126762,Kamna Gorica,Radovljica,0.45815123122276524,5689.762669904705
10141346,Soča,Bovec,0.23682687735086952,11512.348814508428
10140897,Lepena,Bovec,0.18423124226911594,14246.860096794062
10131529,Otošče,Postojna,0.1820743364325233,17092.402259810806
10084326,Podkraj,Ljubljana,0.16402351537594267,47149.55879333108
10083958,Bela,Ajdovščina,0.18069075777892404,12429.884230755339
10119707,Hmeljčič,Novo mesto,0.31336706539423853,11865.723673689567
10122155,Godeninci,Središče ob Dravi,0.1589145884605548,3726.5218630085897
10111587,Gornji Ig,Ljubljana,0.5480572916867088,21170.543853282557
10139759,Spodnja Ponkvica,Šmarje pri Jelšah,0.2661338932719419,5253.173032278953
10135737,Ponkvica,Šmarje pri Jelšah,0.21602664520942302,5907.175494421557
10147891,Prepolje,Ptuj,0.29097888410238437,10506.92145089345
10142059,Cesta,Ivančna Gorica,0.2013429372904161,7645.71079164913
10143551,Sejenice,Trebnje,0.2798324303472276,7413.490118348768
10103690,Žabnica,Kranj,0.3379699103994053,7178.0398349572315
10098335,Klanec,Komenda,0.40558009470904355,918.4328672173064
10098220,Gora pri Komendi,Komenda,0.22588591907144223,1334.576735092883
10099293,Žeje pri Komendi,Ljubljana,0.25358667242641914,19627.8998721705
10146500,Kaplja vas,Prebold,0.46201344826221763,1662.4097612485089
10147654,Loka,Maribor,0.39434307836298527,11994.57921107485
10126231,Mlake,Maribor,0.10627532651653814,61481.02943755843
10126274,Pernice,Muta,0.24062634867554294,6346.702978808326
10126096,Sv. Jernej nad Muto,Muta,0.1322024839960205,10657.046691667647
10103037,Podblica,Kranj,0.2751980910704002,14652.01054611374
10103215,Spodnja Bela,Kranj,0.48706525706429005,7072.159853029031
10129613,Loka pri Zidanem Mostu,Radeče,0.3542418654251963,3359.2913508157767
10100933,Srobotnik ob Kolpi,Ljubljana,0.18885338204372074,87845.55144416567
10110262,Osredke,Ljubljana,0.5077944521050025,17802.579622311037
10100259,Mlaka pri Kočevski Reki,Ljubljana,0.21058631222640958,60221.868774867806
10147239,Zalog pri Šempetru,Žalec,0.3376531528526303,5054.845646839771
10112630,Sarsko,Ljubljana,0.577916775880128,15644.662170253985
10095514,Udje,Ljubljana,0.4372743736384562,18751.49251265948
10105188,Ržišče,Novo mesto,0.14346595586302358,21962.840185288966
10111960,Lesno Brdo,Ljubljana,0.4277817214153008,17774.555327125374
10118646,Čemše,Novo mesto,0.23140459597052443,13721.917481073142
10142890,Log,Mokronog-Trebelno,0.13667959038646063,3700.7075766142634
10106443,Prapretno,Sevnica,0.2277663148060837,8446.91809689887
10129141,Cerovec,Sevnica,0.11213154375966886,14029.405995240724
10146593,Ločica ob Savinji,Žalec,0.2538609177109376,5472.18609734431
10112664,Selo nad Polhovim Gradcem,Ljubljana,0.4547061626241268,22741.18653714657
10141702,Ključevica,Trbovlje,0.17323339435943833,14174.676336962288
10145414,Borovak pri Podkumu,Ljubljana,0.12287429836797797,55180.93433938238
10118743,Dobindol,Novo mesto,0.37184446421552275,12280.618893995323
10139988,Topolovec,Rogaška Slatina,0.22003315669458637,9641.7484918608
10133211,Lovnik,Rogaška Slatina,0.19766261272988658,9909.698753868699
10132991,Ješovec,Slovenska Bistrica,0.20860042582287366,9377.141416843775
10146186,Andraž nad Polzelo,Velenje,0.3583093909917091,7505.798282956143
10139171,Log,Rogaška Slatina,0.18248937948346802,15364.506869555296
10131685,Prešnica,Hrpelje-Kozina,0.3338037251890809,5911.740771450122
10084539,Vodice,Ljubljana,0.16512683613415968,53977.87723161523
10091004,Kompolje,Ljubljana,0.2870330904345947,24459.90489497663
10134617,Podpeč ob Dravinji,Slovenske Konjice,0.10330754848635215,12567.729798788021
10133181,Levič,Slovenska Bistrica,0.2719480253266026,7718.181612873746
10143985,Volčje Njive,Trebnje,0.16043868701873226,9810.697916522819
10146437,Griže,Celje,0.31883663064619844,9865.757890066314
10131251,Lipica,Sežana,0.7959131362534473,4667.842261112369
10130620,Divača,Divača,1.0,0.0
10118956,Dolenje Sušice,Dolenjske Toplice,0.5529930683641977,2208.5446723783407
10120446,Občice,Novo mesto,0.20571276695983362,19024.28224358267
10094321,Kožljevec,Ljubljana,0.35916492286701257,22856.667753662165
10095557,Velika Ilova Gora,Ljubljana,0.3276914304180698,28602.814402140204
10104629,Kostanjek,Krško,0.3043731644156012,10872.28869973879
10099587,Dolenji Potok,Kočevje,0.18454157140590308,18725.213200288123
10121329,Šentjurij na Dolenjskem,Novo mesto,0.24672388885935448,12493.269932116043
10104378,Gradnje,Brežice,0.24339653383827126,15832.806524884216
10093937,Čušperk,Ljubljana,0.3430585404773581,25940.495809773885
10112346,Podsmreka,Ljubljana,0.7082304902855854,7439.459689765603
10134536,Padeški Vrh,Zreče,0.2010631510088187,8073.1971030887025
10135265,Hotunje,Šentjur,0.34182905082934123,5350.271938830592
10117607,Kromberk,Nova Gorica,0.9057225280286716,2851.7717291655285
10096707,Podpleče,Cerkno,0.20059281890765268,7208.970543211586
10137764,Srednja vas-Poljane,Gorenja vas-Poljane,0.5874451870102698,1696.5222893238388
10136377,Brebovnica,Ljubljana,0.27384883192885273,34056.906358494176
10133386,Oplotnica,Oplotnica,1.0,0.0
10141699,Gabrsko,Trbovlje,0.7067583384022327,3311.7500668907874
10131081,Koboli,Ajdovščina,0.17313467002098484,13411.242644805538
10144523,Tržič,Tržič,1.0,0.0
10144264,Dolina,Tržič,0.35328605379582745,4908.87613976136
10105951,Globoko,Laško,0.19406473611852748,7507.618558950576
10146089,Vrh,Zagorje ob Savi,0.4007447811464033,4563.359499846587
10146062,Vine,Zagorje ob Savi,0.7537589907234337,1881.0067137496508
10144957,Topolšica,Šoštanj,0.40627264197187246,3996.4656139967924
10122627,Runeč,Ormož,0.3547251054556433,7033.526412150228
10122112,Dobrovščak,Ormož,0.4800370110178304,5586.520183185891
10113946,Železne Dveri,Ljutomer,0.7010444804568781,2846.919298255692
10144485,Sebenje,Tržič,0.258373873049813,4527.660259476988
10144361,Križe,Tržič,0.3969692587760793,3457.307019155005
10096545,Labinje,Cerkno,0.7188436061477562,2457.7689455747586
10105854,Bukovca,Laško,0.22853756849929927,6589.222043954845
10106125,Lahomšek,Laško,0.7394106753221646,2086.7985515346795
10134790,Stranice,Zreče,0.4379117825397385,3320.177397470685
10086582,Rakova Steza,Celje,0.23682250102633515,13727.519427969653
10113784,Slamnjak,Ljutomer,0.6418897949268425,3435.176969318847
10117305,Draga,Nova Gorica,0.304696007225429,13485.207546010579
10136474,Četena Ravan,Ljubljana,0.27091520624921495,38528.435859059624
10125731,Turški Vrh,Ptuj,0.31906792107059584,18805.06158948581
10130697,Dolenje,Sežana,0.307522489579639,14368.7005026731
10130905,Gradnje,Sežana,0.38413770009678194,11939.532980550812
10087139,Draga,Celje,0.41673785619413795,7228.879290353939
10106249,Mala Breza,Celje,0.19737622023291077,16038.098268220283
10145988,Ržiše,Zagorje ob Savi,0.18574231737418592,8194.968351222404
10086418,Male Dole,Celje,0.25687799253650695,14127.174811075503
10118280,Vipolže,Brda,0.3601546722938176,3717.4932085044065
10117321,Fojana,Brda,0.6180962971870736,2346.8068279608483
10114110,Rovtarske Žibrše,Ljubljana,0.2545302707247706,32932.85410848587
10110327,Podlipoglav,Ljubljana,0.6980256843141601,11205.1448544802
10086124,Ivenca,Celje,0.2906851977218701,9940.369748771047
10086051,Globoče,Celje,0.29039858164012866,11065.441661457155
10086736,Straža pri Novi Cerkvi,Celje,0.20113820252184003,15607.808363267059
10146330,Dolenja vas,Prebold,0.774929655519001,810.5979066159035
10118107,Snežatno,Nova Gorica,0.5678631495745351,11290.287679746616
10106907,Spodnja Rečica,Laško,0.53653319660112,3134.432667063379
10117267,Dobrovo,Brda,1.0,0.0
10123585,Slavinje,Postojna,0.4083243618074887,9556.925221153902
10110157,Gabrje pri Jančah,Ljubljana,0.51331517164145,19564.72521289404
10087864,Ograda,Ljubljana,0.23600985972714936,40753.55374756333
10130735,Dutovlje,Sežana,0.5146871232591761,9054.934715896761
10106567,Slivno,Laško,0.3548608806465436,4956.30959093198
10106826,Zabrež,Laško,0.30898140420570447,5548.595849779761
10135516,Lutrje,Šentjur,0.15530609702697815,8887.314280037253
10117801,Nova Gorica,Nova Gorica,1.0,0.0
10088305,Tavžlje,Ljubljana,0.2903420627035255,37030.80964764768
10087295,Čohovo,Ljubljana,0.28801653964072255,35737.322214651795
10106427,Povčeno,Laško,0.2584872800519526,6276.74272166509
10129443,Kal pri Krmelju,Ljubljana,0.10864331354156762,63321.326579064116
10144604,Arnače,Velenje,0.5908280694329221,4901.449472665569
10145007,Lopatnik pri Velenju,Velenje,0.506995973206098,6413.181761641381
10088119,Rudolfovo,Ljubljana,0.288612409199089,36022.10304335515
10091047,Krajno Brdo,Ljubljana,0.30488659362688725,28085.880609058175
10091268,Ples,Ljubljana,0.2934898071046582,29985.96202946741
10091217,Mošenik,Ljubljana,0.28910223922052636,28635.580299658563
10146178,Žvarulje,Ljubljana,0.21435929433063888,37049.89916523745
10134366,Konjiška vas,Slovenske Konjice,0.6350214730990489,3051.9811667724503
10134170,Breg pri Konjicah,Slovenske Konjice,0.689997072472231,2750.570089680164
10084229,Male Žablje,Ajdovščina,0.6528835236603463,4213.586508859994
10096251,Cerkljanski Vrh,Ljubljana,0.1870292053387706,51893.587929778434
10096448,Idršek,Idrija,0.21976268860799938,10092.185300126404
10141796,Škofja Riža,Trbovlje,0.35375562616941725,7726.446448423986
10145589,Jarše,Zagorje ob Savi,0.2119000778923106,7259.312877027688
10145562,Jablana,Zagorje ob Savi,0.27279594877008434,6194.944873972066
10134145,Blato,Slovenske Konjice,0.8357775976609859,1769.5679164719597
10127327,Spodnji Otok,Radovljica,0.625225408636693,3800.5606263139
10098467,Laze v Tuhinju,Ljubljana,0.24953047765050415,33035.51280045727
10091705,Spodnji Petelinjek,Ljubljana,0.2624157184498043,32525.130935392237
10134501,Nova vas pri Konjicah,Slovenske Konjice,0.41268292402831647,4729.755402755111
10103495,Vašca,Cerklje na Gorenjskem,0.8509266896586005,663.7123737255105
10091624,Soteska pri Moravčah,Moravče,0.3398288823622092,1289.4702133733545
10102642,Grad,Cerklje na Gorenjskem,0.49829178701389304,1674.5522836341681
10105846,Brunška Gora,Radeče,0.352895226064986,3524.4324581663623
10129958,Radež,Radeče,0.18519855575377606,5648.142944746789
10140129,Vinski Vrh pri Šmarju,Šmarje pri Jelšah,0.7876961897796877,1793.5233295618907
10138531,Cerovec pri Šmarju,Šmarje pri Jelšah,0.6329949173037273,2662.335985541267
10119499,Gorenji Podboršt,Mirna Peč,0.6381359305777449,1277.5562518043741
10129907,Ponikve pri Studencu,Krško,0.27448785045599217,11319.562418293744
10139724,Sotensko pri Šmarju,Šmarje pri Jelšah,0.6381614944888945,2527.763533616934
10104696,Libna,Krško,0.5499155894851416,5930.934562444406
10096952,Čelje,Ilirska Bistrica,0.415707491761177,9241.103120666827
10095247,Sela pri Šmarju,Grosuplje,0.4296502428581074,3270.0123349944397
10128170,Dane,Ribnica,0.5428569654170226,4043.9669852561356
10144205,Vesela Gora,Šentrupert,0.2582328036632802,1813.3844240827016
10143624,Stan,Trebnje,0.15248451079716885,10492.783986296996
10104246,Goli Vrh,Krško,0.220752648445122,13340.646557495624
10130280,Vranje,Sevnica,0.36987375223662444,6884.541801826032
10129923,Prešna Loka,Sevnica,0.526462767601601,5002.8289297820575
10139872,Sv. Ema,Rogaška Slatina,0.3459160235009531,7717.4892762609325
10138884,Imenska Gorca,Podčetrtek,0.339118454122593,4004.7089839797213
10122791,Trgovišče,Ormož,0.5071780271462281,4590.015863287241
10084989,Dolenje Skopice,Brežice,0.6752909835357747,4903.55331686476
10085837,Župelevec,Brežice,0.3995620823033268,10340.194284492398
10084997,Dramlja,Brežice,0.3342735140314282,12175.345020400488
10097592,Zarečica,Ilirska Bistrica,0.7927534675419637,3953.0956511932973
10095310,Spodnje Duplice,Grosuplje,0.39025463880998146,4208.149817970137
10096014,Gradišče,Ljubljana,0.32976033580176217,20056.917880548073
10128064,Blate,Ribnica,0.3646530771938742,5818.483286566987
10128951,Zadolje,Ribnica,0.4350543114598377,5222.448765955138
10105749,Žadovinek,Krško,0.7305007152580182,4286.186568870904
10102103,Rižana,Koper,0.5431169932706602,11394.135990527742
10101395,Bonini,Koper,0.7532838122254842,6874.340661549223
10131898,Slope,Hrpelje-Kozina,0.41071461956532196,4868.011348346289
10140161,Vonarje,Rogaška Slatina,0.31263341852363075,8254.789851493986
10139252,Orehovec,Šmarje pri Jelšah,0.1848117457097549,7768.987108320063
10088917,Doblička Gora,Črnomelj,0.5746146975771557,6397.609588727072
10084938,Dednja vas,Brežice,0.33695105936861985,11784.991395061195
10085195,Kapele,Brežice,0.4710999009573768,9191.64157400545
10111153,Bane,Ljubljana,0.32774034701986116,32991.086968995325
10143934,Velike Dole,Ljubljana,0.1991051694066686,38734.2769759426
10100534,Podpreska,Ljubljana,0.2134031024570961,58366.86860751667
10100127,Lazec,Ljubljana,0.2099832131629445,57185.3166517791
10104483,Jelše,Krško,0.421815100622488,8089.616142087059
10106672,Tevče,Laško,0.30869429365407924,5575.281194875946
10138647,Dol pri Šmarju,Šmarje pri Jelšah,0.3947375737967724,4402.131429036464
10140200,Zadrže,Šmarje pri Jelšah,0.8718707699632365,1269.424270487446
10085071,Globoko,Brežice,0.5008368191012751,7778.227972075887
10085250,Loče,Brežice,0.5969144634604888,7470.290944363991
10128412,Jelovec,Sodražica,0.43789852610289115,2007.099685860049
10128374,Janeži,Ljubljana,0.20877504937681132,45279.85090538163
10100771,Ribjek,Ljubljana,0.1870291231404905,80338.04990109535
10143284,Prelesje,Šentrupert,0.20665096362368024,2090.9302993734636
10119812,Hudo,Novo mesto,0.6444313632113474,6484.586020608696
10121558,Veliki Orehek,Novo mesto,0.634669911391391,7993.202432095264
10104874,Nova Gora,Krško,0.30011428517081923,11077.85768448623
10101638,Grinjan,Koper,0.8640855761063276,4602.298397029221
10101379,Bezovica,Koper,0.42099258619037067,16289.164747889494
10133203,Lokanja vas,Slovenska Bistrica,0.6693764264823542,3231.939882767541
10139023,Koretno,Šmarje pri Jelšah,0.25512754191756926,5831.767909363133
10089468,Mali Nerajec,Črnomelj,0.37515425520826534,10777.652961117143
10114691,Ravnace,Novo mesto,0.22512874118998946,19550.07402308857
10114314,Dolnji Suhor pri Metliki,Metlika,0.26169170521751756,7249.126572319044
10085039,Gabrje pri Dobovi,Brežice,0.7130470455085097,5462.289205609656
10084903,Čedem,Brežice,0.3469929693183223,12740.143466937972
10088372,Viševek,Ljubljana,0.16814878907225236,54628.52813485005
10088178,Stari trg pri Ložu,Loška dolina,0.33040274093464694,1825.0136494842297
10088402,Vrh,Ljubljana,0.1841108087553496,56809.96759420953
10100968,Stari Kot,Ljubljana,0.22461607227778665,61449.67142290321
10135036,Botričnica,Šentjur,0.8941430477058289,1275.3673526527714
10124620,Kukava,Juršinci,0.36577524432953246,2828.924801355354
10114772,Vidošiči,Metlika,0.4216618062879877,6288.375445033837
10085802,Žejno,Brežice,0.6720274822178962,6003.76621628456
10104360,Gradec,Brežice,0.26867086735090984,14616.590034929606
10087716,Lipsenj,Cerknica,0.32669582554717486,9572.93438052449
10097134,Jelšane,Ilirska Bistrica,0.4629300362454957,9496.559792443717
10088283,Štorovo,Ljubljana,0.3012024641560904,35954.36417371955
10112966,Ulaka,Velike Lašče,0.3149685660921038,2840.3574855441943
10144175,Žabjek,Trebnje,0.27197952408848636,7121.412124906092
10142067,Cikava,Novo mesto,0.18035430800282187,19281.364808434235
10104564,Kočno,Krško,0.4147276725585321,8803.263799385417
10103975,Črešnjice nad Pijavškim,Krško,0.3762603760344313,9219.676138708468
10135818,Repno,Šentjur,0.6210026675792226,2737.45864687258
10135761,Primož pri Šentjurju,Šentjur,0.4363028745630397,4112.0738468445425
10124280,Gomilci,Ptuj,0.4183804841625414,10127.031607586185
10114454,Kamenica,Metlika,0.34911632443397594,7351.5267572401135
10114292,Dolnja Lokvica,Metlika,0.4757687128570305,4625.101494072358
10085365,Obrežje,Brežice,0.4413734543234888,11237.432863885086
10084741,Slovenska vas,Brežice,0.39266302835754946,12759.85458309044
10111757,Javorje,Ljubljana,0.42704025911333426,26043.515707406474
10144167,Zidani Most,Trebnje,0.7337944651027473,2597.908883668808
10143900,Velika Loka,Trebnje,0.41498338769094645,5112.807456438373
10143870,Trnje,Trebnje,0.3745205989735283,5581.11079314534
10120322,Mali Slatnik,Novo mesto,0.8699658407052082,3784.7072612906736
10133971,Zgornja Bistrica,Slovenska Bistrica,0.7279192745528014,2975.135874174733
10133106,Kovača vas,Slovenska Bistrica,0.6733961298201967,3366.1171299381326
10134315,Sveti Jernej,Slovenske Konjice,0.15253981710768758,9879.474496765844
10114721,Slamna vas,Metlika,0.6842105535533507,3337.9992247452124
10085047,Gaj,Brežice,0.5199146788926369,9238.924490824846
10113032,Visoko,Ljubljana,0.5240229776933317,22583.993187413627
10142385,Drečji Vrh,Novo mesto,0.14255469079586094,21619.470443944774
10132819,Devina,Slovenska Bistrica,0.795516325099167,2338.916586213146
10133963,Vrhole pri Slov. Konjicah,Slovenska Bistrica,0.41293137517875755,5372.127355201849
10105536,Veliki Kamen,Krško,0.29676690728027094,11234.414721889148
10114829,Železniki,Metlika,0.36756749142969264,7125.957832374845
10089450,Mala sela,Črnomelj,0.2980031185635603,13101.728562146429
10143241,Podlisec,Trebnje,0.33407083932336085,6119.562819877088
10142911,Lokve pri Dobrniču,Trebnje,0.34098899426085333,5993.6557193823555
10142903,Log pri Žužemberku,Ljubljana,0.17620422622629262,42542.828716772536
10105455,Straža pri Raki,Krško,0.3765271587050756,9313.559315006341
10105609,Videm,Krško,0.22825098454197154,13357.391878777944
10132258,Vrhovlje,Sežana,0.6652626304438023,7063.382005429896
10138779,Gornja vas,Šmarje pri Jelšah,0.32625629403966644,4436.88885485107
10133882,Veliko Tinje,Slovenska Bistrica,0.3116892149837625,7817.521913123415
10089832,Pribinci,Črnomelj,0.49699603008988535,8143.958850542933
10114624,Prilozje,Črnomelj,0.30739096321108095,10408.007156306006
10131979,Škoflje,Divača,0.22584524171739093,7021.112819999976
10128196,Dolenje Podpoljane,Ljubljana,0.27317176366167895,34172.596894222515
10142253,Dolenje Kamenje pri Dobrniču,Trebnje,0.23265401287876594,8273.30292996001
10143195,Orlaka,Ljubljana,0.19835549429325977,42843.239802152726
10130069,Slančji Vrh,Sevnica,0.1307002371188648,13197.486179418633
10130719,Dolnje Ležeče,Divača,0.8507089639743146,1311.705632827619
10139902,Šentvid pri Grobelnem,Šmarje pri Jelšah,0.2509493511894366,5006.06113480896
10136172,Vodice pri Slivnici,Šentjur,0.28450110156600494,6843.813483551753
10101069,Šalka vas,Kočevje,0.853698449038188,2890.9800740800843
10143039,Maline,Novo mesto,0.18140877871074343,18541.14200441183
10120292,Mali Orehek,Novo mesto,0.6114713701680523,8467.673964405309
10121027,Sela pri Ratežu,Novo mesto,0.6677150959290511,6846.493543651081
10120721,Potov Vrh,Novo mesto,0.713033039447382,6439.784941546487
10120110,Lešnica,Novo mesto,0.7295039947731098,5648.569341906824
10131944,Škocjan,Divača,0.3762690990130327,4484.20394129991
10125537,Stogovci,Majšperk,0.37319718730826806,2119.403638785682
10139007,Klake,Kozje,0.12330712186007425,5483.344421501248
10138671,Drensko Rebro,Kozje,0.08559302774693092,6849.563188955602
10084784,Brežice,Brežice,1.0,0.0
10142113,Čilpah,Novo mesto,0.22078779467575224,15666.435824939272
10120861,Rakovnik pri Birčni vasi,Novo mesto,0.7256692342079865,6413.288166146505
10131561,Podbreže,Sežana,0.6808091951878665,6350.095952180977
10131634,Povir,Sežana,0.5097607955904256,6447.826527746959
10131308,Majcni,Sežana,0.5796705866308137,7500.805131824722
10086698,Slance,Celje,0.6769945741715439,3664.349396891789
10124760,Majšperk,Majšperk,1.0,0.0
10125863,Zakl,Ptuj,0.3427882884518994,12651.308573514963
10123526,Rakulik,Postojna,0.3307222196939393,12549.232848427111
10129532,Križ,Sevnica,0.16943383485372635,11491.883374025198
10130379,Znojile pri Studencu,Sevnica,0.23827550377975332,9673.927140058695
10102294,Triban,Koper,0.8932175406513578,3786.100160263626
10102260,Tinjan,Koper,0.5905480106443798,11296.338979059099
10106176,Lipni Dol,Celje,0.11604239816676856,26051.742730405334
10133173,Leskovec,Slovenska Bistrica,0.3497538656416889,6210.88761321781
10125146,Preša,Majšperk,0.2921938771298591,2739.0515252366445
10093864,Cerovo,Ljubljana,0.34316582946217783,22705.188677283542
10101026,Suhi Potok,Kočevje,0.3382713558472125,11398.529552840793
10101859,Lopar,Koper,0.5810980811633373,12775.64262348817
10122821,Velika Nedelja,Ormož,0.6040983934048539,4082.71439710964
10130875,Gradišče pri Materiji,Hrpelje-Kozina,0.16549333006704997,11258.56119238982
10100046,Kuhlarji,Kočevje,0.17595107457626638,19755.284360484497
10119944,Jurka vas,Novo mesto,0.40656992514604656,7274.510308932865
10092566,Tribej,Dravograd,0.38339123398084296,6027.826558605858
10111145,Babna Gora,Ljubljana,0.5972065425022515,16077.875653040755
10126568,Bohinjska Bistrica,Bohinj,1.0,0.0
10105226,Selo,Kostanjevica na Krki,0.20075124954890258,3371.122325566498
10132614,Troblje,Slovenj Gradec,0.8807141375550558,2362.660787269404
17357751,Koroška Bela,Jesenice,0.6529735777565294,4132.117881388141
10111684,Hruševo,Ljubljana,0.6782457729577063,10691.137994957598
10099056,Tunjiška Mlaka,Kamnik,0.7733995362286618,2539.007361220685
10148936,Vukovski Dol,Maribor,0.6342897948423565,10980.605559217529
10104050,Dobrava pri Kostanjevici,Kostanjevica na Krki,0.20408262282244763,3376.8626118442553
10089867,Pugled,Črnomelj,0.23213941079854852,10262.977948553575
10121523,Veliki Cerovec,Novo mesto,0.490778166891567,11157.452246818712
10141478,Tolmin,Tolmin,1.0,0.0
10136326,Sv. Andrej,Ljubljana,0.31984503930186814,27657.259793878406
10088623,Blatnik pri Črmošnjicah,Črnomelj,0.21065876047270202,11106.404397312672
10089654,Osojnik,Novo mesto,0.1823912413039488,21354.377275219493
10101425,Brezovica pri Gradinu,Koper,0.38424663326265684,22592.663785330766
10091527,Radomlje,Domžale,0.3526349950487104,4360.698997883223
10090369,Vrčice,Črnomelj,0.21552148851925473,10572.739958761253
10115442,Varpolje,Rečica ob Savinji,0.4230747268427674,2067.33400348003
20557427,Brezje,Sevnica,0.1656588900455702,11495.813048743199
10102278,Topolovec,Koper,0.3463732937081503,25561.860831783688
10102120,Sirči,Koper,0.3873317568499098,22339.68221609624
10104785,Mali Podlog,Krško,0.4476422249594,7846.023512767879
10088747,Brstovec,Črnomelj,0.2999079301708905,9324.72293365362
16567515,Lipa,Zreče,0.3201407916541696,4666.4068460096805
10121906,Zapuže,Novo mesto,0.3452773853963649,13005.355484121228
10100631,Predgrad,Črnomelj,0.1538592141937872,18807.31221759863
10099668,Gladloka,Ljubljana,0.17896133439083795,91411.15788159566
10100496,Planina,Ljubljana,0.17144227372036325,87153.57665649765
10119278,Gorenja Brezovica,Šentjernej,0.2971161346389548,2423.0043776957914
10101174,Vimolj pri Predgradu,Ljubljana,0.1439549685225307,80392.75623380557
10092655,Blaguš,Sveti Jurij ob Ščavnici,0.528958904089278,2013.7377440839691
10127726,Kotlje,Ravne na Koroškem,0.4877654737109565,3444.301046509153
10090083,Srednji Radenci,Črnomelj,0.1606150833422053,19709.45167547175
10088658,Brdarci,Črnomelj,0.5768026924621635,6856.427673560417
10093007,Lastomerci,Gornja Radgona,0.22129186474278856,6194.707704732371
10090105,Stari trg ob Kolpi,Črnomelj,0.18539765730347726,17016.549895287673
10088844,Dalnje Njive,Črnomelj,0.15440943286746575,21102.773440074856
10089034,Drežnik,Črnomelj,0.2444223676536327,15739.068360323554
10090091,Stara Lipa,Črnomelj,0.2977059309202732,13305.440112500497
10120390,Mihovo,Novo mesto,0.24599712239402358,16990.44059945447
10118964,Dolenje Vrhpolje,Šentjernej,0.2848176653326511,2633.5821832936617
10120128,Loka,Novo mesto,0.294876790825618,13951.726441136434
10119332,Gorenje Gradišče pri Šentj.,Novo mesto,0.3337948884565996,12612.36432411372
10088887,Desinec,Črnomelj,0.7235509034219897,4709.214897834163
10088836,Čudno selo,Črnomelj,0.8067295373765155,3680.454430241025
10090130,Stražnji Vrh,Črnomelj,0.6524131862523534,5331.77080070411
10089620,Ogulin,Črnomelj,0.22859236957592668,16784.348249955845
10089743,Podklanec,Črnomelj,0.20742300450566248,18173.894368563673
10090440,Zilje,Črnomelj,0.16706464428687853,21351.105292750333
23771098,Dedni Vrh pri Vojniku,Celje,0.281136391168745,12465.891573123878
10136695,Gabrk,Ljubljana,0.29508041301391147,27255.38647097794
10110548,Dobruša,Ljubljana,0.35934707852123676,15736.566473923609
10099129,Vir pri Nevljah,Kamnik,0.4748519435506721,5543.18278865678
10099307,Žubejevo,Kamnik,0.27902335928770705,9452.558727004227
10098963,Studenca,Kamnik,0.3612612043350411,7434.20984444047
10117631,Lig,Nova Gorica,0.2363371539965481,26547.417018071854
10138035,Vincarje,Škofja Loka,0.9116287630707895,998.7083975527067
10090814,Gorjuša,Domžale,0.44177070727419127,3995.2251970267416
10117330,Golo Brdo,Nova Gorica,0.25684669409953026,31385.331675942984
10117160,Breg pri Golem Brdu,Nova Gorica,0.24806304235003374,33049.97988164254
10148596,Plač,Maribor,0.5019759075771258,15660.565833081202
10098378,Kostanj,Ljubljana,0.25838796986320606,32941.43865199045
10092507,Sv. Boštjan,Dravograd,0.6899919051364071,2781.9306661679148
10092337,Sveti Andrej,Ljubljana,0.32288654553944623,22628.606505398166
10116643,Ratkovci,Murska Sobota,0.2888080642139716,16081.859578294396
10091055,Krašce,Ljubljana,0.30402711571389757,23627.597759793298
10091012,Koreno,Ljubljana,0.3133485973524295,26534.289536257642
10140650,Homec,Kobarid,0.1797660110815787,11578.693681769897
10141117,Podbela,Kobarid,0.194769048511281,10907.98020501632
10118077,Seniški Breg,Nova Gorica,0.1845612565491997,28663.76004713972
10141001,Loje,Tolmin,0.28886669314538155,14055.653887200717
10141206,Prapetno,Tolmin,0.8520631586482167,3586.219674548611
10141150,Poljubinj,Tolmin,0.8967112256129982,2989.08525343529
10092736,Gabrc,Ptuj,0.16027914555703807,20397.021531479673
10115370,Šentjanž,Rečica ob Savinji,0.3061422609625108,2815.5089554812307
10141214,Prapetno Brdo,Tolmin,0.20817950075227556,17073.586258055726
10141052,Most na Soči,Tolmin,0.6744112426475202,5770.725527972481
10126720,Grabče,Gorje,0.5541630957412681,798.8331217015925
10116724,Sodišinci,Murska Sobota,0.36763567842559247,9746.07843107547
10113563,Križevci pri Ljutomeru,Križevci,1.0,0.0
10132380,Gradišče,Slovenj Gradec,0.7730968230387019,3802.2686629483987
10097924,Podkoren,Kranjska Gora,0.7460497211962611,3190.433564365813
10097789,Gozd Martuljek,Kranjska Gora,0.7063223861448508,3172.9346840305507
10116384,Murski Petrovci,Murska Sobota,0.31025014651084093,10237.876893466264
10097819,Javorniški Rovt,Jesenice,0.4623463170806311,7422.759463757274
10115876,Gornji Črnci,Cankova,0.30713483639869943,2904.289555287085
10148545,Kušernik,Maribor,0.6065349822533556,11531.745173750656
10110378,Sadinja vas,Ljubljana,0.7357059535879361,10070.179050112456
10126754,Jereka,Bohinj,0.736530595426856,3095.3432415987636
10097851,Lipce,Jesenice,0.6593926107026327,3842.9930333254865
10107636,Zamarkova,Lenart,0.41973585258468576,3546.0492054022593
10103550,Vopovlje,Ljubljana,0.22656675779891797,21614.087167064088
10099170,Zagorica nad Kamnikom,Kamnik,0.6023275516288576,4226.346667431175
10106966,Cenkova,Cerkvenjak,0.5958959024208619,1357.5676300167186
10111471,Dvor pri Polhovem Gradcu,Ljubljana,0.5982006187991464,15396.233977142387
10098700,Podstudenec,Ljubljana,0.2550266921975725,33258.93991359534
10116325,Moravske Toplice,Moravske Toplice,1.0,0.0
10136822,Gosteče,Ljubljana,0.3009053627308012,18259.652052761172
10137799,Staniše,Ljubljana,0.312853276842795,27813.552226602864
10099200,Zavrh pri Črnivcu,Ljubljana,0.2520504676898336,33405.25105091401
10116783,Suhi Vrh,Moravske Toplice,0.41066024446939703,3653.11839018333
10096758,Ravne pri Cerknem,Cerkno,0.3255870575846593,6030.38881477424
10127653,Dobrije,Slovenj Gradec,0.2557141533094478,14003.267694707278
10116791,Šalamenci,Murska Sobota,0.4235210461407226,8875.72877590776
10112923,Šujica,Ljubljana,0.5089213097203521,8687.554515472515
10115272,Robanov Kot,Ljubljana,0.17441040290526283,53915.70808526266
10133025,Kebelj,Slovenska Bistrica,0.1443107303442043,12892.81014054485
10088925,Dolenja Podgora,Ljubljana,0.14259183888946603,84050.81456658288
10140404,Bača pri Podbrdu,Ljubljana,0.2008403038063126,62546.63224272036
10094119,Glogovica,Ivančna Gorica,0.618768255010241,2969.6110813547984
10108918,Laze pri Vačah,Litija,0.21974514006871404,10863.732710425882
10096073,Dol pri Hrastniku,Hrastnik,0.29130729934533806,4123.941358173233
10108306,Brezovo,Ljubljana,0.15234416959686709,51122.44636483438
10130310,Zaboršt,Krško,0.1232353491778678,18707.961332462244
10093961,Dedni Dol,Ljubljana,0.33104036076740284,24264.99574162195
10093716,Bakrc,Ljubljana,0.22749104249256247,47032.27498780145
10094607,Male Vrhe,Ljubljana,0.27026873108843047,29802.32615256763
10133483,Pragersko,Slovenska Bistrica,0.2221034360375547,8040.375917781801
10133670,Spodnja Polskava,Maribor,0.24402925343201515,18627.71740666242
16366668,Bistrica,Ljubljana,0.15427554618462427,51486.93444831645
10109671,Štangarske Poljane,Litija,0.5001799982059703,5189.938753932975
10094828,Osredek nad Stično,Ljubljana,0.26511908780685517,29490.915310009943
10094356,Krška vas,Ivančna Gorica,0.24885939310458013,6940.280150704869
10094445,Mala Dobrava,Ivančna Gorica,0.4303846765459702,4028.1869907101823
10101140,Tržič,Ljubljana,0.2555695735461207,41671.65658269322
10094399,Leskovec,Ljubljana,0.34711560998483165,26226.390738817692
10094976,Podpeč,Dobrepolje,0.6862610621968331,1183.6221290951707
10094178,Grintovec,Ljubljana,0.2295401035666649,39971.26200726441
10094542,Male Kompolje,Ivančna Gorica,0.38153723826468827,5090.633763211162
10109850,Volčja Jama,Litija,0.43763108210979307,6017.4489756303055
10100763,Rapljevo,Ljubljana,0.23501898961222673,43710.578572747014
10109116,Nova Gora,Litija,0.18111157890340457,13590.664658946422
10109833,Višnji Grm,Litija,0.3058904996029721,8871.180630559562
10094429,Lučarjev Kal,Ivančna Gorica,0.2632490328440511,6880.792201112166
10094879,Peščenik,Ljubljana,0.3094245505616759,23453.3079657166
10095301,Spodnje Brezovo,Ljubljana,0.33706982686252907,22265.2646095585
10095174,Ravni Dol,Ljubljana,0.30502773581587456,30752.41964721959
10094453,Mala Goričica,Ivančna Gorica,0.2442629015299172,6394.287953843027
10109973,Zgornji Hotič,Litija,0.37342270417164636,6786.548998240455
10094054,Gabrovčec,Ivančna Gorica,0.24716213120355662,7031.77478987137
10094364,Kuželjevec,Ljubljana,0.23767740218560576,42010.631317515166
10108853,Koške Poljane,Ljubljana,0.3547851100833981,24699.116316220767
10109469,Sela pri Sobračah,Litija,0.21574128092164938,11109.733847579157
17910329,Praproče pri Grosupljem,Grosuplje,0.7323148842730728,2008.0838961302627
10108390,Dobovica,Ljubljana,0.14249034039245456,54058.16024092268
10094216,Hočevje,Ljubljana,0.29028398905560066,31879.537492462823
10109728,Tlaka,Ljubljana,0.15383980076469128,50772.171194165225
10095689,Veliki Kal,Ivančna Gorica,0.3331154068938505,5677.4418509058305
10129435,Jerman Vrh,Škocjan,0.14114158059017626,3863.0154424425464
10094143,Gorenje Brezovo,Ljubljana,0.32748245364955336,28224.972126664066
10124395,Grdina,Ptuj,0.16906756180820887,22174.73680341633
10095026,Poljane pri Stični,Ljubljana,0.2628333933564016,32438.411458772447
10108829,Konj,Litija,0.3797655565927556,7031.1149230798865
10106168,Laziše,Laško,0.16399129916107608,9164.252601899396
10096146,Marno,Trbovlje,0.22681255979523257,9085.470036893417
10108586,Gradišče pri Litiji,Litija,0.5170662556452094,5489.5434279007395
10109108,Mulhe,Litija,0.2778343442277055,9786.886355172312
10109477,Selce,Ljubljana,0.14139408908668238,55389.90646026625
10121884,Zalog pri Škocjanu,Škocjan,0.207282616405046,2785.9127374450964
10109213,Polšnik,Ljubljana,0.15807783291904873,45201.62931912392
10114802,Želebej,Metlika,0.5443419611646365,4681.110359002854
10142202,Dolenja Dobrava,Trebnje,0.3316189134676882,5951.285566231615
10096057,Brnica,Hrastnik,0.3982273989341639,3007.6071687895446
10118565,Brezovica,Novo mesto,0.285934689402829,12513.392038449849
10115094,Mozirje,Mozirje,1.0,0.0
10133815,Štatenberg,Slovenska Bistrica,0.15957044810420154,10916.783355316935
10133513,Pretrež,Slovenska Bistrica,0.24683902739192157,8464.431216073874
10133572,Savinsko,Ptuj,0.18648893734705083,18694.355427679173
10123119,Bukovje,Postojna,0.43895807415718874,9139.57449781103
10129001,Žimarice,Ljubljana,0.21340932292863812,39418.94823999801
10128927,Vintarji,Ljubljana,0.28821719912479465,35315.18356735845
10129567,Krsinji Vrh,Novo mesto,0.14928155636120238,20931.628546769498
10144027,Sv. Vrh,Mokronog-Trebelno,0.21777229181527516,2991.6205586878623
10129460,Kaplja vas,Mokronog-Trebelno,0.10759235128610325,4519.432707243653
10089891,Rodine,Črnomelj,0.5225494137298272,6878.496397733366
10098815,Rudnik pri Radomljah,Kamnik,0.3061938004492854,6002.439400785974
10090997,Kolovec,Ljubljana,0.31322011764825164,21179.634292511917
10132509,Razborca,Mislinja,0.22789547421454331,4519.069771658715
10132436,Mislinja,Mislinja,1.0,0.0
10132347,Dovže,Mislinja,0.29180038458606056,3556.9867579072256
10132339,Brda,Slovenj Gradec,0.3802080223391751,7930.339988204333
10125316,Skorba,Ptuj,0.6498565938203262,3935.005179233268
10124930,Njiverce,Kidričevo,0.8809818926627243,768.9233560748577
10124891,Moškanjci,Ptuj,0.3302944339396059,10375.617262365808
10087929,Pikovnik,Ljubljana,0.3095980373315485,30445.35129143129
10088143,Sleme,Cerknica,0.20940448881297427,12723.266761795356
10088437,Zahrib,Ljubljana,0.29201356623487923,38555.57255067584
10119928,Jordankal,Trebnje,0.2213729954931692,7459.128621420721
10123810,Apače,Ptuj,0.3838097003907054,9089.532217966558
10125642,Šikole,Ptuj,0.22231299977487778,14463.305115332114
10103606,Zalog pri Cerkljah,Ljubljana,0.23157151336476905,22727.66269639026
10147905,Rače,Rače-Fram,1.0,0.0
10135478,Loka pri Žusmu,Šmarje pri Jelšah,0.12507954307076002,9934.845023092967
10138345,Babna Reka,Šmarje pri Jelšah,0.19077743210564588,7682.472252468845
10138850,Hajnsko,Rogaška Slatina,0.35303260087886074,7087.618804403726
10117038,Banjšice,Nova Gorica,0.3432829242961616,19589.07758550674
10132827,Dežno pri Makolah,Ptuj,0.1584610605821835,21677.180185040383
10122597,Ritmerk,Ptuj,0.2529953116417704,16610.98451756999
10125103,Polenšak,Juršinci,0.25395287899689406,4261.354606431055
10122619,Rucmanci,Ptuj,0.20758937573702257,18020.379549532703
10144086,Zabukovje,Trebnje,0.1223487576115473,12619.77175872302
10143543,Sajenice,Trebnje,0.1382012298487656,11231.792846475037
10142687,Hom,Šentrupert,0.1781140018323179,2533.3689210708267
10142717,Hudeje,Trebnje,0.4967010941595089,4513.629045118831
10087350,Dolenje Poljane,Ljubljana,0.19718799906205492,60842.77038591653
10110718,Povodje,Ljubljana,0.6383144899154285,11481.269823398621
10146534,Letuš,Velenje,0.16188874290099384,11481.807138030383
10141800,Trbovlje,Trbovlje,1.0,0.0
10142237,Dolenja vas pri Čatežu,Trebnje,0.217200028208073,8582.305794513044
10121540,Veliki Lipovec,Novo mesto,0.25123166546683956,14998.41547791459
10132975,Hrastovec pod Bočem,Ptuj,0.13359997491081912,27057.562179318527
10136911,Izgorje,Ljubljana,0.25627460564929316,38477.876081972994
10138299,Žirovski Vrh Sv. Urbana,Ljubljana,0.2607056316849703,37433.15549119868
10134773,Stare Slemene,Celje,0.14360593201655414,18186.292354085246
10136296,Zgornje Slemene,Celje,0.17624597360013664,16276.936777999745
10145899,Ravenska vas,Trbovlje,0.42869106377440486,4150.339753544048
10145864,Prapreče - del,Trbovlje,0.41103462710510846,4767.8776605871635
10084067,Duplje,Ajdovščina,0.48157819189809437,4963.142613875409
10092990,Kutinci,Sveti Jurij ob Ščavnici,0.1718515094391056,4423.324899204599
10107873,Dobrovnik,Dobrovnik,1.0,0.0
10114039,Kalce,Logatec,0.3415493319568116,4678.82913388822
10143918,Velika Strmica,Novo mesto,0.16983949829162925,20100.742932589077
10090016,Semič,Semič,1.0,0.0
10139309,Pečica,Rogaška Slatina,0.14587170540159738,12118.741179255529
10138523,Cerovec pod Bočem,Rogaška Slatina,0.7749467663358913,3236.933459500218
10091381,Preserje pri Radomljah,Domžale,0.5146469985161465,2960.5007694205924
10110874,Šinkov Turn,Ljubljana,0.3967139427654454,16408.856737048416
10091136,Loka pri Mengšu,Ljubljana,0.2999240379239855,13029.990529453466
10085225,Križe,Krško,0.2309505710586757,13331.372375930281
10128153,Črnec,Ljubljana,0.24481066848631047,38053.329142448616
10143799,Šmaver,Trebnje,0.2736872686861026,6896.032017810959
10125472,Spuhlja,Ptuj,0.744818190207534,3686.375742737968
10147875,Polana,Maribor,0.44718103634320533,12174.249621562001
10132177,Večkoti,Ajdovščina,0.17460624642125236,13289.244457572611
10115787,Domajinci,Murska Sobota,0.23326301960006923,15340.249870321346
10116848,Topolovci,Murska Sobota,0.23967850256272832,14533.468056436246
10113237,Berkovci,Murska Sobota,0.13176396490545225,17560.24989682992
10108039,Kobilje,Kobilje,1.0,0.0
10102618,Gobovce,Kranj,0.2815565049478834,11851.663360254664
10096731,Potok,Ljubljana,0.24620773344666524,37778.75814939814
18801027,Mizni Dol,Ljubljana,0.3160583685703053,27241.47504107883
10090407,Zagozdac,Ljubljana,0.14370511853472506,82610.70669861509
10140064,Vetrnik,Krško,0.1482352370937115,17052.624180461593
10139856,Strmec pri Sv. Florijanu,Rogaška Slatina,0.40706910091268617,6965.014171779877
10096855,Šebrelje,Ljubljana,0.14669656398582354,69758.05058190007
10090580,Češenik,Domžale,0.5665340585154875,2999.842730361442
10144825,Ravne,Šoštanj,0.5826859659366005,2526.6673890902803
10097665,Izola,Izola,1.0,0.0
10128102,Brinovščica,Ljubljana,0.22412879273298472,36726.95320275259
10143594,Slepšek,Mokronog-Trebelno,0.37609276200817043,1904.6070176278035
10143250,Podturn,Novo mesto,0.26435174002023776,14296.323931341678
10122988,Padna,Koper,0.48498555596231097,12798.456527949958
10124751,Majski Vrh,Ptuj,0.407883212042482,10965.604306614476
10124042,Dežno pri Podlehniku,Ptuj,0.3758201757291743,13065.002169586975
10125413,Soviče,Ptuj,0.4167481829136395,12212.585871816118
10144060,Vrtače,Ljubljana,0.17242897239649,44533.38964850347
10143977,Volčja Jama,Ljubljana,0.16351537972473884,44739.98262078244
10096715,Police,Ljubljana,0.16256299798834328,66855.75893931094
10098009,Vrba,Radovljica,0.3401576551258631,5927.681694051808
10132479,Pameče,Slovenj Gradec,0.758051013517054,3560.499174336268
10092477,Otiški Vrh,Dravograd,0.5552204038752825,3259.780584232134
10143098,Mirna,Mirna,1.0,0.0
10143080,Migolska Gora,Trebnje,0.13293874093212985,11775.239054745778
10144094,Zagorica,Trebnje,0.3076947504629169,6800.5489367816435
10092353,Bukovska vas,Slovenj Gradec,0.45804208390245466,5995.254326561736
10096472,Jazne,Ljubljana,0.1935135505918242,50861.07438321205
10115230,Radegunda,Mozirje,0.2451186229788311,3961.3766167309977
10146712,Ojstriška vas,Tabor,0.3453062010156219,855.4255815216806
10146526,Latkova vas,Prebold,0.5142156693506039,1386.337150321694
10146399,Sv. Lovrenc,Prebold,0.453627879081822,1536.4386781820738
10125529,Starošince,Ptuj,0.24627126659099816,13268.06097399013
10120306,Mali Podljuben,Novo mesto,0.5485572101267825,8404.859321719456
10121256,Suhor,Novo mesto,0.5726452105504924,7155.201364891393
10147433,Dobrovce,Maribor,0.37523506157734743,11840.455574050908
10147956,Rogoza,Maribor,0.39315858486796,9444.034680039966
10148111,Trčova,Maribor,0.7385605659499465,7326.873567895964
10136610,Dolge Njive,Ljubljana,0.358850445361438,29664.439800058233
10112605,Rovt,Ljubljana,0.4045408396991723,28256.77928602881
10132061,Tomačevica,Komen,0.3800597658286832,2781.885205400346
10149126,Lobnica,Ruše,0.4914993550355258,2207.838656665882
10148162,Vrhov Dol,Maribor,0.7643101843136964,8335.925271121261
10127807,Onkraj Meže,Mežica,0.43546519994511584,1753.674208002102
10107733,Zgornji Gasteraj,Maribor,0.3390978647360899,19944.461850438543
10107695,Zgornja Ščavnica,Maribor,0.20229215335279122,28007.94016114729
10107407,Spodnja Ročica,Lenart,0.23852291552816468,6502.423663010629
10107709,Zgornja Voličina,Maribor,0.339955812233805,16188.636191390804
10142814,Križ,Trebnje,0.3811965456229522,5807.616222325384
10120071,Laze,Novo mesto,0.31886525674329785,14472.672821278738
10149169,Puščava,Lovrenc na Pohorju,0.36630722139415817,2727.4408391465386
10114322,Drage,Novo mesto,0.2483214974595061,18664.110012973513
10089409,Krvavčji Vrh,Metlika,0.3308667159736757,6001.906114819165
10104939,Pesje,Brežice,0.4660189341944054,6064.8306458474835
10115353,Spodnje Pobrežje,Rečica ob Savinji,0.28282332190464987,2805.1995958518514
10115388,Šmartno ob Dreti,Ljubljana,0.11476688254510847,51663.92958933455
10129729,Mrzla Planina,Krško,0.15474128631968,16369.787464687726
10139996,Topolovo,Celje,0.08520242844199429,31515.577059581927
10104068,Dobrova,Krško,0.2246421604941333,14290.109218827303
10129478,Kladje nad Blanco,Krško,0.3873194217889542,8446.848673252438
10131618,Ponikve,Sežana,0.3593390640257041,12012.581627735632
10131120,Kosovelje,Sežana,0.2847008009372535,14606.458992640079
10096936,Bač,Ilirska Bistrica,0.23581373040305073,11769.774616944014
10116929,Večeslavci,Rogašovci,0.4462781797870668,2481.029168992929
10115868,Gorica,Puconci,0.4283407669828564,1450.9877404515564
10113741,Radoslavci,Ljutomer,0.1445472249412109,9246.204391243675
10092809,Grabšinci,Ptuj,0.1746879032857302,19586.474014267656
10107962,Gornja Bistrica,Murska Sobota,0.1655965023663549,15265.958450901699
10114748,Škemljevec,Novo mesto,0.2757545076341797,17215.272740382818
10114446,Jugorje pri Metliki,Novo mesto,0.3039835025805455,16087.90309356869
10091667,Spodnje Jarše,Domžale,0.9106011204614831,952.6087407314038
10091489,Pšata,Ljubljana,0.5943463412286965,10699.234059826475
10137438,Podporezen,Ljubljana,0.21341460831329065,58168.20029024126
10147581,Ješenca,Maribor,0.28797164616058885,14783.181045958254
10139198,Male Rodne,Rogaška Slatina,0.7206959866972288,3610.8929847002805
10119839,Iglenik,Novo mesto,0.42184407809146923,12986.069530233699
10148537,Kresnica,Maribor,0.40720505341130764,15181.842406007701
10125693,Trnovec,Ptuj,0.48106960972891916,8234.589411214545
10124492,Janški Vrh,Ptuj,0.32700738735251433,14481.695514608346
10100879,Smuka,Ljubljana,0.15609681996594776,56999.45585416755
10142792,Korita,Trebnje,0.24448529046049125,7512.270122062082
10119081,Dolnji Kot,Novo mesto,0.16985253553696877,18443.252844800318
10121680,Visejec,Ljubljana,0.2084691957465684,48031.28401941114
10140641,Grudnica,Nova Gorica,0.21041833470300722,27955.814232739718
10108071,Mala Polana,Velika Polana,0.36168186683603704,1803.3198788954496
10102464,Bistrica,Kranj,0.3797589513540379,7874.190811400772
10091373,Preserje pri Lukovici,Ljubljana,0.30079076086010187,22406.944244466013
10094640,Mali Vrh pri Šmarju,Ljubljana,0.4548322587978103,11727.862556709737
10127971,Tolsti Vrh p. R. na K. - del,Ravne na Koroškem,0.4585311085888743,4394.052351988312
10127629,Breznica,Prevalje,0.37568965083317896,2893.9503500214096
10148901,Vajgen,Maribor,0.5611031159265667,13333.55452485662
10132231,Vrabče,Sežana,0.2571713587923511,14527.322179435727
10130883,Gradišče pri Štjaku,Sežana,0.24061851645241894,16603.4920053069
10122872,Vodranci,Ormož,0.18855624901966905,11713.185161807072
10122066,Bresnica,Ptuj,0.2700563561301697,15885.854750987894
10115124,Okonina,Rečica ob Savinji,0.1371415081349761,5036.589955954278
10136253,Zagaj pri Ponikvi,Celje,0.14240849445257198,16986.645150821576
10134757,Spodnje Preloge,Slovenske Konjice,0.8118904022523815,1676.3774928955972
10129117,Brezovo,Krško,0.14931231227848785,16733.35252984659
10103681,Žablje,Kranj,0.4319750380878439,8636.446864107971
10140757,Kanalski Lom,Tolmin,0.3179295361820134,12386.987954188406
10127661,Dolga Brda,Ravne na Koroškem,0.12625005513324594,12038.885251696101
10102863,Malo Naklo,Naklo,0.8296021451361254,634.155265740886
10107687,Zgornja Senarska,Lenart,0.31223016554218697,4541.471298786332
10148499,Kaniža,Maribor,0.5519610238764769,12343.26148726444
10098327,Kamniška Bistrica,Ljubljana,0.27771115165603266,35094.41268089375
10092027,Vranke,Ljubljana,0.2652504884887936,32649.677250155946
10091292,Podmilj,Ljubljana,0.24847083859439106,33824.58458250253
10136717,Gabrška Gora,Ljubljana,0.3100063077340827,33119.39941748477
10113164,Želimlje,Ljubljana,0.529182321647218,18621.264254069007
10111633,Gumnišče,Ljubljana,0.4402742808216919,12376.860739630507
10137233,Martinj Vrh,Ljubljana,0.24806281139725395,43596.08719529411
10137454,Podvrh,Ljubljana,0.2706759154794595,39738.01604850815
10115205,Prihova,Nazarje,0.4018736169244165,1747.4774856316085
10135168,Doropolje,Celje,0.10543430461028254,27407.496876776975
10123593,Slovenska vas,Pivka,0.37132867359769645,3285.8697084427617
10123267,Kal,Pivka,0.32148249324429834,4003.0602433228805
10130000,Rovišče pri Studencu,Krško,0.18373710340536245,14891.26442014968
10135273,Hrastje,Celje,0.11840074811236456,24076.711014129014
10135575,Paridol,Šentjur,0.18518890151238007,9854.854894360536
10148626,Počenik,Maribor,0.40108392149155997,20378.589306828355
10091039,Korpe,Ljubljana,0.29227205139157103,30618.652369518983
10090857,Hrastnik,Ljubljana,0.297858632571043,30406.90968985231
10134307,Hudinja,Celje,0.08353438344655366,31372.80011960419
10134668,Resnik,Zreče,0.14145372299152792,10648.866774626631
10136938,Jarčje Brdo,Ljubljana,0.286049104962353,34533.91605438041
10099331,Velika Planina,Ljubljana,0.26664254048492375,43314.79320499301
10095719,Veliki Vrh pri Šmarju,Ljubljana,0.44010271192696926,12551.635881161
10087791,Metulje,Ljubljana,0.20981436682460183,45724.45203847559
10128552,Mali Log,Loški Potok,0.3078465855955989,2766.3489394619933
24031837,Draga,Ljubljana,0.5653636552484778,14122.5071501357
10138256,Žiri,Žiri,1.0,0.0
10092108,Zalog pri Kresnicah,Ljubljana,0.38361216987907504,24160.906488859466
10135095,Cerovec,Celje,0.333476366686602,9479.275611431729
10125979,Žetale,Žetale,1.0,0.0
10113873,Veržej,Veržej,1.0,0.0
10116554,Prosečka vas,Murska Sobota,0.2702126820900422,17189.966644918877
10116023,Kovačevci,Murska Sobota,0.26958057269230573,17989.90554193554
10107377,Selce,Maribor,0.2527761077447219,18570.49050535077
10113555,Krištanci,Ljutomer,0.28246870531212714,5745.205310306088
10110386,Selo pri Pancah,Ljubljana,0.5565500972141274,16366.22861772694
10110165,Janče,Ljubljana,0.45931746143438634,21209.265975157927
10110122,Dolgo Brdo,Ljubljana,0.422028289614845,22642.562852849107
10098785,Pšajnovica,Ljubljana,0.28511330742163965,29480.25723700561
10147859,Počehova,Maribor,0.9257377994350493,3666.1232946435543
10086108,Hrenova,Celje,0.23924597202348313,13629.174272684886
10086914,Velika Raven,Celje,0.19006282015209233,17437.193394609403
10086167,Jezerce pri Šmartnem,Celje,0.3794043434627523,10499.52829142469
10136318,Žegar,Šentjur,0.1300886494024065,12452.736239412417
10135559,Osredek,Šentjur,0.3304652581622829,6019.539989335028
10121922,Zbure,Novo mesto,0.18316996728290982,16579.097362932058
10129648,Mala Hubajnica,Sevnica,0.19857774865434746,10677.565292001844
10125677,Tibolci,Ptuj,0.318341635244487,12462.685404412729
10124948,Nova vas pri Markovcih,Markovci,0.41397931162608104,2124.8520400010257
10140609,Gorenji Log,Tolmin,0.4694497985120869,9507.495958884283
10140749,Kamno,Tolmin,0.45749113631778954,9088.679508712128
10140943,Livške Ravne,Tolmin,0.23499497992411808,17509.50140762811
10113318,Bunčani,Veržej,0.3221009117795626,2184.451033310979
10113610,Mekotnjak,Ljutomer,0.3195487502080306,5941.312740347626
10127203,Ribno,Bled,0.6564067879769138,2211.227920891867
10126959,Nemški Rovt,Bohinj,0.6689284157943095,3526.736119407864
10126541,Bodešče,Bled,0.5104437453520762,3022.7918637384482
10107806,Banuta,Lendava,0.5836959062999745,6360.10347214643
10108012,Kapca,Lendava,0.511801592367592,6772.883223307135
10144329,Hudo,Tržič,0.2534213597156365,4912.031742896841
10119847,Imenje,Šentjernej,0.28051668778347233,2646.5997401642567
10127858,Podpeca,Črna na Koroškem,0.24108746528840644,5143.805258542692
10131847,Senožeče,Sežana,0.19093733751541406,15776.080152012379
10130689,Dolenja vas,Sežana,0.227286089003451,13797.485845640145
10136440,Bukovščica,Kranj,0.3263125571747785,11952.221018316404
10129133,Budna vas,Radeče,0.1800275344382475,5468.220983310588
10122864,Vitan,Ormož,0.21528070641004063,10571.3442981765
10087007,Vrhe,Štore,0.43884580488114744,948.6510720146093
10117747,Miren,Miren-Kostanjevica,1.0,0.0
10117097,Bilje,Renče-Vogrsko,0.4501355683582124,1889.566335365423
10118328,Vogrsko,Nova Gorica,0.3306716524921291,11048.177540098579
10115132,Planina,Ljubljana,0.16271406680677644,61227.76494814369
10085853,Arclin,Celje,0.5244197268540176,6411.316724206518
10116201,Lončarovci,Murska Sobota,0.2561048002644413,18420.598916050607
10115736,Dolenci,Šalovci,0.21336106736465413,4585.247444027291
10093295,Ptujska Cesta,Gornja Radgona,0.24916049938455173,5321.280033056255
10093414,Spodnja Ščavnica,Gornja Radgona,0.1950799881741614,6877.998315187568
10093252,Podgrad,Gornja Radgona,0.638882930069312,2607.2428049465343
10136300,Zlateče pri Šentjurju,Šentjur,0.3773581438783785,4234.506184528579
10133351,Novake,Slovenska Bistrica,0.12261122183023156,12587.728808990874
10145287,Pristava,Ljubljana,0.3114570347651136,26696.285294250993
10145031,Bistra,Vrhnika,0.4388267976132909,5039.971195732491
10086809,Šentjanž nad Štorami,Celje,0.42939209552672586,7845.6468754142925
10135958,Suho,Šentjur,0.13942767615160004,11702.670646935963
10125022,Pleterje,Ptuj,0.31745402068158496,12131.843801347686
19813169,Zagomila,Nova Gorica,0.47985724949307285,15358.699720792109
10145953,Rove,Zagorje ob Savi,0.30607104657065604,5314.332645862673
10133238,Lukanja,Maribor,0.16280887408033753,35090.68198569787
10135869,Slatina pri Dobjem,Celje,0.12601959305624907,23579.023878083553
10135796,Ravno,Celje,0.127418504479443,22845.09410382903
10135419,Kostrivnica,Celje,0.17777014750633827,17589.408322748077
10121752,Vrh pri Pahi,Novo mesto,0.5127097369092494,9294.847610378407
10121647,Vinica pri Šmarjeti,Novo mesto,0.22713153059209704,15489.5076609759
10132584,Šmiklavž,Slovenj Gradec,0.2714128848271748,9397.5768473476
10093635,Zgornji Kocjan,Radenci,0.2752258873901245,3572.348869925634
10140455,Breginj,Kobarid,0.12984794102539784,14673.356222938768
10122694,Spodnji Ključarovci,Ormož,0.34707987187136174,6830.619393025521
10128986,Zapuže pri Ribnici,Ribnica,0.5515686779130092,3732.4172317240505
10124301,Gorenjski Vrh,Ptuj,0.33835939147209,17083.268186577956
10110564,Dornice,Ljubljana,0.38149755682079545,16999.36535455769
10134200,Bukovlje,Zreče,0.30535840992375535,4551.12799115268
10118158,Šempas,Nova Gorica,0.5145493955033031,9621.328105867555
10088003,Ponikve,Cerknica,0.2882344611651295,10138.032797474547
10088291,Štrukljeva vas,Ljubljana,0.23840346131028523,40592.5722402269
11023851,Osredek pri Zrečah,Zreče,0.7824675980360564,1579.8950329308843
10105161,Reštanj,Krško,0.3495976436713793,10522.413603203628
10141010,Magozd,Kobarid,0.25728078126758036,8530.822697283693
10140480,Čezsoča,Bovec,0.6864350077776341,4247.569042493928
10127017,Ovsiše,Kranj,0.2647251895004954,13350.861224337925
10120217,Mala Strmica,Novo mesto,0.17861458837815627,19226.417870048717
10142008,Brezovica pri Trebelnem,Mokronog-Trebelno,0.18334462730823942,3141.3619534112145
10117925,Podsabotin,Nova Gorica,0.7439735146156671,7086.919087780396
10145155,Laze pri Borovnici,Borovnica,0.45726427942276365,1922.6649581152985
10111978,Lipe,Ljubljana,0.7354536796729594,10657.307067033145
10112222,Planinca,Ljubljana,0.5694989603065673,17412.876974195002
10092035,Vrba,Ljubljana,0.2797548753306197,19442.928580838023
10090687,Dolenje,Ljubljana,0.28936090287789346,21799.82185720251
10098530,Mlaka,Komenda,0.24927177056200012,1313.9823912085353
10115914,Gradišče,Murska Sobota,0.6281975408058605,5650.495718236233
10115612,Borejci,Murska Sobota,0.6426849335091626,6242.65828906523
10126304,Sv. Primož nad Muto,Muta,0.22785421718193238,6272.629190659709
10102456,Bašelj,Kranj,0.2877912424387632,10251.840726407216
10102995,Orehovlje,Kranj,0.667660456531675,4265.064579745322
10106036,Jagnjenica,Radeče,0.2180211572367765,5129.981238867261
10095336,Škocjan,Ljubljana,0.36716075299754564,26000.13971845058
10101298,Gotenica,Ljubljana,0.2112627399635748,58963.60596573923
10099412,Bosljiva Loka,Ljubljana,0.19488484480928003,84245.63390113901
10110025,Kleče pri Dolu,Dol pri Ljubljani,0.3701638311402892,1124.9369350741483
10110068,Zaboršt pri Dolu,Ljubljana,0.4081060315657681,12576.204983274489
10105510,Velike Vodenice,Novo mesto,0.13995342037315617,21660.55385260879
10104807,Malo Mraševo,Krško,0.2537893717743472,11921.004566462789
10105285,Slivje,Kostanjevica na Krki,0.32051007481271826,2463.501431107127
10146895,Ponikva pri Žalcu,Velenje,0.23651641721528216,9951.307180411044
10094259,Huda Polica,Ljubljana,0.4499922649313944,14961.41937164486
10111862,Kremenica,Ljubljana,0.5650931354494201,14103.56753324371
10113083,Vrh nad Želimljami,Ljubljana,0.4883338783344789,19176.14454484188
10104734,Male Vodenice,Kostanjevica na Krki,0.1376444229833732,4580.962760523108
10105404,Stari Grad v Podbočju,Brežice,0.2307075192275558,13556.320748037017
10101662,Hrvatini,Koper,0.5352509027803892,7735.815626236655
10111366,Dobrova,Dobrova-Polhov Gradec,1.0,0.0
10128188,Dolenja vas,Ribnica,0.49631050542030986,4255.20784156181
10100577,Trnovec,Kočevje,0.136080341416477,17583.895823763403
10121973,Žerjavin,Novo mesto,0.45471302094876404,10812.459983484041
10106486,Rifengozd,Celje,0.546121194536798,6441.286403496041
10145163,Lesno Brdo,Ljubljana,0.44705806299945605,14927.597487433646
10111234,Brezje pri Dobrovi,Ljubljana,0.594803913413491,14229.4638389815
10145724,Mali Kum,Ljubljana,0.12736608348572642,56310.10181522911
17028073,Nožed,Koper,0.33423847119709565,11890.19023501644
10121434,Travni Dol,Novo mesto,0.2704445470804345,17637.11974856781
10139813,Spodnji Gabernik,Rogaška Slatina,0.2749949625757576,8491.566610788115
10138655,Donačka Gora,Rogaška Slatina,0.25274833998771146,10791.124727595146
21222623,Grče,Žalec,0.2106351546170618,7607.196175501364
10146747,Orova vas,Polzela,0.35000699465382473,1323.8439587116118
10085446,Podgorje pri Pišecah,Brežice,0.2522252739007547,14603.168375808558
10106915,Zgornja Rečica,Celje,0.19505418298878585,17080.0325699401
10131570,Podgorje,Koper,0.27655486883019736,23882.148146694497
10098068,Bela Peč,Ljubljana,0.24599861949862936,34261.960444890785
10092248,Zlato Polje,Ljubljana,0.30219072102929584,27071.156606579938
10098831,Sidol,Ljubljana,0.25154933461028095,30358.566366735104
10106621,Svibno,Ljubljana,0.10564156085581915,59173.56853640899
10133246,Lušečka vas,Poljčane,0.21369030398495045,2123.2290282713725
10135150,Dolga Gora,Rogaška Slatina,0.11798802829121705,13876.68422162495
10095930,Zgornja Slivnica,Ljubljana,0.37936421893904376,16415.251178664308
10094135,Gorenja vas pri Polici,Ljubljana,0.37171752724206414,22563.51773870655
10110289,Pance,Ljubljana,0.46726362704821967,18022.026803541346
10088208,Studenec na Blokah,Bloke,0.19165523734056508,2395.4183403152497
10085381,Orešje na Bizeljskem,Brežice,0.12365178451931307,22256.29793134748
10084687,Bizeljska vas,Brežice,0.1348903917051234,20990.253658700934
10118832,Dolenja vas pri Mirni Peči,Mirna Peč,0.3053907222058774,2566.487281238172
10143683,Straža,Šentrupert,0.2523917959082527,1733.0949416523656
10102189,Spodnje Škofije,Koper,0.66704382597409,7370.255532883414
10089492,Mašelj,Novo mesto,0.1643310523854414,23330.66495118754
10089590,Nestoplja vas,Črnomelj,0.313371234421223,8546.989042718282
10133785,Studenice,Slovenska Bistrica,0.11252907881356548,13216.71926055114
10133149,Križeča vas,Slovenska Bistrica,0.13429097655406977,12122.257339006503
10139414,Polje ob Sotli,Podčetrtek,0.11111599847409986,8415.564151986617
10138949,Ješovec pri Kozjem,Kozje,0.6138888977380664,1670.1897648251645
10095093,Predole,Ljubljana,0.3504358339722443,23438.653042772894
10096006,Dobje,Grosuplje,0.5294366452429816,3028.7544511968763
10135443,Krivica,Celje,0.09648862042051295,28597.474990231454
10097673,Jagodje,Izola,0.7447447490729888,1930.6771561603277
10104467,Jablance,Kostanjevica na Krki,0.34037241467346685,2533.016672123597
10120527,Ostrog,Novo mesto,0.14669357960728088,20582.26027385991
10104530,Karlče,Kostanjevica na Krki,0.3997490035481921,2129.708528494823
10120853,Rakovnik,Šentjernej,0.170798345803233,3797.9175841653923
10104351,Gornja Prekopa,Novo mesto,0.1464381028898463,19787.497679628403
10111714,Iška Loka,Ljubljana,0.6228226957394297,10063.711027683774
10112656,Selnik,Ljubljana,0.5566430225818487,19719.189866142777
10145554,Izlake,Zagorje ob Savi,0.22874345865241447,6789.625583633158
10083931,Ajdovščina,Ajdovščina,1.0,0.0
10126886,Lipnica,Radovljica,0.2770915715087522,8044.633567093188
10137632,Rudno,Ljubljana,0.21310663995334003,39425.23247798939
10137349,Osojnik,Ljubljana,0.2400757428479781,46575.890120500466
10137063,Kremenik,Ljubljana,0.3390810252590915,31566.10928137496
10105927,Dobrava,Radeče,0.6446891065107851,1908.0802641380558
10136504,Debeni,Ljubljana,0.22825844991211738,42719.5152405866
18696690,Strahovlje,Zagorje ob Savi,0.3165662120597926,5466.298272154206
10086361,Loče,Celje,0.535389428474247,7164.752007619188
10122520,Pavlovski Vrh,Ormož,0.44559890085993936,5963.483799732478
10132126,Utovlje,Sežana,0.5796700209912377,7953.794651961815
10105811,Brstnik,Celje,0.3288935725009309,9293.91756554445
10146208,Braslovče,Braslovče,1.0,0.0
10117844,Opatje selo,Miren-Kostanjevica,0.28819893331880087,7528.973749523308
10144477,Retnje,Tržič,0.2572521245784104,4509.101618174605
10136962,Jazbine,Ljubljana,0.2670444295100466,38316.173396525235
10086701,Slatina v Rožni dolini,Celje,0.5245926378083742,7259.066525163301
10130433,Avber,Sežana,0.40190779609853083,11226.279751746206
10130999,Jakovce,Sežana,0.2582297274486067,14496.436587489725
10136806,Gorenje Brdo,Ljubljana,0.23958326985560074,38106.10270845097
10124310,Goričak,Ptuj,0.3080344415618504,20028.516009348496
10145210,Niževec,Borovnica,0.29541554569679096,3086.8964093482973
10132622,Turiška vas,Slovenj Gradec,0.4927499661760708,6156.983112709458
10087082,Želče,Celje,0.2853753496762737,12475.973260780163
10088038,Rakek,Cerknica,0.5442367548139405,4467.919018214839
10144388,Loka,Tržič,0.38649016302025,3571.5329582225013
10086710,Socka,Celje,0.20264819483650742,15087.21893431274
10086086,Homec,Celje,0.22685321225092925,14675.251669914107
10136555,Dolenčice,Ljubljana,0.27390462123396797,38009.46122829873
10106044,Jagoče,Laško,0.5317071530435273,2891.8828993690126
10084318,Podgrič,Postojna,0.1340300172776961,20033.0295827151
10087252,Brezje,Cerknica,0.8105756887837701,2828.507813441407
10144663,Gavce,Velenje,0.18654657583331097,10473.697933425992
10087767,Malni,Ljubljana,0.22290559040346133,41731.19761408859
10087805,Milava,Cerknica,0.2660721052711241,10529.893742921384
10087414,Gorenje Otave,Ljubljana,0.25619881980251624,32716.56366603665
10126649,Črnivec,Radovljica,0.5657206188053905,4172.252707009766
10106290,Modrič,Laško,0.4624135242777329,3751.182552539421
10092205,Zgornji Petelinjek,Ljubljana,0.264043158430469,32486.081440609014
10147131,Vinska Gora,Velenje,0.49101685428539066,5993.941901400703
10135974,Šedina,Celje,0.20352220651504713,14086.378839571456
10087651,Krušče,Cerknica,0.26277310602899057,10604.712471417914
10146780,Pirešica,Velenje,0.553026326477177,5199.493260596217
10134978,Žiče,Slovenske Konjice,0.2999407294267199,6352.64020914584
10083982,Cesta,Ajdovščina,0.8322344880345601,2579.6924625198394
10137381,Podgora,Gorenja vas-Poljane,0.28159504314706196,3452.982762735421
10134951,Zgornja Pristava,Slovenske Konjice,0.8881042314744183,1341.5527476241307
10134323,Kamna Gora,Slovenske Konjice,0.2828031106526199,7274.698611184036
10118255,Trnovo,Nova Gorica,0.5278604834869202,12760.538735884025
10084105,Gojače,Nova Gorica,0.2773526595593789,15633.846071798449
10127491,Zgornja Lipnica,Radovljica,0.6290226046325647,4073.6560634247344
10098939,Stara sela,Ljubljana,0.2528224817044363,34278.3997800919
10134153,Boharina,Zreče,0.3602454570604005,5093.521428037752
10084288,Plače,Ajdovščina,0.6703938846760503,4113.260999388529
10126703,Gorica,Radovljica,0.7612783730956973,2716.0836900794193
10146127,Zabava,Ljubljana,0.19840553971375796,38272.581023627405
10122139,Drakšl,Ormož,0.5251787017783096,4765.545867779467
10084113,Gozd,Ajdovščina,0.1995355435415187,12461.013152770945
10084598,Žapuže,Ajdovščina,0.9041432437490421,1795.102609273133
10127009,Otoče,Radovljica,0.2759077695552794,7508.05470605267
10102596,Dvorje,Cerklje na Gorenjskem,0.5516065260409106,1479.0377110556153
10138957,Ješovec pri Šmarju,Šmarje pri Jelšah,0.705820632387274,2213.9707093165116
10143861,Trebnje,Trebnje,1.0,0.0
10142610,Gorenji Vrh pri Dobrniču,Trebnje,0.37526676389971325,5554.769076488941
10129915,Preska,Sevnica,0.3445859629563068,7331.093779434516
10130034,Sevnica,Sevnica,1.0,0.0
10139678,Senovica,Šmarje pri Jelšah,0.7035810743788385,2108.8900846284723
10139180,Mala Pristava,Šmarje pri Jelšah,0.6852798357658045,2262.0519061863365
10123941,Brezovci,Ptuj,0.310390171138847,12703.174510472778
10097339,Podstenjšek,Ilirska Bistrica,0.48964755874671856,7227.09044363491
10097223,Mereče,Ilirska Bistrica,0.5184042529462969,6854.1809876408415
10094836,Paradišče,Grosuplje,0.3822581254649316,3353.604876989363
10143420,Repče,Trebnje,0.5435289599981401,4028.8416388024293
10143390,Ravnik,Trebnje,0.12267628409766138,11604.714783869898
10120438,Novo mesto,Novo mesto,1.0,0.0
10101948,Osp,Koper,0.4368829919660604,15108.105899780263
10130409,Žurkov Dol,Sevnica,0.4519869941742052,5865.128080553263
10084890,Čatež ob Savi,Brežice,0.9106367071184243,2508.027670364867
10085748,Vrhje,Brežice,0.38189010232762616,11204.922629798208
10097266,Pavlica,Ilirska Bistrica,0.41335570574637864,10145.373050316353
10104670,Leskovec pri Krškem,Krško,0.753341128133366,4072.6577180531644
10129044,Apnenik pri Boštanju,Sevnica,0.5306621674287378,4829.368378969349
10126053,Strnišče,Kidričevo,0.4289387907823424,2945.1321068207185
10139937,Škofija,Šmarje pri Jelšah,0.23739504525768804,6174.599011885774
10089972,Sela pri Otovcu,Črnomelj,0.696139800628864,4561.838284832729
10089905,Rožanec,Črnomelj,0.6371245135954914,4960.336562418899
10084750,Brezje pri Bojsnem,Brežice,0.3255287232283458,12147.613034595484
10085721,Vitna vas,Brežice,0.24292598280516575,15014.219084031898
10096944,Brce,Ilirska Bistrica,0.6350540601228165,5907.546769978968
10097509,Tominje,Ilirska Bistrica,0.47205962473608054,8413.989986103756
10113148,Žaga,Ljubljana,0.305755574960828,33441.031678739324
10113130,Zgonče,Ljubljana,0.3345895802567452,31882.344455126902
10130956,Hrpelje,Hrpelje-Kozina,1.0,0.0
10139317,Pijovci,Šmarje pri Jelšah,0.42652491683703525,3837.1818886107108
10139490,Preloge pri Šmarju,Šmarje pri Jelšah,0.5394949051659612,2888.2710162335175
10138400,Bobovo pri Šmarju,Šmarje pri Jelšah,0.6176396887901748,2578.91326667488
10112192,Pečki,Ljubljana,0.41187856230711195,27452.762354675964
10142725,Iglenik pri Veliki Loki,Trebnje,0.4949763318197617,4475.5893791009385
10128595,Nemška vas,Ribnica,0.7320970853153953,2559.114945172299
10101263,Zgornji Čačič,Ljubljana,0.1914458117486823,77234.03486248263
10104173,Drenovec pri Leskovcu,Krško,0.42394795017876086,8513.947726516066
10101417,Bošamarin,Koper,0.9084169218138607,3397.2468392414903
10102227,Šalara,Koper,0.838868261777163,4615.630303725914
10101654,Hrastovlje,Koper,0.4138965199453439,17736.306625572684
10106079,Kladje,Laško,0.23578625363513528,7067.9719092476225
10105943,Gabrno,Laško,0.5319088670548774,3432.1295011586903
10136121,Večje Brdo,Celje,0.1312955882165103,22981.985386146545
10133041,Kočno ob Ložnici,Slovenska Bistrica,0.26371919465594024,8122.903727547222
10134102,Križni Vrh,Slovenska Bistrica,0.367732277530602,6254.5324508679505
10139848,Stranje,Šmarje pri Jelšah,0.34833959490792094,4273.8255779994615
10138728,Gaj,Šmarje pri Jelšah,0.46342510966301853,3502.4119101263195
10139767,Spodnje Mestinje,Rogaška Slatina,0.2169771807349745,9924.299263126135
10089310,Knežina,Črnomelj,0.30177522710973465,13148.135408603564
10114187,Bereča vas,Metlika,0.3342708161106501,6130.806412788179
10087678,Lahovo,Ljubljana,0.25809345109314347,37803.61738398293
10113075,Vrh,Ljubljana,0.37065828136789847,31425.891313661697
10103754,Ardro pod Velikim Trnom,Krško,0.25784164363158896,12457.404896704273
10135281,Hruševec,Šentjur,0.6276303604591542,2937.499244065017
10104149,Dolenji Leskovec,Krško,0.5819197647863412,6179.629270601487
10140293,Zgornja Kostrivnica,Rogaška Slatina,0.45992036518334917,5868.0419854893125
10124344,Gradiščak,Juršinci,0.3574964156382125,3226.2479322040667
10138442,Brestovec,Rogaška Slatina,0.8607258971491885,2323.7673402928804
10085217,Kraška vas,Brežice,0.5416103940199853,7714.376585514199
10112010,Logarji,Ljubljana,0.32445093797721414,29353.66740922815
10142865,Kukenberk,Trebnje,0.2681573145649878,7081.732655145546
10142270,Dolenje Medvedje selo,Trebnje,0.8646179109011612,1695.683221592776
10121469,Trška Gora,Novo mesto,0.6355736173438601,7100.826152515584
10124034,Destrnik,Ptuj,0.3995422516577177,10143.619128877968
10114403,Grabrovec,Metlika,0.5472195096228305,4188.808888663231
10085268,Mala Dolina,Brežice,0.5087358614072558,9496.374085373895
10097525,Trpčane,Ilirska Bistrica,0.5245256812948952,8309.444711152399
10097100,Jablanica,Ilirska Bistrica,0.6653910943454385,5961.932381309596
10097053,Gornji Zemon,Ilirska Bistrica,0.6995388918137634,5464.571378620442
10112451,Prazniki,Ljubljana,0.44965150997795006,25294.157641496768
10111951,Laze,Ljubljana,0.3848005057842374,27878.363045912094
10122023,Petelinjek,Novo mesto,0.7812685728088552,5214.872561123932
10121981,Žihovo selo,Novo mesto,0.7481252204011977,5588.88920206227
10084636,Žagolič,Ajdovščina,0.24659970392034522,10334.568983313504
10133009,Jurišna vas,Slovenska Bistrica,0.2755459591947055,9047.187353342943
10134587,Petelinjek pri Ločah,Slovenske Konjice,0.1712997743810268,9225.09798857952
10134609,Podob,Slovenske Konjice,0.23426489423082889,7673.229241566609
10114560,Malo Lešče,Metlika,0.3285153223021692,6735.783363681949
10085179,Jesenice,Brežice,0.4815441385674126,10158.084864094175
10084865,Cirnik,Brežice,0.49855032105059366,9737.801012842476
10085241,Laze,Brežice,0.4077414614137929,12258.57147769024
10112958,Turjak,Ljubljana,0.40202957383272964,24145.91021204756
10099617,Dolnje Ložine,Kočevje,0.40200373268949596,7388.278594386657
10118794,Dol pri Šmarjeti,Novo mesto,0.18777388555898625,17901.932439426462
10130255,Tržišče,Sevnica,0.09829422532774576,15157.919083329632
10136148,Vezovje,Šentjur,0.34172734300649504,5806.989613666494
10133564,Ritoznoj,Slovenska Bistrica,0.5963743892368706,3868.90112068547
10139554,Rajnkovec,Rogaška Slatina,0.8445380149224094,2568.870762620575
10140048,Velike Rodne,Rogaška Slatina,0.7940807823510311,2991.126211899887
10090377,Vrhovci,Črnomelj,0.27307202789394575,14170.024431736352
10088135,Selšček,Cerknica,0.5898598629355939,4866.842269853273
10142296,Dolenje Selce,Trebnje,0.2582221547582557,7409.2708183978575
10130085,Spodnje Vodale,Sevnica,0.10303464226984095,15147.608123639448
10105595,Veniše,Krško,0.6715576982530752,5003.473842326218
10131499,Orlek,Sežana,0.9270408447180175,2791.991895669409
10136016,Šibenik,Šentjur,0.6423333454316713,2863.001513838696
10139244,Nova vas pri Šmarju,Šmarje pri Jelšah,0.31222214941129417,4986.387130525099
10114616,Podzemelj,Črnomelj,0.30605667218313093,9393.53163342921
10094844,Pece,Ljubljana,0.3652675961711912,19137.070903305692
10112524,Pušče,Velike Lašče,0.43078398259534106,2118.8095367048127
10129451,Kamenica,Sevnica,0.16889788592863147,11513.566927763917
10131367,Merče,Sežana,0.8197200047034662,3832.295116094368
10139147,Lemberg pri Šmarju,Šmarje pri Jelšah,0.1998722483736228,6315.861429496418
10084873,Cundrovec,Brežice,0.8886397532728106,2718.2474796344095
10130760,Gabrče,Divača,0.21313273742328886,6566.831831899128
10111579,Gornje Retje,Velike Lašče,0.40795735312866815,2295.9385942946033
10135427,Košnica,Šentjur,0.1328310771273617,12298.178184926175
10135885,Slivnica pri Celju,Šentjur,0.2601193178501704,7528.804945833045
10133661,Spodnja Nova vas,Slovenska Bistrica,0.7094439111976786,2898.6232542052244
10123461,Pivka,Pivka,1.0,0.0
10123151,Drskovče,Pivka,0.291391152185876,4210.012448616926
10112788,Srobotnik pri Vel. Laščah,Velike Lašče,0.5831166395278812,1616.4838614591129
10099935,Koče,Ljubljana,0.2069191166753098,61472.115624257036
10099951,Kočevska Reka,Ljubljana,0.19091713119123185,64080.78268470749
10100267,Mokri Potok,Kočevje,0.2104540781478143,15474.796714082335
10120845,Rajnovšče,Novo mesto,0.7626454187996072,5768.0678818421
10130913,Grahovo Brdo,Sežana,0.6371805953038961,6980.629432094762
10135842,Sele,Šentjur,0.23403498580736953,8167.78973008098
10133998,Zgornja Ložnica,Slovenska Bistrica,0.42267202424047795,5549.646932384404
10133076,Korplje,Slovenska Bistrica,0.34436893962882464,6448.772567955822
10124468,Jablovec,Ptuj,0.3583936648356223,14040.0971653656
10085012,Dvorce,Brežice,0.8721612828262586,3184.4394753227075
10123453,Petelinje,Pivka,0.7726593095425656,1302.0918167758302
10111935,Laporje,Ljubljana,0.3708308046395448,25485.397681927407
10143292,Preska pri Dobrniču,Trebnje,0.32026523985614147,6247.9520397253145
10100143,Lipovec pri Kostelu,Ljubljana,0.17214836615270807,81752.67063375865
10100836,Selo pri Kostelu,Ljubljana,0.172992804872377,82230.21884290308
10099706,Gorenji Potok,Kočevje,0.1760524509633526,19463.584703674944
10120632,Podhosta,Dolenjske Toplice,0.38395573889982965,2818.782503065086
10118506,Boršt pri Dvoru,Novo mesto,0.19023199041347813,17420.92674355065
10129508,Kompolje,Sevnica,0.40937119947548595,5941.176504644498
10106761,Velike Gorelce,Celje,0.15579065094380884,20119.446604787892
10125081,Pohorje,Ptuj,0.29637255452629624,19346.918627943647
10123682,Šilentabor,Postojna,0.16756463340607267,20212.829746762487
10121191,Stavča vas,Žužemberk,0.419773986821705,3268.7302855583685
10101247,Zapuže pri Kostelu,Ljubljana,0.17407979690386277,82902.81877569635
10102359,Zabavlje,Koper,0.535549518483725,14602.83343130804
10122406,Lunovec,Ormož,0.3772385734235343,6408.225052467369
10119871,Jama pri Dvoru,Žužemberk,0.2767816260808749,4508.270668855055
10120284,Mali Lipovec,Žužemberk,0.1771677178399328,5951.664734057638
10100925,Srednji Potok,Kočevje,0.19495023622311317,17980.55083288191
10129257,Drožanje,Sevnica,0.594450590044766,4479.638883744237
10124379,Grajena,Ptuj,0.7414090378183036,5154.99003412064
10099234,Zgornje Stranje,Kamnik,0.648440040239926,3774.246397705093
10148979,Zgornja Velka,Maribor,0.32167198974874617,24800.188716953875
10148588,Pesniški Dvor,Maribor,0.690038556589087,8494.175100833307
10126347,Radlje ob Dravi,Radlje ob Dravi,1.0,0.0
10104637,Kostanjevica na Krki,Kostanjevica na Krki,1.0,0.0
10104211,Globočice pri Kostanjevici,Kostanjevica na Krki,0.8253615689827859,823.9657821500214
10098076,Bistričica,Kamnik,0.4449980728101224,6052.463129288771
10103967,Črešnjevec pri Oštrcu,Krško,0.14245466234906817,19888.309869194825
10113792,Spodnji Kamenščak,Ljutomer,0.76336706555436,2373.362839124126
10104823,Mladje,Brežice,0.26618251430915263,14334.251927504361
10105552,Veliki Podlog,Krško,0.39784701828955704,8747.534355878259
10105005,Podstrm,Kostanjevica na Krki,0.2142470727779819,3533.9966832681066
19813207,Zagora,Nova Gorica,0.5416378184863737,12218.903009762771
19812600,Kamenca nad Ložicami,Nova Gorica,0.36263197910746064,19562.448906600515
19814874,Robidni Breg,Kanal,0.3324149713258888,4451.861252550345
19887936,Perati,Kobarid,0.2233189667068507,8847.445188768641
10141621,Znojile,Ljubljana,0.17584261398356205,67406.32970117641
20240229,Vejar,Trebnje,0.7119048514761976,2804.6318010967257
10089646,Oskoršnica,Semič,0.24895081666954277,3001.0323461583575
10088739,Brezovica pri Črmošnjicah,Črnomelj,0.18605294072666495,12325.79851288173
10140447,Bovec,Bovec,1.0,0.0
10090636,Dob,Domžale,0.6836087066014838,2288.2232116400105
10119952,Jurna vas,Novo mesto,0.5724248254852381,9391.979363398126
10101824,Labor,Koper,0.5595928082467039,14817.559486144752
10101751,Koromači-Boškini,Koper,0.37575249595307014,23309.189923243215
10091144,Lukovica pri Domžalah,Lukovica,1.0,0.0
10090008,Sela pri Vrčicah,Črnomelj,0.21447235415898427,10480.425772719676
10089816,Preloge,Novo mesto,0.1963230592058552,19876.31350628378
10089778,Potoki,Novo mesto,0.19344480086451146,20949.101062250902
10102383,Župančiči,Koper,0.6236812228084391,11237.011915059658
10101603,Glem,Koper,0.5991810307593102,13041.013879322305
10102049,Popetre,Koper,0.4929764085817968,15726.913920578905
10102316,Truške,Koper,0.5948144011789743,12815.028918696502
10101956,Peraji,Koper,0.36821476472438863,23763.58150506701
10110882,Tehovec,Ljubljana,0.5297395377497308,16897.276203992158
10105447,Straža pri Krškem,Krško,0.687712935404101,5221.7812657006425
10105242,Senožete,Krško,0.6394953535258228,5868.65116234393
10105323,Spodnje Dule,Krško,0.55442926963651,6650.614920647623
10089247,Hrib pri Rožnem Dolu,Novo mesto,0.2688370068079098,17793.599236778235
10097452,Starod,Ilirska Bistrica,0.30104381121783863,12961.427819049757
10097029,Fabci,Ilirska Bistrica,0.2636697470952416,16179.038472115444
10104688,Libelj,Krško,0.5401482846958302,6772.094512851581
10100054,Kuželič,Ljubljana,0.17013359481692722,87215.93959819996
10101204,Vrh pri Fari,Ljubljana,0.1702280332526735,81663.32164856774
10088640,Bojanci,Črnomelj,0.36001415478165794,11446.632043704825
10092647,Biserjane,Sveti Jurij ob Ščavnici,0.7451178136142627,1202.8151920509322
19466779,Pušča,Murska Sobota,0.8826157502472818,2964.7040141169855
10099650,Fara,Kostel,1.0,0.0
10099463,Brsnik,Ljubljana,0.1723877676301341,81573.16788006731
10090458,Zorenci,Črnomelj,0.7276329829514832,4747.318634722588
10089417,Kvasica,Črnomelj,0.6665321543599665,5413.10179643176
10089271,Jerneja vas,Črnomelj,0.7000991138122422,4938.519473410521
10093554,Sveti Jurij ob Ščavnici,Sveti Jurij ob Ščavnici,1.0,0.0
10090261,Učakovci,Črnomelj,0.17864635286308495,20111.90501097334
10090393,Vukovci,Črnomelj,0.1650449824726668,21450.116991411694
10103649,Zgornje Bitnje,Kranj,0.6859741068417126,4159.650858864311
10119472,Gorenji Maharovec,Novo mesto,0.2418388583385014,14480.876391650003
10119413,Gorenje Mokro Polje,Novo mesto,0.3465174970460694,13131.109906571535
10090415,Zajčji Vrh,Črnomelj,0.8161864947056061,3446.2739083860624
10089166,Gornji Suhor pri Vinici,Črnomelj,0.33497085585963265,11977.75370565429
10099277,Znojile,Kamnik,0.3172417277400414,8392.83163815599
10098807,Rožično,Kamnik,0.3804442885699883,7036.054210631673
10114942,Juvanje,Ljubno,0.14595978808510793,3062.99931792609
10092868,Ivanjševski Vrh,Gornja Radgona,0.15373072808094593,7684.967381639052
10093619,Zbigovci,Gornja Radgona,0.3411741436278048,4618.8351142741385
10093287,Police,Gornja Radgona,0.44340004011037865,3988.8248434585607
10099030,Tučna,Kamnik,0.5868049201888558,4365.469091479599
10092191,Zgornje Prapreče,Lukovica,0.39876458386874536,1603.6093897016026
10118379,Vrhovlje pri Kožbani,Nova Gorica,0.29910203422757137,26584.650810602732
10118115,Snežeče,Brda,0.7803459579183976,1517.5088217642437
10148731,Slatinski Dol,Maribor,0.4201309918142457,13829.456651179677
10102740,Sveti Jošt nad Kranjem,Kranj,0.45844899744414425,8792.254043602801
10091870,Trnovče,Ljubljana,0.2956200857304433,25743.127479055
10093406,Sovjak,Sveti Jurij ob Ščavnici,0.31545196030572875,2945.553559450039
10148472,Jurski Vrh,Maribor,0.512748708643725,15856.50924647026
19815323,Gorenje Polje,Kanal,0.3299273295336761,4566.022483408567
10092671,Brezje,Sveti Jurij ob Ščavnici,0.5658869788979373,1760.3335067290645
10092388,Dobrova pri Dravogradu,Dravograd,0.5646197525091236,3403.565393642577
10148766,Spodnje Hlapje,Maribor,0.4580681044334733,17440.64109674188
10091322,Podstran,Ljubljana,0.2581238461987726,24555.6841943245
10141273,Sedlo,Kobarid,0.1572472181350025,12774.76620801592
10140765,Klavže,Tolmin,0.40386117229737484,10292.745361165746
10127319,Spodnje Laze,Bled,0.196081095143705,7058.68297720682
10097746,Breznica,Žirovnica,0.2896012678206751,1710.1810946130943
10140803,Koritnica,Tolmin,0.19650427841115672,16741.30813182229
10096260,Cerkno,Cerkno,1.0,0.0
10092531,Šentjanž pri Dravogradu,Dravograd,0.3441080467293559,4705.850323167329
10147948,Ribniško selo,Maribor,0.9757564690317141,2129.66516192187
10126797,Koprivnik v Bohinju,Bohinj,0.27450773464972195,8674.968792376601
10096502,Jesenica,Cerkno,0.2827692967317227,6527.0279199595525
10107091,Gradenšak,Maribor,0.23389948216648698,19938.152379191044
10113687,Podgradje,Ljutomer,0.8605172643236578,1750.5417370693312
10127050,Podjelje,Bohinj,0.3840609358049517,6761.764186403228
10141087,Pečine,Tolmin,0.21975194120504657,16596.447180532163
10112443,Praproče,Ljubljana,0.5099671469144744,21016.618218609136
10115639,Bratonci,Murska Sobota,0.36347367455841895,7475.1138685512915
10103096,Poženik,Cerklje na Gorenjskem,0.3189538692917329,2481.481019905172
10115078,Luče,Luče,1.0,0.0
10137179,Lipica,Škofja Loka,0.3664209387727042,3767.0374925897327
10098769,Potok v Črni,Kamnik,0.35278796254620204,7836.597330580283
10115701,Čikečka vas,Murska Sobota,0.2295225359631262,19371.28596387746
10116694,Selo,Murska Sobota,0.27688989269952535,16410.795379686915
10107172,Kremberk,Sveta Ana,0.6421111784389586,721.5128897357423
10092850,Ivanjševci ob Ščavnici,Maribor,0.14475044650596158,30728.782924125022
10097894,Planina pod Golico,Jesenice,0.6471824303674867,5513.994818539023
10092728,Drobtinci,Maribor,0.20070092382655386,31383.43648201412
10126207,Josipdol,Maribor,0.19235881563190385,35108.53728438032
10136903,Sv. Petra Hrib,Ljubljana,0.3115519564579917,27673.16473824355
10138027,Vešter,Škofja Loka,0.7863758941361301,1717.2538735975393
10110971,Vaše,Medvode,0.5336302567375876,1625.628417949436
10127980,Topla,Ljubljana,0.11521875980109544,82075.54248824723
10090547,Brezovica pri Dobu,Domžale,0.3402274529984336,5266.458494019798
10113539,Kopriva,Ljutomer,0.32846921009977037,6455.559640882127
10117470,Imenje,Nova Gorica,0.3834328256801182,14461.017993277783
10134021,Zgornje Grušovje,Slovenske Konjice,0.21563300194044072,7556.067991799381
10129494,Koludrje,Sevnica,0.10502993963215404,14962.218758496998
10092710,Dragotinci,Sveti Jurij ob Ščavnici,0.39596078724950123,2530.584426022097
10111196,Borovec pri Karlovici,Ljubljana,0.30928906522148153,33706.36830943165
10109701,Tepe,Litija,0.18682616217619596,12194.52175861361
10132738,Bukovec,Maribor,0.288361506132671,16226.969914125179
10109353,Radgonica,Ljubljana,0.13332052230535713,55206.187160331
10109337,Račica,Ljubljana,0.322741580622237,26354.310724468585
10129125,Bučka,Škocjan,0.14855728672584811,3672.381881317441
10095352,Stranska vas ob Višnjici,Ivančna Gorica,0.8484384543649023,1500.971581973709
10093694,Ambrus,Ljubljana,0.23595861014565642,43217.25727066423
10109507,Slavina,Ljubljana,0.14406222791868753,55218.330459450495
10148154,Vosek,Maribor,0.6736425991175172,9530.718368780841
10109779,Velika Preska,Ljubljana,0.16406939825285338,45721.254255727894
10134013,Zgornja Polskava,Slovenska Bistrica,0.37586002310457906,5396.338726976931
10094585,Male Pece,Ivančna Gorica,0.37806162527485715,5055.406866786007
10109922,Zavrh,Ljubljana,0.14838515557277404,51966.688351208395
10095042,Ponikve,Ljubljana,0.2951174209287881,29224.084451493414
10109876,Vrata,Litija,0.31912228925795305,8573.5952550412
10109485,Selšek,Litija,0.48298155358565736,5546.688118526705
10096154,Plesko,Trbovlje,0.573554199171473,2873.206280384478
10108292,Brezje pri Kumpolju,Ljubljana,0.15571509372919906,51275.61868867348
10100615,Potiskavec,Ljubljana,0.26107188368163226,40980.64481556809
10094330,Kriška vas,Ljubljana,0.31495010125062,25323.455603456237
10134137,Bezovje nad Zrečami,Zreče,0.41411252122526215,4224.712272938129
10109558,Spodnji Hotič,Litija,0.4666387677789072,5651.32053752076
10094372,Laze nad Krko,Ljubljana,0.2644436874727564,36993.92599161952
10108748,Kal pri Dolah,Ljubljana,0.1434759627208736,53571.68237779175
10109183,Podroje,Litija,0.42085453796131284,6423.17216092775
10095328,Stari trg,Ivančna Gorica,0.2964576792863389,5008.701923129019
10133360,Ogljenšak,Slovenska Bistrica,0.3148814695899477,6414.422408112316
10109981,Zgornja Jevnica,Ljubljana,0.4300833794959183,22356.55859211585
10095921,Zgornja Draga,Ivančna Gorica,0.6696584081630975,2458.609561184123
10094780,Muljava,Ivančna Gorica,0.4378671524398452,4469.655475098926
10129397,Jarčji Vrh,Krško,0.12563700304407385,18226.006050254397
10095484,Trebnja Gorica,Ljubljana,0.24418103126415142,34921.82485534288
10094887,Petrušnja vas,Ivančna Gorica,0.46019819489962677,4145.914827962792
10108446,Dvor,Litija,0.4515157296756917,6114.772431646649
10095468,Tolčane,Ljubljana,0.21945319441497277,40563.61162477516
10109604,Strmec,Ljubljana,0.12130930817859359,59989.39327910945
10147450,Dragučova,Maribor,0.7880924826733964,6747.8546678785715
10109299,Preženjske Njive,Ljubljana,0.16761225092638818,49171.962322687556
10109434,Ržišče,Litija,0.2763472566876746,8993.066676362247
10094160,Gradiček,Ljubljana,0.2582398868912773,34544.32835494487
10109787,Velika Štanga,Ljubljana,0.31237020626917744,25918.01668489489
10109132,Okrog,Ljubljana,0.1540286587403767,51347.7527731662
10096235,Unično,Trbovlje,0.1862946524010581,11016.690651758414
10094925,Podbukovje,Ljubljana,0.25809389180401743,34221.84898235894
10095590,Velike Češnjice,Ivančna Gorica,0.3633871890767961,5117.604470280509
10112052,Male Lašče,Velike Lašče,0.5557015505345206,1633.5146347636864
10094127,Gorenja vas,Ivančna Gorica,0.7091581711207579,2434.0041253554637
10095662,Velike Vrhe,Ljubljana,0.2730814571383686,30127.24716414835
10090334,Vojna vas,Črnomelj,0.9857752116704016,860.1591974177055
10109795,Veliki Vrh pri Litiji,Litija,0.6227125529789396,4124.21556914191
10109566,Spodnji Log,Litija,0.4528763277115777,5989.61856248374
10094526,Male Češnjice,Ivančna Gorica,0.3962038136409728,4752.252365902248
10093775,Bratnice,Ljubljana,0.19345016512324822,39487.61913407128
10093783,Breg pri Dobu,Ivančna Gorica,0.3018613215282853,5963.129312851479
10094062,Gabrovka pri Zagradcu,Ljubljana,0.22414972103547512,38750.35840405846
10108608,Hohovica,Ljubljana,0.17384901744912512,46970.9709274016
10109191,Podšentjur,Litija,0.7151035403678266,3387.229392384254
10095255,Sela pri Višnji Gori,Ljubljana,0.2886411849590214,29202.158849305168
10101107,Tisovec,Ljubljana,0.2677582539153486,40441.219799145605
16366242,Dobje,Ljubljana,0.12741633528018445,59297.073782969856
10134625,Polene,Slovenske Konjice,0.6595206425258783,2937.9299796190044
10120918,Roje,Šentjernej,0.18092915001362633,3350.6226857325983
10121361,Šmarje,Šentjernej,0.4965567667647053,1667.5761346148688
10115582,Bokrači,Murska Sobota,0.4437059907194575,10350.278885593449
10142741,Jezero,Trebnje,0.37951213392811767,5445.298134764017
10102073,Premančan,Koper,0.5797184983815203,8650.847423669544
10145767,Mošenik,Litija,0.21563283773453856,10907.673576380903
10099609,Dolnja Briga,Ljubljana,0.18875312162554664,74148.57437652699
10100178,Mačkovec,Kočevje,0.40043649172152285,9333.548455875214
10097495,Šembije,Ilirska Bistrica,0.5015244934808202,6816.080949892778
10105722,Žabjek v Podbočju,Kostanjevica na Krki,0.1996801768913153,3309.970273455561
10125391,Slovenja vas,Ptuj,0.5063648707192793,6943.446703706024
10147794,Pekel,Maribor,0.7670022392851608,7146.40396862375
10106630,Širje,Radeče,0.11381854445821783,6929.762599631454
10133734,Stopno,Ptuj,0.18532648373935806,18092.737903496094
10123755,Veliko Ubeljsko,Postojna,0.2709506892863328,13204.616174009969
10132428,Mala Mislinja,Mislinja,0.32709793364581125,3607.1573921550535
10132363,Golavabuka,Slovenj Gradec,0.34716807712156833,11192.462579844201
10144744,Paka pri Velenju,Velenje,0.7078961628807973,4059.29015086481
10088097,Rožanče,Cerknica,0.2288900969531752,11805.795596112695
10118484,Biška vas,Mirna Peč,0.5216444847549562,1582.0533414266138
10120179,Lutrško selo,Novo mesto,0.5161421070623213,9004.191535785094
10108225,Velika Polana,Velika Polana,1.0,0.0
10124115,Dornava,Dornava,1.0,0.0
10124166,Draženci,Ptuj,0.5734112205536073,5037.020140027892
10124743,Ložina,Ptuj,0.2824447862233056,21920.432875620183
10117020,Avče,Kanal,0.3664959454316662,4649.346085974515
10107059,Drvanja,Maribor,0.19610009825017177,26636.94565766317
10125707,Trnovska vas,Trnovska vas,1.0,0.0
10126037,Spodnja Sveča,Majšperk,0.21032351394267462,3441.8859939797508
10124654,Lasigovci,Ptuj,0.29001738047208125,13786.187466051717
10128340,Hrib-Loški Potok,Loški Potok,1.0,0.0
10104661,Kržišče,Krško,0.22997513576734407,12862.05243870198
10114896,Dol-Suha,Rečica ob Savinji,0.3809568728747677,2250.8387784293873
10102774,Kranj,Kranj,1.0,0.0
10110726,Rakovnik,Ljubljana,0.3631881841871185,14805.992133723455
10110742,Repnje,Ljubljana,0.42530529464705175,14857.07879254638
10118395,Vrtojba,Šempeter-Vrtojba,0.3182250851540628,2832.755838888192
10111552,Goričica pod Krimom,Ljubljana,0.4437917839418216,18096.13742012865
10142083,Čatež,Trebnje,0.18149050854466775,9543.339427659643
10093317,Radenci,Radenci,1.0,0.0
10110319,Podgrad,Ljubljana,0.7021137994111254,11792.340401413187
10141923,Bistrica,Mokronog-Trebelno,0.12521406954016326,3613.5066560897826
10133327,Modrič,Slovenska Bistrica,0.15691096408380262,11415.114021899417
10135346,Jazbine,Celje,0.1667922647778373,16959.981738473834
10138639,Dol pri Pristavi,Rogaška Slatina,0.26037274860407156,8835.112331400447
10131073,Kobjeglava,Sežana,0.15571156616760065,19755.27070443118
10117127,Branik,Nova Gorica,0.2126889921865903,19609.846207844894
10147409,Celestrina,Maribor,0.8106096427978937,6131.567510059246
10108187,Strehovci,Murska Sobota,0.19689390104854812,14641.91943713434
16505919,Koglo,Novo mesto,0.27943124264521546,14130.648611157516
10138833,Grobelno - del,Šentjur,0.3925276608133282,4733.9638833990875
10138841,Gubno,Celje,0.08231817275898662,30680.58018498628
10090695,Domžale,Domžale,1.0,0.0
10140021,Tržišče,Rogaška Slatina,0.7656005800603802,3148.473602783166
10139384,Podsreda,Kozje,0.17829471711650488,4676.248368417939
10087317,Dobec,Cerknica,0.354198792028467,7577.001316817845
10085756,Vrhovska vas,Brežice,0.3935853345867221,9821.981151789847
10101794,Krkavče,Koper,0.5851219295115517,12764.424891317158
10114926,Grušovlje,Rečica ob Savinji,0.20143173344765636,3846.5070436355004
10147140,Vologa,Vransko,0.21518890241566352,3956.077888943666
10146313,Dobrovlje,Velenje,0.10202370881133026,20203.24985029122
10148022,Slivniško Pohorje,Maribor,0.4329964030993437,16348.497295369887
10087899,Otok,Cerknica,0.42481527568432037,7903.923278984409
10087830,Nadlesk,Loška dolina,0.18847238231475044,2701.28702209178
10093341,Rihtarovci,Radenci,0.5326570252380572,2013.6045318034976
10113806,Stara Cesta,Ljutomer,0.25856095123893513,6802.3690368755015
10128501,Kržeti,Ljubljana,0.20727477690838242,44993.18703862907
10128471,Kotel,Ljubljana,0.2510254422508704,39560.18792965672
10088259,Škrabče,Ljubljana,0.2487858060334849,39049.97522270434
18039877,Poslovna cona Žeje pri Komendi,Ljubljana,0.28168242015070233,19551.926385104816
10116309,Melinci,Murska Sobota,0.20188363990874217,13519.300432463742
10132398,Graška Gora,Velenje,0.22522286515650078,11955.812994994434
10123054,Strunjan,Piran,0.36840643842058013,6264.936178786019
10122961,Lucija,Piran,0.6448767186236302,4126.38621670037
10143055,Martinja vas pri Mokronogu,Mokronog-Trebelno,0.34766251659341285,2029.610672888296
10102090,Puče,Koper,0.6387622165009454,10637.741085996631
10123038,Seča,Piran,0.4767505271107498,6449.102599929642
10123909,Bolečka vas,Ptuj,0.4059709110608059,11240.344408735547
10124093,Dolena,Ptuj,0.34128838466122624,14992.272335721818
10148685,Ročica,Maribor,0.46933712188185983,16545.411721342847
10111188,Belo,Ljubljana,0.6073561954445782,16007.766333181458
10124875,Mihovce,Ptuj,0.285773281780109,13354.78441056877
10121868,Zalisec,Žužemberk,0.38356126301266813,3500.3380850023027
10140625,Grahovo ob Bači,Tolmin,0.228934433660148,15212.913222581623
10096243,Bukovo,Ljubljana,0.14833934534729692,66972.54654894404
11024122,Zgornji Kozji Vrh,Radlje ob Dravi,0.5260177856058499,3946.802433771083
10149177,Rdeči Breg - del,Lovrenc na Pohorju,0.3400193598802155,3153.577095060574
10128757,Retje,Loški Potok,0.6435547507531865,1422.2204642492989
10126487,Vuzenica,Vuzenica,1.0,0.0
10137721,Sovra,Ljubljana,0.21311035887800595,38566.95427203032
10114845,Brezje,Mozirje,0.352613943328917,2945.5215218953244
10146879,Pondor,Vransko,0.12136450491769489,4580.609564887071
10119324,Gorenje Gradišče,Dolenjske Toplice,0.6269961360844183,1516.1676828617344
10147522,Hotinja vas,Maribor,0.32149600814201906,12427.975028800145
10133068,Koritno,Zreče,0.1542732011628877,8106.480290491953
10133491,Preloge,Slovenska Bistrica,0.2777948362721114,6875.061923149947
10106940,Benedikt,Benedikt,1.0,0.0
10096308,Dole,Idrija,0.21290980737732432,8862.93642247716
10114047,Lavrovec,Ljubljana,0.3302793751305383,31667.76731082978
10134803,Strtenik,Slovenske Konjice,0.4363512611756179,4406.260032150039
10134161,Brdo,Slovenske Konjice,0.478254358664476,4139.886988034998
10132002,Štanjel,Sežana,0.18474903222489028,16989.012695823512
10148855,Šentilj v Slov. goricah,Šentilj,1.0,0.0
10093244,Podgorje,Maribor,0.2379746265214069,30993.949399888745
10148898,Trate,Maribor,0.30859922254769706,26705.15751034709
10147565,Jablance,Maribor,0.4240007818849227,13956.06772031331
10107318,Osek,Maribor,0.1700293229304492,24369.17771307457
10142075,Cirnik,Ljubljana,0.13978476776806226,52626.87037220134
10089476,Maline pri Štrekljevcu,Novo mesto,0.23805184985366107,19211.159797492
10090326,Vinji Vrh pri Semiču,Črnomelj,0.3482610983645948,8400.01499023544
10114306,Dolnje Dobravice,Metlika,0.40838027061176463,5426.884923999431
10145694,Kotredež,Zagorje ob Savi,0.4603813789115565,3459.3195862388247
10141656,Čebine,Trbovlje,0.3014245758889847,7938.071523848405
10130344,Zgornje Mladetiče,Mokronog-Trebelno,0.10376065770424119,4568.367872794458
10085055,Gazice,Brežice,0.40216891472875604,9117.835629266923
10114861,Dobletina,Nazarje,0.4941214662289377,1747.8956164712704
10115060,Loke pri Mozirju,Mozirje,0.5255471494011146,1744.984845936013
10114870,Dobrovlje pri Mozirju,Nazarje,0.23026951059412326,4427.218149969344
10135117,Dobje pri Lesičnem,Celje,0.10321411600980317,27567.337831453966
10105048,Presladol,Krško,0.3942682265550445,8983.23037060468
10131596,Poljane pri Podgradu,Koper,0.11452413271413599,42682.19086981275
10132053,Tatre,Ilirska Bistrica,0.14495472721239333,17738.119591415183
10123437,Palčje,Postojna,0.18497535302984733,17581.977448842885
10115906,Grad,Grad,1.0,0.0
10116210,Lucova,Gornji Petrovci,0.3162695130408357,4099.760526812518
10093511,Šratovci,Radenci,0.47142741303396385,1968.155793716914
10116546,Predanovci,Murska Sobota,0.6477337116270566,6118.840981746735
10116589,Puconci,Puconci,1.0,0.0
10093473,Stara Gora,Sveti Jurij ob Ščavnici,0.15858285489360804,4735.227694192514
10107130,Ivanjski Vrh,Cerkvenjak,0.16276404020926352,3851.407722314054
10108101,Odranci,Odranci,1.0,0.0
10149037,Zgornji Jakobski Dol,Maribor,0.493064768330346,15664.97025510024
10102413,Adergas,Kranj,0.24158092954484292,10624.950449338772
10114080,Petkovec,Ljubljana,0.2628609936304832,33054.47860998903
10129796,Otavnik,Novo mesto,0.13278551140870365,21993.383189748478
10145368,Zaplana,Ljubljana,0.2764424485025121,27767.154961052474
10115183,Poljane,Rečica ob Savinji,0.65180130338784,1346.5130923474228
10127360,Stara Fužina,Bohinj,0.34581939246375226,7778.226338397517
10113288,Branoslavci,Ljutomer,0.2535157529735934,6606.060605497266
10097967,Rodine,Radovljica,0.43220031027010297,5349.2256968737365
10126991,Obrne,Bled,0.22136533774959918,7546.316136995846
10127246,Slamniki,Ljubljana,0.1480637007349965,63230.1150788445
10144230,Breg ob Bistrici,Kranj,0.2779119231651179,11336.332824344607
10103584,Zadraga,Kranj,0.3167038061734664,10179.328697670047
10103061,Polica,Kranj,0.5580465685399931,3465.0789254757296
10102901,Mlaka pri Kranju,Kranj,0.7128114517235832,3911.7965010452517
10103223,Spodnja Besnica,Kranj,0.6342984540141432,5730.9986104396785
10127599,Brdinje,Ravne na Koroškem,0.4078462413149709,4038.738496949394
10115159,Podolševa,Ljubljana,0.17941901742639188,61950.22934763141
10105340,Spodnji Stari Grad,Krško,0.49724009160623706,6211.30299888559
10105617,Vihre,Brežice,0.4393608490714472,7043.200654316629
10122325,Krčevina,Ormož,0.40042271037528493,6841.513503277517
10137292,Nova Oselica,Ljubljana,0.20717898281202268,49020.09760330883
10135915,Srževica,Šmarje pri Jelšah,0.19386916819056688,6668.500139461436
10133262,Malahorna,Slovenske Konjice,0.24068546774020927,5721.91649451341
10125057,Podlehnik,Podlehnik,1.0,0.0
10084385,Ravne,Nova Gorica,0.3583686046204674,14548.729134360754
10120942,Sadinja vas pri Dvoru,Žužemberk,0.42565695157006656,3219.129734300935
10102529,Britof,Kranj,0.7780229303397617,3209.8833848755016
10103363,Suha pri Predosljah,Kranj,0.5996873483774169,5381.701935833717
10102847,Luže,Kranj,0.34616607721079534,7801.899709745334
10127793,Navrški Vrh,Ravne na Koroškem,0.4863879749590575,3942.6539298699263
10092442,Libeliška Gora,Dravograd,0.19408123939776098,11173.179882717886
10126410,Sv. Primož na Pohorju,Muta,0.1581752374672687,9237.395975626972
10102537,Cegelnica,Naklo,0.7358815854472398,858.0376463029817
10149029,Zgornje Vrtiče,Maribor,0.47425240041385786,14942.795697352627
10098343,Klemenčevo,Kamnik,0.3222373105723667,8102.94873091611
10102758,Kokra,Ljubljana,0.23650007915716906,41212.92761674152
10110343,Prežganje,Ljubljana,0.4528689594147111,21293.106284507423
10137039,Kopačnica,Ljubljana,0.22648056576753164,44657.36247476807
10136946,Javorje,Ljubljana,0.26845655289476655,38353.05611049609
10084547,Vrhpolje,Vipava,0.45609821819760077,2157.418124464032
10114918,Gornji Grad,Gornji Grad,1.0,0.0
10136067,Tratna pri Grobelnem,Šentjur,0.33567688929601674,5579.000916010763
10136059,Tratna ob Voglajni,Šentjur,0.290819593155061,6545.703710626372
10148138,Vinarje,Maribor,0.956085616403657,2996.782845263266
10123887,Bišečki Vrh,Ptuj,0.23720478949144666,13803.26712428745
10148308,Žikarce,Maribor,0.3197785025829594,16618.53195557564
10148774,Spodnje Vrtiče,Kungota,0.4493019539239864,1418.5008602645494
10148669,Polički Vrh,Maribor,0.5551142056383505,13020.219193401977
10148804,Srebotje,Maribor,0.4350715635515388,18048.667237128386
10092973,Kunova,Maribor,0.14525342684316953,28351.18573043596
10110599,Dvor,Ljubljana,0.7707575577320841,8072.6622177651425
10091101,Limbarska Gora,Ljubljana,0.3015164472858182,31750.15802357037
10098432,Laniše,Kamnik,0.5162558882751549,4945.267392687305
21107620,Nova Štifta,Gornji Grad,0.26086978609283507,3269.979633309151
10088429,Vrhnika pri Ložu,Ljubljana,0.17581639077394434,55555.11962057973
10128765,Ribnica,Ribnica,1.0,0.0
10128463,Kot pri Ribnici,Ribnica,0.388284672587164,5073.458262875121
24034313,Suša,Ljubljana,0.5542309730712197,19274.513138253762
10096570,Ledinske Krnice,Idrija,0.2197245673199074,9409.647798818012
10115396,Šmihel nad Mozirjem,Velenje,0.11584718871290133,19389.662742936514
10125561,Strajna,Ptuj,0.31974046671919437,16971.868610091053
10132169,Vatovlje,Sežana,0.14563595819658437,24708.17093105803
10135753,Presečno,Šentjur,0.129712737970686,12535.893115312516
10113636,Mota,Ljutomer,0.3354099434361941,5995.012394097766
10116538,Poznanovci,Murska Sobota,0.2853373844611838,16181.07456429644
10093279,Pogled,Maribor,0.2603887984520422,29232.08375623596
10116627,Rakičan,Murska Sobota,0.8098117390358818,3657.778040186089
10115744,Dolič,Kuzma,0.3028263569064606,1085.8876891340533
10086442,Ogorevc,Celje,0.395943098607106,6909.268811563829
10127777,Ludranski Vrh,Črna na Koroškem,0.12823641858436882,7967.040935643276
10098599,Okrog pri Motniku,Ljubljana,0.2170226616624619,39135.46693353917
10104955,Planina pri Raki,Krško,0.22263125918708335,13707.254172714125
10115302,Savina,Ljubno,0.14718394705202115,3477.9351561986205
10145465,Čemšenik,Ljubljana,0.16021641510660206,43871.55335455843
10085918,Brdce nad Dobrno,Celje,0.13084394158447968,22014.510362855835
10086256,Landek,Celje,0.22048399860032356,15221.230443177807
10085969,Čreškova,Celje,0.1920888849428215,16308.821137631889
10086655,Rožni Vrh,Celje,0.41517240782463455,9668.62419737455
10132134,Vale,Nova Gorica,0.18049236736975569,27065.870074615
10118336,Vojščica,Nova Gorica,0.23788044740466358,21459.25312245439
10118247,Temnica,Nova Gorica,0.2685396438522651,18336.26124939501
10124808,Markovci,Markovci,1.0,0.0
10127530,Žlan,Bohinj,0.6062971691278289,4396.276900355455
10126967,Nomenj,Bohinj,0.41433945615074674,5586.240860732117
10127106,Poljšica pri Podnartu,Kranj,0.25296603407608187,14486.829515018593
10103428,Tatinec,Kranj,0.5714734950664616,6059.531904582347
10103002,Pangršica,Kranj,0.43047687079345903,8811.509919726414
10086990,Vrba,Dobrna,0.28277005343739564,1039.0699289283077
10106222,Mačkovec,Celje,0.19531959846856498,16313.891990180664
10132762,Čadram,Oplotnica,0.585595843592191,1108.4209315954145
10138078,Visoko pri Poljanah,Ljubljana,0.2940543877982833,30406.97180164398
10137837,Stirpnik,Ljubljana,0.2751894652089672,33918.89966724471
10137730,Spodnja Luša,Ljubljana,0.28185618853844135,31775.78520996562
10137624,Rovte v Selški dolini,Ljubljana,0.2667666191363159,37245.85233773175
10092124,Zavrh pri Trojanah,Ljubljana,0.20548595470328504,37453.56683465194
10087031,Zadobrova,Celje,0.6490519299308207,5159.9229434333365
10130328,Zabukovje nad Sevnico,Sevnica,0.2305167529886201,9561.734512936207
10106273,Marijina vas,Celje,0.11686404483961944,26361.03775352658
10105773,Blatni Vrh,Celje,0.14257734923992316,22481.076820830243
10118417,Zalošče,Nova Gorica,0.28745903597671457,14872.277011534525
10137080,Križna Gora,Škofja Loka,0.3306475158223761,5505.209604089579
10126509,Zgornja Vižinga,Radlje ob Dravi,0.5926617222759022,2672.0275764927046
10148391,Gačnik,Maribor,0.6013851638089049,10347.133776548608
10087040,Zavrh nad Dobrno,Celje,0.15290834907623488,17521.73780520703
10086370,Loka pri Dobrni,Velenje,0.1782856925858114,13071.506025222312
10106494,Rimske Toplice,Laško,0.15974302343594762,8803.69863176149
10122767,Šalovci,Ormož,0.32802662000806393,8107.006191553001
10085934,Bukovžlak,Celje,0.6622810078890948,4239.375111403936
10115361,Strmec,Ljubljana,0.1893303978030911,56225.07899846223
10086094,Hrastnik,Celje,0.20619153941742221,16192.983448377183
10123780,Zagorje,Pivka,0.1775144999412028,5950.703297491003
10142342,Dolga Njiva pri Šentlovren.,Trebnje,0.18300644879021746,9278.427743659688
10119138,Drašča vas,Ljubljana,0.21362682548962597,41521.348889883695
10108098,Nedelica,Turnišče,0.5163804172646574,2521.4393148768436
10111048,Zavrh pod Šmarno goro,Ljubljana,0.577689000925274,12644.495391598966
10102782,Lahovče,Ljubljana,0.2646626027517038,21267.425173630643
10098564,Nasovče,Ljubljana,0.24232259952563237,21535.404054540704
10116805,Šalovci,Šalovci,1.0,0.0
10115957,Ivanjševci,Murska Sobota,0.2365223402791911,19021.627554290997
10133319,Modraže,Slovenska Bistrica,0.1272548982625798,12347.876396578442
10145236,Padež,Ljubljana,0.2930517163607541,27785.866760732606
10145082,Dol pri Borovnici,Borovnica,0.49526437192078165,1717.5975974501985
10115299,Rovt pod Menino,Ljubljana,0.13095450810749915,49875.95748737494
10091284,Podgorica pri Pečah,Ljubljana,0.2596680940902996,33047.954808434355
10133092,Kot na Pohorju,Maribor,0.17791128138344353,35730.69840219444
10135656,Podlešje,Šentjur,0.22631264754561292,8200.74003390921
10121370,Šmarješke Toplice,Novo mesto,0.4441908343021029,10316.72383899373
10119383,Gorenje Karteljevo,Novo mesto,0.4358481360419999,9840.995835866912
10146046,Šklendrovec,Zagorje ob Savi,0.5468821952024421,2880.940969176147
10141559,Volčanski Ruti,Tolmin,0.375511008813659,10769.590573032378
10117593,Krasno,Nova Gorica,0.3746119277932671,17602.0166083249
10093228,Plitvica,Gornja Radgona,0.22589145989683346,6271.531750607385
10107598,Trstenik,Benedikt,0.20333918895832107,2738.279498022162
10113431,Grabe pri Ljutomeru,Ljutomer,0.189133146875652,7977.90109086011
10115531,Beltinci,Beltinci,1.0,0.0
10140439,Borjana,Kobarid,0.27266434176665233,8407.970059702278
10148286,Zlatoličje,Ptuj,0.3716325423241354,9557.463557921159
10122848,Vičanci,Ormož,0.2758558085072551,7774.036127570184
10128803,Slatnik,Ribnica,0.37319620000672504,4941.312529981123
10123950,Brezovec,Ptuj,0.3326253797416034,17232.13872217633
10110831,Spodnje Pirniče,Ljubljana,0.5200595643155889,11677.73485379099
10085896,Bovše,Celje,0.34048591170517756,10429.242896602165
10085985,Črešnjice,Celje,0.18487148437033593,15723.143841597372
10087449,Grahovo,Cerknica,0.5134741185481811,6252.566726375688
10087996,Polšeče,Ljubljana,0.2919990288414708,37178.86448764468
10096634,Otalež,Ljubljana,0.17082057824888353,52626.25141886942
10122244,Hujbar,Ljutomer,0.21434002205709785,7970.716595935774
10122074,Cerovec Stanka Vraza,Ljutomer,0.33784129518619227,5835.47399888168
10084253,Nanos,Ljubljana,0.15798175983549134,57427.893092522245
10130247,Trščina,Novo mesto,0.14675650072582097,20886.117191813046
10145198,Mala Ligojna,Vrhnika,0.44824115836092526,4519.583886402607
10112818,Strahomer,Ljubljana,0.6007808339417406,15039.566071278607
10103541,Voklo,Kranj,0.34006382508864724,7729.104064635382
10144124,Zagorica pri Velikem Gabru,Ivančna Gorica,0.2105804435389166,7428.395116198687
10143314,Pristavica pri Vel. Gabru,Ivančna Gorica,0.23744618570575832,6870.868634149385
10142407,Goljek,Trebnje,0.3169042361037184,6704.864745738376
10093082,Mele,Gornja Radgona,0.42175645044212323,3293.186076853728
10102448,Babni Vrt,Kranj,0.36727884077558426,10283.49168152064
10105960,Goreljce,Radeče,0.17042165483604502,5554.54995534522
10094712,Medvedica,Ljubljana,0.38424416124453875,23981.636372158868
10110173,Javor,Ljubljana,0.5773147623992351,16557.395167777377
10110076,Zajelše,Dol pri Ljubljani,0.3925296352611361,1053.0593672142684
10099757,Grgelj,Kočevje,0.19661222284998078,17704.98020342525
10118468,Bela Cerkev,Novo mesto,0.3286153374266914,12454.042969111515
10091896,Sv. Trojica,Ljubljana,0.3608582249522768,20025.62529714949
10090504,Brdo,Ljubljana,0.41044865129868136,15742.956818553632
10144795,Podgora,Velenje,0.17329993380832967,11350.666752572772
10113091,Vrzdenec,Ljubljana,0.42183270151336455,21075.55844077528
10130123,Svinjsko,Ljubljana,0.10648172463574833,64216.27993014464
10101280,Žurge,Ljubljana,0.20905055337590642,76953.68850572145
10100712,Rajhenav,Kočevje,0.16076102181787885,17073.862045267728
10146852,Polzela,Polzela,1.0,0.0
10146755,Parižlje,Polzela,0.30613408609893544,1467.9111327937712
10106834,Zagrad,Radeče,0.11903366635677093,7515.746450472367
10141672,Dobovec,Trbovlje,0.3492749499908234,7767.762709576424
10141826,Završje,Trbovlje,0.2400693895434521,11498.690104531946
10140331,Zgornji Gabernik,Rogaška Slatina,0.32035392067082824,7696.560932151097
10132983,Jelovec pri Makolah,Makole,0.20327367785296174,1679.5068249757387
10133955,Vrhole pri Laporju,Slovenska Bistrica,0.14803591807911082,11884.960044508416
10110335,Podmolnik,Ljubljana,0.7125737817129457,10098.339850690574
10133408,Pečke,Ptuj,0.15723100554730654,20215.871444818436
10140218,Zagaj,Bistrica ob Sotli,0.18332934293005987,1515.6932463787703
10122503,Osluševci,Ptuj,0.25951729534838747,15134.366120631888
10125006,Placerovci,Ptuj,0.2824788524442547,14482.76340834038
10103371,Šenčur,Šenčur,1.0,0.0
10112001,Log pri Polhovem Gradcu,Ljubljana,0.6353720340179806,13752.88670986246
10102146,Socerb,Koper,0.35607659502964106,17475.3321620236
10130468,Beka,Koper,0.24944763308416792,20204.070863101224
10096847,Strmec,Ajdovščina,0.18228761151523293,12841.07620335355
10137357,Sv. Ožbolt,Ljubljana,0.33463609372088005,28798.95183850788
10087368,Fara,Bloke,0.7777615424103113,614.2367671686384
10091446,Prikrnica,Ljubljana,0.32482886070979733,24044.397032406632
10144973,Veliki Vrh,Velenje,0.30334755287061305,7931.697789515354
10105528,Veliki Dol,Krško,0.23466333578978957,13257.320213498191
10087201,Benete,Ljubljana,0.23027306621438423,43584.469914258785
10143365,Radna vas,Novo mesto,0.21505103614890442,15423.428640654567
10143373,Rakovnik pri Šentrupertu,Šentrupert,0.20206668575165387,2070.1636828722153
10089336,Komarna vas,Novo mesto,0.15950713240315284,24373.430293685244
10119162,Drganja sela,Novo mesto,0.27601812032415773,12989.685941479567
10133700,Stanovsko,Poljčane,0.1751360266030593,2415.282519956969
10132851,Dolgi Vrh,Slovenska Bistrica,0.23138455630233903,8709.682407488828
10139066,Križan Vrh,Krško,0.08536195750167455,25521.965221573613
10132266,Vrhpolje,Hrpelje-Kozina,0.3581611439983868,5993.121335560248
10119669,Gruča,Novo mesto,0.1544850721934401,19836.045596328615
20662069,Stražišče,Prevalje,0.3441058068953445,2469.206967620627
10131332,Matavun,Divača,0.41370030543327374,4068.5189685815108
10145821,Podlipovica,Ljubljana,0.15850320682617522,42428.08298106372
10122716,Stanovno,Ormož,0.3733444686363784,6739.662162419719
10126606,Brezovica,Radovljica,0.2845367191245544,8174.981973045762
10127181,Ravnica,Radovljica,0.6169561213685638,4475.922957087425
10103444,Trata pri Velesovem,Kranj,0.24934015700494686,9976.985362396033
10136539,Dobje,Gorenja vas-Poljane,0.28332619951807375,3157.1987146780966
10105820,Brstovnica,Laško,0.14792198782424107,9205.12666599479
10091802,Šentpavel pri Domžalah,Ljubljana,0.48987640471168636,11492.09578246135
10091179,Mala Loka,Ljubljana,0.5094143444118528,11763.82010377315
10144949,Šoštanj,Šoštanj,1.0,0.0
10122279,Ivanjkovci,Ormož,0.2880589529297583,7966.719478803784
10084334,Podnanos,Ajdovščina,0.17047096439038958,12189.816794647475
10096723,Poljane,Cerkno,0.5798037916723423,3289.278361950252
10137853,Studor,Ljubljana,0.22745149768868766,44225.120526608414
18700514,Klek,Trbovlje,0.7737818606837089,2641.3303148160276
10145643,Kisovec,Zagorje ob Savi,0.6494338338042892,2514.861044689582
10147158,Vransko,Vransko,1.0,0.0
10145295,Sinja Gorica,Vrhnika,0.6485557309608144,3107.7157395581958
10130646,Dobravlje,Sežana,0.51318810941341,8935.7403794876
10096316,Dolenji Novaki,Cerkno,0.1976445986936961,7445.005450970339
10086434,Novake,Celje,0.2116751413427865,16269.571989964586
10113067,Vrbljene,Ljubljana,0.5964966737458215,14057.221904773562
10144469,Pristava,Tržič,0.5479509741376657,2580.9976602761317
10106354,Padež,Celje,0.3127421724111167,11653.027215491344
10122759,Strmec pri Ormožu,Ormož,0.6232593455415683,4040.8771891069964
10122350,Lešnica,Ormož,0.6363706733822776,3902.753327564096
10123984,Cirkulane,Cirkulane,1.0,0.0
10124964,Paradiž,Ptuj,0.3188860467549239,17936.504316240676
10112460,Preserje,Ljubljana,0.5545878722433781,15997.180550072926
10112478,Prevalje pod Krimom,Ljubljana,0.4968227833574391,17169.455834457713
10132371,Gornji Dolič,Mislinja,0.3082184778726893,3254.114629916333
10086078,Gradišče pri Vojniku,Celje,0.32533408524942486,11161.103241044524
10124182,Drenovec,Ptuj,0.300391831340135,21522.23404727612
10122287,Jastrebci,Ormož,0.18172776874425167,11987.69386998761
10131693,Pristava,Sežana,0.3493051406018273,13363.125223524361
10085888,Bezovica,Celje,0.2940045078713869,11988.520564560018
10087287,Cerknica,Cerknica,1.0,0.0
10131782,Sela,Sežana,0.360121260276686,12364.53093182194
10131731,Razguri,Sežana,0.2957978808814759,14067.750115147579
10144582,Ročevnica,Tržič,0.53837314251618,2758.432632156876
10106656,Šmihel,Laško,0.4903863026691533,3542.8932687163206
10106150,Laško,Laško,1.0,0.0
10110092,Besnica,Ljubljana,0.6621762160946049,13881.372774919299
10087066,Zlateče,Celje,0.24074534658290708,14396.571655036298
10117275,Dolnje Cerovo,Nova Gorica,0.4693216873122611,14231.29972625402
10087325,Dolenja vas,Cerknica,0.9160013592944797,1741.1477679159955
10096405,Idrija,Idrija,1.0,0.0
10110181,Kamnica,Ljubljana,0.4990510697199615,15983.66607106057
10117739,Medana,Brda,0.6994131610737222,1929.2061019461878
10117046,Barbana,Brda,0.4180389339897552,3681.5836889020147
10123232,Hruševje,Postojna,0.45508497480821597,8702.285924854961
10088321,Topol pri Begunjah,Cerknica,0.4914463672433638,6053.054557717559
10131928,Šepulje,Sežana,0.6670855109647277,6560.845888135999
10103304,Srednja vas - Goriče,Kranj,0.3950029801800596,9530.276212982844
10096642,Pečnik,Idrija,0.25744069311178264,8728.301415400852
10106729,Trnovo,Laško,0.20836367013875415,6871.0715890709
10090792,Goričica pri Ihanu,Ljubljana,0.3776161947896561,14691.778672868713
10123747,Veliki Otok,Postojna,0.9312441147267105,2133.0909137747108
10087171,Beč,Ljubljana,0.2893331727022077,31179.78406131227
10088356,Velike Bloke,Ljubljana,0.1797087472969224,42347.945251912395
10088330,Ulaka,Ljubljana,0.19703077232977903,43112.59339882248
10088232,Sveta Trojica,Ljubljana,0.2238360047644449,41677.34823319307
10087457,Hiteno,Ljubljana,0.2586220353111719,40113.59914135153
10131162,Krajna vas,Sežana,0.3676397384598819,12065.943560946183
10106605,Strmca,Laško,0.6692456659087491,2392.253876771449
10134463,Loče,Slovenske Konjice,0.20814926403433812,8196.996847239147
10087635,Kranjče,Cerknica,0.3016397942258182,9686.291887166204
10087562,Koščake,Ljubljana,0.27892572064787524,33569.50184631465
10126657,Dobravica,Kranj,0.2277415080804206,14902.962886359157
10127521,Zgoša,Radovljica,0.5963725541160134,3981.191242086682
10106460,Radoblje,Laško,0.5994660561290793,2874.382291498316
10106753,Udmat,Laško,0.37624805122352795,4591.666765107466
10146933,Prelska,Velenje,0.36524007317145457,7451.122437580529
10135800,Razbor,Šentjur,0.2340984396966255,6771.356997011515
10087481,Hruškarje,Ljubljana,0.23934948982542498,38272.29728051132
10087180,Bečaje,Ljubljana,0.23096862869312035,39211.850883959334
10088518,Sveti Vid,Ljubljana,0.287060459781211,35325.214600024265
10118310,Voglarji,Nova Gorica,0.5369936057144841,12742.274625816386
10127459,Zaloše,Kranj,0.22563076558345047,13935.20888123851
10137985,Trebija,Ljubljana,0.20168886421567833,40763.98351597604
10091799,Šentožbolt,Ljubljana,0.22661859546277816,35506.80396486523
10145520,Golče,Ljubljana,0.15937716104269242,42697.15850993085
10130174,Štajngrob,Ljubljana,0.1010041512413593,65331.86563570213
20547898,Hinje,Ljubljana,0.08881610494716762,66447.72553552009
10129389,Jablanica,Sevnica,0.2687041378950911,8427.339534080435
10092230,Zlatenek,Ljubljana,0.27719775476818637,31367.734920907616
10124328,Gorišnica,Gorišnica,1.0,0.0
10131740,Ritomeče,Hrpelje-Kozina,0.14620606083290158,12288.039169413838
10095069,Ponova vas,Grosuplje,0.5133544949282847,3449.267155876595
10094496,Mala Stara vas,Grosuplje,0.50801821589594,3150.7658822098206
10120403,Mirna Peč,Mirna Peč,1.0,0.0
10101972,Plavje,Koper,0.6494125991850943,8350.077606949648
10122902,Zagorje,Ptuj,0.1925317686724289,20183.191402624114
10122198,Gradišče,Ptuj,0.17743633124467492,20788.78153537017
10097118,Janeževo Brdo,Ilirska Bistrica,0.2701677546569997,11790.051965876806
10097533,Velika Bukovica,Ilirska Bistrica,0.8036709367156752,3915.9504326389156
10095743,Veliko Mlačevo,Grosuplje,0.5966791773719357,2842.0620543569416
10143772,Škrljevo,Šentrupert,0.5264224641823937,1055.6074004623017
10119006,Dolenji Podboršt,Mirna Peč,0.46943362130141514,1764.560991229179
10104114,Dolga Raka,Krško,0.22876993243543708,13063.240136310416
10101913,Montinjan,Koper,0.752370416486161,7582.338741449967
10101883,Marezige,Koper,0.7126832316606356,8857.67645593098
10129966,Radna,Sevnica,0.6918915030369882,3394.3596925835004
10129877,Podvrh,Sevnica,0.2685199084556828,8623.457367666459
10138809,Gradiški Dol,Rogaška Slatina,0.6395808480033445,4355.932280942966
10097185,Koseze,Ilirska Bistrica,0.9335132230060514,2085.114036346947
10097541,Veliko Brdo,Ilirska Bistrica,0.48779863170409793,8960.932609727983
10143276,Praprotnica,Trebnje,0.22196250001780882,8294.094379589675
10101611,Gračišče,Koper,0.4777829637757198,15965.769738809315
10130298,Vrh pri Boštanju,Sevnica,0.5222104661909461,4992.120603390801
10139708,Sodna vas,Podčetrtek,0.39871217942539794,2935.10341638046
10139864,Strtenica,Šmarje pri Jelšah,0.2839908486697689,5616.941889405217
10138981,Kamenik,Šmarje pri Jelšah,0.251500572533847,6153.037295232109
10139473,Predenca,Šmarje pri Jelšah,0.8782460607942103,1251.1581623639245
10138906,Jazbina,Šmarje pri Jelšah,0.5002281128941243,3350.7308303288196
10089662,Otovec,Črnomelj,0.7108628541566822,4370.47131702054
10084717,Bojsno,Brežice,0.3383632428347997,11719.363918619216
10085438,Pišece,Brežice,0.26960969086783443,13575.167110059196
10085462,Podvinje,Brežice,0.49054617843774,8936.826318696189
10087856,Nova vas,Bloke,1.0,0.0
10111544,Gorenje Kališče,Ljubljana,0.336418092283745,33290.96487758417
10112273,Podhojni Hrib,Ljubljana,0.4263882942300351,26210.160332560696
10142512,Gorenje Kamenje pri Dobrniču,Trebnje,0.250343715185595,7766.382302339501
10142776,Knežja vas,Trebnje,0.30568396157143846,6557.363532434897
10119367,Gorenje Kamence,Novo mesto,0.6574635437889168,6406.425834502532
10136008,Šentvid pri Planini,Celje,0.10205593763776748,28694.68320004687
10090245,Tribuče,Črnomelj,0.6388737193348032,5887.915335814871
10085594,Slogonsko,Brežice,0.3612916038401342,11881.602545593572
10085284,Mali Obrež,Brežice,0.6493888367722842,6421.424938603778
10111609,Gradišče,Ljubljana,0.3898322186031417,27210.63885049614
10128145,Bukovica,Ribnica,0.752114945004237,2432.330485419445
10105137,Ravni,Krško,0.3472779555002918,10034.477107558603
10103886,Brezovska Gora,Krško,0.46551295019872596,7814.020482626044
10103746,Apnenik pri Velikem Trnu,Krško,0.2779165216493673,11618.54931016863
10135648,Podgrad,Šentjur,0.7601179707232055,1920.7323076795806
10139929,Šerovo,Šmarje pri Jelšah,0.3485782744861761,4464.446078784225
10085306,Mihalovec,Brežice,0.6649076849476427,6297.10074006118
10084946,Dobeno,Brežice,0.6669154595316906,6347.772193112542
10084792,Brvi,Brežice,0.4992385391839992,8062.826708900283
10111919,Kukmaka,Velike Lašče,0.3320737985763498,2567.350951913956
10087848,Nemška vas na Blokah,Bloke,0.720012087909613,709.5994913660415
10087619,Sveti Duh,Ljubljana,0.2394998484801516,39078.19380586108
10112982,Velika Slevica,Velike Lašče,0.2908935365089614,3080.178474718758
10104416,Gunte,Krško,0.7538771997122273,4484.317323209836
10104165,Dovško,Krško,0.44387814996219116,8355.827411188327
10129524,Krajna Brda,Krško,0.29459174347941697,10649.643232673332
10139392,Podturn,Rogaška Slatina,0.3812665838961221,6943.85695915172
10114527,Krivoglavice,Metlika,0.4238104831331316,5361.10236884696
10085098,Gorenja Pirošica,Brežice,0.5372054336805829,7328.463056266249
10087422,Gradiško,Ljubljana,0.2793648478800825,37804.72986894955
10143659,Stehanja vas,Ljubljana,0.18614287264392476,41189.616623318936
10142733,Jelševec,Novo mesto,0.17585418874826966,19600.575309606058
10121094,Sevno,Novo mesto,0.7677300741365278,5172.742518567791
10135486,Lokarje,Šentjur,0.7434203253469317,2084.9090493289345
10133432,Podboč,Poljčane,0.19309907273656243,2282.110000293755
10139732,Spodnja Kostrivnica,Rogaška Slatina,0.3777807001993136,6600.577264854956
10124107,Dolič,Ptuj,0.5025255376795464,8571.60106084987
10085411,Perišče,Brežice,0.4321870472564649,11503.43784330782
10097568,Vrbovo,Ilirska Bistrica,0.8253641197496251,3722.168444072885
10111811,Knej,Ljubljana,0.3264346044169409,28718.71406153518
10111676,Hrustovo,Ljubljana,0.29980923804239173,29492.98358281603
10111625,Grm,Ljubljana,0.2872600645249501,28391.728013605192
10143535,Rožni Vrh,Trebnje,0.8232815234279719,2003.2700832662035
10143497,Roje pri Čatežu,Trebnje,0.3103652655016063,6717.3018673567885
10119308,Gorenja vas pri Šmarjeti,Šmarješke Toplice,0.5051747536874928,1054.9789695989318
10118883,Dolenje Grčevje,Novo mesto,0.5047757466490245,9575.258291883802
10129249,Dolnje Orle,Sevnica,0.22909263121227302,9488.657843433633
10129630,Lukovec,Sevnica,0.5163587650686359,5063.177851086521
10135052,Brezje ob Slomu,Šentjur,0.320838637993925,5745.11874999386
10133394,Ošelj,Slovenska Bistrica,0.2021553055996976,12019.756799645342
10134358,Kolačno,Slovenske Konjice,0.21703044851812822,7933.531979578059
10134196,Brezje pri Ločah,Slovenske Konjice,0.23628677653307228,7256.413257636291
10134099,Žabljek,Slovenska Bistrica,0.35830965212425114,6298.9347962998445
10114675,Radoviči,Metlika,0.6611805021606717,3569.3128292991723
10111781,Kaplanovo,Ljubljana,0.29328419907025827,30408.035671577214
10136237,Voglajna,Šentjur,0.3265706596046366,6132.483298730013
10132754,Cigonca,Slovenska Bistrica,0.6485228815940223,3357.2667667827313
10114608,Otok,Metlika,0.354325359298176,6075.828109864182
10089875,Purga,Črnomelj,0.338312906768602,11641.43623192643
10088577,Adlešiči,Črnomelj,0.32024483060259334,12260.776236674832
10089255,Jankoviči,Črnomelj,0.40745517182668284,9821.72593289499
10088364,Veliki Vrh,Bloke,0.41577930903664634,1372.0299464560233
10129290,Gabrje,Sevnica,0.17618297195480623,11130.735056217552
10104289,Gorenja vas pri Leskovcu,Krško,0.5834105842384332,5898.947290615983
10131855,Sežana,Sežana,1.0,0.0
10135893,Sotensko pod Kalobjem,Šentjur,0.5321384793582165,3776.157266880323
10133823,Tinjska Gora,Slovenska Bistrica,0.3452145324187041,6962.544767648662
10139457,Polžanska vas,Šmarje pri Jelšah,0.17117661427686476,7117.713238231685
10104343,Gorica pri Raztezu,Krško,0.368961877342729,9583.707265639627
10139651,Sedlarjevo,Podčetrtek,0.1279850719967969,7884.007935949782
10084857,Cerklje ob Krki,Brežice,0.5168596632325461,6989.114878694896
10088500,Zibovnik,Cerknica,0.290021134898303,9095.428438857487
10131413,Naklo,Divača,0.34083320008821444,4927.846800451336
10111846,Kot,Ljubljana,0.5777576198139466,13158.158733195298
10141907,Benečija,Trebnje,0.7782690812974256,2348.226157808594
20559233,Marendol,Sevnica,0.1363737358697887,13012.101427248941
10132312,Žirje,Sežana,0.7239341676356791,4850.803278094337
10148243,Zgornje Hoče,Hoče-Slivnica,0.4356108124445259,2192.7806213552576
10084725,Boršt,Brežice,0.7100097611896715,4871.6184544619355
10128862,Škrajnek,Ljubljana,0.2699224707539706,34251.78101612401
10142300,Dolenje Zabukovje,Novo mesto,0.16903795011668943,18683.07625382156
10143454,Ribjek,Mokronog-Trebelno,0.38295975883740907,1897.0830138377037
10143322,Pugled pri Mokronogu,Mokronog-Trebelno,0.5158350578896497,1447.173684205206
10130867,Gradišče pri Divači,Divača,0.6418025133202755,2471.3498489407984
10147603,Kopivnik,Maribor,0.33499807116670816,16696.298411664524
10138892,Irje,Rogaška Slatina,0.7565674755942692,3358.1526751420315
10125499,Stanečka vas,Majšperk,0.6068969914794605,1350.6306231885337
10140285,Zeče pri Bučah,Kozje,0.18418725920515155,4318.841058686375
10110424,Veliki Lipoglav,Ljubljana,0.5035665986235699,16220.023837813405
10128498,Krnče,Ljubljana,0.24481514875422403,35884.283629027384
10099455,Briga,Kočevje,0.2121593690433039,16901.033072190083
10142105,Češnjice pri Trebelnem,Novo mesto,0.24466886437888036,15019.999952993263
10144035,Vrh pri Trebelnem,Novo mesto,0.19577426268577108,17029.93218459283
10143209,Ornuška vas,Novo mesto,0.2751585381335438,13488.555881151377
10120454,Obrh,Dolenjske Toplice,0.32492675019698153,3346.955951147169
10118921,Dolenje Lakovnice,Novo mesto,0.6629113237429748,7510.4895205561825
10119863,Jama,Novo mesto,0.6765331288999606,7212.089142387573
10119405,Gorenje Lakovnice,Novo mesto,0.6563912325865218,7622.6309275980475
10118476,Birčna vas,Novo mesto,0.6821952477394926,6776.17686647481
10118573,Brezovica pri Stopičah,Novo mesto,0.5983048725756227,8770.753089984108
10130751,Filipčje Brdo,Sežana,0.6502490701402251,6789.572902478335
10130611,Dane pri Sežani,Sežana,0.932475654767831,2363.188504380799
10136075,Trno,Šentjur,0.30138463102133795,6566.847224516674
10139422,Polje pri Bistrici,Bistrica ob Sotli,0.1579685504587189,1650.3389081464077
10123739,Velika Pristava,Pivka,0.3896026522180444,3417.0995507933494
10118581,Budganja vas,Žužemberk,0.4525219717147174,3099.4510555595534
10143446,Reva,Trebnje,0.2929034805920843,6724.339163479365
10119570,Gornji Kot,Žužemberk,0.17019482515990575,6138.700273830526
10099544,Delač,Ljubljana,0.1706300370945649,80928.85279756856
10100003,Kostel,Ljubljana,0.17165684756848654,80740.16717809578
10101166,Vimolj,Kočevje,0.17255262018311285,19719.044318772605
10121167,Srednji Lipovec,Novo mesto,0.16881677441350124,18120.127046519083
10121388,Šmarjeta,Šmarješke Toplice,1.0,0.0
10101492,Čežarji,Koper,0.7382766374749928,7057.942125196081
10105803,Brodnice,Celje,0.11449834807097173,26174.110975226184
10085004,Drenovec pri Bukovju,Brežice,0.1780810639386307,18555.088857318147
10084814,Bukovje,Brežice,0.1479916048455897,20051.84096974415
10123429,Orehek,Postojna,0.5521454149898376,7193.61711122039
10094992,Št. Jurij,Ljubljana,0.35783731169315713,20232.93405850046
10120616,Podgozd,Žužemberk,0.22331339813650844,5345.025657900778
10121604,Veliko Lipje,Ljubljana,0.1560598936799169,50870.04964675756
10120187,Mačkovec pri Dvoru,Žužemberk,0.3859582280914418,3474.7785806894326
10120497,Orkljevec,Novo mesto,0.27774600337782035,11639.535808375696
10101581,Gabrovica pri Črnem Kalu,Koper,0.4626937897533011,13564.757889737404
10125456,Spodnji Leskovec,Ptuj,0.38041311181526993,14250.18801376888
10124778,Mala Varnica,Ptuj,0.3377533901091228,17259.654644892427
10100739,Rajndol,Kočevje,0.31714426129850426,11840.632454771667
10100780,Rogati Hrib,Kočevje,0.3864180889180434,10151.392084529794
10129931,Primož,Sevnica,0.24348680293660027,9305.257675353552
10104106,Dolenja vas pri Raki,Krško,0.19376918473861648,14398.642190546489
10092418,Goriški Vrh,Dravograd,0.2738096297831475,8775.010639884813
10092396,Dravograd,Dravograd,1.0,0.0
10098319,Kamnik,Kamnik,1.0,0.0
10098351,Komenda,Komenda,1.0,0.0
10111099,Zgornje Pirniče,Medvode,0.38762031762813215,2166.655386060056
10108110,Petišovci,Lendava,0.7624063527199544,5425.175137098107
10120225,Male Brusnice,Novo mesto,0.6013914265812074,8010.87426802296
10120551,Pangrč Grm,Novo mesto,0.5009073552258652,10705.203726988297
11023843,Ravne,Ljubljana,0.21813915228854835,28759.928457651786
10090679,Dole pri Krašcah,Ljubljana,0.31068140210063766,23356.99587587032
10098858,Snovik,Kamnik,0.24609262153981587,9955.973430035132
10104882,Orehovec,Kostanjevica na Krki,0.30509255180537315,2824.000816169735
10098157,Črna pri Kamniku,Kamnik,0.3799396154970488,7349.780999003914
10104157,Dolšce,Kostanjevica na Krki,0.2681170099735497,3093.8353915516086
10136849,Grenc,Škofja Loka,0.635028000567984,2196.071596573895
10120993,Sela pri Dol. Toplicah,Dolenjske Toplice,0.7321200115327323,1400.4733573764909
10090075,Srednja vas,Novo mesto,0.17422767974412703,22056.423115085803
11024149,Zgornji Lehen na Pohorju,Maribor,0.2007362188423963,35703.94050005884
10136776,Gorenja vas,Gorenja vas-Poljane,1.0,0.0
10140722,Kal-Koritnica,Bovec,0.7633283214975871,3537.6013456646724
10091993,Vir,Domžale,0.9355890640537914,825.8111089210424
10112745,Smrjene,Ljubljana,0.5069231748934235,17106.16658292422
10149240,Spodnji Boč,Maribor,0.4622732853558785,19614.54132629427
10101387,Bočaji,Koper,0.5860054507215768,13084.481745656185
10101549,Dilici,Koper,0.6396303828791544,10728.80149689434
10101719,Karli,Koper,0.3634674793689767,24191.15230292043
10101930,Olika,Koper,0.3867325742684428,22190.252880925982
10092078,Zaboršt,Domžale,0.6786795046346591,2203.1512191453794
10105463,Strmo Rebro,Krško,0.6409665532455763,5913.363436234469
10105366,Srednje Pijavško,Krško,0.5992864457179028,5625.740024495808
10102162,Sokoliči,Koper,0.4030928349465024,21103.447584411537
10101565,Dvori,Koper,0.3652163060788568,23779.64447578633
10102138,Smokvica,Koper,0.4340393586765771,18523.793063691002
10102324,Tuljaki,Koper,0.41493969061806435,20231.397325184975
16515442,Galantiči,Koper,0.4810673345171171,16246.625585130598
10101085,Štajer,Ljubljana,0.16887420446214838,86832.24230276597
10099773,Grivac,Ljubljana,0.17312699900027834,88344.63817228781
10100623,Potok,Kostel,0.2658775286631416,919.0707143062307
10100429,Padovo pri Fari,Ljubljana,0.17268862190973505,83316.11657714788
10099447,Brezovica pri Predgradu,Ljubljana,0.1399127357828176,80483.17518940323
10090156,Šipek,Črnomelj,0.5668184362511135,7021.382325678331
10088798,Črešnjevec pri Dragatušu,Črnomelj,0.3291412555651878,12170.037055579734
10116171,Lemerje,Murska Sobota,0.48848358791784613,8827.874969764373
10119456,Gorenje Vrhpolje,Novo mesto,0.23561222382723226,16093.18700543043
10127785,Mežica,Mežica,1.0,0.0
10100119,Laze pri Predgradu,Ljubljana,0.15666420977600226,83420.45320331113
10121779,Vrh pri Šentjerneju,Šentjernej,0.641696190568959,1178.3226295580998
10121353,Šmalčja vas,Šentjernej,0.47503953869273857,1669.0041554988406
10121710,Vrbovce,Šentjernej,0.2881355466390114,2644.0862204033506
10121701,Vratno,Novo mesto,0.1910669777304899,19657.47396695591
10119146,Drča,Novo mesto,0.17978099310409976,19619.6618371056
10093376,Segovci,Apače,0.5873193782035723,1116.961443409586
10090024,Sinji Vrh,Črnomelj,0.16377263793152122,20564.15641257414
10148383,Flekušek,Maribor,0.5429934321285608,13900.198189176352
10148421,Jareninski Dol,Maribor,0.6038282681212979,11285.186871320513
10086159,Javornik,Celje,0.37194452602333916,9896.12966929116
10098572,Nevlje,Kamnik,0.9042146364713518,1518.0456319710033
10092086,Zagorica pri Rovah,Ljubljana,0.298386662024494,21939.78631092333
10098904,Srednja vas pri Kamniku,Kamnik,0.40597988231860177,6503.829907663354
19814726,Ložice,Nova Gorica,0.375842174940659,15043.45093020204
10117836,Nozno,Nova Gorica,0.400983810553018,18701.142403336304
10091977,Videm pri Lukovici,Ljubljana,0.30161800658995724,21354.969792052878
10117143,Brdice pri Neblem,Brda,0.6247666828165722,2310.9005514577975
10118174,Šlovrenc,Brda,0.5335171428249812,2818.172040922985
10117135,Brdice pri Kožbani,Nova Gorica,0.3001431435896033,26870.320947356893
10118409,Zali Breg,Brda,0.7076129574040311,1663.0469600890722
10116813,Šulinci,Gornji Petrovci,0.3091387746895122,4104.620076432893
10115884,Gornji Petrovci,Gornji Petrovci,1.0,0.0
10148723,Slatina,Maribor,0.5051643611504031,17642.96396069319
10098670,Podhruška,Kamnik,0.4506543812713214,5853.377437381653
10098653,Podbreg,Ljubljana,0.2608463778899476,32991.92968633478
10148430,Jareninski Vrh,Maribor,0.5640074128991341,12921.511167766485
10098386,Košiše,Kamnik,0.6788151165216576,3380.712972346197
10091861,Trnjava,Lukovica,0.2844691102327292,2115.9614386227045
10092060,Vrhpolje pri Moravčah,Ljubljana,0.3440422655218016,22882.483097583954
10091721,Spodnji Tuštanj,Ljubljana,0.32333721456191905,24142.498394579045
10140960,Log Čezsoški,Bovec,0.45662751566692794,6331.956295914388
10091691,Spodnje Prapreče,Lukovica,0.5090576816320014,1224.6025495790348
10140544,Drežnica,Kobarid,0.3763893058312407,6160.223276540865
10141460,Temljine,Tolmin,0.2709367515453189,14186.116429952704
10093392,Slaptinci,Sveti Jurij ob Ščavnici,0.37897760607985936,2596.847498187103
10137993,Trnje,Škofja Loka,0.7975229966198156,1655.7363771952926
10141591,Zadlaz-Žabče,Tolmin,0.7567492555683606,5326.777625819994
10140986,Logaršče,Tolmin,0.3068780623685321,13254.317959728896
10098033,Žirovnica,Žirovnica,1.0,0.0
10137519,Praprotno,Škofja Loka,0.2828919013035929,6219.603957421736
10140811,Koseč,Kobarid,0.29710568136748616,7581.691275834667
10149282,Zgornja Selnica,Selnica ob Dravi,0.39910408899601874,1521.2639859479768
10148715,Slatenik,Maribor,0.5471447613730556,13426.184229853085
10141524,Trtnik,Ljubljana,0.19899940051155862,60823.28213062382
10107644,Zavrh,Maribor,0.23670211482340472,20083.453209510528
10116961,Zenkovci,Murska Sobota,0.3819642061389197,11719.171716780647
10102600,Glinje,Ljubljana,0.22932612726669407,23838.6437741751
10141257,Roče,Tolmin,0.30908274726065493,12666.569504159503
10141451,Šentviška Gora,Tolmin,0.1691937541850893,19256.138727743753
10126401,Št. Janž pri Radljah,Radlje ob Dravi,0.37420381466176356,6308.6751551589805
10098882,Spodnje Stranje,Kamnik,0.7155048329276006,3159.3921864783842
10127963,Šentanel,Ravne na Koroškem,0.14650633384859926,10845.440152160909
10136334,Bačne,Ljubljana,0.2528830497060985,38854.16462022221
10137861,Suha,Škofja Loka,0.7034085077320761,1937.8203789374772
10141389,Staro selo,Kobarid,0.5864139685365156,3963.7671997987204
10136547,Dobravšce,Gorenja vas-Poljane,0.44634740838994685,2389.414414627734
10136342,Binkelj,Škofja Loka,0.8700939352444222,1234.7564615944702
10111986,Ljubgojna,Horjul,0.32430040441921504,749.9065951942715
10098106,Briše,Kamnik,0.5977152469969341,4238.567809166272
10116295,Matjaševci,Murska Sobota,0.14428660164484963,27856.796777966956
10115175,Podvolovljek,Ljubljana,0.25261104594156214,40435.23021006539
10115019,Lenart pri Gornjem Gradu,Gornji Grad,0.3616969260267242,2733.063394285195
10132843,Dobrova pri Prihovi,Slovenske Konjice,0.2910195931976459,6463.682748790784
10090342,Vranoviči,Črnomelj,0.6496309206493205,4973.827400428065
10114497,Krasinec,Črnomelj,0.3178035779102682,10161.281865751609
10089379,Kovača vas,Črnomelj,0.16711410243758806,18108.639404353642
10089107,Gorenja Podgora,Ljubljana,0.14099094269443496,83350.39175421199
10118859,Dolenje Dole,Škocjan,0.1449924115740808,3707.0854252758386
10096090,Hrastnik,Hrastnik,1.0,0.0
10095409,Šentvid pri Stični,Ivančna Gorica,0.5181881153502504,3652.275023202894
10096081,Gore,Trbovlje,0.15362209466930074,13528.048318744459
10095522,Valična vas,Ljubljana,0.2001455818427797,42229.575717063606
10108756,Kamni Vrh,Ljubljana,0.1744218970015371,46194.70355429106
10109442,Sava,Litija,0.38716557278563185,6843.291662323866
10096197,Studence,Hrastnik,0.8483906461927726,895.622325202526
10094801,Obolno,Ljubljana,0.2941295792839249,28100.606753476648
10100658,Pri Cerkvi-Struge,Ljubljana,0.2487809370202648,42101.9188524857
10109418,Ribče,Ljubljana,0.36827368279448564,24077.6388883727
10094186,Griže,Ivančna Gorica,0.753617542971388,2127.7253694932297
10108438,Dragovšek,Litija,0.4091330522405549,6327.985241594522
10095425,Škrjanče,Ivančna Gorica,0.8836495695302503,1341.9737959587094
10109175,Podpeč pod Skalo,Ljubljana,0.17852898970168254,48943.67617824063
10109957,Zglavnica,Ljubljana,0.16822568449830555,46721.27933871384
10119316,Gorenje Dole,Novo mesto,0.12309886435188368,23015.425091316334
10096162,Podkraj,Hrastnik,0.2863092548987123,4103.3954625498245
10100585,Podtabor,Ljubljana,0.25309950596461483,42320.3587184575
10109060,Mihelca,Ljubljana,0.1876483816733023,39778.10366573706
10109710,Tihaboj,Ljubljana,0.1491331831377499,51839.699415290124
10095158,Pungert,Ljubljana,0.19434475425554992,38993.05769126347
10108365,Čateška Gora,Ljubljana,0.156292828985463,50106.934303543436
10095085,Praproče pri Temenici,Ivančna Gorica,0.2152963203866193,7291.707750505822
10094615,Mali Kal,Ivančna Gorica,0.2668547374970348,6729.620110576028
10132916,Gaj,Maribor,0.1868839803935651,22366.033078599623
10121175,Stara Bučka,Škocjan,0.30235380785128635,2331.447880004206
10109736,Vače,Litija,0.22898785180728107,10211.226306577259
10109663,Šmartno pri Litiji,Šmartno pri Litiji,1.0,0.0
10108691,Jesenje,Litija,0.2777991429487109,8610.718870846202
10095239,Sela pri Dobu,Ivančna Gorica,0.3145156072230336,5667.748166854559
10118719,Čučja Mlaka,Novo mesto,0.19368544043398384,18022.06764923768
10108900,Laze pri Gobniku,Ljubljana,0.17671335905101904,46173.87790657579
10094305,Kitni Vrh,Ljubljana,0.2253369373568594,37704.925040839116
10133050,Kočno pri Polskavi,Slovenska Bistrica,0.25721481378835787,7886.431520990594
10109540,Spodnje Jelenje,Ljubljana,0.14845485228802255,52815.887354933584
10094402,Leščevje,Ivančna Gorica,0.3351632163305955,5682.296036874589
10119545,Goriška vas pri Škocjanu,Škocjan,0.2777878743789639,2414.7801136140743
10092094,Zalog pod Sv. Trojico,Ljubljana,0.3430778280504469,20197.70451555199
10108624,Jablaniške Laze,Litija,0.3515718584890108,8221.790958964577
10094348,Krka,Ljubljana,0.24857694406817935,33464.132082697484
10093902,Čagošče,Ljubljana,0.19944325792502138,37742.044329781034
10093767,Bojanji Vrh,Ivančna Gorica,0.44873115105799777,4424.973105887145
10094674,Malo Hudo,Ivančna Gorica,0.8375368316490639,1575.5641338623739
10095182,Rdeči Kal,Ivančna Gorica,0.31347588915630437,5828.504642048667
10108527,Gornje Ravne,Ljubljana,0.14893420214345163,51566.9861372416
10095212,Sad,Ivančna Gorica,0.24966323175551,6930.200391477938
10108632,Jablaniški Potok,Litija,0.38967356683708076,7575.4255042129025
10095727,Veliko Črnelo,Ivančna Gorica,0.7296745217340841,2317.0126694777778
10109167,Podbukovje pri Vačah,Ljubljana,0.19097288820499914,39076.51690284281
10096120,Krištandol,Trbovlje,0.2355111654988603,8765.106200114005
10120969,Segonje,Škocjan,0.15855155095371082,3631.1463974243734
10109906,Zagrič,Ljubljana,0.1788585374195285,44725.49956978461
10119898,Jelendol,Sevnica,0.12792493932147248,13617.180294132531
10093104,Murski Vrh,Murska Sobota,0.18922515005653082,14839.575724236282
10113440,Gresovščak,Ljutomer,0.5607114019067736,3992.1850305970825
10105030,Premagovce,Brežice,0.337060636934953,12465.690312333716
10138701,Gabrce,Rogaška Slatina,0.49760426953766107,5684.715954039516
10112940,Tomišelj,Ljubljana,0.6736515958035194,12405.864655089978
10112591,Rogatec nad Želimljami,Ljubljana,0.5256882764461361,22364.416112356896
10112109,Matena,Ljubljana,0.8479765983045254,7176.317438060604
10142431,Gorenja Dobrava,Trebnje,0.5155170374293283,4187.722068720887
10142873,Lipnik,Trebnje,0.2878137129634162,7023.939614950418
10098173,Skomarje,Zreče,0.13710594483364494,10945.748076840597
10145546,Hrastnik pri Trojanah,Ljubljana,0.18718893178007331,39541.11467933927
10099714,Gornja Briga,Ljubljana,0.19549796321755217,72755.1612516383
10102588,Češnjevek,Cerklje na Gorenjskem,0.2671369588293803,2610.363338881277
10119375,Gorenje Kamenje,Novo mesto,0.5079601286557971,8887.674937668968
10145392,Borje,Zagorje ob Savi,0.2231360418256633,7008.335653187758
10093899,Cikava,Grosuplje,0.5607491397332917,2407.9186268927465
10125294,Sestrže,Ptuj,0.19362983690009156,17510.8965558515
10132932,Globoko ob Dravinji,Ptuj,0.12001820585367277,23885.88327508103
10112516,Purkače,Ljubljana,0.4541192312216977,26105.44107435329
10112397,Podžaga,Ljubljana,0.3059141689654332,33152.934738650794
10143128,Most,Ljubljana,0.09526738553756078,62618.8313983083
10090202,Tanča Gora,Črnomelj,0.6042029102669938,6262.362815383527
10114489,Klošter,Črnomelj,0.44378770031626,7155.665140859584
10089719,Petrova vas,Črnomelj,0.5564858434957597,5711.667195154746
10111765,Jezero,Ljubljana,0.6051846894951312,13899.657541069893
10111439,Dolnje Retje,Velike Lašče,0.48917151138443754,1940.4214610907889
10125430,Spodnja Hajdina,Ptuj,0.6278955151822152,3167.932037948745
10125596,Strelci,Ptuj,0.3766507527242135,8785.570772387442
10088216,Studeno na Blokah,Cerknica,0.18306262179510444,12407.172260371084
10088020,Radlek,Cerknica,0.2661401622650097,10394.934143446231
10120713,Potok,Novo mesto,0.47252587513835786,7007.33867294815
10101018,Stružnica,Ljubljana,0.17798833743988776,83315.14881476031
10140528,Dolgi Laz,Tolmin,0.2577501083747896,14295.269108273631
10117623,Levpa,Nova Gorica,0.19720659006070576,28160.495765479696
10141486,Tolminske Ravne,Tolmin,0.39385816362999115,13102.45105188447
10092515,Sv. Danijel,Slovenj Gradec,0.21999688498270778,11947.72075926886
10126215,Kozji Vrh,Radlje ob Dravi,0.22107504916736742,9453.046653323263
10126223,Lehen na Pohorju,Maribor,0.21570853999847797,29784.12808079298
10126355,Rdeči Breg - del,Maribor,0.23993379537615178,36637.5897608405
10125715,Trnovski Vrh,Ptuj,0.2524653901360977,13244.065270915618
10122317,Koračice,Ptuj,0.15501842025122775,22418.588821921498
10125090,Polenci,Ptuj,0.2578955162069469,15018.826031821494
10122589,Rakovci,Ptuj,0.17899933133604032,20922.511600402126
10112265,Plosovo,Ljubljana,0.3061068304833254,33837.320907885034
10128811,Sodražica,Sodražica,1.0,0.0
10143217,Ostrožnik,Mokronog-Trebelno,0.22581089107141653,2738.429736154945
10105013,Podulce,Krško,0.23468604612844385,12857.24964500809
10104475,Jelenik,Krško,0.19714089140586155,14576.225463173745
10102677,Hrastje,Kranj,0.7080991196241397,3914.6412918334368
10144833,Rečica ob Paki,Šmartno ob Paki,0.30202408904738476,1419.0291261826508
10118026,Rožna Dolina,Nova Gorica,0.6855049161703582,2918.9915765798937
10143403,Razbore,Ljubljana,0.16899208974812538,45747.630868520224
10132711,Brezje pri Poljčanah,Slovenska Bistrica,0.1474271174342812,11384.659772259438
10135621,Pletovarje,Slovenske Konjice,0.16097684084155064,9053.044971076077
10138914,Jerčin,Rogaška Slatina,0.5105746731874861,5663.75845699856
10117941,Preserje,Nova Gorica,0.200111457813041,20168.36110578899
10107750,Zgornji Žerjavci,Lenart,0.6561056551423653,2528.918305569583
10092825,Hrastje-Mota,Murska Sobota,0.20876658148782068,13081.74717527703
10113377,Dobrava,Murska Sobota,0.2409467986730894,13251.625898122698
10125855,Zagorci,Juršinci,0.3695583155035429,3316.0178381867363
10125286,Senčak pri Juršincih,Juršinci,0.288641925018529,4248.213854678314
10124441,Hrastovec,Ptuj,0.3473040097932096,16377.950923603448
10122546,Preclava,Ptuj,0.26182762790566017,15831.287847504937
18801086,Strmica,Vrhnika,0.4351773936012817,5254.412517355963
10100453,Paka pri Predgradu,Črnomelj,0.14373248163182953,19780.081003368185
10105293,Smečice,Krško,0.2621191586414947,12097.661996136161
10138507,Buče,Kozje,0.1293152358933657,5181.154087811575
10139082,Kunšperk,Bistrica ob Sotli,0.08325454229335827,2521.1651800447094
10111072,Zgornje Gameljne,Ljubljana,0.7035374311845266,10079.954284233669
10090652,Dole pod Sv. Trojico,Ljubljana,0.3484552203562104,21643.965748839535
10140099,Vinec,Rogaška Slatina,0.6961921831751926,3988.418906290805
10139830,Sv. Florijan,Rogaška Slatina,0.5001326899849926,6005.054191862789
10145350,Zabočevo,Ljubljana,0.29532387557092155,26236.435439527697
10128331,Hojče,Ljubljana,0.22529831575040074,36465.523789100385
10128323,Grebenje,Ljubljana,0.2676271250524478,34043.533258731724
10118972,Dolenji Globodol,Novo mesto,0.2704423346942678,14392.447532157787
10133475,Poljčane,Poljčane,1.0,0.0
10098661,Podgorje,Kamnik,0.7792536729966428,2303.320282632176
10091543,Rodica,Domžale,0.9350098459021852,782.8526047960072
10132924,Gladomes,Slovenska Bistrica,0.285608084955005,7544.310662895451
10087961,Podlož,Loška dolina,0.2140266294192758,2457.7014142573325
10087945,Podcerkev,Loška dolina,0.1981315216293345,2592.2346483820074
10088569,Goričice,Cerknica,0.30857444271576595,10549.006219089759
10123259,Juršče,Postojna,0.16815034194057965,21003.484869055294
10097916,Podkočna,Jesenice,0.7924691514967849,2884.793826962774
10108004,Kamovci,Lendava,0.31122856326629,9681.114440351455
10144574,Žiganja vas,Kranj,0.27166695737351954,11496.307995159148
10144515,Spodnje Vetrno,Kranj,0.2645116571467868,12753.527842617263
10128056,Betonovo,Ljubljana,0.2084571870490206,47586.17480960306
10088445,Zakraj,Ljubljana,0.2787402244054725,37134.82950597028
10087813,Mramorovo pri Lužarjih,Ljubljana,0.27733194462984767,37487.71346074025
10098416,Križ,Kamnik,0.34736946818431047,5033.452453385018
10116619,Radovci,Grad,0.27474652358429474,2354.1338289880423
10116392,Nemčavci,Murska Sobota,0.8143962797843765,3356.1280891470474
10132487,Podgorje,Slovenj Gradec,0.5331426248470325,5783.340008755506
10144981,Zavodnje,Velenje,0.20142101878744592,14298.746426363965
10147751,Miklavž na Dravskem polju,Miklavž na Dravskem polju,1.0,0.0
10125685,Trdobojci,Ptuj,0.33576514268643626,17043.157039861984
10148987,Zgornje Dobrenje,Maribor,0.5494115669493148,12030.682275881705
10125154,Pristava,Ptuj,0.30800840543588387,16154.35903978839
10097177,Koritnice,Ilirska Bistrica,0.21385963565319036,13413.868649171198
10113016,Veliki Ločnik,Ljubljana,0.4644354733672709,20983.603722901902
10120144,Lopata,Ljubljana,0.1714155437727663,52663.881003401606
10144159,Zavrh,Ljubljana,0.20297539548941684,44257.06530084667
10119588,Gornji Križ,Žužemberk,0.19620190658231013,5619.744872232344
10140633,Grant,Ljubljana,0.15956352633410972,77952.26980820835
10127378,Studenčice,Radovljica,0.4801952108630033,4552.02111044873
10092493,Selovec,Slovenj Gradec,0.4514499310300587,6272.209242022913
10126177,Hudi Kot,Maribor,0.1740843732651066,41379.939970741
10143764,Škrjanče,Trebnje,0.3585270925623909,6008.451023726724
10146224,Brnica,Celje,0.3381472798033884,10613.546431028777
10126088,Spodnji Gaj pri Pragerskem,Maribor,0.18679909473537837,22275.851797651092
10147883,Požeg,Maribor,0.2912505951528619,15435.6058753837
10118867,Dolenje Gradišče,Dolenjske Toplice,0.5294732265875015,1788.728824227193
10085110,Gornji Lenart,Brežice,0.7481822203343826,3999.3550648434957
10136954,Javorjev Dol,Ljubljana,0.20059365194812642,48404.15124249926
17687786,Bukov Vrh nad Visokim,Ljubljana,0.32046304152882166,31803.6444042488
10134986,Zreče,Zreče,1.0,0.0
10134269,Gabrovlje,Slovenske Konjice,0.4821204442610212,3243.3382586790412
10134226,Dobrava pri Konjicah,Slovenske Konjice,0.8917840700577491,1230.3856855527822
10134447,Lipoglav,Slovenske Konjice,0.1853206607488836,9306.806826274878
10118123,Spodnja Branica,Ajdovščina,0.19032096967657652,12023.369751308534
10131111,Kopriva,Sežana,0.34223072440579855,12603.710434343175
10148693,Selnica ob Muri,Maribor,0.3811763245353072,17858.63160542084
10149215,Selnica ob Dravi,Selnica ob Dravi,1.0,0.0
10149134,Log,Maribor,0.6363337074160902,10929.13612817932
10147514,Hočko Pohorje,Maribor,0.45218059776600444,17046.61095192708
10147492,Gaj nad Mariborom,Maribor,0.6343786808679235,10954.396459651834
10093562,Vratja vas,Maribor,0.26705227074144955,29323.78072028393
10107300,Obrat,Benedikt,0.2238287338842202,2219.8663588461277
10089395,Krupa,Črnomelj,0.32776827658889385,8590.771454655827
10121477,Uršna sela,Novo mesto,0.3718371606807044,12410.062291735505
11024165,Spodnja Orlica,Radlje ob Dravi,0.1709614446859058,11130.318851214766
10114381,Gornje Dobravice,Metlika,0.5025902176405712,4551.773065920128
10141753,Sveta Planina,Trbovlje,0.3535389305045357,6507.35521582629
10145171,Log pri Brezovici,Ljubljana,0.5074333132617754,12827.321378801636
10114853,Čreta pri Kokarjah,Nazarje,0.14437909359811416,5852.353699340014
10115345,Spodnje Kraše,Nazarje,0.11513638787882706,6610.301272777677
10115264,Rečica ob Savinji,Rečica ob Savinji,1.0,0.0
10105439,Stranje,Krško,0.23222371787103918,13180.41738671168
10097258,Ostrožno Brdo,Ilirska Bistrica,0.16307821465612596,15278.812069428477
10097282,Podgrad,Ilirska Bistrica,0.26207234628938286,13193.670590993603
10115680,Čepinci,Murska Sobota,0.16725242090020565,27778.638493981354
10116139,Kukeč,Murska Sobota,0.32942350204180565,14226.371148526938
10107202,Ledinek,Maribor,0.2523306259905937,24633.566785454525
10107784,Žitence,Maribor,0.3373533457738808,21889.591161321485
10090849,Homec,Domžale,0.3260295806216011,4662.955115703401
10126380,Spodnja Kapla,Maribor,0.2829852023295624,34947.03626372605
10133726,Stari Log,Slovenska Bistrica,0.2575768769549024,7805.630144740064
10139201,Mestinje,Rogaška Slatina,0.28367797934275557,7279.424579560105
10139546,Pustike,Šmarje pri Jelšah,0.22739999821642948,6392.043229911042
10114373,Gornja Lokvica,Metlika,0.4326114077275668,4972.340955159936
18800900,Jerinov Grič,Vrhnika,0.3149316219070207,6548.751630213673
10148464,Jurjevski Dol,Maribor,0.4037521868926054,18178.51738988197
10111650,Horjul,Horjul,1.0,0.0
10120772,Prevole,Ljubljana,0.19793699525732672,50246.47629677308
10141508,Trenta,Ljubljana,0.14357808317259796,105893.10296512244
10127165,Radovna,Ljubljana,0.14908589775656989,64735.80066504357
10115752,Dolina,Murska Sobota,0.42505099191007945,10752.664987929827
10141320,Slap ob Idrijci,Tolmin,0.35866016980503695,10976.404232743696
10093066,Mali Moravščak,Ptuj,0.18266293164343558,19133.19626983655
10147506,Grušova,Maribor,0.5476506694326442,11212.808103027044
10140358,Zibiška vas,Rogaška Slatina,0.17260927510741525,11977.43625086421
10132088,Trebižani,Ajdovščina,0.219569039831923,11388.16801506731
10085624,Sromlje,Brežice,0.30300430864249933,10963.454562402605
18575655,Sveta Ana pri Ložu,Cerknica,0.2338985157189301,11547.319732195198
18681137,Sopota,Ljubljana,0.12254125040984107,54676.8642839198
10111498,Gabrje,Ljubljana,0.6624590085611982,9981.497934198218
10138124,Zabrežnik,Ljubljana,0.21762932137350247,40820.81721748948
10096375,Gorenji Vrsnik,Ljubljana,0.21241697698610118,43874.18591581415
11023860,Dobrovlje,Slovenske Konjice,0.44945327189940876,2899.400137286627
10084377,Predmeja,Ajdovščina,0.18726622747885296,14364.308422873726
10084407,Selo,Nova Gorica,0.26589841144977727,16075.37917599708
10096413,Idrijska Bela,Idrija,0.24984826889937153,10113.407984395011
10103843,Brezje pri Raki,Krško,0.17096619118420295,16167.58558874448
10129362,Hudo Brezje,Krško,0.21800978285556008,13625.443272750323
10103509,Velesovo,Kranj,0.2765169806499398,9583.374336458004
10107628,Vinička vas,Maribor,0.5605459337457365,11285.661002755181
10126100,Brezni Vrh,Podvelka,0.1911506130015456,6706.545629051003
10149045,Rošpoh - del,Maribor,0.7654684138284754,7384.854639689432
10135745,Prapretno,Sevnica,0.11620769621636519,14313.023598173946
10135699,Podpeč pri Šentvidu,Celje,0.09957434390440499,29609.61924703585
10135702,Podvine,Celje,0.09980527858035516,28499.72909507502
10135494,Loke pri Planini,Celje,0.11051560885366608,26424.384568324083
10097169,Knežak,Ilirska Bistrica,0.2657704225635119,10351.909333346855
10131863,Skadanščina,Hrpelje-Kozina,0.19552060395244114,10454.445553048241
10136245,Vrbno,Šentjur,0.741009633869351,1922.5732833946026
10128021,Jamnica,Ravne na Koroškem,0.1015515509203195,15242.88659625268
10092787,Grabe,Maribor,0.21603325124954073,29362.02959610874
10125600,Strmec pri Destrniku,Ptuj,0.32837512717076256,12485.115816884067
10148235,Zgornja Korena,Maribor,0.3582976348470157,14906.425647666594
10092183,Zgornje Loke,Ljubljana,0.29524155552456843,28951.843989976813
10095450,Tlake,Škofljica,0.41178425276831326,2334.4634911136877
10128404,Jelenov Žleb,Ljubljana,0.21366354721343533,54412.19292336873
10136385,Brekovice,Žiri,0.32737361797600834,2472.2832913196503
10145686,Kostrevnica,Ljubljana,0.20025537792770878,38355.7045440941
10091713,Spodnji Prekar,Ljubljana,0.3628512844439249,24762.040427512464
10125235,Rodni Vrh,Ptuj,0.34800839463753586,14884.745769846075
10124000,Čermožiše,Ptuj,0.17668676822856713,23877.028751178732
10125308,Sitež,Ptuj,0.22948096901614523,18977.78987663413
10107865,Črenšovci,Črenšovci,1.0,0.0
10113849,Šafarsko,Razkrižje,1.0,0.0
10116236,Mačkovci,Murska Sobota,0.3144778889320384,14852.571862501443
10116279,Martinje,Murska Sobota,0.18194281697883014,25729.36218621
10116082,Krog,Murska Sobota,0.8110723953774376,3666.4216538735977
10113458,Grlava,Ljutomer,0.230363185591464,6265.941356255033
10115892,Gornji Slaveči,Rogašovci,0.24258963298381586,4108.473736025137
10112826,Stranska vas,Ljubljana,0.5762652829362599,7735.150746681373
10110858,Stanežiče,Ljubljana,0.6969794316731057,9250.090088285762
10134781,Stenica,Vitanje,0.1616447000298514,1948.1988474493487
10099005,Špitalič,Ljubljana,0.196877447911444,40200.51427803838
10100917,Srednja vas pri Dragi,Ljubljana,0.22212426824720602,62452.22080312134
10099382,Bezgovica,Ljubljana,0.19325486510415774,76731.09457885713
10105587,Veliko Mraševo,Brežice,0.26780099871679364,11316.554463853965
10104599,Koprivnik,Novo mesto,0.13816862591964496,21973.90926527033
10118620,Čadraže,Novo mesto,0.2776177382640015,14566.864808107179
10115086,Meliše,Ljubljana,0.11728230322729825,50023.472864727184
10115256,Raduha,Ljubljana,0.19408621135498774,51947.72850048876
10136024,Škarnice,Celje,0.14232204363664824,20193.264915224037
10131987,Škrbina,Komen,0.26250501804889087,3619.893547357603
10131936,Šibelji,Nova Gorica,0.2132402837910925,20701.542289416553
10130492,Brestovica pri Komnu,Nova Gorica,0.2170770680300509,24483.813746612475
10129427,Jeperjek,Sevnica,0.13897629225244804,12985.129871581514
10125839,Zabovci,Markovci,0.49826209627856416,1286.2753937970945
10127190,Ribčev Laz,Bohinj,0.4727682612118199,5907.354506778234
10140684,Idrsko,Kobarid,0.7377969473304162,2429.1169941290686
10140919,Libušnje,Kobarid,0.33382374882301497,5992.527683927294
10141532,Volarje,Tolmin,0.6730783117445339,6109.319532896916
10113296,Bučečovci,Murska Sobota,0.28428265385693585,10587.368304606096
10096430,Idrijske Krnice,Idrija,0.19774530151439398,11766.898472623157
10096456,Jagršče,Ljubljana,0.15721394138161487,62592.877877140236
10127211,Rovte,Kranj,0.2792902302742329,13277.841245653806
10144302,Hudi Graben,Tržič,0.260991470794077,5153.777403930769
10144841,Silova,Velenje,0.49858682874170807,5841.707129138577
10086507,Pečovnik,Celje,0.7618873241165587,4406.5701253054785
10138191,Zgornja Luša,Ljubljana,0.2848769975549194,32592.043718364544
10128030,Žerjav,Črna na Koroškem,0.4496985313593186,2906.2331362510668
10091934,V Zideh,Ljubljana,0.19245933577844151,37951.82562590719
10106362,Paneče,Celje,0.10695794501699361,26743.35872630788
10129745,Okroglice,Sevnica,0.16651438068592375,11224.75608640609
10123542,Sajevče,Postojna,0.37437554307030396,10950.291959884811
16506273,Travnik,Idrija,0.20938724790191826,10388.423413547125
10127815,Plat,Ljubljana,0.08712366051150151,97190.53063652755
10126878,Lesce,Radovljica,0.6225512522129709,3119.6973225033103
10132452,Paka - del,Velenje,0.12324178747245328,18091.150300572193
10105838,Brunk,Radeče,0.1454865767043554,6409.225987885366
10122252,Hum pri Ormožu,Ormož,0.599273203627409,4605.248515512115
10086868,Teharje,Celje,0.6418397450796868,3274.4369098617135
10117992,Renče,Renče-Vogrsko,0.6674057571757477,1458.3653109311547
10144884,Šentvid pri Zavodnju,Velenje,0.13203112145914256,20469.111761684366
10091110,Lipa,Ljubljana,0.2918453418128633,30494.8430704856
10086817,Škofja vas,Celje,0.6577805092762191,5093.165510701353
10123968,Bukovci,Ptuj,0.3972627941865346,8897.581935896134
10143675,Stranje pri Velikem Gabru,Ljubljana,0.1878086754332432,38981.12407843393
10102545,Cerkljanska Dobrava,Kamnik,0.24165964716417612,7414.187320108742
10115795,Domanjševci,Murska Sobota,0.1850090316556511,21677.004089321606
10128013,Zelen Breg,Ravne na Koroškem,0.24084268819392915,7827.13558906428
10107016,Črmljenšak,Maribor,0.22746590127783503,20836.093181806995
10107334,Radehova,Lenart,0.5760462315984793,2707.8125921820074
10148600,Plintovec,Kungota,0.6357928428881595,939.4063327139959
10116651,Rogašovci,Rogašovci,1.0,0.0
10116708,Serdica,Rogašovci,0.6741095691821078,1755.9569187303614
10145376,Zavrh pri Borovnici,Ljubljana,0.29336808557674177,27842.732181879233
10145341,Vrhnika,Vrhnika,1.0,0.0
10123992,Cunkovci,Ptuj,0.37853601334909537,9362.851147910502
10118905,Dolenje Karteljevo,Novo mesto,0.4536071945058473,9295.552960582336
10119243,Globočdol,Novo mesto,0.36938384880792957,10847.548811332716
10121124,Srebrniče,Novo mesto,0.7724899717127202,4583.142360988318
10119685,Herinja vas,Novo mesto,0.5785879946209582,8003.397453519371
10118352,Vrhovlje pri Kojskem,Nova Gorica,0.4408860020580154,14379.358479590926
10092965,Kraljevci,Sveti Jurij ob Ščavnici,0.20901068988385113,3510.24544882522
10092949,Kočki Vrh,Cerkvenjak,0.304266619534866,2459.0994722078053
10113504,Ključarovci pri Ljutomeru,Križevci,0.2554910137150884,2055.8226445000373
10140978,Log pod Mangartom,Bovec,0.31098082050981474,10355.415099417829
10097959,Rateče,Kranjska Gora,0.434952489773521,6560.328499786105
10124255,Gerečja vas,Ptuj,0.4807768418816536,6028.2367990145585
10147042,Šentrupert,Prebold,0.2117397020209157,2808.8306521626077
10110688,Medvode,Medvode,1.0,0.0
10085861,Beli Potok pri Frankolovem,Celje,0.16923926586627158,15553.103307220861
10086680,Selce,Celje,0.17743564517220117,16786.69604278971
10086329,Lindek,Slovenske Konjice,0.15229305844484695,10633.244427991982
10124239,Gabrnik,Juršinci,0.48968455498887575,2176.644002765603
10125243,Rotman,Juršinci,0.8035082102465059,1197.58776237536
10087554,Korošče,Ljubljana,0.2879105661035908,33482.03929564739
10130450,Barka,Sežana,0.16832142648063994,21896.833351333862
10103029,Planica,Kranj,0.40008252038989744,10445.521750226415
10102804,Lavtarski Vrh,Kranj,0.38705929140355916,10885.036604546543
10137373,Pevno,Škofja Loka,0.5764538999627206,2802.48175772243
10144647,Družmirje,Šoštanj,0.4691325663017821,2118.3599509533688
10093465,Stanetinci,Murska Sobota,0.18361568701826633,14573.057371483881
10127025,Peračica,Radovljica,0.2782441617533315,7922.793225054204
10141516,Trnovo ob Soči,Kobarid,0.3557253686473864,6201.640021503439
10144434,Popovo,Tržič,0.20680602741610968,6059.826300844304
10142121,Čužnja vas,Novo mesto,0.1620187181183736,20501.776968085964
10092264,Želodnik,Domžale,0.544575691943974,3198.0509751418567
10114012,Jakovica,Ljubljana,0.19545320844516653,34172.16005973929
10141915,Bič,Ivančna Gorica,0.21736223352716655,7282.9120489495235
10121116,Soteska,Novo mesto,0.22339584369769072,14171.283795865284
10091853,Topole,Ljubljana,0.2961737206712612,16725.91217174664
10123976,Cirkovce,Ptuj,0.2780838186002325,13068.82711880206
10116031,Krajna,Murska Sobota,0.4028880301759204,9669.16511448067
10102723,Jamnik,Kranj,0.20968340860649534,17581.57166446542
11024114,Zgornji Janževski Vrh,Maribor,0.20745180774186545,35486.99425513138
10126193,Javnik,Maribor,0.24379965108825777,30241.959999047696
10102685,Hraše pri Preddvoru,Kranj,0.5224820274538724,6789.9322851192255
10106184,Log pri Vrhovem,Sevnica,0.19748954000744529,9019.041295835093
10106010,Hotemež,Radeče,0.6113628143149985,1963.3884280756336
10130395,Žirovnica,Radeče,0.14184332645392136,6615.91275098921
10094577,Male Lipljene,Ljubljana,0.3729207977835742,26159.373736913018
10099838,Jesenov Vrt,Kočevje,0.17860386256714125,19197.179423100766
10119111,Draga,Novo mesto,0.29884426586283974,13215.070259051254
10104122,Dolnja Prekopa,Kostanjevica na Krki,0.15372922548433623,3858.2186343441917
10091594,Selo pri Ihanu,Ljubljana,0.47585251789512917,12428.287845507904
10101310,Ankaran,Ankaran,1.0,0.0
10112184,Osredek pri Dobrovi,Ljubljana,0.6243463035012393,13971.742490365525
10087112,Šentjungert,Celje,0.3745369123040402,10787.190922249469
10129788,Osredek pri Krmelju,Radeče,0.11115630835507702,7965.8829473472615
10106281,Močilno,Radeče,0.23871863686159953,4904.41764947005
10099374,Bezgarji,Ljubljana,0.204443262626334,74696.46496368146
10100607,Polom,Ljubljana,0.19256068168040658,52881.59073607665
20225432,Jagodnik,Novo mesto,0.3124254747373319,13790.753419317774
10143608,Slovenska vas,Trebnje,0.13423067277830286,10590.234303747471
10090709,Dragomelj,Ljubljana,0.5072843869344936,10910.31738619414
10120250,Mali Ban,Šentjernej,0.18244702704999743,3584.753439740316
10146941,Preserje,Braslovče,0.37045899127321064,1145.1853060046626
10110106,Brezje pri Lipoglavu,Ljubljana,0.5703102950612879,14712.13648255886
10146739,Orla vas,Žalec,0.18368468426463475,7110.9609610879725
10111269,Briše pri Polhovem Gradcu,Ljubljana,0.5278856129287413,19628.28315892016
10106397,Počakovo,Ljubljana,0.10752963868743111,58999.791048188
10145538,Gorenja vas,Trbovlje,0.15439241851411506,14445.504640167035
10110408,Šentpavel,Ljubljana,0.6643357613213406,12325.130636652364
10112168,Orle,Ljubljana,0.7385446942478949,8333.503112606508
10146291,Dobrič,Velenje,0.27644375877924,9384.993013364925
10103533,Voglje,Kranj,0.3201431536576489,8107.222001464613
10112699,Setnica - del,Ljubljana,0.506490026382153,21161.39972795046
10110947,Trnovec,Ljubljana,0.5316529350308833,16400.221268424262
10086230,Košnica pri Celju,Celje,0.8033605536098972,3695.6515926750694
10105790,Brezno,Trbovlje,0.158361393630585,12062.362016796544
10141834,Župa,Trbovlje,0.2556647157521161,10335.391445205152
10101514,Črnotiče,Koper,0.3139517486747328,18508.210298213035
10111404,Dolenja vas pri Polhovem Gradcu,Ljubljana,0.5768930658503393,16177.504758439241
10133190,Ljubično,Poljčane,0.1208351067474566,3008.0032471887234
10084164,Križna Gora,Ajdovščina,0.1865973279548101,13119.114252832678
10094003,Dolenja vas pri Polici,Ljubljana,0.3670449096538629,22162.563110079245
10095298,Spodnje Blato,Grosuplje,0.6831135799494404,2268.3739836984205
10095018,Polica,Ljubljana,0.345809962541537,21046.84472051503
10095573,Velika Račna,Ljubljana,0.3481960473653091,24222.47719831157
10088054,Ravne na Blokah,Ljubljana,0.2117358929846977,45361.83704607793
10133505,Prepuž,Slovenska Bistrica,0.3098984612972872,6964.843912955799
10121817,Vrhpeč,Trebnje,0.27852342554503806,6541.788799395192
10142377,Draga pri Šentrupertu,Šentrupert,0.3321988621302856,1630.8767772650294
10147000,Spodnje Roje,Žalec,0.6564474890279448,2476.09186075532
10086884,Tremerje,Celje,0.660389804564486,5171.460180873059
10131278,Lokev,Sežana,0.47997379530093975,7363.807993747247
10142393,Glinek,Trebnje,0.14902967811268145,10272.239627168861
10088810,Črmošnjice,Novo mesto,0.16392057907946914,23106.609856377585
10121183,Stare Žage,Novo mesto,0.21279065888742482,18803.67676870352
10133980,Zgornja Brežnica,Slovenska Bistrica,0.26730577026545044,7690.039535365772
10095565,Velika Loka,Ljubljana,0.3235006639345561,23723.426061929567
10094461,Mala Ilova Gora,Ljubljana,0.3203675717951424,29076.944313193435
10139104,Lastnič,Rogaška Slatina,0.09612248891073405,21296.319954203587
10100305,Muha vas,Kočevje,0.2481324133005586,14815.175372171512
10100887,Spodnja Bilpa,Ljubljana,0.1656055209550464,84904.87784104564
10104742,Malence,Kostanjevica na Krki,0.2302251757713301,3280.0535373723897
10111374,Dole pri Škofljici,Ljubljana,0.5045899570627638,12110.640356527387
10132495,Raduše,Slovenj Gradec,0.5689170290947712,5858.142445025044
10122104,Dobrava,Ormož,0.7983315154781353,2671.4553451824686
10138167,Zala,Ljubljana,0.24669773610514917,49810.84241938695
10137535,Prelesje,Ljubljana,0.3424843601694944,31492.02720152547
10137926,Todraž,Gorenja vas-Poljane,0.2948031645605064,3232.137360621071
10106575,Stari Dvor,Radeče,0.23992855096176652,4874.797792677423
10106052,Jelovo,Radeče,0.2765806214573933,4423.557504875996
10090890,Ihan,Domžale,0.4372076713377595,3611.002527868347
10145457,Briše,Ljubljana,0.1815525222716795,39529.910016095986
10145317,Stara Vrhnika,Vrhnika,0.7374254336617879,2667.704439414083
10131723,Ravnje,Sežana,0.18082356319771664,19790.49724114874
10127114,Posavec,Radovljica,0.2654724442503552,7362.897089639965
10137586,Ravne,Ljubljana,0.24322952066337972,49665.83454966746
10096669,Planina pri Cerknem,Cerkno,0.4072829739832914,4504.118294343467
10106532,Senožete,Celje,0.14576355806813085,19663.652721470084
10145716,Loke pri Zagorju,Zagorje ob Savi,0.5708071746269153,3021.1402872013578
10146844,Poljče,Žalec,0.11097844757305086,9904.61277601104
10146488,Kamenče,Braslovče,0.15278558563122235,2196.931244360935
10122511,Pavlovci,Ormož,0.8005042930967705,2694.9518715898294
10123003,Piran,Piran,1.0,0.0
10144507,Slap,Tržič,0.823321074169781,1493.5303445585607
10137187,Log nad Škofjo Loko,Ljubljana,0.2961043533132269,28985.63497340027
10147336,Novo Celje,Žalec,0.7860287695675626,1592.4676518886174
10106699,Tovsto,Laško,0.4006129853715086,3990.6228190410475
10147280,Zgornje Gorče,Braslovče,0.19212606929140758,1960.6799565824501
10086728,Straža pri Dolu,Celje,0.1826261307269085,17128.914002909616
10117194,Budihni,Nova Gorica,0.2891767247876791,15105.218968584482
10117453,Hudi Log,Nova Gorica,0.2799942007198626,18837.154116153364
10117534,Korita na Krasu,Nova Gorica,0.27200947297520833,20091.257291477632
10138159,Zakobiljek,Ljubljana,0.28188578386820634,36777.658365610296
10146682,Migojnice,Celje,0.3277809120253025,9683.950265188478
10146518,Kasaze,Celje,0.3690281499708186,8256.163083599946
10144680,Hrastovec,Velenje,0.7574792620998687,3459.812492818083
10086400,Lopata,Celje,0.649627284766312,5106.050461231812
10146810,Podlog v Savinjski dolini,Žalec,0.4897314278731211,3588.1215505082987
10147344,Podvin,Žalec,0.8627310601526681,1330.8728815228885
10087015,Zabukovje,Celje,0.18774558108276782,16202.653879167905
10086906,Trnovlje pri Socki,Celje,0.19400525526718354,15696.220564434156
10112320,Podpeč,Ljubljana,0.5844115121724937,13930.120006135203
10103657,Zgornje Duplje,Kranj,0.34133998003393384,9215.017968926173
10136601,Dolenje Brdo,Ljubljana,0.23345998089744444,37615.42331858285
10138248,Železniki,Železniki,1.0,0.0
10124816,Medribnik,Ptuj,0.3128547577548053,16698.24776745538
10131294,Mahniči,Sežana,0.37158880290613316,12489.38523748857
10105978,Govce,Celje,0.14167010541754302,18983.962347682722
10106770,Velike Grahovše,Celje,0.1467120009030672,20509.903961754924
10106893,Leskovca,Laško,0.2409564736688443,6908.069400411766
10108136,Pince-Marof,Lendava,0.5685828250886896,9293.742746328653
10117216,Ceglo,Brda,0.5040890734631601,2926.8862494387754
10084032,Dolenje,Ajdovščina,0.787466511103919,2918.7798444639498
10132045,Tabor,Sežana,0.2492383766005596,15170.742981070944
10136989,Jelovica,Ljubljana,0.26296293965074075,42548.24083396497
10106257,Male Grahovše,Laško,0.17162570898533439,8742.276480946965
10110467,Vnajnarje,Ljubljana,0.5814787732341613,17142.154358696305
10110505,Zagradišče,Ljubljana,0.7114623599844709,11570.59873559129
10145937,Razpotje,Ljubljana,0.16838867094792376,40481.8656774998
10086604,Razdelj,Celje,0.2777346801328965,12366.433140545016
10123348,Malo Ubeljsko,Postojna,0.29686830378371903,12452.725611542748
10123313,Mala Brda,Postojna,0.3516836058853324,11139.410817961536
10136571,Dolenja Ravan,Ljubljana,0.2664621362790225,38957.68837227476
10123089,Brezje pod Nanosom,Postojna,0.3394299033628426,11429.954334297878
10123712,Velika Brda,Postojna,0.407827513868039,9828.50026930452
10132070,Tomaj,Sežana,0.6153911258290377,7454.543601844383
10102634,Goriče,Kranj,0.3857406990284406,9661.514267896198
10106591,Strensko,Laško,0.26217598704543,6153.8411074890655
10123178,Goriče,Postojna,0.5356566829031001,7532.577700732917
10087341,Dolenje Otave,Cerknica,0.271728168282741,9401.202134697967
10127467,Zapuže,Radovljica,0.6861961114040763,3220.7375053879505
10137136,Ledinica,Žiri,0.48795904174773874,1800.4160604005356
10091314,Podsmrečje,Ljubljana,0.29066997747767676,29436.14352142955
10090865,Hrib nad Ribčami,Ljubljana,0.35678572637459877,25015.97670905159
10123658,Studeno,Postojna,0.4262457874319847,8888.902517538532
10126592,Brezje,Radovljica,0.3839481391857963,5838.162776474272
10127254,Slatna,Radovljica,0.3045090419777469,7839.983713126536
10092132,Zgornja Dobrava,Ljubljana,0.2922283239081491,29036.073504686883
10091632,Spodnja Dobrava,Ljubljana,0.29613391715847454,28417.27674828089
10134641,Prežigal,Slovenske Konjice,0.5334856356790062,3718.2702066497814
10084504,Vipavski Križ,Ajdovščina,0.7082349328453325,3727.7284471827193
10118301,Vitovlje,Nova Gorica,0.45307180225834115,11825.37479316487
10137772,Srednje Brdo,Ljubljana,0.21190811803878756,40666.959145053705
10098165,Črni Vrh v Tuhinju,Ljubljana,0.22941381377091644,38105.96816572309
10146640,Mala Pirešica,Žalec,0.34821583110507176,4310.06692425261
10084610,Malovše,Nova Gorica,0.2957906502054684,15210.593247964378
10084148,Kamnje,Ajdovščina,0.4103311002304789,6899.366866144773
10126983,Nova vas pri Lescah,Radovljica,0.8012108682295016,2366.5790836421957
10090563,Bršlenovica,Ljubljana,0.22682987635360943,35949.135418777514
10117950,Pristava,Nova Gorica,0.8361690486680509,2315.8462334835363
10096278,Čekovnik,Idrija,0.3728349916352,7876.132135639761
10102952,Nova vas,Preddvor,0.6949802937977833,883.9982443736235
10092116,Zalog pri Moravčah,Moravče,0.557074478887157,815.9739571436783
10147115,Trnava,Žalec,0.15511276970385796,8214.762483382798
10122660,Senešci,Ormož,0.42165328606519764,5472.511333352078
10117658,Loke,Nova Gorica,0.7386995857314806,6250.398958054286
10084644,Kožmani,Ajdovščina,0.8513731826262729,2279.6261955893815
10138736,Globoko pri Šmarju,Šmarje pri Jelšah,0.6908632962366954,2201.700562597397
10104653,Krško,Krško,1.0,0.0
10120730,Prapreče,Žužemberk,0.8354460035068909,1214.3562227346524
10138698,Dvor,Šmarje pri Jelšah,0.7295226646721554,2024.163450164671
10103720,Anovec,Krško,0.5046634168258108,6960.348634792183
10097371,Prem,Ilirska Bistrica,0.32388772778041924,10204.899246500587
10095999,Lobček,Grosuplje,0.4467817498629887,4012.5519811718036
10099625,Draga,Ljubljana,0.21875614410236777,60275.553250995516
10143187,Okrog,Ljubljana,0.11369880340111199,58147.03977519451
10120365,Meniška vas,Dolenjske Toplice,0.5259984787429298,2025.1959120548145
10119553,Gornja Težka Voda,Novo mesto,0.678275894585292,7277.182486507553
10102081,Sv. Anton,Koper,0.6493045888618367,10040.582954940512
10148120,Trniče,Ptuj,0.2284110516293913,12534.379756645154
10138558,Cmereška Gorca,Rogaška Slatina,0.21653184352553384,10654.011081041675
10085691,Velike Malence,Brežice,0.8305812442975045,3557.327138977724
10085233,Krška vas,Brežice,0.8700290136044271,2943.736190209298
10097584,Zajelšje,Ilirska Bistrica,0.39623348428732785,9826.35659257557
10097096,Ilirska Bistrica,Ilirska Bistrica,1.0,0.0
10097479,Studena Gora,Ilirska Bistrica,0.4448588368517834,9501.289741540591
10128285,Goriča vas,Ribnica,0.872608061796088,1606.966965136284
10101760,Kortine,Koper,0.4867743688588194,13051.08304864038
10102332,Vanganel,Koper,0.8158162404109002,5716.73079279052
10129150,Čanje,Sevnica,0.3614014293146682,6602.456370739774
10140196,Vršna vas,Šmarje pri Jelšah,0.23707553571631884,6450.851558286504
10088704,Breznik,Črnomelj,0.4792255241289147,8383.302132967756
10085292,Mali Vrh,Brežice,0.46081124201530255,8594.002261044609
10096979,Dobropolje,Ilirska Bistrica,0.7596436805917688,4300.067367769966
10112095,Marinčki,Ljubljana,0.3437997984350409,28746.92517927848
10142750,Kamni Potok,Trebnje,0.5755918062843506,3783.7557264898733
10143926,Velika Ševnica,Trebnje,0.5227988976609268,4261.115418191741
10131146,Kozina,Hrpelje-Kozina,0.8907222277159069,1348.63402033561
10106583,Stopce,Laško,0.45433751181112625,4027.7860816931743
10085560,Rigonce,Brežice,0.5517083161760445,8329.835785165807
10111447,Dolščaki,Ljubljana,0.3959880616655156,27107.57861529486
10128480,Kračali,Ljubljana,0.20481406724080728,46264.033958710424
10112974,Uzmani,Ljubljana,0.4415239812299629,26075.31719610578
10112834,Strletje,Ljubljana,0.41220863050129936,27263.7219567025
10141966,Breza,Trebnje,0.6567791806682736,3113.5047292725267
10100895,Spodnji Čačič,Ljubljana,0.19154295869049334,77348.3435678829
10144019,Vrh,Šentrupert,0.45099316241826815,1240.2694202274445
10102057,Praproče,Koper,0.28459059169726947,22596.158736930887
10135125,Dobje pri Planini,Dobje,1.0,0.0
10105471,Šedem,Krško,0.35648814759200037,10347.572317861157
10134404,Spodnji Jernej,Slovenske Konjice,0.14806519947896918,10259.23109034711
10134552,Penoje,Slovenske Konjice,0.16347077019945955,9702.538043195987
10133165,Laporje,Slovenska Bistrica,0.3502572546669597,6414.331521322462
10087953,Podgora pri Ložu,Ljubljana,0.17895106892786955,55929.30771336987
10087384,Godičevo,Ljubljana,0.25624439822946454,38970.03080378862
10100399,Osilnica,Osilnica,1.0,0.0
10099943,Kočevje,Kočevje,1.0,0.0
10103932,Cesta,Krško,0.8160412707082754,3634.2182781275546
10114578,Metlika,Metlika,1.0,0.0
10114276,Čurile,Metlika,0.9224807184468535,1393.4712972615227
10088062,Ravnik,Ljubljana,0.27824192322246677,37045.49195814968
10112800,Stope,Ljubljana,0.3193344745064185,29257.565996040586
10143721,Šentlovrenc,Trebnje,0.23804081512248138,7579.160599068108
10100852,Slovenska vas,Kočevje,0.6812328333500853,4449.608225745171
10141940,Blato,Trebnje,0.6988770614988399,2916.7488412412904
10121965,Ždinja vas,Novo mesto,0.5899386401830627,7869.132264622411
10119260,Golušnik,Novo mesto,0.5684338220399374,8317.969027215348
10084768,Brezje pri Veliki Dolini,Brežice,0.4183679002691538,11922.090008734638
10085454,Podgračeno,Brežice,0.6280039754200012,7067.440186530185
10085209,Koritno,Brežice,0.4142398066687303,12051.238189131129
10112087,Mali Osolnik,Ljubljana,0.39365340824033906,26295.01777353575
10112885,Škamevec,Ljubljana,0.40422967373056495,27173.973389173163
10121108,Smolenja vas,Novo mesto,0.8990874277339387,3250.9761992100566
10129516,Konjsko,Sevnica,0.4711966646651935,5568.557712275278
10114705,Rosalnice,Metlika,0.8333039990075166,2182.439323735499
10112435,Poznikovo,Ljubljana,0.3061844726573383,33848.200005613755
10111889,Krkovo pri Karlovici,Ljubljana,0.31291087944406054,32846.44189645019
10142628,Gornje Prapreče,Ljubljana,0.18328729714582467,39897.26426151886
10089182,Griblje,Črnomelj,0.34954976262616705,10101.379585797355
10089000,Dragoši,Črnomelj,0.31645753376741165,11431.33284708791
10128447,Jurjevica,Ribnica,0.47290528701439993,4164.607373185128
10142415,Gombišče,Ljubljana,0.19021930444637106,40919.83501980435
10142458,Gorenja vas,Trebnje,0.4072508610975764,5200.990987438802
10143896,Vavpča vas pri Dobrniču,Trebnje,0.3483434500222106,6139.413185633683
10129559,Krmelj,Sevnica,0.14226582787693592,12297.343735821109
10104998,Podlipa,Krško,0.2124884178676826,13632.325191232329
10131197,Kreplje,Sežana,0.5919422396100564,7806.654879784353
10130654,Dol pri Vogljah,Sežana,0.6332372033790143,7649.671556190236
10114420,Grm pri Podzemlju,Metlika,0.33598933575943224,5905.385870366399
10114756,Škrilje,Črnomelj,0.30354025327040196,9790.010222055273
10130743,Famlje,Divača,0.2984659876841956,5697.668843134873
10130727,Dolnje Vreme,Divača,0.22701106075597952,7116.194241400846
10130549,Brežec pri Divači,Divača,0.44027240773845233,3972.3249674702392
10128897,Velike Poljane,Ljubljana,0.25843123013563046,35552.210208993936
10141893,Belšinja vas,Trebnje,0.6404168864953306,3228.3397560132235
10142326,Dolenji Podšumberk,Ljubljana,0.18365602983988083,42077.753996019
10099595,Dolga vas,Kočevje,0.8432434444787427,3117.457086891406
10099862,Kleč,Kočevje,0.38313123119178627,8329.639989811556
10143853,Trebelno,Novo mesto,0.1755056027201905,17961.909318459235
10121841,Zagrad pri Otočcu,Novo mesto,0.5613381482803876,8482.347055969005
10131219,Križ,Sežana,0.7066678295341018,5928.911501360078
10131995,Šmarje pri Sežani,Sežana,0.8886584574990862,3220.6962891865555
10136202,Voduce,Šentjur,0.18594433997038742,9881.312409128475
10100666,Primoži,Ljubljana,0.20974555144686957,61339.867675332694
10118824,Dolenja vas,Novo mesto,0.6663627101067521,6714.34078686151
10132860,Drumlažno,Slovenska Bistrica,0.23604656243966524,8666.982129566155
10123828,Barislovci,Ptuj,0.5320418700616666,7607.9736517634
10138868,Hrastje ob Bistrici,Bistrica ob Sotli,0.11286255747240381,1979.442327405782
10112079,Mali Ločnik,Ljubljana,0.4372954481922749,23285.12115440487
10128510,Levstiki,Ljubljana,0.25399507908720287,35424.559062382745
10130301,Vrhek,Sevnica,0.1123820217297945,14265.549126307895
10143802,Štatenberk,Novo mesto,0.2541043743511161,15010.090077603645
10121850,Zajčji Vrh pri Stopičah,Novo mesto,0.5667688759602527,9396.176357241358
10121230,Stranska vas,Novo mesto,0.705489388431872,6641.271584309671
10132037,Štorje,Sežana,0.6585529529403983,6309.180235232597
10135389,Kalobje,Šentjur,0.26848697063407223,7243.278666101179
10133742,Stranske Makole,Makole,0.3372261573868332,1152.5510370502436
10139821,Srebrnik,Rogaška Slatina,0.08422618985635408,23088.584472462717
10085730,Volčje,Brežice,0.31951929917261246,9722.744268807262
10101093,Štalcerji,Kočevje,0.37959658834272964,10327.556432706393
10129575,Laze pri Boštanju,Sevnica,0.308897946843179,8033.720158612553
10095280,Spodnja Slivnica,Grosuplje,0.5542316237016788,3146.520678632786
10121809,Vrhovo pri Žužemberku,Žužemberk,0.3201853699258207,4056.362263435241
10143705,Svetinja,Trebnje,0.30352923613738475,6573.718606093937
10121248,Strelac,Šmarješke Toplice,0.441827322553408,1155.7875914235979
10106885,Jurklošter,Celje,0.10698237882405412,28815.115128736823
10125928,Zgornje Jablane,Ptuj,0.24688247928978543,14593.86184359512
10133122,Krasna,Slovenska Bistrica,0.12587672559843863,12636.412009698633
10125324,Skorišnjak,Ptuj,0.3262127007560808,18388.763676657632
10125723,Tržec,Ptuj,0.47197301301538463,7700.129195596804
10085322,Mrzlava vas,Brežice,0.7303912415778784,5023.263865974155
10130891,Gradišica,Hrpelje-Kozina,0.3173620860866889,7050.212797655568
10119197,Dvor,Žužemberk,0.2963647809536469,4235.596550617271
10121671,Vinkov Vrh,Žužemberk,0.23230422032715092,5133.350402111531
10101239,Zajčje Polje,Kočevje,0.5683691437202675,6686.040869886728
10100321,Nova sela,Ljubljana,0.16927579204061244,79231.1895224764
10105650,Vrh pri Površju,Krško,0.22103630516226258,13631.095618637446
10105021,Površje,Krško,0.19972296870888953,14333.044373593566
11024483,Medvedjek,Ljubljana,0.18005529040606166,39081.916271302296
20239107,Gorica na Medvedjeku,Ljubljana,0.1894520440050706,41108.87221274867
10103266,Spodnji Brnik,Cerklje na Gorenjskem,0.2850196714985106,2333.16371502742
10099315,Županje Njive,Kamnik,0.5039399136749769,5327.896049952727
24032698,Podgozd,Ljubljana,0.5894353486084938,15383.47130952338
10104556,Kočarija,Kostanjevica na Krki,0.2902695359525006,2829.950467263499
10104394,Grič,Kostanjevica na Krki,0.3131250607114409,2714.5692341278473
19777863,Podgozd,Nova Gorica,0.5999134396670474,10845.602711371555
10105684,Zaboršt,Kostanjevica na Krki,0.6189522667168547,1417.1871215571819
10113342,Cven,Ljutomer,0.39383680674061927,5216.496887043979
11023967,Dilce,Postojna,0.5468057398393282,7258.601623256511
10098726,Poreber,Kamnik,0.5435167289336508,4728.7692514855735
10105099,Prušnja vas,Brežice,0.2338835974045018,16116.755751262854
18139847,Podjetniško naselje Kočevje,Kočevje,0.9177991429153587,1992.348555924626
10120314,Mali Rigelj,Novo mesto,0.2350397418054405,16998.101484223087
10121078,Selišče,Dolenjske Toplice,0.4125138911697429,3010.4565145108827
10148570,Pesnica pri Mariboru,Pesnica,1.0,0.0
10117500,Kanal,Kanal,1.0,0.0
10088682,Brezje pri Vinjem Vrhu,Črnomelj,0.3042409811391947,8916.580884361945
10089786,Praproče,Metlika,0.17172089944898666,9157.308939123232
10140382,Bača pri Modreju,Tolmin,0.5947758339946138,6753.254452932418
10120624,Podgrad,Novo mesto,0.528033436299738,10301.793297427623
10089760,Podreber,Semič,0.26118821819383636,2855.895561486352
10140781,Kneža,Tolmin,0.36437450142767275,11175.524874656841
10101344,Belvedur,Koper,0.3641387414034124,24123.519783985037
10108055,Lendava,Lendava,1.0,0.0
20553995,Kamenško,Sevnica,0.13952683386600237,13009.211104032709
20556951,Hinjce,Sevnica,0.15752367147513255,11635.939753599343
10101620,Gradin,Koper,0.38089646872860733,22871.702893234993
10149002,Zgornje Hlapje,Maribor,0.49081662265344794,15881.698347937825
10105331,Spodnje Pijavško,Krško,0.6493710855950519,5093.841177548469
10104254,Gora,Krško,0.7610831650923172,4214.512803846007
10088674,Brezje pri Rožnem Dolu,Novo mesto,0.23525707375583335,18572.267701051762
10089425,Lipovec,Semič,0.2696337178970806,2613.459392958064
10097487,Sušak,Ilirska Bistrica,0.2867364909673337,15004.734586114006
10104408,Gržeča vas,Krško,0.41269948804457385,8676.179641682344
10088615,Bistrica,Črnomelj,0.40618973932100033,9171.202988568344
10100488,Pirče,Ljubljana,0.16821773133174994,86904.68542226257
10100844,Slavski Laz,Ljubljana,0.16694555719913712,83755.92883736803
10100402,Oskrt,Ljubljana,0.1703982855943507,81238.76692863379
17357808,Slovenski Javornik,Jesenice,0.8704172790151532,2245.976441971687
10120462,Orehovica,Novo mesto,0.3086324977597161,13646.192319520615
10119715,Hrastje,Novo mesto,0.34302236816525067,13003.420950663813
10120896,Razdrto,Šentjernej,0.2838765015356396,2513.7778785514
10118816,Dolenja Stara vas,Šentjernej,0.4676394055325215,1727.818573192598
10088933,Dolenja vas pri Črnomlju,Črnomelj,0.9530506542685697,1617.1344550106908
19676498,Rejcov Grič,Idrija,0.395972495272147,7404.195382330687
10099064,Vaseno,Kamnik,0.2632954938343978,8828.367102465076
10092876,Jamna,Sveti Jurij ob Ščavnici,0.8104913341226462,998.4967896150846
10098513,Markovo,Kamnik,0.45087666817443095,5905.831592852552
10117585,Kožbana,Nova Gorica,0.3039197981547512,25258.045341481375
10117445,Hruševlje,Brda,0.35268738088107393,4310.722363487699
10117437,Hlevnik,Nova Gorica,0.2925698411712163,22385.616769963177
10093074,Melanjski Vrh,Radenci,0.16035529228035383,4748.826969019543
10098777,Praproče v Tuhinju,Ljubljana,0.2642234730560658,33989.54334699128
10148448,Jedlovnik,Maribor,0.49092577324267467,14797.50536984309
10148871,Špičnik,Maribor,0.5072992760017555,17852.947141800913
10148413,Grušena,Maribor,0.5163051758361009,16318.479225537832
10098289,Jeranovo,Kamnik,0.8566794645718919,1957.0372393912078
10098262,Hruševka,Ljubljana,0.25460488456199465,31655.422757516673
10091560,Rudnik pri Moravčah,Moravče,0.878786113441579,329.2490212166379
10092329,Dvorje,Ljubljana,0.33120306134601785,22087.80471996517
10108128,Pince,Lendava,0.674701955359412,7158.01052278799
10117119,Bodrež,Kanal,0.8659557313467298,1374.1790492861512
10127238,Selo pri Bledu,Bled,0.6716747156550761,2283.598359829213
10148529,Kozjak pri Ceršaku,Maribor,0.34655311021911966,19237.139641818972
10091535,Rafolče,Ljubljana,0.253471683515999,21649.87321213409
10140706,Jezerca,Kobarid,0.27543731226611634,8072.189596561682
10107482,Srednji Gasteraj,Maribor,0.30655235508122386,19949.123205620363
10148294,Zrkovci,Maribor,0.7789261934180802,6321.820251491603
10097843,Kranjska Gora,Kranjska Gora,1.0,0.0
10097991,Srednji Vrh,Kranjska Gora,0.3421442384557615,6953.781530061766
10141168,Ponikve,Tolmin,0.2948221792125626,13556.302482209245
10113725,Radomerje,Ljutomer,0.7168910096155038,2703.2686855789866
10147590,Kamnica,Maribor,0.9518600467911117,3172.3300688803056
10115329,Solčava,Solčava,1.0,0.0
10098041,Prihodi,Jesenice,0.7856577985898383,3716.8387513173543
10098424,Kršič,Kamnik,0.6239985127199134,4018.5494714505603
10141222,Robič,Kobarid,0.46100762456302946,5244.289633083786
10106974,Cerkvenjak,Cerkvenjak,1.0,0.0
10112419,Polhov Gradec,Ljubljana,0.5376930049366468,18675.000447782142
10116821,Tešanovci,Moravske Toplice,0.3869650232740411,2871.068460532244
10116953,Vučja Gomila,Murska Sobota,0.3467282384072878,12062.811503637802
10140889,Ladra,Kobarid,0.6281853090160582,3084.0110595069928
10140374,Avsa,Kobarid,0.2253497975547973,8784.221873598233
10098840,Smrečje v Črni,Kamnik,0.2557556653024537,10326.307855656907
10116562,Prosenjakovci,Murska Sobota,0.24422523041425354,18691.712397978128
10115825,Fokovci,Murska Sobota,0.30060869896388903,13964.419409317265
10136814,Goropeke,Žiri,0.4291549499084733,2000.9899082388347
10137446,Podpulfrca,Škofja Loka,0.552132533397896,2962.5041618277614
10136709,Gabrovo,Ljubljana,0.30122677216016847,27717.197468415514
10141311,Selišče,Tolmin,0.5822953305709229,7346.342600563431
10116040,Kramarovci,Rogašovci,0.4270941691575726,3006.9143021313116
10090512,Brdo pri Lukovici,Lukovica,0.8314791575637824,539.7071987326867
10092817,Hercegovščak,Gornja Radgona,0.8142155591209003,1676.6129991146302
10090750,Golčaj,Ljubljana,0.2778439194033379,30903.045626507323
10133157,Lačna Gora,Oplotnica,0.39697027575800325,1747.2838668452293
10124085,Dolane,Ptuj,0.37423249797223507,13062.119672602825
10134722,Spodnje Grušovje,Slovenska Bistrica,0.20718259107488776,8429.224973269229
10120829,Pristavica,Novo mesto,0.2769682848603082,14998.212173414358
10099552,Dol,Ljubljana,0.1439305357114083,87222.48023917348
10096383,Gorje,Cerkno,0.5252080766273011,3826.0560726724234
10091837,Škocjan,Ljubljana,0.3162470979168471,19423.791748815325
10133858,Ugovec,Slovenska Bistrica,0.20845157360286387,8664.004456063594
10129192,Dolenje Radulje,Krško,0.1468505860756729,16667.972638963027
10095794,Višnja Gora,Ljubljana,0.31058744064831945,23912.642909566035
10121914,Zavinek,Škocjan,0.6999271208090556,976.4108452321666
10108993,Lupinica,Litija,0.40861889523735906,6822.466410745538
10108519,Gorenje Jelenje,Ljubljana,0.1502683981382787,53088.3090905406
10108594,Gradiške Laze,Litija,0.7264824173066086,3229.9355055174274
10095808,Višnje,Ljubljana,0.23417969664602145,45732.80116554753
10118786,Dobruška vas,Škocjan,0.23386897429677383,2586.715053691548
10108284,Breg pri Litiji,Litija,0.8534762448678707,2014.5871508565356
16366897,Jelenska Reber,Ljubljana,0.14686891606050778,52700.830373016564
10109086,Moravče pri Gabrovki,Ljubljana,0.1745659231641073,45907.951744161284
10109272,Preveg,Ljubljana,0.1583036283341181,46123.98292208327
10095107,Predstruge,Dobrepolje,0.4096193879739504,2007.8391948363296
10108896,Kržišče pri Čatežu,Ljubljana,0.1590629892626719,49041.02986213518
10093945,Debeče,Ljubljana,0.2434685602150157,31232.21902367775
10094933,Podgora,Dobrepolje,0.3248226204305078,2587.8246402258674
10109302,Primskovo,Ljubljana,0.1865332728562313,41445.8694322198
16367087,Zagorica,Litija,0.7932489534644926,2169.4927623614585
10108942,Liberga,Litija,0.33478080154399315,8474.011716463763
10093805,Breg pri Zagradcu,Ljubljana,0.207778423466235,41043.788244766554
10095077,Potok pri Muljavi,Ivančna Gorica,0.3926503341704032,4964.270865233901
10108403,Dole pri Litiji,Ljubljana,0.1459482384993401,52913.17623609969
10108675,Javorje pri Gabrovki,Ljubljana,0.17459673861622843,45528.760176425814
10108276,Borovak pri Polšniku,Ljubljana,0.16240805338837794,46586.23146887921
10096103,Kal,Trbovlje,0.24897113287740166,10153.29052182995
10109019,Mala Goba,Ljubljana,0.16702744189799762,48020.8463900044
10120926,Ruhna vas,Novo mesto,0.264316141577401,14320.159473417862
10109043,Mala Štanga,Ljubljana,0.3462410798925541,25175.312024641382
10109817,Vinji Vrh,Litija,0.21814965066439415,11557.722746332873
10108268,Boltija,Litija,0.43084278007619653,6397.461924090288
10121507,Velike Poljane,Novo mesto,0.1771137187207927,18415.09351237631
10120195,Mačkovec pri Škocjanu,Škocjan,0.13355664199444997,3931.283624778405
10096111,Kovk,Trbovlje,0.15933179434446293,13764.099940922828
10094739,Mekinje nad Stično,Ivančna Gorica,0.5320941262809955,3449.035880861284
10095913,Zdenska vas,Dobrepolje,0.545850894285429,1494.042317388666
10109345,Radanja vas,Ljubljana,0.18985880471775138,38086.83975368124
10095123,Pristava nad Stično,Ivančna Gorica,0.2852944079774304,6197.0080063066725
10095387,Šentjurje,Ljubljana,0.1966655590178289,40251.97332972517
10109523,Sobrače,Litija,0.20054632110695006,11374.09556109086
10095786,Vir pri Stični,Ivančna Gorica,0.6657605113256106,2643.8717751379377
10095611,Velike Kompolje,Ivančna Gorica,0.4506591829356534,4373.862057926217
10095760,Videm pri Temenici,Ljubljana,0.19488389055841351,37937.55218529682
10147689,Ložane,Maribor,0.6081792012298843,10269.890128301811
10093830,Bruhanja vas,Dobrepolje,0.5520844115121312,1582.2440778954642
10109744,Velika Goba,Ljubljana,0.16552957267503912,48189.22083216015
10108497,Golišče,Litija,0.36013736656138157,6648.831814758498
10109035,Mala sela,Ljubljana,0.26747025231862886,31231.60171480533
10094020,Fužina,Ljubljana,0.2273370489411875,38765.51926960337
10109094,Moravška Gora,Ljubljana,0.1548717441825588,51250.76328630481
10094534,Male Dole pri Temenici,Ljubljana,0.19414640864905738,39039.20215934234
10095506,Troščine,Ljubljana,0.3667100582944795,22136.275284544987
10109426,Riharjevec,Litija,0.46760815390824884,5837.137853544467
10093953,Dečja vas pri Zagradcu,Ljubljana,0.2270815439801525,39625.29119115767
10090253,Tušev Dol,Črnomelj,0.7246686026897455,4410.270787351063
10142539,Gorenje Laknice,Mokronog-Trebelno,0.2893099784684796,2457.103171011934
10109698,Tenetiše,Litija,0.8095215085237732,2373.6826034423625
10109078,Mišji Dol,Litija,0.19496531198975284,12041.809956569967
10121213,Stopno,Škocjan,0.13375665598327238,4003.3912384419127
10093112,Murščak,Murska Sobota,0.19931504085282045,14052.27185961228
10093325,Radenski Vrh,Radenci,0.28900252655710695,3302.336370284759
10135524,Marija Dobje,Celje,0.2829127394755404,11929.02578430967
10116317,Mlajtinci,Murska Sobota,0.5402738521652828,6142.009479318972
10105480,Šutna,Brežice,0.34766268513924287,10672.99747845451
10138540,Ceste,Rogaška Slatina,0.7679359901612073,3105.1013440795778
10108837,Konjšica - del,Ljubljana,0.1573131532171178,45066.09132482885
10142229,Dolenja Nemška vas,Trebnje,0.6959601954277955,2778.274168984425
10143462,Rihpovec,Trebnje,0.2607743457019436,7341.270696823669
10142288,Dolenje Ponikve,Trebnje,0.5188503226343442,3977.960019510434
10142920,Lukovek,Trebnje,0.36476973324540235,5548.659568266428
10122422,Mali Brebrovnik,Ormož,0.27976611139905094,8279.722012525357
10122813,Veličane,Ljutomer,0.2800083209847287,6583.558434427241
10138604,Dobležiče,Podčetrtek,0.10737562840853344,8420.39608616693
10145660,Kolovrat,Ljubljana,0.19811773157376103,39469.13638007732
10146020,Šentgotard,Ljubljana,0.1896923923038425,39331.78842919492
10100640,Preža,Kočevje,0.2533752739475441,14679.789447863503
10111463,Drenik,Ljubljana,0.5422329666814278,15641.1617721634
10097312,Podstenje,Ilirska Bistrica,0.49303384185941584,7104.081377990391
10093813,Brezje pri Grosupljem,Grosuplje,0.7027614401955965,2013.973085282079
10121299,Šentjernej,Šentjernej,1.0,0.0
10115035,Ljubija,Mozirje,0.6578889636863122,1401.7653884870108
10123470,Planina,Postojna,0.3564176003377378,8618.1655087618
10111315,Četež pri Turjaku,Ljubljana,0.4502657141053758,25509.991485770355
10089204,Grič pri Dobličah,Črnomelj,0.5899180673469814,6269.339231753472
10112494,Prilesje,Velike Lašče,0.25182453303347535,3369.4650703016264
10125189,Ptuj,Ptuj,1.0,0.0
10125588,Strejaci,Ptuj,0.33943940276357304,10282.8955683429
10087660,Kržišče,Ljubljana,0.2893331727022077,31179.78406131227
10125812,Vitomarci,Sveti Andraž v Slov. goricah,1.0,0.0
10124212,Formin,Ptuj,0.27792346022132514,14289.679589560747
10125758,Velika Varnica,Ptuj,0.3167819260788653,19075.771784285975
10140323,Zgornje Tinsko,Rogaška Slatina,0.13003706321879246,15145.56333307248
10117054,Bate,Nova Gorica,0.4782931362590255,14708.453832049077
10117518,Kanalski Vrh,Nova Gorica,0.3323687850042476,19277.875358647325
10107261,Malna,Maribor,0.4068333251489549,16762.330937676994
10107229,Lenart v Slov. goricah,Lenart,1.0,0.0
10107148,Jurovski Dol,Sveti Jurij v Slovenskih goricah,1.0,0.0
10107792,Župetinci,Ptuj,0.1662827419468091,19056.73406227601
10122236,Hranjigovci,Ormož,0.20732659008159196,9308.060497516459
10128790,Sinovica,Ljubljana,0.22136109801309414,38946.37734466822
10121892,Zameško,Novo mesto,0.1549560445825828,20013.43243630983
10104513,Kalce-Naklo,Krško,0.3104752042783441,10580.284226460328
10129087,Blanca,Krško,0.2924645497526383,9560.694167664085
10115108,Nazarje,Nazarje,1.0,0.0
10103711,Žerjavka,Kranj,0.4363552167040341,6644.730406594254
10103126,Prebačevo,Kranj,0.5678790277178924,5185.560206276964
10111056,Zbilje,Ljubljana,0.3491674053065233,14970.687049871616
10111064,Zgornja Senica,Ljubljana,0.3690392503963949,15613.584950147198
10106664,Šmohor,Celje,0.21679580563442938,18295.3232691347
10117895,Ozeljan,Nova Gorica,0.6152477933871489,8206.202148831642
10145244,Pako,Ljubljana,0.3609395803459331,20128.507604214996
10113199,Žabnica,Ljubljana,0.5202146348985166,11010.772127918795
10123402,Nova Sušica,Postojna,0.16069254364227004,19272.43961253327
10137403,Podklanec,Ljubljana,0.2411288170888162,37945.463947715805
10135907,Spodnje Slemene,Celje,0.20974050884591164,15730.441804198688
10139228,Nezbiše,Rogaška Slatina,0.4390386059048629,6156.802917264575
10132207,Veliko Polje,Sežana,0.22162540098008665,15946.148303495987
10083974,Budanje,Ajdovščina,0.47230590658584665,5224.603308768334
10147352,Bohova,Hoče-Slivnica,0.4324517714936719,1672.94852137933
10147743,Metava,Maribor,0.7041299945697713,8009.462841894585
10107717,Zgornje Partinje,Maribor,0.45806951483130665,14593.7584545388
10113245,Berkovski Prelogi,Murska Sobota,0.1649025317890001,16558.4751842316
10122449,Mezgovci,Ptuj,0.18984785710715749,19935.648911020002
10124263,Gibina,Ptuj,0.18182060957510832,19007.754628631355
10115833,Gančani,Murska Sobota,0.32395901595066834,9178.115108177872
10122732,Strjanci,Ptuj,0.2362573779931904,17802.13168795409
10096588,Lome,Ljubljana,0.19381142556485761,49056.264303369026
10096529,Kanji Dol,Ljubljana,0.15733883785594538,57527.88726535769
10084237,Malo Polje,Ajdovščina,0.22716804336885382,11095.389735600937
10114071,Novi Svet,Ljubljana,0.2290977643652969,37866.319079990426
10119901,Jelše,Mirna Peč,0.2164837025951831,3265.0305586299855
10089158,Gornje Laze,Novo mesto,0.2808340074177152,16486.461425573805
10104726,Lomno,Krško,0.33002635891664067,9568.364057715462
10139627,Rogatec,Rogatec,1.0,0.0
10119464,Gorenji Globodol,Novo mesto,0.22138228230536716,15768.514516789579
10124794,Mali Okič,Ptuj,0.3465940928033104,16000.966514070473
10136725,Godešič,Ljubljana,0.31351981813227664,18210.316198822646
10146461,Jeronim,Vransko,0.2330859464611666,3805.7448916516537
10146925,Prekopa,Vransko,0.22293025491399035,3340.927359647299
10091730,Srednje Jarše,Domžale,0.7698082075419542,1657.995786166709
10133912,Vinarje,Slovenska Bistrica,0.2695863992930032,7217.419917492159
10123704,Trnje,Pivka,0.47097444550903034,2807.8610933296445
10113261,Bolehnečici,Sveti Jurij ob Ščavnici,0.16572423953172596,4619.471333084715
10127297,Spodnje Gorje,Gorje,0.3321633262228683,1005.9334865995926
10127092,Poljšica pri Gorjah,Gorje,0.46232324212750675,831.1695833362417
10127475,Zasip,Bled,0.4875135172267498,3307.68922881687
10096910,Zavratec,Ljubljana,0.24392534934346408,39043.1989694753
10099820,Jelenja vas,Ljubljana,0.14195881992103418,82917.72520396546
10099153,Vranja Peč,Kamnik,0.30275066727115846,7441.8552362151295
10138337,Babna Gora,Šentjur,0.12263420186315446,12108.532804077435
10116244,Markišavci,Murska Sobota,0.8542545625589865,2839.8121211692232
10091748,Stegne,Ljubljana,0.3497331262020033,21877.576555358202
10144787,Plešivec,Velenje,0.3814234409231164,7982.309616887429
10128277,Gorenji Lazi,Ribnica,0.2597730006410618,6619.611775957516
10097657,Korte,Koper,0.3664842760941792,12526.854652890204
10102251,Šmarje,Koper,0.7289161136910581,6542.524834176827
10149223,Smolnik,Ruše,0.4608545207113402,2280.10700928772
10124573,Kočice,Ptuj,0.2683605741372836,18260.681965081298
10141125,Podbrdo,Ljubljana,0.19837172329537958,60108.9064380007
10127041,Podhom,Bled,0.45068079281483686,3299.591781613556
10127912,Sele - del,Slovenj Gradec,0.36011055381751805,7491.944648950226
10144566,Zvirče,Kranj,0.22937442295728647,12563.101441496236
10126479,Vurmat - del,Maribor,0.31424553855173554,24260.14990180284
10112028,Lužarji,Ljubljana,0.2944038537409567,35595.3390204678
10143381,Ravne,Ljubljana,0.1432233923767234,52241.77342495619
10144914,Šmartinske Cirkovce,Velenje,0.4981670220540556,6825.205364650039
10119227,Gabrje pri Soteski,Dolenjske Toplice,0.27458861950641,3323.5919951185997
10105129,Ravne pri Zdolah,Krško,0.39651632123195835,8543.187323719067
10148006,Skoke,Maribor,0.38082588105358334,11617.743031830449
10137829,Stara Oselica,Ljubljana,0.2281803473613717,43806.1107775403
10137578,Račeva,Ljubljana,0.23970926569222467,36151.81228804265
10137055,Kovski Vrh,Ljubljana,0.31178520832263984,33055.09589687576
10149193,Ruše,Ruše,1.0,0.0
10127742,Lokovica,Prevalje,0.15112070020980325,5942.414893021055
10093589,Vratji Vrh,Maribor,0.2915451367983746,27752.508991134364
10093163,Novi Vrh,Maribor,0.27795288130253815,27959.147246573713
10107610,Varda,Maribor,0.3223164488303254,17094.615763809776
10107024,Dolge Njive,Maribor,0.279240113348679,17536.75714410501
11024181,Fala,Maribor,0.40014543124041346,17820.447934037595
10107237,Ločki Vrh,Maribor,0.1629924042650002,26654.978745741006
10107580,Trotkova,Benedikt,0.19442252566137563,2559.4214293600894
10088771,Cerovec pri Črešnjevcu,Metlika,0.2598837326657083,6956.314441884178
10147727,Marjeta na Dravskem polju,Maribor,0.24930359268508978,15995.05785408937
10111480,Dvorska vas,Ljubljana,0.26811678531828226,33609.002928741735
10129281,Gabrijele,Sevnica,0.11308026646002728,13674.662393152406
10129079,Birna vas,Sevnica,0.10919302114066246,14521.667701460326
10085799,Zgornji Obrež,Brežice,0.564133398477095,5320.531918594355
10085101,Gorenje Skopice,Brežice,0.6309028639965741,5299.375522088891
10138388,Bistrica,Celje,0.09096776236345251,29835.219898202045
10135931,Straška Gorca,Celje,0.10238232116103077,27579.004786919366
10133017,Kalše,Slovenska Bistrica,0.24154034555924883,9117.288866317818
10130964,Hruševica,Sežana,0.1736652413373101,18486.560580998954
10116481,Pertoča,Rogašovci,0.25927254943352857,3620.4720012167377
10116660,Ropoča,Murska Sobota,0.2114977544432911,18874.239623462596
10116112,Kruplivnik,Murska Sobota,0.21253936035759988,19203.88420836228
10115604,Boreča,Murska Sobota,0.20139540793748306,23279.12850495105
10116287,Martjanci,Murska Sobota,0.6794180776522337,4358.893440550616
10107270,Močna,Maribor,0.5323182074722588,11380.563239118932
10113571,Kuršinci,Ptuj,0.15467784071213414,23033.82046265444
10108241,Žižki,Črenšovci,0.227198289536125,2147.983755342763
10107911,Dolnja Bistrica,Murska Sobota,0.14852565939907048,18680.39074743834
10116180,Lipa,Turnišče,0.19678881933573447,4169.681169305627
10091063,Krašnja,Ljubljana,0.3026220741405639,26023.695449053186
10091233,Nožice,Kamnik,0.29285138260062066,5140.225271132788
10102910,Možjanca,Kranj,0.286031709088592,11314.436175949388
10114349,Dragomlja vas,Metlika,0.308895634399176,6359.940523805196
10114195,Boginja vas,Črnomelj,0.3027998510550206,10463.048038402752
18800985,Trčkov Grič,Vrhnika,0.3498196214566161,7018.442841945018
10092213,Zgornji Prekar,Ljubljana,0.3296775654896471,26629.090766376547
10090628,Dešen,Ljubljana,0.29970062130071673,29445.095768994892
10120080,Lazina,Ljubljana,0.17962788821232345,53258.09182810337
10119979,Klečet,Ljubljana,0.1973734486350696,43192.05626826608
10119995,Klopce,Ljubljana,0.16203059617520313,58721.04587087866
10097878,Mojstrana,Jesenice,0.35338320412999724,10683.732017207833
10098025,Zgornja Radovna,Jesenice,0.2549396457899348,13725.60324748081
10126827,Krnica,Gorje,0.30437204538395446,1424.4944763741098
10116686,Sebeborci,Murska Sobota,0.5102640664940334,7214.436728031957
10096685,Poče,Cerkno,0.46951645682108506,4262.545659361992
10117674,Lokve,Nova Gorica,0.32198106864505527,19522.95906433477
10117224,Čepovan,Nova Gorica,0.306050921652238,20132.355692293775
10140510,Dolenja Trebuša,Tolmin,0.19222228991389628,15618.33318054521
10097754,Doslovče,Radovljica,0.3107627929827025,6600.440427762885
10097886,Moste,Žirovnica,0.5866153542831084,905.6714296330065
10113750,Razkrižje,Ljutomer,0.2577392462966597,6967.99021932077
10127866,Poljana,Prevalje,0.27465290819486654,3584.2502004697867
10137543,Prtovč,Ljubljana,0.25544366416820696,43720.062536597514
10102421,Ambrož pod Krvavcem,Ljubljana,0.2679037467932336,34295.26132536754
24034160,Podkraj,Ljubljana,0.6509685106900601,12852.234848949429
10106958,Brengova,Cerkvenjak,0.3686148999584125,2018.1496297370472
10138817,Grliče,Rogaška Slatina,0.2850604333983277,7373.201168122191
10130581,Čehovini,Ajdovščina,0.18192006868724717,12923.17649952936
10084091,Goče,Ajdovščina,0.23494904995912924,11164.116924175707
10145279,Pokojišče,Ljubljana,0.2832184196159429,26639.80872716762
10136687,Fužine,Ljubljana,0.20352180367697145,42163.12647029893
10134412,Križevec,Zreče,0.41109981942651563,3433.6727368017546
10133297,Markečica,Slovenske Konjice,0.31496186801731435,5429.629126652647
10117879,Osek,Nova Gorica,0.43767802675175793,11638.65878496565
10084393,Sanabor,Ajdovščina,0.25536077419949277,9619.235394318051
10120705,Poljane pri Žužemberku,Žužemberk,0.24128893923092334,4917.887342849712
10130336,Zavratec,Sevnica,0.16956879309067152,11436.658157673503
10129176,Češnjice,Sevnica,0.21715270487363592,10194.668597048309
10104220,Gmajna,Krško,0.20040214610323506,13926.553115682304
10103088,Povlje,Kranj,0.35104261562931444,10978.275614713379
10103282,Srednja Bela,Kranj,0.42512031055424143,7740.5269596525295
10103312,Srednja vas pri Šenčurju,Šenčur,0.36572046750861537,1859.671477568423
10127840,Podkraj pri Mežici,Mežica,0.36633240261590705,2058.3747298951203
10148928,Vršnik,Maribor,0.5099087179278873,15731.554636584468
10110246,Mali Vrh pri Prežganju,Ljubljana,0.3801851926728782,23525.29033841931
10149312,Zgornji Slemen - del,Maribor,0.5179799012370823,14824.200733705195
10137098,Krnice pri Novakih,Ljubljana,0.21235299119934747,47023.35022826747
10094968,Podgorica pri Šmarju,Ljubljana,0.43821919099267953,13865.827480103695
10141818,Vrhe - del,Trbovlje,0.17606822992185034,11797.579980851828
10148359,Dolnja Počehova,Maribor,0.8206915332498554,5650.086826790775
10114993,Lačja vas,Rečica ob Savinji,0.2447595063257029,2953.7816461245584
10115493,Žlabor,Nazarje,0.6782927383908987,1158.667970171159
10106419,Polana,Sevnica,0.13525830069880132,12852.216046434318
10135664,Podlog pod Bohorjem,Celje,0.08635678542170552,32019.38940525895
10135613,Planinski Vrh,Celje,0.09927336005509464,28564.550277552724
10123577,Slavina,Postojna,0.4054570187064197,8898.858922460046
10130425,Artviže,Hrpelje-Kozina,0.2154587555290322,9338.424105639097
10097037,Gabrk,Ilirska Bistrica,0.20122422552726163,14842.378149596389
10097410,Rjavče,Ilirska Bistrica,0.1749556173797448,16037.727954468552
10135435,Krajnčica,Šentjur,0.5388448703439106,3329.2131724787137
10147549,Hrastje,Maribor,0.8114746098236953,6617.222410602053
10147573,Jelovec,Maribor,0.8111403938710671,6852.450696957608
10148375,Zgornji Dražen Vrh,Maribor,0.2957517223952967,25649.283743898028
10092884,Janhova,Maribor,0.2032135443949724,31423.655641441324
10107440,Spodnje Verjane,Maribor,0.16716535237948693,23593.849345619263
10110602,Golo Brdo,Ljubljana,0.5372543401216399,13684.759417986266
10110939,Toško Čelo,Ljubljana,0.7930663818053408,8859.081261877775
10132592,Tolsti Vrh pri Mislinji,Mislinja,0.3301272687896765,3519.7229286039365
10134188,Brezen,Celje,0.1053195687650681,26082.83161756276
10134471,Loška gora pri Zrečah,Zreče,0.18789520427282663,8361.805107035358
10099285,Žaga,Ljubljana,0.2645507160011685,39369.825757710125
10098696,Podlom,Ljubljana,0.2451323080450795,32790.68569274099
10112575,Reber pri Škofljici,Ljubljana,0.4438014847176841,11182.93168678647
10095433,Šmarje-Sap,Ljubljana,0.41650784530750734,13000.77741339052
10137047,Koprivnik,Ljubljana,0.22498231042306505,47954.64102930265
10137268,Mrzli Vrh,Ljubljana,0.2088342269447441,44939.151810874246
10136920,Jarčja Dolina,Ljubljana,0.2169564977326849,43810.965430035525
10086043,Glinsko,Celje,0.34698636781324976,10364.727409767425
10125995,Dol pri Stopercah,Ptuj,0.198499033807669,22093.624819182078
10125120,Popovci,Ptuj,0.4613526702509552,10057.476542680315
10100810,Seč,Ljubljana,0.20213897235167064,51492.826965197244
10113733,Radomerščak,Ljutomer,0.44976607816200875,4807.564322480874
10116856,Trdkova,Murska Sobota,0.18853181453920964,25846.515144223078
10116015,Košarovci,Murska Sobota,0.35704975804519506,13437.331609979477
10115809,Fikšinci,Rogašovci,0.21610496530863668,4531.027513203902
10108209,Trnje,Turnišče,0.16583108992958337,4650.827874337696
10110211,Laze pri Dolskem,Ljubljana,0.5214937304403576,16233.1100436986
10134994,Rogla,Maribor,0.14347922917691686,42150.55090051604
10106435,Požnica,Celje,0.2978102809962422,11931.972907018944
10106346,Olešče,Celje,0.1758649548083546,17540.0234049918
10098459,Laseno,Ljubljana,0.28410668302083614,30278.417209628165
10092043,Vrh nad Krašnjo,Ljubljana,0.30046553644266394,28674.85085511502
10098475,Liplje,Ljubljana,0.2363854323330727,37617.61435136488
10104181,Drnovo,Krško,0.4770093056241137,7036.678060436697
10118662,Čisti Breg,Novo mesto,0.14764849258782528,21142.111375772183
10105072,Pristava pri Leskovcu,Krško,0.35544713499607594,9640.234096428563
10104777,Mali Koren,Krško,0.1982760422476713,14454.258823967628
10144612,Bele Vode,Velenje,0.1388326097330863,19505.317085467956
10086272,Lemberg pri Novi Cerkvi,Celje,0.2231075643114754,13996.163836989437
10132100,Tublje pri Komnu,Sežana,0.23213161733749216,17477.405970142318
10131405,Nadrožica,Komen,0.16242298617447248,5524.722818766077
10132274,Zagrajec,Komen,0.18457037298847637,4718.78370343999
10113474,Ilovci,Ljutomer,0.48739348251861303,4720.841974195075
10117496,Kambreško,Nova Gorica,0.1938200540558634,29061.176771276787
10141575,Vrsno,Tolmin,0.3103130557298193,13351.324884658343
10141303,Selce,Tolmin,0.3926800223425333,11395.34769030892
10140471,Čadrg,Tolmin,0.6127693860651462,7896.672454105252
10144272,Gozd,Kranj,0.22566499455616076,16052.07940176894
10091659,Spodnja Javoršica,Ljubljana,0.39976972223170254,21513.34448545856
10146445,Hramše,Celje,0.2553449285395704,13133.005524774919
10086388,Lokovina,Velenje,0.23532238331884348,9740.40831452312
10124271,Gomila,Ptuj,0.33741437375954497,12099.987185717016
10132746,Cezlak,Slovenske Konjice,0.13556096495707565,11594.450184297053
10121418,Tolsti Vrh,Novo mesto,0.39294446978947944,12570.889236986428
10136431,Bukovica,Ljubljana,0.2523080822730747,30137.7389667346
17691490,Sv. Lenart,Ljubljana,0.2871809458074367,36984.598497464896
10146607,Ločica pri Vranskem,Vransko,0.38177483334506424,2466.4767790846713
10086612,Razgor,Celje,0.3841399258449797,9475.492614933468
10123127,Čepno,Postojna,0.13833788213051235,22474.42807806297
10123763,Volče,Postojna,0.12725270566744867,23720.560038246476
16567540,Zabork,Zreče,0.22098858627799453,6742.3845490792255
10103118,Praše,Kranj,0.34605032063727864,7607.725471734519
10102871,Mavčiče,Ljubljana,0.3426622807290596,17670.48855220872
10096359,Gorenja Kanomlja,Idrija,0.1751420581765366,13019.232578752839
10126746,Hraše,Radovljica,0.5815510069380314,3668.6797632156213
10127432,Zadnja vas,Radovljica,0.2302321094458937,9186.678491390374
10148456,Jelenče,Maribor,0.585501925383346,10525.918468362948
10148332,Cirknica,Maribor,0.5470496609204059,12178.324925893123
10144701,Laze,Velenje,0.5657413907098023,5190.265878719013
10122392,Loperšice,Ormož,0.586912978893093,4726.285008192159
10132886,Fošt,Slovenska Bistrica,0.2639110829221493,8536.445591176232
10117208,Bukovica,Renče-Vogrsko,1.0,0.0
10086981,Vojnik,Vojnik,1.0,0.0
10085977,Črešnjevec,Celje,0.2572675390945743,13515.331652314611
10138515,Bukovje v Babni Gori,Šentjur,0.16046022078604655,10183.322705338629
10123917,Borovci,Dornava,0.3946784775020498,1738.0694623055863
10142946,Mačji Dol,Ljubljana,0.17562842935494527,42617.226968020324
10134935,Zbelovska Gora,Rogaška Slatina,0.12824324203453033,13223.06220082845
10108217,Turnišče,Turnišče,1.0,0.0
10107938,Gaberje,Lendava,0.6845480394209056,5583.2581877555485
10110955,Utik,Ljubljana,0.36498907169159306,16249.460042728995
10093333,Radvenci,Maribor,0.16962312685179926,29612.345309782108
10093236,Plitvički Vrh,Gornja Radgona,0.22457929473421687,6319.498674664808
10115779,Dolnji Slaveči,Rogašovci,0.2521814161378661,3817.515716987184
10115981,Sveti Jurij,Rogašovci,0.8804206539105506,863.2998073251741
10129591,Leskovec v Podborštu,Radeče,0.09637776463909067,8585.052489449643
10147964,Rošnja,Maribor,0.31155415218521815,13889.71875778749
10085942,Celje,Celje,1.0,0.0
10091578,Selce,Ljubljana,0.27659467558697465,33685.90015415802
10146097,Vrh pri Mlinšah,Ljubljana,0.23438131039879107,35247.227673492045
10145422,Brezje,Ljubljana,0.17645049398699672,42018.25299988524
10134595,Planina na Pohorju,Zreče,0.14176057073364964,10381.869745727325
10135206,Gorica pri Dobjem,Celje,0.12707249964256684,23312.72686666661
10125405,Sobetinci,Ptuj,0.361324501479704,9707.3384151603
10087236,Bloška Polica,Cerknica,0.26212079824734724,10499.423395160538
10125626,Strmec pri Polenšaku,Ptuj,0.32859892660530343,11990.642207445499
10125944,Zgornji Velovlek,Ptuj,0.5126932288695346,8274.907129347921
10124557,Kicar,Ptuj,0.7072498524118773,5292.264232882346
10145511,Družina,Zagorje ob Savi,0.4949482188836341,3320.978834497834
10093180,Okoslavci,Sveti Jurij ob Ščavnici,0.1536508448423401,4710.588454076101
10093171,Očeslavci,Sveti Jurij ob Ščavnici,0.12371849974671288,5368.378940676105
10113822,Stročja vas,Ljutomer,0.7736308542132404,2381.744184809864
10141192,Potoki,Kobarid,0.37716814988875386,6373.816281433774
10122643,Sejanci,Ptuj,0.19589817627421413,20098.09671462353
10145325,Velika Ligojna,Vrhnika,0.49084098242950025,4258.111241600882
10112559,Rašica,Velike Lašče,0.30700462431090686,2632.3059448307895
10128218,Dule,Ljubljana,0.2519498759808332,35952.664273413386
10128625,Ortnek,Ljubljana,0.2600576632053474,37049.33583113277
10110793,Smlednik,Ljubljana,0.4196940985464283,15414.762504312373
10085900,Brdce,Celje,0.19243555900758094,15367.343048642606
10136270,Završe pri Dobjem,Celje,0.1449871033859995,21270.62539348481
10124689,Levanjci,Ptuj,0.4496209565149774,9597.00594010002
10124433,Hlaponci,Juršinci,0.3609380153849533,2998.386693000041
10132142,Vareje,Sežana,0.16970106407042335,21109.5972833469
10110556,Dol,Ljubljana,0.3977641482338143,16681.91597182479
10136458,Crngrob,Škofja Loka,0.3810392374818535,3739.6498607274207
10113920,Zasadi,Murska Sobota,0.23492221437546523,12704.730895739012
10096839,Straža,Cerkno,0.31863425028481596,5371.463739696936
10126584,Brda,Radovljica,0.5878531401344737,4720.321862630962
10102561,Čadovlje,Kranj,0.42751060255867396,8811.759096142112
10123674,Šmihel pod Nanosom,Postojna,0.35789696202195803,11167.098124226246
10128366,Hudi Konec,Ljubljana,0.23242015396563914,37462.52029945523
10128293,Graben,Ljubljana,0.22958554333183048,36820.25149372428
10129028,Žukovo,Ljubljana,0.26392960197604914,37322.84327542214
10141974,Brezje pri Trebelnem,Novo mesto,0.33109966878019864,11754.428264066568
10142261,Dolenje Laknice,Novo mesto,0.14763116629924583,20555.976072401423
10122180,Grabe,Središče ob Dravi,0.45472347768832017,1619.4716279611478
10111030,Zapoge,Ljubljana,0.3460809624049717,17143.20058271248
10091764,Studenec pri Krtini,Ljubljana,0.3293475857248442,19270.57403332854
10090539,Brezje pri Dobu,Ljubljana,0.3213545470884513,18727.11703319989
10090806,Goričica pri Moravčah,Ljubljana,0.34319489444206824,20536.876792324852
10143004,Mali Gaber,Ljubljana,0.19006134449948153,38111.34250249521
10099145,Volčji Potok,Kamnik,0.3490648281526324,4932.576166374644
10146429,Grajska vas,Prebold,0.14914638397189395,3777.3047207935524
10116759,Središče,Murska Sobota,0.22736645376905332,20935.901238087852
10116775,Strukovci,Murska Sobota,0.36361072390779464,11591.133511544163
10102944,Njivica,Kranj,0.3406564293906871,11556.897962040346
10144345,Jelendol,Tržič,0.2520555773147776,6564.409514554036
10149096,Gradišče na Kozjaku,Maribor,0.3043864177368905,32770.35482146047
10126371,Ribnica na Pohorju,Ribnica na Pohorju,1.0,0.0
10106818,Vrhovo,Radeče,0.2047601470263184,4764.427375114977
10129940,Račica,Radeče,0.2759285062479894,4016.58749194366
10106451,Radeče,Radeče,1.0,0.0
10099978,Komolec,Novo mesto,0.16263389085808938,23056.00584166638
10100569,Podstene pri Kostelu,Kočevje,0.20190705229799807,17504.871951012654
10119936,Jugorje,Novo mesto,0.44525933982495564,11896.219728642
10146356,Galicija,Celje,0.44210996531384816,8140.5517043207965
10111617,Gradišče,Ljubljana,0.5129734929492958,19287.81668197572
10147271,Zavrh pri Galiciji,Celje,0.3090158488003795,11472.704388543172
10112249,Pleše,Ljubljana,0.5123615956268688,13018.626457803717
10099366,Belica,Ljubljana,0.20770266152052272,74567.36278279126
10128544,Makoše,Ribnica,0.32447661674065886,6677.273147551412
10128633,Otavice,Ribnica,0.6617664706747434,3115.729553555039
10110009,Brinje,Ljubljana,0.6983852485351828,9269.358512266715
10100976,Stari Log,Kočevje,0.20097474859628264,13080.237346684218
10118549,Brezje pri Šentjerneju,Šentjernej,0.25458438867862365,2794.501450756376
10118603,Cerov Log,Novo mesto,0.28894411981551027,15188.76055228073
10119502,Gorenji Suhadol,Novo mesto,0.390829819548437,13068.916477401668
10120381,Mihovica,Šentjernej,0.24048000973481864,2861.9456152000735
10118522,Brezje,Novo mesto,0.5886323717293753,8273.869826414671
10106087,Klenovo,Trbovlje,0.13681563116401788,12858.04657037694
10147255,Založe,Žalec,0.1682259631618178,8246.52566562319
10146143,Zagorje ob Savi,Zagorje ob Savi,1.0,0.0
10144728,Ložnica,Velenje,0.6280612776872965,4476.169348778605
10144671,Gorenje,Velenje,0.2092376395459188,9893.771677429697
10113105,Zaklanec,Ljubljana,0.44344404860605807,17040.74852194365
10101727,Kastelec,Koper,0.3693256102353607,16090.060046366749
10098874,Spodnje Palovče,Kamnik,0.3131454906723608,7122.990793724369
10091241,Obrše,Ljubljana,0.28721935172133783,24968.274041938057
10090555,Brezovica pri Zlatem Polju,Ljubljana,0.30147101134482035,28002.430712150253
10098793,Ravne pri Šmartnem,Ljubljana,0.26400790531036505,33916.65682799868
10091152,Mala Lašna,Ljubljana,0.30990423433098946,27030.14802544398
10134676,Selski Vrh,Slovenske Konjice,0.11818518785596167,11865.132292573071
10139449,Polžanska Gorca,Šmarje pri Jelšah,0.13874170242711534,8096.8660391039075
10091985,Vinje pri Moravčah,Ljubljana,0.30152794045212505,26302.78258260965
10144876,Slatina,Velenje,0.1630777860790466,12354.125429712842
10144817,Podkraj pri Velenju,Velenje,0.5591220707762922,5032.359029649272
10144809,Podgorje,Velenje,0.6654011055723875,3487.6726834125993
10104572,Koprivnica,Krško,0.22671660399460639,13218.165636634256
10143632,Stara Gora,Trebnje,0.24579036510982097,7751.657962443792
10142423,Gomila,Trebnje,0.37672980527458183,5426.046510810063
10101735,Kolomban,Ankaran,0.4676871444749436,2620.2525261287838
10120420,Nova Gora,Novo mesto,0.1886011978320165,21340.160294031066
10090113,Starihov Vrh,Črnomelj,0.3493808545456151,7866.759300072147
10138680,Drevenik,Rogaška Slatina,0.36794354541357827,7494.461869269902
10121566,Veliki Podljuben,Novo mesto,0.5206656112645393,9207.736905171176
10133548,Razgor pri Žabljeku,Slovenska Bistrica,0.29698263016309695,7372.012149459656
10140170,Vrenska Gorca,Kozje,0.14964444674384755,4871.58989257616
10139481,Prelasko,Podčetrtek,0.20020388234953634,5747.964690130113
10101255,Zdihovo,Kočevje,0.19414812084597768,18252.15376621875
10100364,Ograja,Kočevje,0.22366966642377423,16267.60852705534
10142032,Cerovec pri Trebelnem,Novo mesto,0.23473026743364733,14722.135554598075
10127882,Prevalje,Prevalje,1.0,0.0
10104203,Frluga,Brežice,0.23583408775407297,16009.668684928141
10105277,Slinovce,Kostanjevica na Krki,0.5436265293532602,1591.785771159142
10121272,Šentjakob,Novo mesto,0.1481675152774519,20769.049589755094
10147808,Pekre,Maribor,0.8451919237616027,5680.966305551664
10130603,Dane pri Divači,Divača,0.27816788166918116,5543.594735579304
10110360,Repče,Ljubljana,0.5068650363286936,14881.088442187378
10145627,Jesenovo,Ljubljana,0.14878835304883992,45986.32527046496
10145872,Zgornji Prhovec,Zagorje ob Savi,0.18641278894590993,7830.083450803668
10132649,Vodriž,Slovenj Gradec,0.3340171288271797,8272.571202720228
10147212,Zakl,Žalec,0.13307294584213894,9091.603152198502
10122457,Mihalovci,Ormož,0.3817138709909087,6590.813697597299
10122210,Hardek,Ormož,0.8415772756254416,2335.773108497296
10103070,Potoče,Preddvor,0.2858383519276347,2143.4000762015207
10146011,Šemnik,Zagorje ob Savi,0.28436889440086255,5846.128302875344
10084482,Vipava,Vipava,1.0,0.0
10144256,Čadovlje pri Tržiču,Tržič,0.5913470681540651,2814.251679836832
10106796,Vodiško,Celje,0.1406255947026847,21300.67963878896
10146984,Spodnje Gorče,Braslovče,0.22716763383740607,1682.2864456025027
10146950,Rakovlje,Braslovče,0.7952378155688601,457.5477756198295
10122899,Vuzmetinci,Ljutomer,0.2730739359221164,7281.619791610655
10118239,Tabor,Nova Gorica,0.30011536576603115,14641.977258377809
10136466,Čabrače,Ljubljana,0.23130012936813954,42555.59256977096
10136652,Sveti Florijan nad Škofjo Loko,Ljubljana,0.31752281686222406,30343.22108530734
10130093,Srednik,Radeče,0.08957274393771598,8809.759804027808
10106478,Reka,Laško,0.32174904294312123,5512.650064806948
10146232,Brode,Vransko,0.7088728288769733,1194.6011229954754
10146631,Ložnica pri Žalcu,Žalec,0.7132054024850897,2106.402342443945
10146763,Pernovo,Celje,0.29960629440364606,9747.648647379141
10144213,Bistrica pri Tržiču,Tržič,0.6225258833180769,2308.241901630412
10138094,Volča,Ljubljana,0.2642831038461451,34272.18955225914
10137195,Lom nad Volčo,Ljubljana,0.280825917650314,36535.06980429038
10146402,Gotovlje,Žalec,0.7417664318011878,2029.2170073494872
10086353,Ljubečna,Celje,0.5183631855471282,6532.800974182533
10086299,Leskovec,Celje,0.5857874052334155,5765.420679512653
10117828,Novelo,Nova Gorica,0.26159119172925166,19410.75531464448
10131774,Rubije,Komen,0.39056878068814194,2764.855379942564
10084245,Manče,Ajdovščina,0.2304053817121785,9981.297219450431
10137934,Sv. Tomaž,Ljubljana,0.28121727084853837,30729.96608711058
10131049,Klanec pri Komnu,Komen,0.16007506739328062,5488.472657872042
10112257,Plešivica,Ljubljana,0.5536983528623927,12686.809645552936
10102928,Naklo,Naklo,1.0,0.0
10138302,Studeno,Železniki,0.3701125070184844,2112.7226000497953
10105862,Curnovec,Celje,0.15063968015278062,20993.91678716352
10132568,Šentilj pod Turjakom,Mislinja,0.8466598292041997,965.9027584405897
10086132,Jankova,Celje,0.281133700642457,12219.98326707045
10086116,Ilovca,Celje,0.2876282781592723,11816.2260208175
10122163,Gomila pri Kogu,Ljutomer,0.294734563914871,7249.365951927334
10114152,Žibrše,Ljubljana,0.226209970469147,35530.70249470584
18800837,Jamnik,Ljubljana,0.3108396965726831,25589.71629130221
10088488,Zelše,Cerknica,0.8223664911343733,2567.369890755332
10131901,Stomaž,Sežana,0.31005014192296076,14152.937895721057
10102766,Kokrica,Kranj,0.829458432941072,2655.6104399413784
10145449,Breznik,Ljubljana,0.19295598170563782,39026.69974793193
10086973,Vizore,Celje,0.26393464427626023,12899.167744446691
10086531,Polže,Celje,0.2761684975860824,12381.667351806635
10144353,Kovor,Tržič,0.36903398160627005,3674.024104772408
10144248,Brezje pri Tržiču,Tržič,0.34179709781743833,4245.47762355484
10110017,Dol pri Ljubljani,Dol pri Ljubljani,1.0,0.0
10086647,Rove,Celje,0.23297486376062607,13756.789136033329
10085870,Bezenškovo Bukovje,Celje,0.21938795773446554,14138.046214977172
10117089,Biljana,Brda,0.8341909321963991,1204.816577102973
10117151,Brdo,Nova Gorica,0.30860142978072636,13627.036926981124
10123208,Grobišče,Postojna,0.7224875923376878,4923.4067638672705
10130786,Godnje,Sežana,0.5380789222182417,8723.74502283588
10118140,Steske,Nova Gorica,0.2837697942405011,16006.282178016636
10144442,Potarje,Tržič,0.48313801484113805,3597.182629764696
10144396,Lom pod Storžičem,Tržič,0.5488511402059163,3100.146523532291
10144540,Visoče,Tržič,0.23480725074581815,5661.290283119576
10106028,Huda Jama,Laško,0.2643359271051273,6208.605816359178
10106559,Sevce,Laško,0.2860400645506885,5574.934871202579
10106516,Sedraž,Laško,0.14727025600117113,8369.0272143989
10110513,Zgornja Besnica,Ljubljana,0.5755059704769503,17147.004994502477
10106265,Marija Gradec,Laško,0.7449354378918341,1999.488234518431
10090954,Katarija,Ljubljana,0.335677739729,27592.59957050264
10126738,Hlebce,Radovljica,0.5918925492673449,3795.897934404613
10088089,Reparje,Cerknica,0.27003149626300915,10336.970108087675
10087708,Lešnjake,Ljubljana,0.29040504579251863,37074.75441450792
10127343,Srednja vas,Radovljica,0.25026255005634146,8766.792741729163
10092175,Zgornje Koseze,Ljubljana,0.2792516304661641,30484.467987644777
10134854,Tepanje,Slovenske Konjice,0.43477099541399705,4456.772380411999
10134579,Perovec,Slovenske Konjice,0.2996951424364098,6146.169464270556
10084024,Dobravlje,Ajdovščina,0.5939355194378868,4713.587281791996
10127424,Vrbnje,Radovljica,0.842893811897733,2128.0382588729235
10102472,Bobovek,Kranj,0.7070746514123623,4034.436721639463
10127149,Prezrenje,Kranj,0.2410458436222957,13634.181316441647
10136881,Hotavlje,Gorenja vas-Poljane,0.30744246861503555,3261.2929221224654
10098122,Cirkuše v Tuhinju,Ljubljana,0.2396905437623195,35178.84186378371
10134862,Tepanjski Vrh,Slovenske Konjice,0.598888659911215,3249.93856353898
10117798,Nemci,Nova Gorica,0.4206669105472188,16149.956596072208
10118034,Saksid,Nova Gorica,0.28370337789136235,16035.104565883968
10127513,Zgornji Otok,Radovljica,0.6405489071896402,3671.0151377690227
10106869,Žebnik,Radeče,0.4163978667001334,3129.7667427894366
10091462,Prvine,Ljubljana,0.23787967242586766,35149.26253426238
10092019,Vošce,Ljubljana,0.2953584048797287,29401.59397083853
10084172,Lokavec,Ajdovščina,0.8199013101752002,2798.048405176336
10102693,Hrib,Preddvor,0.5743435244896578,1092.0104451084587
10090717,Drtija,Moravče,0.24924701298616964,1622.1231083408547
10146992,Spodnje Grušovlje,Žalec,0.3567981197493681,4626.032951279185
10135729,Ponikva,Šentjur,0.2028955575176922,7481.877057318798
10135028,Boletina,Šentjur,0.15433546447738805,8980.610973735826
10126975,Noše,Radovljica,0.43913234539694995,5285.016329250462
10126681,Globoko,Radovljica,0.5250188835736759,4558.103319816681
10127483,Zgornja Dobrava,Radovljica,0.3609283938471585,6687.569890953603
10124565,Kidričevo,Kidričevo,1.0,0.0
10124247,Gajevci,Ptuj,0.27701916553855005,13826.152456446056
10097428,Sabonje,Ilirska Bistrica,0.3440068447358254,11307.132028755423
10097355,Pregarje,Ilirska Bistrica,0.2519394905474611,12974.938042583088
10128820,Srednja vas-Loški Potok,Loški Potok,0.8458184162958109,837.9060494337228
10119723,Hrastje pri Mirni Peči,Novo mesto,0.21767504585437264,13225.47301077123
10130115,Studenec,Krško,0.21889342499142667,13317.675176764642
10120411,Mršeča vas,Novo mesto,0.14950751074957686,20616.824225870158
10085373,Oklukova Gora,Krško,0.33860366764421046,9566.512836414086
10097436,Smrje,Ilirska Bistrica,0.4807119012017989,7784.8125264051605
10143179,Odrga,Trebnje,0.888374876612366,1511.6729180952962
10104041,Dobrava pod Rako,Krško,0.2084523409289727,13829.826896265151
10101999,Pobegi,Koper,0.7774203405271273,6069.562105654775
10097444,Soze,Ilirska Bistrica,0.6143250828992741,6472.75709843827
10097061,Harije,Ilirska Bistrica,0.6302030619229917,5970.460763649934
10095964,Žalna,Ljubljana,0.3185483408410498,22661.126637788344
10094097,Gatina,Grosuplje,0.5933131170157756,2839.202969645995
10095948,Zgornje Duplice,Grosuplje,0.35307550102394014,4531.551389434503
10143306,Primštal,Trebnje,0.6634368621728977,3096.016919590001
10105498,Trška Gora,Krško,0.9013849486035019,2387.262302861843
10104700,Loke,Krško,0.6616348260033856,5255.362993094027
10102111,Rožar,Koper,0.5093921393054145,12279.721651165886
10101808,Krnica,Koper,0.5165508365767154,12245.655392280074
10129753,Orehovo,Sevnica,0.6631471619605086,3639.337622742184
10130239,Trnovec,Sevnica,0.21936449965050253,9791.463360641228
10139139,Lekmarje,Šmarje pri Jelšah,0.2713329784086605,5941.907036074346
10089581,Naklo,Črnomelj,0.5823084559096564,6042.367598391384
10085420,Piršenbreg,Brežice,0.3761970906180453,10765.342289325466
10111412,Dolenje Kališče,Ljubljana,0.3373257148654326,34311.34120241822
10143136,Mrzla Luža,Trebnje,0.5657025332662182,3814.684055330108
18129914,Travna Gora,Ljubljana,0.19967183297095398,47262.14731307279
10143071,Migolica,Trebnje,0.15134525063726484,10142.30109736431
10101557,Dol pri Hrastovljah,Koper,0.39104523494717075,19397.263608685826
10101433,Brežec pri Podgorju,Koper,0.3698511650233357,18184.02313603674
10106117,Lahomno,Laško,0.5050063731956205,3587.585131715168
10138434,Brecljevo,Šmarje pri Jelšah,0.6669922015305009,2424.4684706565176
10142466,Gorenja vas pri Čatežu,Trebnje,0.22279039491918928,8478.60449811905
10100526,Podplanina,Ljubljana,0.22310081053101774,67704.29239104949
10100437,Padovo pri Osilnici,Ljubljana,0.1874846952666313,78301.57017617719
10143730,Šentrupert,Šentrupert,1.0,0.0
10104866,Nemška vas,Krško,0.4435721969795303,8195.66805839829
10104947,Pijana Gora,Krško,0.26760884302324334,12502.18580061141
10132096,Tublje pri Hrpeljah,Hrpelje-Kozina,0.7379633101065433,2536.0729357482046
10139015,Konuško,Šmarje pri Jelšah,0.2535063710625745,5813.864157039939
10138361,Belo,Šmarje pri Jelšah,0.5525595588151759,2800.5601317298238
10087503,Iga vas,Ljubljana,0.1736063261663793,55237.122879832925
10112486,Prhajevo,Velike Lašče,0.3284723258506733,2668.256277664582
10143233,Pluska,Trebnje,0.49718424410816214,4248.457833385606
10143144,Muhabran,Trebnje,0.22818406211229986,7978.536105208112
10100704,Pungert,Ljubljana,0.22413380421034723,68044.22621595408
10103924,Celine,Krško,0.19921804575280203,14531.166538190148
10105374,Sremič,Krško,0.625993449371672,5925.105591699792
10103983,Čretež pri Krškem,Krško,0.6712678173471377,5355.545641791325
10135001,Bezovje pri Šentjurju,Šentjur,0.7447478392900175,2198.3378796702973
10138710,Gabrovec pri Kostrivnici,Rogaška Slatina,0.43218675617606556,6210.748182835012
10124549,Juršinci,Juršinci,1.0,0.0
10139538,Prnek,Rogaška Slatina,0.8780242294518159,2171.8536301599406
10114438,Hrast pri Jugorju,Novo mesto,0.23290454441059452,18870.18885406501
10085276,Mali Cirnik,Brežice,0.29167291047097677,17137.59245876299
10097576,Zabiče,Ilirska Bistrica,0.4092723942427878,10864.392795932536
10143942,Veliki Gaber,Ljubljana,0.18693257349756282,38862.078091165364
10142849,Krtina,Trebnje,0.2963829111051919,6600.8701874593935
10100941,Stara Cerkev,Kočevje,0.6891385023525656,4307.641460138679
10143225,Pekel,Trebnje,0.9601743655268214,893.1944192251067
10119359,Gorenje Grčevje,Novo mesto,0.3993867083212879,11915.401193826248
10105579,Veliki Trn,Krško,0.2799616600281487,11234.25475414901
10104009,Dalce,Krško,0.2929432442774131,10877.007549758991
10136113,Uniše,Šentjur,0.22617202666129596,6978.865482995301
10114764,Trnovec,Metlika,0.5481956492709841,4104.439390293842
10114250,Brezovica pri Metliki,Metlika,0.35510222634449284,6273.074295178205
10085551,Ribnica,Brežice,0.5427340620925919,8735.77690536425
10097231,Nova vas pri Jelšanah,Ilirska Bistrica,0.2866113679488632,15049.453441551752
10097126,Jasen,Ilirska Bistrica,0.9185166788834521,2351.0642793560437
10142369,Dolnje Prapreče,Trebnje,0.19843819075272934,8483.523882598014
10142598,Gorenji Podboršt pri V. Loki,Trebnje,0.35572677215194415,6011.657560412789
10129346,Gornje Orle,Sevnica,0.32237718907766816,7575.26341084539
10136105,Turno,Šentjur,0.3094577087354019,6468.968950608859
10133653,Spodnja Ložnica,Slovenska Bistrica,0.5752296855847994,3990.144999506596
10134340,Koble,Slovenske Konjice,0.20294672177660994,8351.153963360386
10114730,Svržaki,Metlika,0.959271310115628,982.853211712109
10085489,Ponikve,Brežice,0.3875679380248415,12936.046697439453
10111790,Karlovica,Ljubljana,0.30406190051967313,32301.676293103283
10099692,Gorenje,Kočevje,0.7108694863388636,4140.988618975466
10104432,Ivandol,Krško,0.5004484874116134,7346.889678144907
10133696,Spodnje Prebukovje,Slovenska Bistrica,0.5151816913181425,4960.616733612497
10133629,Slovenska Bistrica,Slovenska Bistrica,1.0,0.0
10138922,Jerovska vas,Rogaška Slatina,0.1768283839188465,10637.07392444102
10138353,Beli Potok pri Lembergu,Rogaška Slatina,0.2027987527904714,9847.853112623121
10139597,Rjavica,Rogaška Slatina,0.7741001947986587,3076.6385204331214
10138752,Gorjane,Krško,0.1846616181770365,15372.66178439751
10089735,Pobrežje,Črnomelj,0.30174957573455286,12953.325913491608
10090296,Velika sela,Črnomelj,0.3045521010462692,12844.18713668803
10089484,Marindol,Črnomelj,0.25611593574739117,14989.98440254442
10089115,Gorenjci pri Adlešičih,Črnomelj,0.29122036110737987,13378.001916981793
10101778,Koštabona,Koper,0.6355162718890379,10833.316365843071
10129036,Grič,Ribnica,0.669039385439278,2851.601285543674
10142679,Grmada,Trebnje,0.6850271904548172,2943.5692732468888
10104017,Dedni Vrh,Krško,0.35856071402957296,9943.53381921549
10135834,Rifnik,Šentjur,0.6722911537394634,2681.028939993264
10136199,Vodruž,Šentjur,0.4100785689618711,4991.240228819798
10139562,Rakovec,Šmarje pri Jelšah,0.2307846223269937,6196.004452139997
10133840,Turiška vas na Pohorju,Slovenska Bistrica,0.31037049473286143,8054.858781790824
10084911,Črešnjice pri Cerkljah,Brežice,0.4188280583344501,8168.4627344801775
10087783,Martinjak,Cerknica,0.6772025426885737,4300.712028720107
10130816,Goriče pri Famljah,Divača,0.36022277488630033,4830.92194001926
10111358,Dobravica,Ljubljana,0.5881645953539687,14590.305466325946
10111722,Iška vas,Ljubljana,0.6048978260754297,14537.146681381484
10128773,Rigelj pri Ortneku,Ljubljana,0.2499965282834906,37570.82710256313
10099986,Konca vas,Kočevje,0.6664132676516351,4571.296766487647
10118492,Boričevo,Novo mesto,0.8282796852384491,4647.770025719163
10133793,Šentovec,Slovenska Bistrica,0.6974352951702408,3054.173142436213
10103819,Brege,Krško,0.555373847738678,5729.979007618826
10131626,Potoče,Sežana,0.2059781135103527,14590.200382937697
10142580,Gorenji Mokronog,Mokronog-Trebelno,0.1769456959921047,3268.1893681493066
10139775,Spodnje Negonje,Rogaška Slatina,0.8043494607583432,2834.4006271045077
10133254,Makole,Makole,1.0,0.0
10123445,Parje,Pivka,0.38879151274594514,3326.968664727943
10112290,Podkraj,Ljubljana,0.267583842521751,33424.09278499772
10141958,Bogneča vas,Novo mesto,0.21664380471957848,17048.555179314062
10120268,Mali Cerovec,Novo mesto,0.5085367636105202,10941.801375090308
10123933,Breg,Majšperk,0.539833572155139,1601.1364326494413
10133777,Strug,Ptuj,0.18780217174977032,18715.70734707404
10124506,Jelovice,Ptuj,0.22664641166010746,20059.224443844178
10139350,Ples,Rogaška Slatina,0.08195010069217334,23930.453559144582
10085080,Glogov Brod,Brežice,0.689742966705751,4872.462806517245
10084849,Cerina,Brežice,0.7869423670460721,4480.5275465955065
10099358,Banja loka,Kočevje,0.1809562608874988,18974.04136607518
10101476,Cerej,Koper,0.4927062241340081,8913.262416965048
10106877,Žigon,Laško,0.1713004345497492,9142.811596524458
10106141,Laška vas,Celje,0.14913368295236656,21243.69611778199
10138574,Črešnjevec ob Bistrici,Krško,0.08930607511380101,23561.921229420135
10094500,Mala vas pri Grosupljem,Grosuplje,0.3875414665385756,4468.846147533261
10119596,Gradenc,Žužemberk,0.25004615610692854,5004.386337121485
10102405,Prade,Koper,0.8317931447761574,4758.135912922821
10129672,Metni Vrh,Sevnica,0.42311921518479106,6436.455014727749
10147417,Ciglence,Maribor,0.3276377345687433,15341.220940221418
10123836,Belavšek,Ptuj,0.35769713526610114,15563.629845485528
10131472,Orehek pri Materiji,Hrpelje-Kozina,0.15640336172938724,11672.985965302501
10130930,Hotična,Hrpelje-Kozina,0.23997823633629012,8824.139603877804
10130794,Golac,Koper,0.1146045291565321,41823.49671700258
10131138,Kovčice,Hrpelje-Kozina,0.13758697959823807,12961.82571798345
10132185,Velike Loče,Hrpelje-Kozina,0.1832236653720502,10879.970083585024
10131359,Materija,Hrpelje-Kozina,0.46675717624608354,4844.673522659027
10098521,Mekinje,Kamnik,0.9151288207345626,1422.7468403090127
10098548,Moste,Ljubljana,0.24970374342643611,18468.648518127855
10121493,Velike Brusnice,Novo mesto,0.5341924823590997,9273.680430484308
10108195,Trimlini,Lendava,0.8972973674288536,3082.9229866466685
10104459,Ivanjše,Kostanjevica na Krki,0.2998968591517076,2799.4599094829846
10101905,Močunigi,Koper,0.3659995485445723,24657.813355924296
10104980,Podbočje,Krško,0.21361131288148705,13157.557628094644
10148324,Ciringa,Maribor,0.48534467168118417,16727.098713450105
10113580,Ljutomer,Ljutomer,1.0,0.0
18139570,Griček pri Željnah,Kočevje,0.8035861974991326,3423.664786634978
10146976,Selo pri Vranskem,Vransko,0.4271551368354689,2223.90387515889
10148707,Sladki Vrh,Maribor,0.3876272861841869,21588.742309018708
10137802,Stara Loka,Škofja Loka,0.9420580302622624,776.6209321463814
10120004,Kočevske Poljane,Dolenjske Toplice,0.2576085492711281,4449.070473602276
19813479,Jesen,Kanal,0.43760150029999206,3960.0060294743716
19813606,Čolnica,Kanal,0.24694842664162145,6978.670619254408
10137560,Puštal,Škofja Loka,0.7472823741972892,1780.4140392322183
20785241,Bukovje,Dravograd,0.6482156123581427,3012.5747509216026
10137977,Trata,Ljubljana,0.27133583656826177,20969.059845766456
10091551,Rova,Domžale,0.28843270525931036,5671.763592787486
10090989,Količevo,Domžale,0.7514045012725306,1873.1401790930431
10120373,Mihovec,Novo mesto,0.4827754225561391,11405.739363386549
20007117,Selce pri Špeharjih,Ljubljana,0.14218286767801494,95792.38148222797
10102022,Pomjan,Koper,0.6944840249928631,8646.169300970232
10147379,Bresternica,Maribor,0.8517239409626322,6034.047291318911
10102286,Trebeše,Koper,0.4170298961749227,20082.256613729878
10102014,Poletiči,Koper,0.48891368206856495,15818.61119958662
10092752,Gornja Radgona,Gornja Radgona,1.0,0.0
10104190,Dunaj,Krško,0.707390150700971,4943.7241913255675
10105625,Volovnik,Krško,0.5792605124895523,6335.000557675957
10102154,Sočerga,Koper,0.4021369360180313,20984.711368799177
10101891,Maršiči,Koper,0.3686159838093906,23727.921516465012
10101867,Lukini,Koper,0.4258039838676008,19289.882469270484
10100089,Laze pri Kostelu,Ljubljana,0.17293838463030084,92750.87069104744
10101212,Vrt,Ljubljana,0.15962354813174748,86280.47087655118
10120098,Ledeča vas,Šentjernej,0.1931967262392667,3280.548527097322
10100011,Kralji,Ljubljana,0.14473282833135223,79497.45027677061
10089441,Mala Lahinja,Črnomelj,0.3380945971314933,11876.809810427423
10099749,Gotenc,Ljubljana,0.17160004235041582,81685.1903766189
10099633,Dren,Ljubljana,0.17080445048326737,81084.99089424497
10100801,Sapnik,Ljubljana,0.172105098515113,81973.2612523975
10089344,Kot ob Kolpi,Črnomelj,0.14816557726222565,20316.820981522178
10099781,Hreljin,Ljubljana,0.15451094107424385,84214.7541369799
10088950,Dolenji Radenci,Črnomelj,0.1627158600164859,19504.85911813346
18688638,Špital,Zagorje ob Savi,0.20839776919122716,7580.099394852701
10119880,Javorovica,Novo mesto,0.16550190383651453,22570.523224632932
10088992,Dragatuš,Črnomelj,0.4640377692936791,8685.60012002139
10089085,Golek,Črnomelj,0.47562136969505686,8453.880117726627
10089018,Dragovanja vas,Črnomelj,0.6456479478014838,5678.772477136055
10089956,Sečje selo,Črnomelj,0.2114767816443382,17886.45338299445
10089697,Perudina,Črnomelj,0.2416138685009481,16028.041460188717
10103339,Srednje Bitnje,Kranj,0.6173433038815047,4746.659517429325
10148316,Ceršak,Šentilj,0.36673230260213846,3102.077067848063
10088585,Balkovci,Črnomelj,0.1668420713222925,21279.952853981165
10090466,Žuniči,Črnomelj,0.1928447052911071,19050.267630072492
10118182,Šmartno,Nova Gorica,0.3536085308750372,13579.895563927927
10117968,Pristavo,Nova Gorica,0.29460712884932394,22567.065636417927
10098734,Potok,Kamnik,0.2980967164338482,8304.732905530273
10098823,Sela pri Kamniku,Kamnik,0.3471189864731155,7698.761931826973
10098629,Oševek,Kamnik,0.8281841253084686,2186.2439015252717
10091098,Laze pri Domžalah,Domžale,0.3428293500733505,5236.578702985598
10107890,Dolgovaške Gorice,Lendava,0.9389728728094027,2305.121290380904
10107989,Gornji Lakoš,Lendava,0.8564957462367152,3365.6677357217604
10116970,Ženavlje,Murska Sobota,0.17850055302868148,24856.8768010102
10093546,Turjanski Vrh,Radenci,0.2437181806674091,3954.6171152001866
10092361,Črneče,Dravograd,0.6184896604662035,3311.5478183684586
10108047,Kot,Lendava,0.48299281942364514,7753.581043362789
10097975,Selo pri Žirovnici,Žirovnica,0.6563756011931884,781.7527723507803
10092701,Črnci,Apače,0.4029477939252466,1759.0889039677759
10148910,Vranji Vrh,Maribor,0.40173820302287944,20863.814022670453
10137365,Papirnica,Škofja Loka,0.672731960143329,2161.170748047855
10098637,Pirševo,Kamnik,0.24699611939045435,9610.383389536397
10115191,Potok,Rečica ob Savinji,0.17184770250564801,4084.629199891897
10107903,Dolina pri Lendavi,Lendava,0.7686645749434279,5437.16854590236
10116988,Ajba,Kanal,0.5549530006855046,3112.7199910042414
10113954,Mala Nedelja,Ptuj,0.16112934498614107,22077.18743174575
10090784,Gorica,Ljubljana,0.26980358359251017,24103.759994538024
10127548,Zgornje Laze,Bled,0.23639517128888196,6112.391292952478
10127408,Višelnica,Gorje,0.7141530510632045,524.4662060015967
10148553,Mali Dol,Maribor,0.5241283222446741,14394.685660181503
10137250,Moškrin,Škofja Loka,0.6572438015584797,2450.7571772633128
10147093,Tešova,Vransko,0.4969978444596896,1957.598784049058
10141583,Zadlaz-Čadrg,Tolmin,0.791031499865744,4853.219861186206
10141184,Postaja,Tolmin,0.52609331303979,7829.352116105894
10107253,Lormanje,Lenart,0.7734411519231156,1737.4983154871557
10096626,Orehek,Cerkno,0.17818879182670397,8782.729245490462
10116007,Korovci,Cankova,0.5823114227893192,1629.875826192109
10127564,Belšak,Ravne na Koroškem,0.11943708418999666,12764.990616211042
10098742,Potok pri Komendi,Komenda,0.3610422063512146,1002.6433355633177
10098912,Stahovica,Kamnik,0.4887770286706682,5541.3367711170995
10126789,Kamnje,Bohinj,0.7735395581156036,2874.449604874553
10140790,Kobarid,Kobarid,1.0,0.0
10092400,Gorče,Dravograd,0.2500322341570016,9115.318367860684
10136857,Hlavče Njive,Ljubljana,0.24274109184333265,39332.80851939565
10112508,Pristava pri Polh. Gradcu,Ljubljana,0.5434447357187447,18323.794022738875
10102430,Apno,Ljubljana,0.21485474025642723,29689.797635417355
10140692,Jevšček,Kobarid,0.18296672770492386,10330.945483079779
10107555,Sv. Trije Kralji v Slov. gor.,Benedikt,0.42218152881888815,1467.2189236993627
10112761,Srednji Vrh,Ljubljana,0.4283158887397234,27121.655805237104
10140579,Drobočnik,Tolmin,0.5556093702961337,7656.0684380470575
10141605,Zakraj,Tolmin,0.16216860728780372,20013.82987836025
10093627,Zgornje Konjišče,Maribor,0.2568780661544713,30426.57839976628
10136369,Bodovlje,Škofja Loka,0.3889288730819773,4273.5397664441325
10111102,Žlebe,Ljubljana,0.509465644928497,14780.724689897035
10093660,Žiberci,Maribor,0.18848672542747982,32152.41915423723
10108179,Srednja Bistrica,Murska Sobota,0.15017806660759742,16226.935117387302
10141044,Modrejce,Tolmin,0.6003102264622957,6832.048974015921
10140820,Kozaršče,Tolmin,0.671155802342069,5794.453394755414
10117062,Belo,Nova Gorica,0.3026507282100377,23763.63750669529
10145406,Borje pri Mlinšah,Ljubljana,0.2545518077584669,33903.551123859615
10147247,Zaloška Gorica,Celje,0.42159980140902187,7192.34315063227
10102979,Okroglo,Kranj,0.6327529274022111,4086.892680335736
10121949,Zloganje,Škocjan,0.4284395941853603,1720.7904864182292
10129303,Gorenje Radulje,Krško,0.14158152031122478,17592.710222224454
10148189,Vukovje,Maribor,0.5400711031695653,12092.797756345723
10108764,Kamni Vrh pri Primskovem,Ljubljana,0.18526205562063833,44951.02750794088
10096049,Brdce,Trbovlje,0.19996799988326933,9846.500967406979
10109515,Slivna,Ljubljana,0.2562073865776752,32402.963237861015
10096219,Šavna Peč,Trbovlje,0.2091661224113693,10646.55307557267
10108730,Ježni Vrh,Litija,0.2533885837945853,10341.059163452019
10108543,Gornji Vrh,Ljubljana,0.18023450833720414,43144.5479834673
10095603,Velike Dole pri Temenici,Ljubljana,0.19501897106072033,38733.252964609834
10095131,Pristava pri Višnji Gori,Ljubljana,0.30613530474290684,25396.18271925738
10108551,Gozd-Reka,Ljubljana,0.2937063253061105,27830.061637999115
10094518,Mala vas,Dobrepolje,0.600562272034738,1421.8913192595585
10093791,Breg pri Temenici,Ljubljana,0.19169134665174173,37632.40141311007
10130182,Štrit,Novo mesto,0.1455811426003386,20841.10949891261
16358312,Tolsti Vrh,Litija,0.28742473893669623,9063.590577550256
10108861,Kresnice,Ljubljana,0.32111866722054877,25208.807150692286
10095883,Zagradec,Ljubljana,0.22559969670001767,39042.56809250053
10119634,Grmovlje,Škocjan,0.2806709027958081,2333.241001129039
10118760,Dobrava pri Škocjanu,Novo mesto,0.20169445209107262,16855.35556429048
10108462,Gabrska Gora,Ljubljana,0.1730272965664088,48210.06435178218
10109574,Stara Gora pri Vel.Gabru,Litija,0.19594900510344193,12033.719464724545
10093759,Boga vas,Ivančna Gorica,0.25171068007235803,6677.918471182246
10119049,Dolnja Stara vas,Škocjan,0.44110160785854796,1688.5062984832698
10108659,Jastrebnik,Litija,0.27700859414188006,8690.597783495541
10095832,Vrh pri Višnji Gori,Ljubljana,0.32168236035243575,26530.890007145572
10094917,Podboršt,Ivančna Gorica,0.29924310203878546,5932.5731222528375
10108977,Ljubež v Lazih,Ljubljana,0.17716916756167198,45587.63392283515
10100135,Lipa,Ljubljana,0.25209889916788647,41733.51788282881
10109841,Vodice pri Gabrovki,Ljubljana,0.15875172057214942,52680.70243816337
10090962,Kokošnje,Ljubljana,0.3528585092369761,20872.380963772874
10109965,Zgornja Jablanica,Litija,0.5440140804974273,4722.192366921862
10096022,Boben,Hrastnik,0.5881902894023321,2080.0526788528396
10094623,Mali Konec,Ljubljana,0.3718757068572655,22578.361883721427
10119618,Grč Vrh,Novo mesto,0.2728998095112154,13593.072467629989
10108667,Javorje,Litija,0.3195131949642747,8075.6544640187385
10094593,Male Rebrce,Ljubljana,0.1963052032323067,41905.32924626689
10126061,Zgornja Sveča,Ptuj,0.1846698470869631,20303.433091405048
10124921,Naraplje,Ptuj,0.23269658873057905,16685.400090327952
10109221,Ponoviče,Litija,0.6250780432005795,4168.922291667023
10108381,Črni Potok,Litija,0.5618577141949324,3200.339485804383
10113679,Plešivica,Ljutomer,0.43115047018993846,5102.736521208367
10090911,Imovica,Ljubljana,0.2791359046333418,20005.403116006197
10129656,Mali Cirnik pri Šentjanžu,Ljubljana,0.09692721293517526,65040.84353891112
10109370,Ravne nad Šentrupertom,Ljubljana,0.11275962537242788,61497.14938563251
10104076,Dol,Brežice,0.30081431355863675,12402.023551392886
10121035,Sela pri Šentjerneju,Šentjernej,0.343985652849557,2321.320603534818
10142148,Dečja vas,Trebnje,0.30095307572515606,6326.518902400006
10142652,Grm,Trebnje,0.48409325879250015,4368.1189458443805
10145597,Jelenk,Ljubljana,0.18179073438882484,41612.45019999054
10099404,Borovec pri Kočevski Reki,Ljubljana,0.1938253411791392,69925.05267870094
10118891,Dolenje Kamenje,Novo mesto,0.5180521029130365,8664.59192305655
10097347,Podtabor,Ilirska Bistrica,0.4800355556875331,7276.693168347272
10146003,Senožeti,Zagorje ob Savi,0.19071820733780018,7759.801331789259
