Village_ID,Village_Name,ml_dominant_muni,ml_dominant_Pij,ahp_dominant_muni,ahp_dominant_Pij,ahp_dominant_dist_m,agreement
10083931,Ajdovščina,Ajdovščina,0.9968391010825105,Ajdovščina,0.9999999689307504,0.0,1
10083940,Batuje,Ajdovščina,0.22709063792114176,Nova Gorica,0.2815038657589581,10097.341200468936,0
10083958,Bela,Ajdovščina,0.13933648939493176,Ajdovščina,0.180690757778924,9661.388617288118,1
10083966,Brje,Ajdovščina,0.2340174702763307,Ajdovščina,0.2673588509932716,9870.5441580959,1
10083974,Budanje,Ajdovščina,0.4479565438928214,Ajdovščina,0.4723059065858466,3751.895718554174,1
10083982,Cesta,Ajdovščina,0.7176626177416078,Ajdovščina,0.8322344880345601,2579.6924625198394,1
10084008,Col,Ajdovščina,0.24968971820505378,Ajdovščina,0.2800361241391946,9016.44949549543,1
10084016,Črniče,Nova Gorica,0.2360148363732128,Nova Gorica,0.3705736534005866,10982.76436056076,1
10084024,Dobravlje,Ajdovščina,0.4892798220796643,Ajdovščina,0.5939355194378868,4713.587281791996,1
10084032,Dolenje,Ajdovščina,0.693548731966508,Ajdovščina,0.787466511103919,2918.7798444639498,1
10084059,Dolga Poljana,Ajdovščina,0.5791100981488008,Ajdovščina,0.6721866391660499,3715.575775991024,1
10084067,Duplje,Ajdovščina,0.4705106531314961,Ajdovščina,0.4815781918980943,3359.6108345715656,1
10084075,Erzelj,Ajdovščina,0.27884725819584216,Ajdovščina,0.33694741561796,8815.768841291594,1
10084083,Gaberje,Ajdovščina,0.28021297541470774,Ajdovščina,0.3391122036694935,8705.558089873604,1
10084091,Goče,Ajdovščina,0.1922588484261474,Ajdovščina,0.2349490499591292,8146.625068474392,1
10084105,Gojače,Ajdovščina,0.25002485904646166,Nova Gorica,0.2773526595593789,9286.307862967247,0
10084113,Gozd,Ajdovščina,0.13882250977330732,Ajdovščina,0.1995355435415187,12352.805307024231,1
10084121,Gradišče pri Vipavi,Vipava,0.3491393760136306,Vipava,0.5438120936244747,2010.078578789122,1
10084130,Grivče,Ajdovščina,0.8266842353415056,Ajdovščina,0.9072537252960192,1874.5505899773557,1
10084148,Kamnje,Ajdovščina,0.3549877491135875,Ajdovščina,0.4103311002304789,6899.366866144773,1
10084156,Kovk,Ajdovščina,0.07357448867415944,Ljubljana,0.1459072059146966,16231.865311387392,0
10084164,Križna Gora,Ajdovščina,0.13731747835583083,Ajdovščina,0.1865973279548101,13010.906407085964,1
10084172,Lokavec,Ajdovščina,0.6968016267838572,Ajdovščina,0.8199013101752002,2798.048405176336,1
10084199,Lozice,Ajdovščina,0.09756729432170431,Postojna,0.139314277094969,9551.545810432564,0
10084202,Lože,Ajdovščina,0.2521218376035994,Vipava,0.2484492290418568,3981.078192012458,0
10084229,Male Žablje,Ajdovščina,0.551107291339247,Ajdovščina,0.6528835236603463,4213.586508859994,1
10084237,Malo Polje,Ajdovščina,0.19623483551796958,Ajdovščina,0.2271680433688538,10987.181889854224,1
10084245,Manče,Ajdovščina,0.23140343515231282,Ajdovščina,0.2304053817121785,4861.252947234613,1
10084253,Nanos,Ajdovščina,0.0458449669807975,Ljubljana,0.1579817598354913,14695.14416929046,0
10084261,Orehovica,Ajdovščina,0.14159246111424925,Ajdovščina,0.1584413147385188,7324.488376322153,1
10084270,Otlica,Ajdovščina,0.06591395418259624,Ljubljana,0.1427545140374808,17338.994357939697,0
10084288,Plače,Ajdovščina,0.5617623388254683,Ajdovščina,0.6703938846760503,4113.260999388529,1
10084296,Planina,Ajdovščina,0.449912383592483,Ajdovščina,0.5833459519761984,5140.459282748175,1
10084300,Podbreg,Ajdovščina,0.12448226527715678,Ajdovščina,0.1447804914875715,8545.665831902055,1
10084318,Podgrič,Ajdovščina,0.11079347062558323,Postojna,0.1340300172776961,9067.757744634877,0
10084326,Podkraj,Ajdovščina,0.12188246445708172,Ljubljana,0.1640235153759426,14128.17831057385,0
10084334,Podnanos,Ajdovščina,0.16345661691596966,Ajdovščina,0.1704709643903895,6592.277948752558,1
10084342,Podraga,Ajdovščina,0.1703160691314659,Ajdovščina,0.1929258592605741,5837.828066411413,1
10084369,Poreče,Ajdovščina,0.16639125996784454,Ajdovščina,0.172171506969541,6513.174057766467,1
10084377,Predmeja,Ajdovščina,0.11313767108595876,Ajdovščina,0.1872662274788529,14364.308422873726,1
10084385,Ravne,Nova Gorica,0.23259136944304537,Nova Gorica,0.3583686046204674,12388.54811574805,1
10084393,Sanabor,Ajdovščina,0.2440421830393841,Ajdovščina,0.2553607741994927,5731.588320497188,1
10084407,Selo,Ajdovščina,0.2410320082312342,Nova Gorica,0.2658984114497772,9584.260126044726,0
10084415,Skrilje,Ajdovščina,0.48061346416589623,Ajdovščina,0.5836640810494695,4851.190328960695,1
10084423,Slap,Ajdovščina,0.3317314229464584,Ajdovščina,0.3213699566186543,4072.061705332109,1
10084431,Šmarje,Ajdovščina,0.28360897115638173,Ajdovščina,0.3309366919853196,8484.663185370426,1
10084440,Stomaž,Ajdovščina,0.4161264488193916,Ajdovščina,0.5553893496520934,5644.430931113247,1
10084458,Tevče,Ajdovščina,0.4914714902105131,Ajdovščina,0.6221513298125888,4642.112136829174,1
10084466,Ustje,Ajdovščina,0.7285613293044695,Ajdovščina,0.8404036212107425,2510.779733184428,1
10084474,Velike Žablje,Ajdovščina,0.38163059589923953,Ajdovščina,0.4837373520459376,6018.155186216693,1
10084482,Vipava,Vipava,0.9978471531593783,Vipava,0.9999997626313512,0.0,1
10084504,Vipavski Križ,Ajdovščina,0.5800688676212995,Ajdovščina,0.7082349328453325,3727.7284471827193,1
10084512,Višnje,Ajdovščina,0.19713155268057658,Ajdovščina,0.2108737037938271,10914.468271551965,1
10084539,Vodice,Ajdovščina,0.06922236731104846,Ljubljana,0.1651268361341596,16363.207567192409,0
10084547,Vrhpolje,Ajdovščina,0.34308636244243906,Vipava,0.4560982181976007,2157.418124464032,0
10084555,Vrtovče,Ajdovščina,0.35502637320768604,Ajdovščina,0.4338876762703874,6795.0867594587335,1
10084563,Vrtovin,Ajdovščina,0.28750911582310307,Ajdovščina,0.3039624424111818,8445.5007461783,1
10084571,Zavino,Ajdovščina,0.22724875344275472,Ajdovščina,0.2533168734348968,10199.36415127851,1
10084580,Zemono,Vipava,0.40952028580273014,Vipava,0.6288585938593021,1466.0937657455074,1
10084598,Žapuže,Ajdovščina,0.8289056799562041,Ajdovščina,0.904143243749042,1795.102609273133,1
10084601,Potoče,Ajdovščina,0.34621420221975235,Ajdovščina,0.4127703582548285,6588.94093470891,1
10084610,Malovše,Ajdovščina,0.2410606495169542,Nova Gorica,0.2957906502054684,9811.876358345104,0
10084628,Hrašče,Ajdovščina,0.14111285774546967,Ajdovščina,0.1574601205004533,7285.897759300607,1
10084636,Žagolič,Ajdovščina,0.22580122298111083,Ajdovščina,0.2465997039203452,10226.361137566792,1
10084644,Kožmani,Ajdovščina,0.7932455397741118,Ajdovščina,0.8513731826262729,2279.626195589381,1
10084652,Arnovo selo,Brežice,0.4794928000523935,Brežice,0.4636636147867191,7107.389419921054,1
10084679,Artiče,Brežice,0.515748862184864,Brežice,0.5331216829698944,6286.100847011818,1
10084687,Bizeljska vas,Brežice,0.08016663502384297,Brežice,0.1348903917051234,4647.061268016368,1
10084695,Bizeljsko,Brežice,0.08823417414844487,Brežice,0.1909336009878944,6686.695607767492,1
10084709,Blatno,Brežice,0.26699703294836813,Brežice,0.3880975392362524,10209.068326005943,1
10084717,Bojsno,Brežice,0.19593397956734837,Brežice,0.3383632428347997,11719.363918619216,1
10084725,Boršt,Brežice,0.6434283682315156,Brežice,0.7100097611896715,4871.618454461936,1
10084733,Bračna vas,Brežice,0.09966362931760912,Brežice,0.1954806999258534,8163.436912188904,1
10084741,Slovenska vas,Brežice,0.16697957721851214,Brežice,0.3926630283575494,12759.85458309044,1
10084750,Brezje pri Bojsnem,Brežice,0.1729005507260279,Brežice,0.3255287232283458,12147.613034595484,1
10084768,Brezje pri Veliki Dolini,Brežice,0.17611316890781692,Brežice,0.4183679002691538,11922.090008734638,1
10084776,Brezovica na Bizeljskem,Brežice,0.06239735655990507,Brežice,0.2295368902541097,8451.20022083486,1
10084784,Brežice,Brežice,0.9934372933019477,Brežice,0.9999999830307966,0.0,1
10084792,Brvi,Brežice,0.39905478379496195,Brežice,0.4992385391839992,8062.826708900283,1
10084806,Bukošek,Brežice,0.6766734411310913,Brežice,0.776649536599752,4403.912202437857,1
10084814,Bukovje,Brežice,0.08291101966591191,Brežice,0.1479916048455897,5286.835565565378,1
10084822,Bušeča vas,Brežice,0.3482684846113443,Brežice,0.4565196273104291,8386.179359114723,1
10084849,Cerina,Brežice,0.6434264702096822,Brežice,0.7869423670460721,4480.5275465955065,1
10084857,Cerklje ob Krki,Brežice,0.49045316900774993,Brežice,0.5168596632325461,6989.114878694896,1
10084865,Cirnik,Brežice,0.30396852354433507,Brežice,0.4985503210505936,9737.801012842476,1
10084873,Cundrovec,Brežice,0.8428973938872798,Brežice,0.8886397532728106,2718.247479634409,1
10084881,Curnovec,Brežice,0.4198350391574607,Brežice,0.4917452689645082,7765.262116574629,1
10084890,Čatež ob Savi,Brežice,0.868916713786695,Brežice,0.9106367071184244,2508.027670364867,1
10084903,Čedem,Brežice,0.1664933407944827,Brežice,0.3469929693183223,12740.143466937972,1
10084911,Črešnjice pri Cerkljah,Brežice,0.3955640820572811,Brežice,0.4188280583344501,8168.4627344801775,1
10084920,Dečno selo,Brežice,0.5679637235260749,Brežice,0.5921596352212083,5997.333842395765,1
10084938,Dednja vas,Brežice,0.1912668473398291,Brežice,0.3369510593686198,11784.991395061195,1
10084946,Dobeno,Brežice,0.5132427136277595,Brežice,0.6669154595316906,6347.772193112542,1
10084954,Dobova,Brežice,0.5586324768090403,Brežice,0.6753708591275998,6053.350703479631,1
10084962,Dolenja Pirošica,Brežice,0.4868411695309834,Brežice,0.5340448730995897,7064.609751276817,1
10084989,Dolenje Skopice,Brežice,0.6434283682315156,Brežice,0.6752909835357747,4903.55331686476,1
10084997,Dramlja,Brežice,0.1714145243054893,Brežice,0.3342735140314282,12175.345020400488,1
10085004,Drenovec pri Bukovju,Brežice,0.08472741769022207,Brežice,0.1780810639386307,8090.355315640309,1
10085012,Dvorce,Brežice,0.8198189323253355,Brežice,0.8721612828262586,3184.4394753227075,1
10085039,Gabrje pri Dobovi,Brežice,0.6378872745840877,Brežice,0.7130470455085097,5462.289205609656,1
10085047,Gaj,Brežice,0.31381195238016113,Brežice,0.5199146788926369,9238.924490824846,1
10085055,Gazice,Brežice,0.3153609166493632,Brežice,0.402168914728756,9117.835629266923,1
10085063,Globočice,Brežice,0.4957816522166768,Brežice,0.6320002285852756,6493.081420317567,1
10085071,Globoko,Brežice,0.4198350391574607,Brežice,0.5008368191012751,7778.227972075887,1
10085080,Glogov Brod,Brežice,0.6434283682315156,Brežice,0.689742966705751,4872.462806517245,1
10085098,Gorenja Pirošica,Brežice,0.43611372211775096,Brežice,0.5372054336805829,7328.463056266249,1
10085101,Gorenje Skopice,Brežice,0.6397832911069375,Brežice,0.6309028639965741,5299.375522088891,1
10085110,Gornji Lenart,Brežice,0.7172774324010899,Brežice,0.7481822203343826,3999.355064843496,1
10085128,Gregovce,Brežice,0.10691428415418289,Brežice,0.2598690942624902,10180.151691775798,1
10085136,Hrastje pri Cerkljah,Krško,0.3112861400706355,Brežice,0.325085542295049,9356.543196892144,0
10085144,Izvir,Brežice,0.26699703294836813,Brežice,0.4200669603094283,10271.761125414929,1
10085152,Jereslavec,Brežice,0.20901859433200823,Brežice,0.3855056178426437,11360.865341564167,1
10085179,Jesenice,Brežice,0.27039322925311726,Brežice,0.4815441385674126,10158.084864094177,1
10085187,Kamence,Brežice,0.1736176496926146,Brežice,0.3670314988310147,11984.285655652024,1
10085195,Kapele,Brežice,0.31417600141775354,Brežice,0.4710999009573768,9191.64157400545,1
10085209,Koritno,Brežice,0.17317852453294472,Brežice,0.4142398066687303,12051.238189131129,1
10085217,Kraška vas,Brežice,0.42322051849913306,Brežice,0.5416103940199853,7714.376585514199,1
10085225,Križe,Krško,0.1580144847826808,Krško,0.2309505710586757,10315.502680131274,1
10085233,Krška vas,Brežice,0.8242809124943129,Brežice,0.8700290136044271,2943.736190209298,1
10085241,Laze,Brežice,0.17153944443111563,Brežice,0.4077414614137929,12258.57147769024,1
10085250,Loče,Brežice,0.42315878635065984,Brežice,0.5969144634604888,7470.290944363991,1
10085268,Mala Dolina,Brežice,0.3099361532555868,Brežice,0.5087358614072558,9496.374085373896,1
10085276,Mali Cirnik,Brežice,0.08840296069640488,Brežice,0.2916729104709767,17137.59245876299,1
10085284,Mali Obrež,Brežice,0.5031042038301653,Brežice,0.6493888367722842,6421.424938603778,1
10085292,Mali Vrh,Brežice,0.34376919316141097,Brežice,0.4608112420153025,8594.002261044609,1
10085306,Mihalovec,Brežice,0.515748862184864,Brežice,0.6649076849476427,6297.10074006118,1
10085314,Mostec,Brežice,0.7686160089607419,Brežice,0.8456635580743079,3596.397408594492,1
10085322,Mrzlava vas,Brežice,0.6416261894446932,Brežice,0.7303912415778784,5023.263865974155,1
10085349,Nova vas ob Sotli,Krško,0.06213933937277314,Brežice,0.2154763275783326,8281.590110913727,0
10085357,Nova vas pri Mokricah,Brežice,0.24580436288063254,Brežice,0.4556195614663801,10837.433285554584,1
10085365,Obrežje,Brežice,0.21434367422817993,Brežice,0.4413734543234888,11237.432863885086,1
10085373,Oklukova Gora,Krško,0.3123967104068914,Krško,0.3386036676442104,9566.512836414086,1
10085381,Orešje na Bizeljskem,Brežice,0.06987361622393924,Brežice,0.123651784519313,4772.28405609913,1
10085390,Pavlova vas,Brežice,0.1522980331567737,Brežice,0.2618440832541422,13249.035004460788,1
10085403,Pečice,Krško,0.15460952286897292,Krško,0.2291852336543728,10840.110368108431,1
10085411,Perišče,Brežice,0.1987621036622535,Brežice,0.4321870472564649,11503.43784330782,1
10085420,Piršenbreg,Brežice,0.2455275036858995,Brežice,0.3761970906180453,10765.342289325466,1
10085438,Pišece,Brežice,0.14382319366608504,Brežice,0.2696096908678344,11706.744453260952,1
10085446,Podgorje pri Pišecah,Brežice,0.11433568088547189,Brežice,0.2522252739007547,10972.182654930582,1
10085454,Podgračeno,Brežice,0.4868411695309834,Brežice,0.6280039754200012,7067.440186530185,1
10085462,Podvinje,Brežice,0.3353139941318888,Brežice,0.49054617843774,8936.826318696189,1
10085489,Ponikve,Brežice,0.15874957956045613,Brežice,0.3875679380248415,12936.046697439451,1
10085497,Poštena vas,Brežice,0.3392746461015509,Brežice,0.4487003202447003,8897.746672004261,1
10085519,Prilipe,Brežice,0.6416261894446932,Brežice,0.7513167389616242,5030.393406417771,1
10085527,Račja vas,Brežice,0.6313442579346952,Brežice,0.6537819695591411,5619.9796323860655,1
10085535,Rajec,Brežice,0.19817924514645058,Brežice,0.4320280662534105,11508.139181224931,1
10085543,Rakovec,Brežice,0.22537547538828392,Brežice,0.4057184904189622,11067.826097650071,1
10085551,Ribnica,Brežice,0.34374693878289647,Brežice,0.5427340620925919,8735.77690536425,1
10085560,Rigonce,Brežice,0.3523358552574173,Brežice,0.5517083161760445,8329.835785165807,1
10085578,Sela pri Dobovi,Brežice,0.800784565329687,Brežice,0.8536372162057014,3388.199117375113,1
10085586,Silovec,Brežice,0.21195256596939874,Brežice,0.3019982462775399,11281.721307938698,1
10085594,Slogonsko,Brežice,0.175838227570986,Brežice,0.3612916038401342,11881.602545593572,1
10085608,Sobenja vas,Brežice,0.4926976316022305,Brežice,0.6117344198180764,6900.643127590846,1
10085616,Spodnja Pohanca,Brežice,0.6146357804743916,Brežice,0.5167284341272014,5784.168172077341,1
10085624,Sromlje,Brežice,0.24432677677274517,Brežice,0.3030043086424993,10963.454562402603,1
10085632,Stankovo,Brežice,0.4957816522166768,Brežice,0.6176729170840942,6485.353194651972,1
10085659,Stara vas-Bizeljsko,Brežice,0.14451957348430347,Brežice,0.2814958064530332,9949.782453162838,1
10085667,Stojanski Vrh,Brežice,0.34374693878289647,Brežice,0.4687301808709678,8745.75003442986,1
10085675,Trebež,Brežice,0.7024918158128968,Brežice,0.7174398227475561,4169.633930456681,1
10085683,Velika Dolina,Brežice,0.2572364695666653,Brežice,0.4669928854306798,10532.04771471588,1
10085691,Velike Malence,Brežice,0.7694305408111656,Brežice,0.8305812442975045,3557.327138977724,1
10085705,Veliki Obrež,Brežice,0.4702853532837509,Brežice,0.6076982840903081,7144.928667135842,1
10085713,Vinji Vrh,Brežice,0.2520492844875866,Brežice,0.3732776995137019,9635.716506533789,1
10085721,Vitna vas,Brežice,0.09065511568574307,Brežice,0.2429259828051657,10338.383748869604,1
10085730,Volčje,Brežice,0.30396852354433507,Brežice,0.3195192991726124,9722.744268807262,1
10085748,Vrhje,Brežice,0.214042151920265,Brežice,0.3818901023276261,11204.922629798208,1
10085756,Vrhovska vas,Brežice,0.28588145557845535,Brežice,0.3935853345867221,8426.423513801841,1
10085764,Zasap,Brežice,0.3449431191686789,Brežice,0.3834153894628618,8557.997314724218,1
10085772,Zgornja Pohanca,Krško,0.26645845715315436,Krško,0.3177622354738093,10416.547823622355,1
10085799,Zgornji Obrež,Brežice,0.6397832911069375,Brežice,0.564133398477095,5320.531918594355,1
10085802,Žejno,Brežice,0.5679637235260749,Brežice,0.6720274822178962,6003.76621628456,1
10085829,Župeča vas,Brežice,0.5114508061581373,Brežice,0.5788170532724078,6402.072162602302,1
10085837,Župelevec,Brežice,0.26173937752930887,Brežice,0.3995620823033268,10340.194284492398,1
10085845,Dolenja vas pri Artičah,Brežice,0.4957816522166768,Brežice,0.4422850485043418,6497.361849832597,1
10085853,Arclin,Celje,0.4597877629193992,Celje,0.5244197268540176,2341.1694370319256,1
10085861,Beli Potok pri Frankolovem,Slovenske Konjice,0.29521414470179635,Celje,0.1692392658662715,7413.80752742402,0
10085870,Bezenškovo Bukovje,Slovenske Konjice,0.19951990603402905,Celje,0.2193879577344655,5998.750435180323,0
10085888,Bezovica,Celje,0.28849123849755826,Celje,0.2940045078713869,5545.262995133979,1
10085896,Bovše,Celje,0.2554582013767434,Celje,0.3404859117051775,6473.766501377162,1
10085900,Brdce,Slovenske Konjice,0.2588567240399589,Celje,0.1924355590075809,7228.04726884576,0
10085918,Brdce nad Dobrno,Velenje,0.14042636294392946,Celje,0.1308439415844796,6657.683184928386,0
10085926,Brezova,Celje,0.30459056481239505,Celje,0.4326079555638689,3990.079075786611,1
10085934,Bukovžlak,Celje,0.6519432785717796,Celje,0.6622810078890948,2436.975505639165,1
10085942,Celje,Celje,0.9956463045443463,Celje,0.9999999764285228,0.0,1
10085969,Čreškova,Celje,0.16905877935056995,Celje,0.1920888849428215,4604.08975650196,1
10085977,Črešnjevec,Celje,0.21391877332104334,Celje,0.2572675390945743,6331.860211899108,1
10085985,Črešnjice,Slovenske Konjice,0.24714737033581988,Celje,0.1848714843703359,7583.848061800524,0
10085993,Dobrna,Dobrna,0.9988069746881516,Dobrna,0.999997611232907,0.0,1
10086019,Dol pod Gojko,Slovenske Konjice,0.21490428666770703,Celje,0.2079750242854995,6307.7145033265215,0
10086027,Frankolovo,Celje,0.24307158937487702,Celje,0.261923743652103,4594.947077474228,1
10086035,Gabrovec pri Dramljah,Celje,0.21116205192868126,Celje,0.2706864245331878,6365.019906552599,1
10086043,Glinsko,Celje,0.2544132648074525,Celje,0.3469863678132497,7365.21066131549,1
10086051,Globoče,Celje,0.28251011508297763,Celje,0.2903985816401286,2926.145881660308,1
10086060,Gorica pri Šmartnem,Celje,0.49517303264298507,Celje,0.5744398468159838,6148.735494065291,1
10086078,Gradišče pri Vojniku,Celje,0.2842344789546392,Celje,0.3253340852494248,7205.626845819518,1
10086086,Homec,Celje,0.19805793617140174,Celje,0.2268532122509292,4125.154806655557,1
10086094,Hrastnik,Celje,0.17443896327335076,Celje,0.2061915394174222,11406.049787084869,1
10086108,Hrenova,Celje,0.21535249667634593,Celje,0.2392459720234831,4639.021432224186,1
10086116,Ilovca,Celje,0.27138496856635896,Celje,0.2876282781592723,3676.930241020652,1
10086124,Ivenca,Celje,0.2546710540687754,Celje,0.2906851977218701,1801.0739689741977,1
10086132,Jankova,Celje,0.28773718713849533,Celje,0.281133700642457,4080.687487273602,1
10086159,Javornik,Celje,0.25453613085883137,Celje,0.3719445260233391,5618.129475066402,1
10086167,Jezerce pri Šmartnem,Celje,0.25310580871412014,Celje,0.3794043434627523,7617.510666956229,1
10086175,Kanjuce,Celje,0.20679146940721957,Celje,0.263147089770152,9604.134628187936,1
10086183,Kladnart,Celje,0.19905612495308944,Celje,0.2442311331220081,7313.701765636964,1
10086191,Klanc,Celje,0.1339394812989391,Velenje,0.1523168226553682,2235.401221001871,0
10086205,Koblek,Celje,0.2603541545765344,Celje,0.3719835637345455,3658.610596872384,1
10086213,Kompole,Celje,0.40399250924588165,Celje,0.4351638171330151,2612.054069766758,1
10086221,Konjsko,Celje,0.2644752990489325,Celje,0.3452888122238174,2276.877658673706,1
10086230,Košnica pri Celju,Celje,0.6657639744615109,Celje,0.8033605536098972,3695.651592675069,1
10086248,Lahovna,Celje,0.6449594066718205,Celje,0.7434647011468649,4362.542400209852,1
10086256,Landek,Celje,0.1531399975878092,Celje,0.2204839986003235,4339.331247616348,1
10086264,Laška vas pri Štorah,Celje,0.46062927316422614,Celje,0.4692483823770227,2238.790287829682,1
10086272,Lemberg pri Novi Cerkvi,Celje,0.2006355100567279,Celje,0.2231075643114754,3592.150554649077,1
10086299,Leskovec,Celje,0.5783393693243193,Celje,0.5857874052334155,5615.093275608083,1
10086302,Lešje,Celje,0.3818375773971266,Celje,0.4952134775039121,2859.387740212047,1
10086329,Lindek,Slovenske Konjice,0.24531439674108568,Slovenske Konjice,0.1522930584448469,8740.55086731881,1
10086337,Lipa pri Frankolovem,Slovenske Konjice,0.2243367059757625,Celje,0.1639146846621396,8658.450596030649,0
10086345,Lipovec pri Škofji vasi,Celje,0.3345624003132787,Celje,0.4593902308570798,6440.440883191503,1
10086353,Ljubečna,Celje,0.40900445693990173,Celje,0.5183631855471282,5207.08811320747,1
10086361,Loče,Celje,0.37400500773954737,Celje,0.535389428474247,5498.961036499768,1
10086370,Loka pri Dobrni,Velenje,0.13631082038669426,Velenje,0.1782856925858114,2987.648246460083,1
10086388,Lokovina,Velenje,0.25210098425401234,Velenje,0.2353223833188434,2235.205040993664,1
10086396,Lokrovec,Celje,0.6650603817290945,Celje,0.777824342323574,3838.651818746914,1
10086400,Lopata,Celje,0.6043960309466844,Celje,0.649627284766312,5106.050461231812,1
10086418,Male Dole,Celje,0.19651940402694515,Celje,0.2568779925365069,5987.879031278654,1
10086426,Medlog,Celje,0.6650603817290945,Celje,0.7499246231351389,3810.918859281677,1
10086434,Novake,Celje,0.17017859412507425,Celje,0.2116751413427865,8130.27621016774,1
10086442,Ogorevc,Šentjur,0.45895187863773357,Celje,0.395943098607106,3257.117765838216,0
10086469,Osenca,Celje,0.6051933518894753,Celje,0.668187803887404,4215.126513784799,1
10086477,Otemna,Celje,0.2798876795319011,Celje,0.428811709034095,6304.211921033186,1
10086485,Parož,Velenje,0.11526435770165737,Velenje,0.1456455311055207,4765.513445846777,1
10086493,Pečovje,Celje,0.475707589483808,Celje,0.5131883521245283,2584.3976449043835,1
10086507,Pečovnik,Celje,0.6449594066718205,Celje,0.7618873241165587,4406.570125305479,1
10086515,Pepelno,Celje,0.25693394678244663,Celje,0.3829471403450559,7547.888128164913,1
10086523,Podgorje pod Čerinom,Slovenske Konjice,0.22070616864268738,Celje,0.1983721826729553,6969.684921145485,0
10086531,Polže,Celje,0.23876652899605744,Celje,0.2761684975860824,4242.371572009786,1
10086540,Prekorje,Celje,0.6043960309466844,Celje,0.6787459731817261,4904.143938140307,1
10086558,Pristava,Celje,0.27855158434903693,Celje,0.3960057346574488,3691.263647345611,1
10086566,Pristova,Velenje,0.20075283650626333,Velenje,0.1920286297057739,1893.2487391568989,1
10086574,Prožinska vas,Šentjur,0.33051361490191455,Celje,0.4091404972764853,4102.774986128563,0
10086582,Rakova Steza,Celje,0.21134629574190356,Celje,0.2368225010263351,5588.223648172807,1
10086604,Razdelj,Celje,0.24038271908934938,Celje,0.2777346801328965,4227.13736074817,1
10086612,Razgor,Celje,0.2644752990489325,Celje,0.3841399258449797,5520.016219708467,1
10086639,Razgorce,Celje,0.20361239906306283,Celje,0.2465651905691237,5922.481139601902,1
10086647,Rove,Celje,0.21388742938878275,Celje,0.232974863760626,5617.493356236481,1
10086655,Rožni Vrh,Celje,0.26005980508473453,Celje,0.4151724078246345,6786.606572906083,1
10086663,Runtole,Celje,0.5828763161367467,Celje,0.6216569568384593,4078.827055788051,1
10086671,Rupe,Celje,0.25310580871412014,Celje,0.3711028468829735,7080.510652943326,1
10086680,Selce,Celje,0.13823882255843037,Celje,0.1774356451722011,6521.789690670263,1
10086698,Slance,Celje,0.6785436796550763,Celje,0.6769945741715439,1861.949791127019,1
10086701,Slatina v Rožni dolini,Celje,0.38028087259682697,Celje,0.5245926378083742,7259.066525163301,1
10086710,Socka,Celje,0.1693338988873025,Celje,0.2026481948365074,4723.849136799011,1
10086728,Straža pri Dolu,Slovenske Konjice,0.14594682970442238,Celje,0.1826261307269085,8111.441618134046,0
10086736,Straža pri Novi Cerkvi,Celje,0.17392840248722366,Celje,0.20113820252184,5719.861183097147,1
10086744,Stražica,Celje,0.21487197672409228,Celje,0.2328492905568996,5524.32697162059,1
10086752,Strmec nad Dobrno,Velenje,0.1310345597959296,Velenje,0.1788435766391968,6134.100685792345,1
10086779,Nova Cerkev,Celje,0.2709907333178359,Celje,0.2960886500325444,3383.3995880522352,1
10086787,Svetina,Celje,0.28483301141869644,Celje,0.295980568657299,7972.520632384841,1
10086795,Svetli Dol,Celje,0.2872961656549067,Celje,0.3235802319408216,7705.146066429594,1
10086809,Šentjanž nad Štorami,Celje,0.3233960974272552,Celje,0.4293920955267258,3567.646681189533,1
10086817,Škofja vas,Celje,0.6043960309466844,Celje,0.6577805092762191,3427.825149454234,1
10086825,Šmarjeta pri Celju,Celje,0.6634439983842063,Celje,0.7548385521161999,4041.875010551596,1
10086833,Šmartno v Rožni dolini,Celje,0.312023171097904,Celje,0.4706073014808633,5951.390635478635,1
10086841,Šmiklavž pri Škofji vasi,Celje,0.31931924732566674,Celje,0.4620491702178897,4971.241132197971,1
10086850,Štore,Štore,0.9930226368966801,Štore,0.9999987084998864,0.0,1
10086868,Teharje,Celje,0.7400343738734162,Celje,0.6418397450796868,1311.2533838082454,1
10086876,Tomaž nad Vojnikom,Celje,0.2598891604033201,Celje,0.347739125447305,2325.276046242011,1
10086884,Tremerje,Celje,0.6011766635679382,Celje,0.660389804564486,5171.460180873059,1
10086892,Trnovlje pri Celju,Celje,0.6669358868293603,Celje,0.7564904482677628,3919.894927223172,1
10086906,Trnovlje pri Socki,Celje,0.17583098639207206,Celje,0.1940052552671835,5808.273384264248,1
10086914,Velika Raven,Velenje,0.14552390061515583,Celje,0.1900628201520923,7073.823597095669,0
10086922,Verpete,Slovenske Konjice,0.2760536917749208,Celje,0.1941637229797986,6234.492397406852,0
10086949,Vine,Celje,0.17698796079183032,Celje,0.1971472320088147,3283.912512992143,1
10086957,Vinska Gorica,Dobrna,0.1893104484542419,Velenje,0.1714387739959348,1653.9681926289295,0
10086965,Višnja vas,Celje,0.2601315828995373,Celje,0.299325443543414,2031.080414027868,1
10086973,Vizore,Celje,0.20724830674210273,Celje,0.2639346442762602,4759.871964649848,1
10086981,Vojnik,Vojnik,0.9933022632202223,Vojnik,0.9999987635459706,0.0,1
10086990,Vrba,Dobrna,0.3702693842962109,Dobrna,0.2827700534373956,1039.0699289283075,1
10087007,Vrhe,Celje,0.6555015519098643,Štore,0.4388458048811474,948.6510720146092,0
10087015,Zabukovje,Celje,0.17469912937611337,Celje,0.1877455810827678,7185.181494392336,1
10087023,Začret,Celje,0.5796092171543651,Celje,0.572075189727086,3965.955831436957,1
10087031,Zadobrova,Celje,0.6036734807941923,Celje,0.6490519299308207,3795.091558711654,1
10087040,Zavrh nad Dobrno,Celje,0.14144282238557757,Celje,0.1529083490762348,2183.201159385654,1
10087058,Dobrova,Celje,0.6504043181142504,Celje,0.7461226720291538,4287.274058609249,1
10087066,Zlateče,Celje,0.2013788906750832,Celje,0.240745346582907,6257.275875239457,1
10087074,Zvodno,Celje,0.6428478920482464,Celje,0.7220837287099746,4317.267880759676,1
10087082,Želče,Celje,0.2343468992077209,Celje,0.2853753496762737,5307.505554343041,1
10087104,Žepina,Celje,0.38084295515912303,Celje,0.4544297088339267,6108.118196367237,1
10087112,Šentjungert,Celje,0.27804151176948294,Celje,0.3745369123040402,9478.517448385432,1
10087139,Draga,Šentjur,0.3973498303081113,Celje,0.4167378561941379,3576.728244628326,0
10087147,Andrejčje,Ljubljana,0.06633916021330435,Ljubljana,0.2751389314745274,6055.034176134908,1
10087155,Babna Polica,Postojna,0.03416521394332865,Ljubljana,0.1924328126170322,8110.810913392907,0
10087163,Babno Polje,Postojna,0.02858311680208339,Ljubljana,0.2001948732627333,12729.54761709085,0
10087171,Beč,Koper,0.020554905040154323,Ljubljana,0.1558638413858522,163843.9145273759,0
10087180,Bečaje,Cerknica,0.11845711830652832,Ljubljana,0.2309686286931203,9774.338359555655,0
10087198,Begunje pri Cerknici,Cerknica,0.7118625013316882,Cerknica,0.8182990708643112,2680.55692985563,1
10087201,Benete,Bloke,0.046240072805873424,Ljubljana,0.2302730662143842,5607.964526202322,0
10087210,Bezuljak,Cerknica,0.3993047644466005,Cerknica,0.4940170206420033,5793.855318976763,1
10087228,Bločice,Cerknica,0.19272849125565217,Cerknica,0.3265922930036961,5250.959136476331,1
10087236,Bloška Polica,Cerknica,0.16719069920237967,Cerknica,0.2621207982473472,4233.82458265911,1
10087244,Bočkovo,Cerknica,0.06712330379964769,Ljubljana,0.2480898732808125,8260.716203592803,0
10087252,Brezje,Cerknica,0.699923798139375,Cerknica,0.8105756887837701,2828.507813441407,1
10087279,Cajnarje,Cerknica,0.13906613453265307,Cerknica,0.2453590353868517,9203.892720513004,1
10087287,Cerknica,Cerknica,0.9971525071302031,Cerknica,0.9999999688749908,0.0,1
10087295,Čohovo,Ljubljana,0.06230886141065271,Ljubljana,0.2880165396407225,13100.42017986816,1
10087309,Dane,Loška dolina,0.29120854754798403,Cerknica,0.1710562868572926,3704.756271765686,0
10087317,Dobec,Cerknica,0.2517004428787611,Cerknica,0.354198792028467,7577.001316817845,1
10087325,Dolenja vas,Cerknica,0.8022331518780851,Cerknica,0.9160013592944796,1741.1477679159957,1
10087333,Dolenje Jezero,Cerknica,0.7207527754654498,Cerknica,0.8426363548620499,2557.0893974450864,1
10087341,Dolenje Otave,Cerknica,0.19228121076501345,Cerknica,0.271728168282741,9401.202134697967,1
10087350,Dolenje Poljane,Postojna,0.034535269586049744,Ljubljana,0.1971879990620549,10010.865105756106,0
10087368,Fara,Bloke,0.671164782044237,Bloke,0.7777615424103113,614.2367671686384,1
10087376,Glina,Bloke,0.3030829175778692,Bloke,0.3560135631247137,1519.87282929117,1
10087384,Godičevo,Bloke,0.07171794359445034,Ljubljana,0.2562443982294645,4657.516268321294,0
10087392,Gora,Koper,0.020554905040154323,Ljubljana,0.1558638413858522,163843.9145273759,0
10087406,Gorenje Jezero,Cerknica,0.12359695332427031,Cerknica,0.2608032465163519,7084.736347386766,1
10087414,Gorenje Otave,Cerknica,0.17531283986880303,Ljubljana,0.2561988198025162,10026.92813590639,0
10087422,Gradiško,Ljubljana,0.0654111277337479,Ljubljana,0.2793648478800825,6276.343723098102,1
10087449,Grahovo,Cerknica,0.3669590670750156,Cerknica,0.5134741185481811,6252.566726375688,1
10087457,Hiteno,Ljubljana,0.05883507554707917,Ljubljana,0.2586220353111719,8585.212995500075,1
10087465,Hribarjevo,Cerknica,0.1456839910791257,Cerknica,0.2555631327590395,6361.931319285296,1
10087473,Hribljane,Cerknica,0.10578031915660381,Ljubljana,0.2351460734049753,10501.949385520657,0
10087481,Hruškarje,Cerknica,0.11715105972103197,Ljubljana,0.2393494898254249,10205.535010611336,0
10087490,Hudi Vrh,Bloke,0.16039808489925403,Bloke,0.2072009946957884,2327.8563907863045,1
10087503,Iga vas,Loška dolina,0.24226320594898587,Ljubljana,0.1736063261663793,4405.21759967249,0
10087511,Ivanje selo,Cerknica,0.27763840754800656,Cerknica,0.2938195628542652,7322.766105771723,1
10087520,Jeršanovo,Cerknica,0.07126564445207946,Ljubljana,0.2357059948118132,7534.763455788521,0
10087538,Jeršiče,Ljubljana,0.06409765726257029,Ljubljana,0.2842896281719889,11587.73764750545,1
10087546,Knežja Njiva,Loška dolina,0.06208911897649684,Ljubljana,0.173102200516148,4951.399155011615,0
10087554,Korošče,Cerknica,0.10096710221315766,Ljubljana,0.2879105661035908,12716.9344205113,0
10087562,Koščake,Cerknica,0.10311239406258652,Ljubljana,0.2789257206478752,12040.25282229882,0
10087589,Kozarišče,Loška dolina,0.06177481660080905,Ljubljana,0.1784137688279412,5059.520222240605,0
10087597,Kožljek,Cerknica,0.336290346826049,Cerknica,0.3902353708996166,6955.962680319917,1
10087619,Sveti Duh,Bloke,0.11335313990062602,Ljubljana,0.2394998484801516,3582.777592526318,0
10087627,Kramplje,Bloke,0.12904618185373348,Ljubljana,0.232095369152776,3108.575155477464,0
10087635,Kranjče,Cerknica,0.18696857288154128,Cerknica,0.3016397942258182,9686.291887166204,1
10087643,Kremenca,Cerknica,0.127078194568614,Cerknica,0.2312643262060091,8331.37752431678,1
10087651,Krušče,Cerknica,0.1609829453780882,Cerknica,0.2627731060289905,10083.806212919171,1
10087660,Kržišče,Cerknica,0.12620912804674222,Ljubljana,0.2893331727022077,10458.956371730284,0
10087678,Lahovo,Bloke,0.08918337904868516,Ljubljana,0.2580934510931434,4189.000370566528,0
10087686,Laze pri Gorenjem Jezeru,Cerknica,0.12967384044468278,Cerknica,0.2748902281853705,8750.45464017392,1
10087694,Lepi Vrh,Ljubljana,0.06296491136805128,Ljubljana,0.2833154486244516,6307.198849505438,1
10087708,Lešnjake,Ljubljana,0.06541444986275241,Ljubljana,0.2904050457925186,14437.852379724272,1
10087716,Lipsenj,Cerknica,0.1887012147770216,Cerknica,0.3266958255471748,4841.344970543705,1
10087724,Lovranovo,Cerknica,0.07533898401719337,Ljubljana,0.2332168701291348,7014.732089806231,0
10087732,Lož,Loška dolina,0.9999988075282389,Loška dolina,0.9999993521381229,0.0,1
10087759,Mahneti,Cerknica,0.20304284316402796,Cerknica,0.3366073336252874,8661.487828383943,1
10087767,Malni,Cerknica,0.08880187571974389,Ljubljana,0.2229055904034613,6149.992187935949,0
10087775,Markovec,Loška dolina,0.36084021509520925,Ljubljana,0.1570034287829227,3107.487738019113,0
10087783,Martinjak,Cerknica,0.5067059698033728,Cerknica,0.6772025426885737,4300.712028720107,1
10087791,Metulje,Bloke,0.10811804789407063,Ljubljana,0.2098143668246018,3736.822531487469,0
10087805,Milava,Cerknica,0.16755638572887688,Cerknica,0.2660721052711241,9902.666412844592,1
10087813,Mramorovo pri Lužarjih,Ljubljana,0.06793258236718519,Ljubljana,0.2773319446298476,6646.785723234275,1
10087821,Mramorovo pri Pajkovem,Ljubljana,0.061130741540751134,Ljubljana,0.2703522393949737,6696.84722098832,1
10087830,Nadlesk,Loška dolina,0.36341476909904963,Loška dolina,0.1884723823147504,2701.28702209178,1
10087848,Nemška vas na Blokah,Bloke,0.6596667878227193,Bloke,0.720012087909613,709.5994913660415,1
10087856,Nova vas,Bloke,0.9999987367203542,Bloke,0.999999215314454,0.0,1
10087864,Ograda,Cerknica,0.07535661517776408,Ljubljana,0.2360098597271493,7660.823870319249,0
10087872,Osredek,Ljubljana,0.05328596652899893,Ljubljana,0.2925492748016645,16772.015598074184,1
10087899,Otok,Cerknica,0.23873739610870015,Cerknica,0.4248152756843203,7903.923278984409,1
10087902,Otonica,Cerknica,0.27535271778602544,Cerknica,0.4158742058721714,7338.771113072548,1
10087929,Pikovnik,Cerknica,0.10670013190160324,Ljubljana,0.3095980373315485,11193.389141611273,0
10087937,Pirmane,Cerknica,0.10751836876592663,Ljubljana,0.2358133360274691,10628.853918236016,0
10087945,Podcerkev,Loška dolina,0.36676279755303554,Loška dolina,0.1981315216293345,2592.2346483820074,1
10087953,Podgora pri Ložu,Loška dolina,0.06177481660080905,Ljubljana,0.1789510689278695,5097.402433209444,0
10087961,Podlož,Loška dolina,0.37367813374965236,Loška dolina,0.2140266294192758,2457.7014142573325,1
10087970,Podskrajnik,Cerknica,0.8391284256802284,Cerknica,0.9395675002778988,1422.878281694725,1
10087988,Podslivnica,Cerknica,0.19095449479984708,Cerknica,0.3129476317286633,7946.546190105551,1
10087996,Polšeče,Ljubljana,0.07048883735210182,Ljubljana,0.2919990288414708,9180.636791887324,1
10088003,Ponikve,Cerknica,0.1755963792413892,Cerknica,0.2882344611651295,10138.032797474549,1
10088011,Pudob,Loška dolina,0.3005816023378465,Ljubljana,0.163380533277867,3402.173065575821,0
10088020,Radlek,Cerknica,0.17083256322482948,Cerknica,0.2661401622650097,4140.94755566431,1
10088038,Rakek,Cerknica,0.4983388966689218,Cerknica,0.5442367548139405,4467.919018214839,1
10088046,Ravne,Ljubljana,0.0654111277337479,Ljubljana,0.2913312977335854,15181.369654122222,1
10088054,Ravne na Blokah,Bloke,0.06161681388928944,Ljubljana,0.2117358929846977,4804.0041445953,0
10088062,Ravnik,Ljubljana,0.06385029493693664,Ljubljana,0.2782419232224667,5517.1058122982295,1
10088089,Reparje,Cerknica,0.17185240723522255,Cerknica,0.2700314962630091,9816.063849588934,1
10088097,Rožanče,Cerknica,0.11981421723028017,Cerknica,0.2288900969531752,6044.744894137418,1
10088119,Rudolfovo,Ljubljana,0.05849268899257943,Ljubljana,0.288612409199089,13385.2010085715,1
10088127,Runarsko,Bloke,0.13493090993000437,Ljubljana,0.2086132429971604,3008.537743229585,0
10088135,Selšček,Cerknica,0.47581965191372505,Cerknica,0.5898598629355939,4866.842269853273,1
10088143,Sleme,Cerknica,0.10751836876592663,Cerknica,0.2094044888129742,6238.896589340896,1
10088151,Slivice,Cerknica,0.37975757670890914,Cerknica,0.3545520320836146,6122.848981739975,1
10088160,Slugovo,Cerknica,0.10708060477599712,Ljubljana,0.2257915942604338,8181.524096956514,0
10088178,Stari trg pri Ložu,Loška dolina,0.38280163177994303,Loška dolina,0.3304027409346469,1825.0136494842295,1
10088186,Stražišče,Cerknica,0.21334910965830034,Cerknica,0.3086446641888036,8731.609753249766,1
10088194,Strmca,Ljubljana,0.05919626632445822,Ljubljana,0.2782539152550844,6175.264974405336,1
10088208,Studenec na Blokah,Bloke,0.1606561903745832,Bloke,0.191655237340565,2395.4183403152497,1
10088216,Studeno na Blokah,Bloke,0.1548960625164288,Cerknica,0.1830626217951044,2492.08690591986,0
10088224,Ščurkovo,Ljubljana,0.06910775409590159,Ljubljana,0.2858103368041966,9443.746572735725,1
10088232,Sveta Trojica,Cerknica,0.08946844574851041,Ljubljana,0.2238360047644449,6203.841568831464,0
10088259,Škrabče,Bloke,0.09262046551220521,Ljubljana,0.2487858060334849,4137.368078358833,0
10088267,Škufče,Ljubljana,0.059390942838361875,Ljubljana,0.2658580727199248,4947.940763071719,1
10088275,Šmarata,Loška dolina,0.04547776893270528,Ljubljana,0.1825509679992114,5740.141371933348,0
10088283,Štorovo,Ljubljana,0.05705187177385529,Ljubljana,0.3012024641560904,6691.275113636312,1
10088291,Štrukljeva vas,Cerknica,0.09928430776688359,Ljubljana,0.2384034613102852,11155.05971582322,0
10088305,Tavžlje,Ljubljana,0.05919626632445822,Ljubljana,0.2903420627035255,14393.907612864024,1
10088313,Topol,Bloke,0.12564885460732905,Ljubljana,0.1987544015805136,3206.8311933519253,0
10088321,Topol pri Begunjah,Cerknica,0.391010421933453,Cerknica,0.4914463672433638,6053.054557717559,1
10088330,Ulaka,Cerknica,0.10711840839449423,Ljubljana,0.197030772329779,4017.33203493802,0
10088348,Unec,Cerknica,0.3595852702582649,Cerknica,0.3431568396696219,6286.217395715811,1
10088356,Velike Bloke,Bloke,0.15326409200193516,Ljubljana,0.1797087472969224,2523.4641028612896,0
10088364,Veliki Vrh,Bloke,0.32387332241694317,Bloke,0.4157793090366463,1372.0299464560233,1
10088372,Viševek,Loška dolina,0.2882318832482343,Ljubljana,0.1681487890722523,3796.622854689608,0
10088399,Volčje,Bloke,0.3219012029362051,Bloke,0.4014306393353594,1392.14512868051,1
10088402,Vrh,Loška dolina,0.04487753233870549,Ljubljana,0.1841108087553496,5978.062314049101,0
10088429,Vrhnika pri Ložu,Loška dolina,0.12701840152424732,Ljubljana,0.1758163907739443,4723.214340419309,0
10088437,Zahrib,Ljubljana,0.05774681050966475,Ljubljana,0.2920135662348792,15918.670515892189,1
10088445,Zakraj,Ljubljana,0.0665621970978218,Ljubljana,0.2787402244054725,6293.9017684643095,1
10088453,Zala,Ljubljana,0.06409765726257029,Ljubljana,0.2893834458662205,13794.960677929772,1
10088461,Zales,Ljubljana,0.062257914304798684,Ljubljana,0.2500779446199276,8796.937785221135,1
10088470,Zavrh,Ljubljana,0.05985480558075155,Ljubljana,0.3031630910459569,8148.186911503358,1
10088488,Zelše,Cerknica,0.7207527754654498,Cerknica,0.8223664911343733,2567.369890755332,1
10088496,Žerovnica,Cerknica,0.2509660714360972,Cerknica,0.4267653186116662,6781.784032846993,1
10088500,Zibovnik,Cerknica,0.19514969425800427,Cerknica,0.290021134898303,9095.428438857489,1
10088518,Sveti Vid,Ljubljana,0.07964953154083892,Ljubljana,0.287060459781211,12688.31256524062,1
10088526,Župeno,Cerknica,0.13880101444839718,Ljubljana,0.2744613336756569,10247.136344288394,0
10088534,Klance,Cerknica,0.07239093318182394,Cerknica,0.201548251019126,6111.224782244307,1
10088542,Rakov Škocjan,Cerknica,0.3958358516637357,Cerknica,0.414831955111158,5911.9259966428735,1
10088569,Goričice,Cerknica,0.16755638572887688,Cerknica,0.3085744427157659,8337.250168236049,1
10088577,Adlešiči,Črnomelj,0.07762159939473268,Črnomelj,0.3202448306025933,12260.776236674832,1
10088585,Balkovci,Črnomelj,0.05227595801692538,Črnomelj,0.1668420713222925,21279.952853981165,1
10088593,Bedenj,Črnomelj,0.1927630563747561,Črnomelj,0.4576674697653808,8807.150505822892,1
10088607,Belčji Vrh,Črnomelj,0.07358019821217224,Črnomelj,0.3197944405984826,12489.49504422505,1
10088615,Bistrica,Črnomelj,0.1529846518050814,Črnomelj,0.4061897393210003,9171.202988568344,1
10088623,Blatnik pri Črmošnjicah,Novo mesto,0.11176401436206601,Črnomelj,0.210658760472702,4183.385582945124,0
10088631,Blatnik pri Črnomlju,Črnomelj,0.5357221053891997,Črnomelj,0.7694043365854814,4057.3747269923474,1
10088640,Bojanci,Črnomelj,0.09206811530549261,Črnomelj,0.3600141547816579,11446.632043704823,1
10088658,Brdarci,Črnomelj,0.29191968952043046,Črnomelj,0.5768026924621635,6856.427673560417,1
10088666,Breg pri Sinjem Vrhu,Črnomelj,0.03957597457702242,Ljubljana,0.1419077795386051,23765.50474679141,0
10088674,Brezje pri Rožnem Dolu,Novo mesto,0.1621309799101361,Novo mesto,0.2352570737558333,7295.067620956125,1
10088682,Brezje pri Vinjem Vrhu,Črnomelj,0.18291218701862935,Črnomelj,0.3042409811391947,3977.677611540152,1
10088704,Breznik,Črnomelj,0.20447824370623444,Črnomelj,0.4792255241289147,8383.302132967756,1
10088712,Brezova Reber,Novo mesto,0.1561707056420313,Novo mesto,0.2143533455613379,6676.05338687436,1
10088739,Brezovica pri Črmošnjicah,Novo mesto,0.1093302540238377,Črnomelj,0.1860529407266649,5402.779698514182,0
10088747,Brstovec,Črnomelj,0.1516678929928405,Črnomelj,0.2999079301708905,4734.975632537188,1
10088755,Butoraj,Črnomelj,0.5399173640340466,Črnomelj,0.7897028276426911,3944.1243537854334,1
10088763,Cerkvišče,Črnomelj,0.2062619534965751,Črnomelj,0.4413825422037595,8239.360318282123,1
10088771,Cerovec pri Črešnjevcu,Metlika,0.274776210562797,Metlika,0.2598837326657083,6384.811500036082,1
10088798,Črešnjevec pri Dragatušu,Črnomelj,0.07748873950724436,Črnomelj,0.3291412555651878,12170.037055579734,1
10088801,Črešnjevec pri Semiču,Metlika,0.19545631508186612,Črnomelj,0.2107490329397757,5039.318702310361,0
10088810,Črmošnjice,Novo mesto,0.10892672338034405,Novo mesto,0.1639205790794691,8135.900652619439,1
10088828,Črnomelj,Črnomelj,0.9999998784294468,Črnomelj,0.9999999801047,0.0,1
10088836,Čudno selo,Črnomelj,0.5476361100150311,Črnomelj,0.8067295373765155,3680.454430241025,1
10088844,Dalnje Njive,Črnomelj,0.05236566654546982,Črnomelj,0.1544094328674657,21102.773440074856,1
10088852,Damelj,Črnomelj,0.05290335129296927,Črnomelj,0.1715295329949213,20526.745451698906,1
10088879,Dečina,Črnomelj,0.05203309827906378,Črnomelj,0.1420673281147733,21333.21451393813,1
10088887,Desinec,Črnomelj,0.464335497084945,Črnomelj,0.7235509034219897,4709.214897834163,1
10088895,Deskova vas,Črnomelj,0.08939324940402253,Črnomelj,0.1799880046862992,17257.857593652916,1
10088909,Dobliče,Črnomelj,0.403460153011945,Črnomelj,0.6780536563939723,5089.776420077998,1
10088917,Doblička Gora,Črnomelj,0.32030988956310225,Črnomelj,0.5746146975771557,6397.609588727072,1
10088925,Dolenja Podgora,Črnomelj,0.051718402534662956,Ljubljana,0.142591838889466,21606.821803015864,0
10088933,Dolenja vas pri Črnomlju,Črnomelj,0.7736749844063473,Črnomelj,0.9530506542685696,1617.1344550106908,1
10088941,Dolenjci,Črnomelj,0.11920037019931465,Črnomelj,0.3718843702446108,10614.3688648599,1
10088950,Dolenji Radenci,Črnomelj,0.06973999539674562,Črnomelj,0.1627158600164859,19504.85911813346,1
10088968,Dolenji Suhor pri Vinici,Črnomelj,0.09189121514765519,Črnomelj,0.3471037904326963,11593.44794031248,1
10088976,Dolnja Paka,Črnomelj,0.6203364641508972,Črnomelj,0.8492763496626424,3083.0437735375003,1
10088984,Draga pri Sinjem Vrhu,Črnomelj,0.05344989243130991,Črnomelj,0.155796454128166,21796.78872190615,1
10088992,Dragatuš,Črnomelj,0.1937532757837711,Črnomelj,0.4640377692936791,8685.60012002139,1
10089000,Dragoši,Črnomelj,0.09206811530549261,Črnomelj,0.3164575337674116,11431.33284708791,1
10089018,Dragovanja vas,Črnomelj,0.3845580198093309,Črnomelj,0.6456479478014838,5678.772477136055,1
10089026,Drenovec,Črnomelj,0.08660411591938975,Črnomelj,0.222947531218753,16991.471971669886,1
10089034,Drežnik,Črnomelj,0.08763680261100783,Črnomelj,0.2444223676536327,15739.068360323554,1
10089042,Fučkovci,Črnomelj,0.10325473813310669,Črnomelj,0.3398493285401749,11155.512872537442,1
10089069,Gaber pri Črmošnjicah,Črnomelj,0.11926506099583571,Črnomelj,0.2141361767751977,3842.115434189655,1
10089085,Golek,Črnomelj,0.1955935876523607,Črnomelj,0.4756213696950568,8453.880117726627,1
10089093,Golek pri Vinici,Črnomelj,0.0879921613104875,Črnomelj,0.2178720239054981,17459.846785181537,1
10089107,Gorenja Podgora,Črnomelj,0.051812936030744564,Ljubljana,0.1409909426944349,20906.39899064497,0
10089115,Gorenjci pri Adlešičih,Črnomelj,0.07574457808382966,Črnomelj,0.2912203611073798,13378.001916981792,1
10089123,Gorenji Radenci,Črnomelj,0.06469854106272799,Črnomelj,0.159406020866201,19828.50187212357,1
10089131,Gorica,Črnomelj,0.05554220150176896,Črnomelj,0.1688002909357392,20164.919578235647,1
10089140,Gornja Paka,Črnomelj,0.4014243819277168,Črnomelj,0.6040888427010357,5231.579362794302,1
10089158,Gornje Laze,Novo mesto,0.1877233728730285,Novo mesto,0.2808340074177152,8524.400822741583,1
10089166,Gornji Suhor pri Vinici,Črnomelj,0.07956401837950733,Črnomelj,0.3349708558596326,11977.75370565429,1
10089174,Gradnik,Metlika,0.19268593161972233,Metlika,0.2043281915025514,7848.879289255098,1
10089182,Griblje,Črnomelj,0.1376284494168644,Črnomelj,0.349549762626167,10101.379585797356,1
10089204,Grič pri Dobličah,Črnomelj,0.33963330283153353,Črnomelj,0.5899180673469814,6269.339231753472,1
10089212,Hrast pri Vinici,Črnomelj,0.08613240541718026,Črnomelj,0.2370447024732951,16095.833687954566,1
10089239,Hrib pri Cerovcu,Metlika,0.246574875183003,Metlika,0.2379901596208542,6891.52533537494,1
10089247,Hrib pri Rožnem Dolu,Novo mesto,0.18178709729233483,Novo mesto,0.2688370068079098,10103.715345839544,1
10089255,Jankoviči,Črnomelj,0.14694506311293445,Črnomelj,0.4074551718266828,9821.72593289499,1
10089263,Jelševnik,Črnomelj,0.464335497084945,Črnomelj,0.7054556700378762,4685.265606620717,1
10089271,Jerneja vas,Črnomelj,0.4106554879661385,Črnomelj,0.7000991138122422,4938.519473410521,1
10089280,Kal,Novo mesto,0.11158171210140283,Črnomelj,0.1596555758842966,4202.660903970924,0
10089298,Kanižarica,Črnomelj,0.6246451516204966,Črnomelj,0.8552253816918396,3013.093371973147,1
10089310,Knežina,Črnomelj,0.07752638989692757,Črnomelj,0.3017752271097346,13148.135408603564,1
10089336,Komarna vas,Novo mesto,0.08660978178224715,Novo mesto,0.1595071324031528,11406.12434194984,1
10089344,Kot ob Kolpi,Črnomelj,0.05597434415598951,Črnomelj,0.1481655772622256,20316.820981522174,1
10089379,Kovača vas,Črnomelj,0.0778653222178121,Črnomelj,0.167114102437588,18108.63940435364,1
10089387,Kovačji Grad,Črnomelj,0.05244183058741608,Črnomelj,0.1708901407393884,20861.774783410037,1
10089395,Krupa,Črnomelj,0.1945651814083164,Črnomelj,0.3277682765888938,4407.674544374058,1
10089409,Krvavčji Vrh,Metlika,0.3431401067465347,Metlika,0.3308667159736757,6001.906114819165,1
10089417,Kvasica,Črnomelj,0.3918180358465847,Črnomelj,0.6665321543599665,5413.10179643176,1
10089425,Lipovec,Črnomelj,0.18445134506602742,Semič,0.2696337178970806,2613.459392958064,0
10089433,Lokve,Črnomelj,0.5832480203952211,Črnomelj,0.800955396257218,3338.865864269686,1
10089441,Mala Lahinja,Črnomelj,0.08242293189545985,Črnomelj,0.3380945971314933,11876.809810427423,1
10089450,Mala sela,Črnomelj,0.07348544305457862,Črnomelj,0.2980031185635603,13101.728562146429,1
10089468,Mali Nerajec,Črnomelj,0.11926506099583571,Črnomelj,0.3751542552082653,10777.652961117145,1
10089476,Maline pri Štrekljevcu,Novo mesto,0.1638323235115583,Novo mesto,0.238051849853661,8106.767013967,1
10089484,Marindol,Črnomelj,0.07407562714040641,Črnomelj,0.2561159357473911,14989.98440254442,1
10089492,Mašelj,Novo mesto,0.10718844844773023,Novo mesto,0.1643310523854414,8342.541630944768,1
10089506,Mavrlen,Črnomelj,0.34609464229705894,Črnomelj,0.5883526641621468,6178.178507770873,1
10089514,Mihelja vas,Črnomelj,0.35038845064004254,Črnomelj,0.5247932570992879,5653.067694980449,1
10089522,Miklarji,Črnomelj,0.08202620037691201,Črnomelj,0.2930617001859035,11927.989162652517,1
10089549,Miliči,Črnomelj,0.07734180647467469,Črnomelj,0.2040312868393059,18181.414061989017,1
10089565,Močile,Črnomelj,0.08678936141520399,Črnomelj,0.1910542518005803,16670.467152577614,1
10089573,Moverna vas,Črnomelj,0.15887715402281258,Črnomelj,0.318721647274259,4783.98051641008,1
10089581,Naklo,Črnomelj,0.35038845064004254,Črnomelj,0.5823084559096564,6042.367598391384,1
10089590,Nestoplja vas,Črnomelj,0.19375200778042523,Črnomelj,0.313371234421223,3608.0857698964896,1
10089603,Nova Lipa,Črnomelj,0.067554320267191,Črnomelj,0.2631082639573891,14795.770030645386,1
10089611,Obrh pri Dragatušu,Črnomelj,0.1582289655944912,Črnomelj,0.4486302188730264,9006.133005512234,1
10089620,Ogulin,Črnomelj,0.08707696678089528,Črnomelj,0.2285923695759266,16784.348249955845,1
10089638,Omota,Metlika,0.11254786185881152,Črnomelj,0.198189847849706,5719.104007097769,0
10089646,Oskoršnica,Semič,0.1260826151133194,Semič,0.2489508166695427,3001.032346158357,1
10089654,Osojnik,Novo mesto,0.11790333399664121,Novo mesto,0.1823912413039488,5332.422456107616,1
10089662,Otovec,Črnomelj,0.5169328253922264,Črnomelj,0.7108628541566822,4370.47131702054,1
10089689,Paunoviči,Črnomelj,0.05554220150176896,Črnomelj,0.1801817339696091,20143.06085995668,1
10089697,Perudina,Črnomelj,0.08616367315548863,Črnomelj,0.2416138685009481,16028.041460188717,1
10089719,Petrova vas,Črnomelj,0.3845580198093309,Črnomelj,0.5564858434957597,5711.667195154746,1
10089727,Planina,Črnomelj,0.08982267229374095,Črnomelj,0.1525254146846568,8576.345771053793,1
10089735,Pobrežje,Črnomelj,0.07618353557083483,Črnomelj,0.3017495757345528,12953.325913491608,1
10089743,Podklanec,Črnomelj,0.07734180647467469,Črnomelj,0.2074230045056624,18173.894368563677,1
10089751,Podlog,Črnomelj,0.2192221594149941,Črnomelj,0.515578210331448,7849.267416618921,1
10089760,Podreber,Semič,0.12839013896762275,Semič,0.2611882181938363,2855.895561486352,1
10089778,Potoki,Novo mesto,0.1373454069330238,Novo mesto,0.1934448008645114,6213.540073237998,1
10089786,Praproče,Metlika,0.15117500980712076,Metlika,0.1717208994489866,7670.796048208742,1
10089794,Praprot,Črnomelj,0.20434310506472542,Črnomelj,0.3218917950197741,3710.136705102049,1
10089808,Prelesje,Črnomelj,0.05554220150176896,Črnomelj,0.148726829933926,20152.949845273488,1
10089816,Preloge,Novo mesto,0.15442422577675433,Novo mesto,0.1963230592058552,5360.300907668127,1
10089824,Preloka,Črnomelj,0.07248310756145304,Črnomelj,0.1902210176904243,19266.306157166116,1
10089832,Pribinci,Črnomelj,0.20918800403652152,Črnomelj,0.4969960300898853,8143.958850542933,1
10089859,Pribišje,Novo mesto,0.1669126873738872,Novo mesto,0.2265060037338113,4936.051821696981,1
10089867,Pugled,Črnomelj,0.11938190944253776,Črnomelj,0.2321394107985485,3191.817629476646,1
10089875,Purga,Črnomelj,0.08969498785142761,Črnomelj,0.338312906768602,11641.43623192643,1
10089883,Pusti Gradec,Črnomelj,0.11920937094220252,Črnomelj,0.3919308233776346,10331.600629925812,1
10089891,Rodine,Črnomelj,0.29191968952043046,Črnomelj,0.5225494137298272,6878.496397733366,1
10089905,Rožanec,Črnomelj,0.40469992698457397,Črnomelj,0.6371245135954914,4960.336562418899,1
10089913,Rožič Vrh,Črnomelj,0.389443574066563,Črnomelj,0.619293142622732,5634.953921117298,1
10089921,Rožni Dol,Novo mesto,0.15964061168011426,Novo mesto,0.2348135687034526,7374.130508754728,1
10089930,Ručetna vas,Črnomelj,0.3151878820127651,Črnomelj,0.4705280714995111,4791.529054763009,1
10089956,Sečje selo,Črnomelj,0.07990560446505318,Črnomelj,0.2114767816443382,17886.45338299445,1
10089964,Sela pri Dragatušu,Črnomelj,0.28999688751452735,Črnomelj,0.5527436726245862,7075.783946430333,1
10089972,Sela pri Otovcu,Črnomelj,0.4695134337915152,Črnomelj,0.696139800628864,4561.838284832729,1
10090008,Sela pri Vrčicah,Novo mesto,0.12771972540315832,Črnomelj,0.2144723541589842,3557.4069583521277,0
10090016,Semič,Semič,0.9999992083834358,Semič,0.9999996279967862,0.0,1
10090024,Sinji Vrh,Črnomelj,0.05289907978660614,Črnomelj,0.1637726379315212,20564.15641257414,1
10090032,Sodevci,Črnomelj,0.05179184922460839,Ljubljana,0.1420701471277332,21678.370644254024,0
10090059,Sodji Vrh,Metlika,0.18719320316436303,Metlika,0.1828507936937108,7953.815388852015,1
10090067,Sredgora,Črnomelj,0.07956401837950733,Črnomelj,0.2484259068027317,10946.803655354664,1
10090075,Srednja vas,Novo mesto,0.12652687833908846,Novo mesto,0.174227679744127,7068.299794843033,1
10090083,Srednji Radenci,Črnomelj,0.06666331636487198,Črnomelj,0.1606150833422053,19709.45167547175,1
10090091,Stara Lipa,Črnomelj,0.07622152187609582,Črnomelj,0.2977059309202732,13305.440112500495,1
10090105,Stari trg ob Kolpi,Črnomelj,0.08669150427107168,Črnomelj,0.1853976573034772,17016.549895287673,1
10090113,Starihov Vrh,Črnomelj,0.2192221594149941,Črnomelj,0.3493808545456151,3583.827481714928,1
10090121,Stranska vas pri Semiču,Črnomelj,0.2730806205981366,Črnomelj,0.4248030196827849,4750.191518259353,1
10090130,Stražnji Vrh,Črnomelj,0.39424906466426246,Črnomelj,0.6524131862523534,5331.77080070411,1
10090148,Svibnik,Črnomelj,0.7511917012660588,Črnomelj,0.9338321966893824,1902.4828130676576,1
10090156,Šipek,Črnomelj,0.29303322658305303,Črnomelj,0.5668184362511135,7021.382325678331,1
10090164,Špeharji,Črnomelj,0.04573483356575078,Ljubljana,0.1400352657951813,22645.819575676804,0
10090172,Štrekljevec,Novo mesto,0.11246760175879529,Črnomelj,0.1725156924604096,4214.382668188762,0
10090199,Talčji Vrh,Črnomelj,0.403460153011945,Črnomelj,0.64761456865393,5143.260013321598,1
10090202,Tanča Gora,Črnomelj,0.34237673331735863,Črnomelj,0.6042029102669938,6262.362815383527,1
10090237,Trebnji Vrh,Črnomelj,0.15394964159906352,Črnomelj,0.2677572670067156,3159.6355096316543,1
10090245,Tribuče,Črnomelj,0.3729238215752529,Črnomelj,0.6388737193348032,5887.915335814871,1
10090253,Tušev Dol,Črnomelj,0.5042019585765235,Črnomelj,0.7246686026897455,4410.270787351063,1
10090261,Učakovci,Črnomelj,0.057480633758273975,Črnomelj,0.1786463528630849,20111.90501097334,1
10090288,Velika Lahinja,Črnomelj,0.40469992698457397,Črnomelj,0.7094376798120727,4987.666238271875,1
10090296,Velika sela,Črnomelj,0.07297265206779428,Črnomelj,0.3045521010462692,12844.18713668803,1
10090300,Veliki Nerajec,Črnomelj,0.14022298955230883,Črnomelj,0.4047167071693993,10009.865705662876,1
10090318,Vinica,Črnomelj,0.08632841419637317,Črnomelj,0.2233948547853694,17102.017693956728,1
10090326,Vinji Vrh pri Semiču,Črnomelj,0.19998025386843454,Črnomelj,0.3482610983645948,4870.268195918813,1
10090334,Vojna vas,Črnomelj,0.8103835391735065,Črnomelj,0.9857752116704016,860.1591974177055,1
10090342,Vranoviči,Črnomelj,0.40469992698457397,Črnomelj,0.6496309206493205,4973.827400428065,1
10090369,Vrčice,Črnomelj,0.12100552984178661,Črnomelj,0.2155214885192547,3649.721144393704,1
10090377,Vrhovci,Črnomelj,0.06779422441301275,Črnomelj,0.2730720278939457,14170.024431736352,1
10090393,Vukovci,Črnomelj,0.05233966312223335,Črnomelj,0.1650449824726668,21450.11699141169,1
10090407,Zagozdac,Črnomelj,0.052612261202642535,Ljubljana,0.143705118534725,21416.90641934149,0
10090415,Zajčji Vrh,Črnomelj,0.5705100777100549,Črnomelj,0.8161864947056061,3446.2739083860624,1
10090423,Zapudje,Črnomelj,0.09206811530549261,Črnomelj,0.353283293986284,11405.435488005398,1
10090431,Zastava,Črnomelj,0.4014243819277168,Črnomelj,0.6693987296711479,5230.310306384454,1
10090440,Zilje,Črnomelj,0.05203309827906378,Črnomelj,0.1670646442868785,21351.105292750333,1
10090458,Zorenci,Črnomelj,0.4498293249778959,Črnomelj,0.7276329829514832,4747.318634722588,1
10090466,Žuniči,Črnomelj,0.07283351653568224,Črnomelj,0.1928447052911071,19050.26763007249,1
10090474,Bišče,Ljubljana,0.46042836190799596,Ljubljana,0.5642474011260885,4203.813861608372,1
10090482,Blagovica,Kamnik,0.17565798509822556,Ljubljana,0.2789872582759944,9093.722946253887,0
10090504,Brdo,Domžale,0.4868398302313337,Ljubljana,0.4104486512986813,5572.774229813133,0
10090512,Brdo pri Lukovici,Lukovica,0.9111477632270472,Lukovica,0.8314791575637824,539.7071987326867,1
10090539,Brezje pri Dobu,Domžale,0.44316198744058305,Ljubljana,0.3213545470884513,4265.115586902786,0
10090547,Brezovica pri Dobu,Domžale,0.5179651049633537,Domžale,0.3402274529984336,5266.458494019798,1
10090555,Brezovica pri Zlatem Polju,Kamnik,0.20894527491319226,Ljubljana,0.3014710113448203,7030.926002232889,0
10090563,Bršlenovica,Kamnik,0.10987132170120133,Ljubljana,0.2268298763536094,11813.730751281346,0
10090571,Čeplje,Lukovica,0.38411724327550173,Ljubljana,0.2573498941744424,2416.0181463819163,0
10090580,Češenik,Domžale,0.720462368396063,Domžale,0.5665340585154875,2999.842730361442,1
10090598,Češnjice,Kamnik,0.1874616550187416,Ljubljana,0.2805596818422803,10468.115106604511,0
10090601,Češnjice pri Moravčah,Moravče,0.4650234269291211,Moravče,0.3611715802678611,1217.5791715885591,1
10090610,Depala vas,Domžale,0.6538070861281176,Ljubljana,0.3110910319325304,1466.3981425267923,0
10090628,Dešen,Litija,0.2213573805349375,Ljubljana,0.2997006213007167,7839.886516538439,0
10090636,Dob,Domžale,0.7956635050639381,Domžale,0.6836087066014838,2288.2232116400105,1
10090644,Dobeno,Ljubljana,0.30210851626938234,Ljubljana,0.4761886790714117,5389.893285080385,1
10090652,Dole pod Sv. Trojico,Domžale,0.24232724476430126,Ljubljana,0.3484552203562104,4719.323818408205,0
10090679,Dole pri Krašcah,Kamnik,0.20673585713235276,Ljubljana,0.3106814021006376,2584.989156228763,0
10090687,Dolenje,Kamnik,0.28252228575962435,Ljubljana,0.2893609028778934,3718.5053413817577,0
10090695,Domžale,Domžale,0.9976251203327045,Domžale,0.9999998908073424,0.0,1
10090709,Dragomelj,Domžale,0.539090057394435,Ljubljana,0.5072843869344936,4430.933489107816,0
10090717,Drtija,Moravče,0.29934012586033715,Moravče,0.2492470129861696,1622.1231083408547,1
10090725,Dupeljne,Kamnik,0.2425838896832376,Ljubljana,0.3068842507512817,4968.836398459231,0
10090733,Gabrje pod Limbarsko Goro,Kamnik,0.15394068735968486,Ljubljana,0.2888411995669442,2917.0236134573765,0
10090741,Gabrje pod Špilkom,Kamnik,0.16919925865585472,Ljubljana,0.2714587318196493,13665.524446811767,0
10090750,Golčaj,Kamnik,0.16451106841834726,Ljubljana,0.2778439194033379,9399.42507784796,0
10090768,Gora pri Pečah,Litija,0.11538324238806276,Ljubljana,0.2768605744754845,5207.52554323563,0
10090776,Gorenje,Kamnik,0.10731227501616289,Ljubljana,0.2669745686495325,13399.793559693457,0
10090784,Gorica,Moravče,0.27908662298019643,Ljubljana,0.2698035835925101,1648.463232329408,0
10090792,Goričica pri Ihanu,Domžale,0.525363303359389,Ljubljana,0.3776161947896561,4521.596084128216,0
10090806,Goričica pri Moravčah,Domžale,0.2977395791736235,Ljubljana,0.3431948944420682,5056.028424916178,0
10090814,Gorjuša,Domžale,0.6233043312461182,Domžale,0.4417707072741912,3995.2251970267416,1
10090822,Gradišče pri Lukovici,Lukovica,0.49385756042198387,Lukovica,0.3796668731759491,1671.8245640446407,1
10090849,Homec,Domžale,0.5224355966889053,Domžale,0.3260295806216011,4396.1769522525765,1
10090857,Hrastnik,Kamnik,0.10690855075502213,Ljubljana,0.297858632571043,5069.771324191764,0
10090865,Hrib nad Ribčami,Litija,0.18998407397025563,Ljubljana,0.3567857263745987,4613.0756870168025,0
10090873,Hribi,Kamnik,0.07953996186426815,Ljubljana,0.197760505688326,9911.763779853847,0
10090881,Hudo,Kamnik,0.5566964809056769,Domžale,0.2821960173580395,5219.271793175313,0
10090890,Ihan,Domžale,0.6512775195357375,Domžale,0.4372076713377595,3611.002527868347,1
10090903,Imenje,Domžale,0.23849854306455837,Ljubljana,0.3136653536823336,3896.865588914656,0
10090911,Imovica,Lukovica,0.4157237385916176,Ljubljana,0.2791359046333418,2368.0063026684606,0
10090920,Jasen,Kamnik,0.27162488420947506,Ljubljana,0.3105634081296837,5000.161275779923,0
10090938,Javorje pri Blagovici,Kamnik,0.12577674450469356,Ljubljana,0.2669238348949144,12418.23662704921,0
10090946,Jelša,Kamnik,0.16716754684506221,Ljubljana,0.276784100432519,10860.34106983822,0
10090954,Katarija,Litija,0.12282655611485799,Ljubljana,0.335677739729,5339.612698127563,0
10090962,Kokošnje,Domžale,0.2791312748758955,Ljubljana,0.3528585092369761,5833.111613238825,0
10090989,Količevo,Domžale,0.8486122301696849,Domžale,0.7514045012725306,1873.1401790930431,1
10090997,Kolovec,Domžale,0.2985767745849349,Ljubljana,0.3132201176482516,7476.832488242993,0
10091004,Kompolje,Lukovica,0.25753824216528737,Ljubljana,0.2870330904345947,3338.171823742684,0
10091012,Koreno,Kamnik,0.19569745324367005,Ljubljana,0.3133485973524295,5412.556465023697,0
10091039,Korpe,Kamnik,0.1530324200107482,Ljubljana,0.292272051391571,9115.031820859622,0
10091047,Krajno Brdo,Kamnik,0.19215670484462527,Ljubljana,0.3048865936268872,7012.242342916434,0
10091055,Krašce,Kamnik,0.19337027021809916,Ljubljana,0.3040271157138975,2303.580870252411,0
10091063,Krašnja,Kamnik,0.1921428743795436,Ljubljana,0.3026220741405639,4950.05718291144,0
10091071,Križate,Litija,0.1181374099717478,Ljubljana,0.2499133345843158,7888.519022916268,0
10091080,Krtina,Domžale,0.5438549909683126,Domžale,0.4127747263162978,4337.315619201208,1
10091098,Laze pri Domžalah,Domžale,0.5172992781421578,Domžale,0.3428293500733505,5236.578702985598,1
10091101,Limbarska Gora,Kamnik,0.10582476033346637,Ljubljana,0.3015164472858182,6413.019657909818,0
10091110,Lipa,Kamnik,0.1861599215732404,Ljubljana,0.2918453418128633,9373.109999251652,0
10091128,Log,Kamnik,0.10753399648518108,Ljubljana,0.2669847605858914,12897.29523183434,0
10091136,Loka pri Mengšu,Mengeš,0.6162287595897216,Ljubljana,0.2999240379239855,1187.1581048208234,0
10091144,Lukovica pri Domžalah,Lukovica,0.9978454507394697,Lukovica,0.9999993319188072,0.0,1
10091152,Mala Lašna,Kamnik,0.2159460465951209,Ljubljana,0.3099042343309894,6058.643315526618,0
10091179,Mala Loka,Domžale,0.5334626979869926,Ljubljana,0.5094143444118528,5065.980343203543,0
10091187,Mali Jelnik,Kamnik,0.1734859768009027,Ljubljana,0.2833428039400558,10000.720064033823,0
10091195,Mengeš,Mengeš,0.9955379424571378,Mengeš,0.9999963925216472,0.0,1
10091209,Moravče,Moravče,0.9912396622699775,Moravče,0.9999987353678644,0.0,1
10091217,Mošenik,Kamnik,0.1491944001552064,Ljubljana,0.2891022392205263,3298.441933998012,0
10091225,Negastrn,Kamnik,0.19809635864206007,Ljubljana,0.2899480627263238,3322.503360243975,0
10091233,Nožice,Kamnik,0.6527286749420972,Kamnik,0.2928513826006206,4759.083339427766,1
10091241,Obrše,Kamnik,0.2840626793479076,Ljubljana,0.2872193517213378,3996.769332020693,0
10091250,Peče,Litija,0.11650411591395017,Ljubljana,0.2695959260785164,5953.062739389111,0
10091268,Ples,Kamnik,0.12247361491595042,Ljubljana,0.2934898071046582,4683.958739313861,0
10091276,Podgora pri Zlatem Polju,Kamnik,0.22746927691044252,Ljubljana,0.3006323148081904,5558.293693479053,0
10091284,Podgorica pri Pečah,Litija,0.11407816562849106,Ljubljana,0.2596680940902996,7745.951518280811,0
10091292,Podmilj,Kamnik,0.12545902556976102,Ljubljana,0.248470838594391,12320.964033843176,0
10091306,Podrečje,Domžale,0.8677279408842721,Domžale,0.819219922499074,1505.5410667751896,1
10091314,Podsmrečje,Kamnik,0.15864369785248092,Ljubljana,0.2906699774776767,7932.522972770188,0
10091322,Podstran,Moravče,0.3112989165226058,Ljubljana,0.2581238461987726,1541.6551473637476,0
10091349,Pogled,Moravče,0.1888740603149207,Ljubljana,0.2744266861206688,2170.0115766500594,0
10091357,Poljane nad Blagovico,Kamnik,0.20624940087384258,Ljubljana,0.2770416810648407,11841.629268693896,0
10091365,Prelog,Domžale,0.7602233222685623,Domžale,0.6204643884206651,2427.491391084814,1
10091373,Preserje pri Lukovici,Lukovica,0.29960838363979475,Ljubljana,0.3007907608601018,3064.280192356924,0
10091381,Preserje pri Radomljah,Domžale,0.720462368396063,Domžale,0.5146469985161465,2476.992260655315,1
10091390,Preserje pri Zlatem Polju,Kamnik,0.28846275348958517,Ljubljana,0.2801786721693788,3828.429684276513,0
10091403,Pretrž,Litija,0.11637093054595737,Ljubljana,0.2607114168481939,7166.470115358533,0
10091411,Prevalje,Domžale,0.35522456351139664,Ljubljana,0.3005218902142391,2992.2631048809367,0
10091420,Prevoje,Kamnik,0.15862415501585206,Ljubljana,0.2678273754589405,11675.54021958041,0
10091438,Prevoje pri Šentvidu,Domžale,0.5334626979869926,Domžale,0.3238784699484073,2525.708209040339,1
10091446,Prikrnica,Kamnik,0.19372760998140748,Ljubljana,0.3248288607097973,3272.3903127650733,0
10091454,Prilesje,Kamnik,0.1683338361385372,Ljubljana,0.2715457365825863,11631.923798513144,0
10091462,Prvine,Kamnik,0.09988830699648879,Ljubljana,0.2378796724258676,12633.266777824954,0
10091489,Pšata,Ljubljana,0.4659933698557151,Ljubljana,0.5943463412286965,4735.291120955722,1
10091497,Rača,Domžale,0.3161906142042969,Ljubljana,0.350110958615746,5710.189712204258,0
10091519,Račni Vrh,Domžale,0.3507443895927147,Ljubljana,0.3497718102587834,6519.382855624631,0
10091527,Radomlje,Kamnik,0.547268523051358,Domžale,0.3526349950487104,4360.698997883223,0
10091535,Rafolče,Lukovica,0.43537081150213064,Ljubljana,0.253471683515999,2259.4056197697814,0
10091543,Rodica,Domžale,0.974579866320974,Domžale,0.9350098459021852,782.8526047960072,1
10091551,Rova,Domžale,0.4773503080679527,Domžale,0.2884327052593103,5671.763592787486,1
10091560,Rudnik pri Moravčah,Moravče,0.9106388469621995,Moravče,0.878786113441579,329.2490212166379,1
10091578,Selce,Kamnik,0.19372760998140748,Ljubljana,0.2765946755869746,12564.167082924068,0
10091586,Selce pri Moravčah,Kamnik,0.15526570879053206,Ljubljana,0.2914102871081085,2793.9519787878494,0
10091594,Selo pri Ihanu,Domžale,0.5338280831918729,Ljubljana,0.4758525178951291,3504.0455631611494,0
10091608,Selo pri Moravčah,Domžale,0.24731565388027918,Ljubljana,0.3416950879123934,4088.615801721504,0
10091616,Serjuče,Moravče,0.27030301896502146,Ljubljana,0.2558030300518911,1797.09811681646,0
10091624,Soteska pri Moravčah,Moravče,0.45798105257173005,Moravče,0.3398288823622092,1289.4702133733545,1
10091632,Spodnja Dobrava,Kamnik,0.15826612925673955,Ljubljana,0.2961339171584745,3115.273458127342,0
10091659,Spodnja Javoršica,Kamnik,0.19323435844540277,Ljubljana,0.3997697222317025,6186.545079683311,0
10091667,Spodnje Jarše,Domžale,0.9403857274513565,Domžale,0.9106011204614832,952.6087407314038,1
10091675,Spodnje Koseze,Domžale,0.24083346623016513,Ljubljana,0.3202676345066358,3818.408883695767,0
10091683,Spodnje Loke,Kamnik,0.16919624517560028,Ljubljana,0.2998460423094968,5961.3871891140725,0
10091691,Spodnje Prapreče,Lukovica,0.6164616289856507,Lukovica,0.5090576816320014,1224.6025495790348,1
10091705,Spodnji Petelinjek,Kamnik,0.15826612925673955,Ljubljana,0.2624157184498043,11026.477450992474,0
10091713,Spodnji Prekar,Litija,0.20647110736698956,Ljubljana,0.3628512844439249,4867.011968555928,0
10091721,Spodnji Tuštanj,Kamnik,0.19243476493907496,Ljubljana,0.323337214561919,3138.250259664805,0
10091730,Srednje Jarše,Domžale,0.8486122301696849,Domžale,0.7698082075419542,1657.995786166709,1
10091748,Stegne,Domžale,0.23964228309109006,Ljubljana,0.3497331262020033,4952.934624926873,0
10091756,Straža,Kamnik,0.25381843426066814,Ljubljana,0.3043926709328955,4794.36009451817,0
10091764,Studenec pri Krtini,Domžale,0.3775197654313711,Ljubljana,0.3293475857248442,4459.424404138093,0
10091772,Suša,Kamnik,0.10650108841115406,Ljubljana,0.2669893853439929,13064.946480828305,0
10091799,Šentožbolt,Kamnik,0.10732033185901683,Ljubljana,0.2266185954627781,11449.27824974946,0
10091802,Šentpavel pri Domžalah,Domžale,0.5219705292613682,Ljubljana,0.4898764047116863,4537.841449618108,0
10091829,Šentvid pri Lukovici,Lukovica,0.5147954986856899,Lukovica,0.3488446807732154,1515.66157791915,1
10091837,Škocjan,Domžale,0.3775197654313711,Ljubljana,0.3162470979168471,3568.4408712873505,0
10091845,Škrjančevo,Domžale,0.719201768120924,Domžale,0.5314649966295618,3069.608035869386,1
10091853,Topole,Domžale,0.45414525142474366,Ljubljana,0.2961737206712612,2683.349583176494,0
10091861,Trnjava,Lukovica,0.46400266570346205,Lukovica,0.2844691102327292,2115.9614386227045,1
10091870,Trnovče,Kamnik,0.2425838896832376,Ljubljana,0.2956200857304433,4771.622769137638,0
10091888,Trojane,Kamnik,0.10376554825018822,Ljubljana,0.2038180136914931,9656.132596306872,0
10091896,Sv. Trojica,Domžale,0.2985767745849349,Ljubljana,0.3608582249522768,7439.922841483122,0
10091900,Trzin,Trzin,0.9959451337906932,Trzin,0.9999984752306336,0.0,1
10091918,Turnše,Domžale,0.6426935634950213,Domžale,0.4504048938028015,3856.434621537664,1
10091926,Učak,Kamnik,0.10726054272395225,Ljubljana,0.2197642343284501,10919.429564661024,0
10091934,V Zideh,Kamnik,0.09037759875512656,Ljubljana,0.1924593357784415,8924.105800243418,0
10091942,Velika vas,Litija,0.17495195708919212,Ljubljana,0.4240796590414197,7249.277867125749,0
10091969,Veliki Jelnik,Kamnik,0.1620054072461872,Ljubljana,0.2785078663899574,11211.99842885363,0
10091977,Videm pri Lukovici,Lukovica,0.30277910835864197,Ljubljana,0.3016180065899572,2974.6327558040925,0
10091985,Vinje pri Moravčah,Kamnik,0.19571524342378338,Ljubljana,0.301527940452125,4298.156450226649,0
10091993,Vir,Domžale,0.9729399755769778,Domžale,0.9355890640537914,825.8111089210424,1
10092019,Vošce,Kamnik,0.19057274297548663,Ljubljana,0.2953584048797287,8327.955704696788,0
10092027,Vranke,Kamnik,0.15204554529486314,Ljubljana,0.2652504884887936,11146.056701496587,0
10092035,Vrba,Domžale,0.41566560451419726,Ljubljana,0.2797548753306197,2514.953389422082,0
10092043,Vrh nad Krašnjo,Kamnik,0.20211823635992482,Ljubljana,0.3004655364426639,7553.117783881074,0
10092051,Vrhovlje,Kamnik,0.28385153117729944,Ljubljana,0.2841838206596174,3334.948930319713,0
10092060,Vrhpolje pri Moravčah,Kamnik,0.20488798986044163,Ljubljana,0.3440422655218016,4266.928905237486,0
10092078,Zaboršt,Domžale,0.7956635050639381,Domžale,0.6786795046346591,2203.1512191453794,1
10092086,Zagorica pri Rovah,Kamnik,0.2892079833819915,Ljubljana,0.298386662024494,4304.481238681774,0
10092094,Zalog pod Sv. Trojico,Domžale,0.2970883472976188,Ljubljana,0.3430778280504469,5158.435165017942,0
10092108,Zalog pri Kresnicah,Litija,0.17495195708919212,Ljubljana,0.383612169879075,5468.145907208927,0
10092116,Zalog pri Moravčah,Moravče,0.6128604003699707,Moravče,0.557074478887157,815.9739571436783,1
10092124,Zavrh pri Trojanah,Kamnik,0.10202843361094122,Ljubljana,0.205485954703285,11685.17510449131,0
10092132,Zgornja Dobrava,Kamnik,0.15445380176677892,Ljubljana,0.2922283239081491,3734.07021453333,0
10092159,Zgornja Javoršica,Kamnik,0.21161748204343409,Ljubljana,0.406004991418385,7082.750442503395,0
10092167,Zgornje Jarše,Domžale,0.7545187100519528,Domžale,0.5509156952231692,2029.4016899742296,1
10092175,Zgornje Koseze,Litija,0.11576812194976925,Ljubljana,0.2792516304661641,5147.3296219842205,0
10092183,Zgornje Loke,Kamnik,0.15878945119391025,Ljubljana,0.2952415555245684,7555.3525350154,0
10092191,Zgornje Prapreče,Lukovica,0.5021698472860273,Lukovica,0.3987645838687453,1603.6093897016026,1
10092205,Zgornji Petelinjek,Kamnik,0.16204910281224888,Ljubljana,0.264043158430469,10982.460891949651,0
10092213,Zgornji Prekar,Litija,0.20350245641206052,Ljubljana,0.3296775654896471,5023.881513920096,0
10092221,Zgornji Tuštanj,Kamnik,0.1881447301062503,Ljubljana,0.3167303089975888,3042.2730054400704,0
10092230,Zlatenek,Kamnik,0.17129509167502469,Ljubljana,0.2771977547681863,9903.221196754032,0
10092248,Zlato Polje,Kamnik,0.21285109115490844,Ljubljana,0.3021907210292958,6099.651896662574,0
10092256,Žeje,Domžale,0.30623985908602086,Ljubljana,0.3615026263977849,7224.778279300374,0
10092264,Želodnik,Domžale,0.7000509563753913,Domžale,0.544575691943974,3198.0509751418567,1
10092272,Žiče,Domžale,0.3004733149967495,Ljubljana,0.2944324550238684,4698.064018084145,0
10092299,Žirovše,Kamnik,0.165501640241541,Ljubljana,0.2997032314711549,6466.491402652719,0
10092302,Straža pri Moravčah,Kamnik,0.1611475515277977,Ljubljana,0.2813183208524262,2370.761697723931,0
10092329,Dvorje,Domžale,0.23354906005036358,Ljubljana,0.3312030613460178,3433.6460744380943,0
10092337,Sveti Andrej,Domžale,0.21569450876348523,Ljubljana,0.3228865455394462,3112.944730493942,0
10092345,Dobovlje,Domžale,0.3556708286427781,Ljubljana,0.4341402874036595,6868.265792346315,0
10092353,Bukovska vas,Slovenj Gradec,0.42546370498317243,Slovenj Gradec,0.4580420839024546,5973.865771857818,1
10092361,Črneče,Dravograd,0.42356537991570264,Dravograd,0.6184896604662035,3311.5478183684586,1
10092370,Črneška Gora,Dravograd,0.16449048284111942,Dravograd,0.379902696184388,6086.037178371084,1
10092388,Dobrova pri Dravogradu,Dravograd,0.415430494945476,Dravograd,0.5646197525091236,3403.565393642577,1
10092396,Dravograd,Dravograd,0.9919605619633179,Dravograd,0.9999999395483308,0.0,1
10092400,Gorče,Dravograd,0.10405520606799071,Dravograd,0.2500322341570016,9115.318367860684,1
10092418,Goriški Vrh,Dravograd,0.13205051146689603,Dravograd,0.2738096297831475,8775.010639884813,1
10092426,Kozji Vrh nad Dravogradom,Dravograd,0.152864100229956,Dravograd,0.2926392727404899,7038.252610424644,1
10092434,Libeliče,Dravograd,0.09987712345150587,Dravograd,0.2302201546817416,9808.382179339971,1
10092442,Libeliška Gora,Dravograd,0.07360185346622215,Dravograd,0.1940812393977609,11173.179882717886,1
10092469,Ojstrica,Dravograd,0.10354167652163898,Dravograd,0.255911245139946,9327.696805994074,1
10092477,Otiški Vrh,Dravograd,0.42670764806867795,Dravograd,0.5552204038752825,3259.780584232134,1
10092485,Podklanc,Dravograd,0.46887659003279936,Dravograd,0.6340043564239618,2832.172093970127,1
10092493,Selovec,Slovenj Gradec,0.3485502633061733,Slovenj Gradec,0.4514499310300587,6272.209242022913,1
10092507,Sv. Boštjan,Dravograd,0.47357493650538496,Dravograd,0.6899919051364071,2781.9306661679148,1
10092515,Sv. Danijel,Slovenj Gradec,0.1507719886170527,Slovenj Gradec,0.2199968849827077,8559.297256843123,1
10092523,Sv. Duh,Dravograd,0.16205194662520167,Dravograd,0.4003078737944575,5921.579857635357,1
10092531,Šentjanž pri Dravogradu,Slovenj Gradec,0.306044577453412,Dravograd,0.3441080467293559,4705.850323167329,0
10092540,Tolsti Vrh p. R. na K. - del,Dravograd,0.2323606461683772,Dravograd,0.4509419099346748,4591.506098064016,1
10092558,Trbonje,Muta,0.25741452748834176,Muta,0.2153915256107053,5580.68897302286,1
10092566,Tribej,Dravograd,0.15937925742274836,Dravograd,0.3833912339808429,6027.826558605858,1
10092574,Velka,Dravograd,0.1870620212905404,Dravograd,0.390005531858231,5108.572290811615,1
10092582,Vič,Dravograd,0.4172633487908538,Dravograd,0.6369701043015938,3373.9300578609605,1
10092604,Vrata,Muta,0.2557666033208473,Dravograd,0.2174689656502546,5606.217576514512,0
10092612,Apače,Apače,0.9949213147860446,Apače,0.999999470091877,0.0,1
10092639,Aženski Vrh,Gornja Radgona,0.2338270941443351,Gornja Radgona,0.3093305191483794,5180.7345886438,1
10092647,Biserjane,Sveti Jurij ob Ščavnici,0.6733926513553941,Sveti Jurij ob Ščavnici,0.7451178136142627,1202.8151920509322,1
10092655,Blaguš,Sveti Jurij ob Ščavnici,0.45138963371985136,Sveti Jurij ob Ščavnici,0.528958904089278,2013.737744083969,1
10092663,Boračeva,Radenci,0.47209008450662104,Radenci,0.5615549806523731,1761.9724531508384,1
10092671,Brezje,Sveti Jurij ob Ščavnici,0.5100494743891619,Sveti Jurij ob Ščavnici,0.5658869788979373,1760.3335067290643,1
10092680,Čakova,Sveti Jurij ob Ščavnici,0.5122846161506467,Sveti Jurij ob Ščavnici,0.5898225960925689,1725.1048655331042,1
10092698,Črešnjevci,Gornja Radgona,0.5378227335300035,Gornja Radgona,0.6413932407376697,2423.0285904280745,1
10092701,Črnci,Apače,0.37332035949375597,Apače,0.4029477939252466,1759.088903967776,1
10092710,Dragotinci,Sveti Jurij ob Ščavnici,0.3530978600497188,Sveti Jurij ob Ščavnici,0.3959607872495012,2530.584426022097,1
10092728,Drobtinci,Maribor,0.11767294924418968,Maribor,0.2007009238265538,5222.888322204363,1
10092736,Gabrc,Murska Sobota,0.16346081453626088,Ptuj,0.160279145557038,5289.248429088174,0
10092744,Galušak,Murska Sobota,0.1579469609147775,Ptuj,0.146107853213622,4992.568864585745,0
10092752,Gornja Radgona,Gornja Radgona,0.998521098060865,Gornja Radgona,0.999999909755494,0.0,1
10092779,Gornji Ivanjci,Murska Sobota,0.17399771434160993,Maribor,0.1403786582245024,6425.21302234275,0
10092787,Grabe,Maribor,0.11437848863022268,Maribor,0.2160332512495407,3990.913573725615,1
10092795,Grabonoš,Sveti Jurij ob Ščavnici,0.2842715359303408,Sveti Jurij ob Ščavnici,0.2722212491839937,3249.279256712749,1
10092809,Grabšinci,Ptuj,0.17645324447898542,Ptuj,0.1746879032857302,6575.1721844444255,1
10092817,Hercegovščak,Gornja Radgona,0.6921525449078536,Gornja Radgona,0.8142155591209003,1676.6129991146302,1
10092825,Hrastje-Mota,Murska Sobota,0.17545169276055808,Murska Sobota,0.2087665814878206,4600.003767487242,1
10092833,Hrašenski Vrh,Murska Sobota,0.15096327357835876,Murska Sobota,0.1770885935750413,5255.371533600308,1
10092841,Ivanjski Vrh,Murska Sobota,0.1567462850161739,Cerkvenjak,0.1585692340059397,3954.748318550016,0
10092850,Ivanjševci ob Ščavnici,Murska Sobota,0.17421454247911627,Maribor,0.1447504465059615,8296.822953903022,0
10092868,Ivanjševski Vrh,Murska Sobota,0.1737480093674434,Gornja Radgona,0.1537307280809459,7684.967381639052,0
10092876,Jamna,Sveti Jurij ob Ščavnici,0.678228518707062,Sveti Jurij ob Ščavnici,0.8104913341226462,998.4967896150846,1
10092884,Janhova,Maribor,0.10864745488733554,Maribor,0.2032135443949724,6052.539619058203,1
10092892,Janžev Vrh,Gornja Radgona,0.22320868249745715,Gornja Radgona,0.2321117986456397,4887.298676954066,1
10092906,Kapelski Vrh,Radenci,0.21932678325455804,Radenci,0.2574181988494599,3649.735515333501,1
10092914,Kobilščak,Radenci,0.2928209103335483,Radenci,0.344251265013642,2886.2468401304154,1
10092922,Kocjan,Murska Sobota,0.16290508217757915,Radenci,0.1489545550731966,5277.541103560188,0
10092949,Kočki Vrh,Cerkvenjak,0.3161008676411466,Cerkvenjak,0.304266619534866,2459.0994722078053,1
10092957,Kokolajnščak,Ptuj,0.1727845717241048,Ptuj,0.1756240267151876,6584.361723439355,1
10092965,Kraljevci,Sveti Jurij ob Ščavnici,0.26595577788335484,Sveti Jurij ob Ščavnici,0.2090106898838511,3308.026744014491,1
10092973,Kunova,Maribor,0.1553593207374434,Maribor,0.1452534268431695,4215.009491153952,1
10092981,Kupetinci,Murska Sobota,0.17275058121171022,Murska Sobota,0.2223901627339565,6260.556691531497,1
10092990,Kutinci,Sveti Jurij ob Ščavnici,0.16772820570226213,Sveti Jurij ob Ščavnici,0.1718515094391056,4423.324899204599,1
10093007,Lastomerci,Gornja Radgona,0.1866508015477131,Gornja Radgona,0.2212918647427885,6194.707704732371,1
10093015,Lešane,Maribor,0.11098547631933492,Maribor,0.1644606295128039,4374.16781724334,1
10093023,Lokavci,Maribor,0.16591940562024507,Maribor,0.1788274036877079,4086.42568599758,1
10093031,Lomanoše,Gornja Radgona,0.3317142834232186,Gornja Radgona,0.4122681868092976,4082.8983565527096,1
10093040,Lutverci,Gornja Radgona,0.34475836761238904,Gornja Radgona,0.4256788538788346,3397.4584083474747,1
10093058,Mahovci,Apače,0.16231767143433085,Apače,0.1887041809927517,2981.759427707389,1
10093066,Mali Moravščak,Ptuj,0.17363963913987174,Ptuj,0.1826629316434355,6725.8688327270165,1
10093074,Melanjski Vrh,Murska Sobota,0.1611220814100023,Radenci,0.1603552922803538,4748.826969019543,0
10093082,Mele,Gornja Radgona,0.4231506653959684,Gornja Radgona,0.4217564504421232,3293.186076853728,1
10093104,Murski Vrh,Murska Sobota,0.1345762129714999,Murska Sobota,0.1892251500565308,5812.992859892583,1
10093112,Murščak,Murska Sobota,0.1583070510798209,Murska Sobota,0.1993150408528204,6943.114656824845,1
10093139,Nasova,Murska Sobota,0.10670734909001857,Maribor,0.1942323095908413,5072.914805556739,0
10093147,Negova,Maribor,0.16634483937492345,Maribor,0.1677404806919143,5510.247575966972,1
10093155,Norički Vrh,Gornja Radgona,0.8451338145673213,Gornja Radgona,0.8885316356934568,1208.7780326980524,1
10093163,Novi Vrh,Maribor,0.16991269419721575,Maribor,0.2779528813025381,7031.798634126056,1
10093171,Očeslavci,Murska Sobota,0.19044121362069247,Sveti Jurij ob Ščavnici,0.1237184997467128,5368.378940676105,0
10093180,Okoslavci,Murska Sobota,0.19538937014757163,Sveti Jurij ob Ščavnici,0.1536508448423401,4710.588454076101,0
10093198,Orehovci,Gornja Radgona,0.34391768952418317,Gornja Radgona,0.3917733399284062,3733.64879653401,1
10093201,Orehovski Vrh,Gornja Radgona,0.34475836761238904,Gornja Radgona,0.3978516384237965,3946.184183594328,1
10093210,Paričjak,Radenci,0.3838122409288466,Radenci,0.5025562045790886,2116.204409066595,1
10093228,Plitvica,Gornja Radgona,0.18531039941360253,Gornja Radgona,0.2258914598968334,3411.63057948393,1
10093236,Plitvički Vrh,Gornja Radgona,0.1787299521938539,Gornja Radgona,0.2245792947342168,5962.474602465586,1
10093244,Podgorje,Maribor,0.12143219531388272,Maribor,0.2379746265214069,7397.456365446716,1
10093252,Podgrad,Gornja Radgona,0.5189169478273005,Gornja Radgona,0.638882930069312,2607.2428049465343,1
10093279,Pogled,Maribor,0.12038306755290348,Maribor,0.2603887984520422,7546.896072928428,1
10093287,Police,Gornja Radgona,0.34364031099161707,Gornja Radgona,0.4434000401103786,3988.8248434585607,1
10093295,Ptujska Cesta,Gornja Radgona,0.22573087460746705,Gornja Radgona,0.2491604993845517,5321.280033056255,1
10093309,Rački Vrh,Radenci,0.2067696493176362,Radenci,0.2268914240335393,4116.735865337088,1
10093317,Radenci,Radenci,0.9980629501193645,Radenci,0.9999997584876424,0.0,1
10093325,Radenski Vrh,Radenci,0.2314540863323216,Radenci,0.2890025265571069,3302.336370284759,1
10093333,Radvenci,Murska Sobota,0.15611295973786304,Maribor,0.1696231268517992,6764.181476566462,0
10093341,Rihtarovci,Radenci,0.42825257054589605,Radenci,0.5326570252380572,2013.6045318034976,1
10093350,Rodmošci,Murska Sobota,0.19057609728516062,Gornja Radgona,0.2143759486309074,6237.291326886385,0
10093368,Rožički Vrh,Murska Sobota,0.1618385770806457,Sveti Jurij ob Ščavnici,0.1627309571374416,4702.840378386495,0
10093376,Segovci,Apače,0.5264782176477887,Apače,0.5873193782035723,1116.961443409586,1
10093384,Selišči,Sveti Jurij ob Ščavnici,0.16526475970904586,Murska Sobota,0.1850038490832896,4508.514661759338,0
10093392,Slaptinci,Sveti Jurij ob Ščavnici,0.3484977186093687,Sveti Jurij ob Ščavnici,0.3789776060798593,2596.847498187103,1
10093406,Sovjak,Sveti Jurij ob Ščavnici,0.3139381710376916,Sveti Jurij ob Ščavnici,0.3154519603057287,2945.553559450039,1
10093414,Spodnja Ščavnica,Gornja Radgona,0.15110540596605584,Gornja Radgona,0.1950799881741614,6877.998315187568,1
10093422,Spodnje Konjišče,Maribor,0.08854244659385238,Maribor,0.1910974573353502,5213.169246756532,1
10093449,Spodnji Ivanjci,Murska Sobota,0.17225860584765107,Sveti Jurij ob Ščavnici,0.1231394986478371,5000.137669019567,0
10093457,Spodnji Kocjan,Murska Sobota,0.16156365859349292,Radenci,0.1810103358292734,4599.884747948966,0
10093465,Stanetinci,Murska Sobota,0.14896411917107266,Murska Sobota,0.1836156870182663,6248.765745567893,1
10093473,Stara Gora,Murska Sobota,0.18759439463028416,Sveti Jurij ob Ščavnici,0.158582854893608,4735.227694192514,0
10093481,Stavešinci,Murska Sobota,0.19259051163384558,Maribor,0.1326176801630072,7157.994913894247,0
10093490,Stavešinski Vrh,Murska Sobota,0.19538937014757163,Gornja Radgona,0.1501056596163844,6811.66258788642,0
10093503,Stogovci,Maribor,0.09074226108373948,Maribor,0.2026267774851104,5636.940112265288,1
10093511,Šratovci,Radenci,0.4397349470992156,Radenci,0.4714274130339638,1968.155793716914,1
10093520,Terbegovci,Murska Sobota,0.1923343253734742,Ptuj,0.1422198376739105,5238.560643410514,0
10093538,Turjanci,Radenci,0.32570712754917885,Radenci,0.4601191577620804,2359.144357782672,1
10093546,Turjanski Vrh,Radenci,0.208428968136779,Radenci,0.2437181806674091,3954.6171152001866,1
10093554,Sveti Jurij ob Ščavnici,Sveti Jurij ob Ščavnici,0.986011015241777,Sveti Jurij ob Ščavnici,0.9999997591835011,0.0,1
10093562,Vratja vas,Maribor,0.11335421034993505,Maribor,0.2670522707414495,8371.444257656676,1
10093589,Vratji Vrh,Maribor,0.1668558867662745,Maribor,0.2915451367983746,8382.848730770282,1
10093597,Zagajski Vrh,Maribor,0.13762578866752917,Maribor,0.1805873408023975,5049.082518373965,1
10093619,Zbigovci,Gornja Radgona,0.2556212130374492,Gornja Radgona,0.3411741436278048,4618.8351142741385,1
10093627,Zgornje Konjišče,Maribor,0.11277149308648093,Maribor,0.2568780661544713,8484.389593781169,1
10093635,Zgornji Kocjan,Radenci,0.21652414496550892,Radenci,0.2752258873901245,3572.348869925634,1
10093643,Ženik,Sveti Jurij ob Ščavnici,0.30022294955442297,Sveti Jurij ob Ščavnici,0.3182884545731628,3070.030520536126,1
10093651,Žepovci,Apače,0.11309922310543698,Maribor,0.172102522632547,3709.44995466269,0
10093660,Žiberci,Apače,0.09071202618827061,Maribor,0.1884867254274798,4380.9727009318585,0
10093678,Žihlava,Sveti Jurij ob Ščavnici,0.2594142834648491,Sveti Jurij ob Ščavnici,0.2476205624467914,3539.1157771866588,1
10093686,Žrnova,Radenci,0.2013680806797065,Radenci,0.2061365416447381,4173.5357404682645,1
10093694,Ambrus,Ljubljana,0.05475547437103871,Ljubljana,0.2359586101456564,14299.490405876038,1
10093708,Artiža vas,Ivančna Gorica,0.6551726926601633,Ivančna Gorica,0.6963161571373092,2499.43480858206,1
10093716,Bakrc,Novo mesto,0.03789211205669214,Ljubljana,0.2274910424925624,15629.482041308382,0
10093724,Bičje,Grosuplje,0.24486599274669726,Ljubljana,0.3968113573520196,5428.320078054014,0
10093732,Blečji Vrh,Ljubljana,0.16139726134254706,Ljubljana,0.3655354007933901,7151.439033771065,1
10093759,Boga vas,Ivančna Gorica,0.23121027579699063,Ivančna Gorica,0.251710680072358,6677.918471182246,1
10093767,Bojanji Vrh,Ivančna Gorica,0.40096307350784144,Ivančna Gorica,0.4487311510579977,4424.973105887145,1
10093775,Bratnice,Ivančna Gorica,0.1208051093582594,Ljubljana,0.1934501651232482,10093.6205901615,0
10093783,Breg pri Dobu,Ivančna Gorica,0.28548181517190124,Ivančna Gorica,0.3018613215282853,5963.129312851479,1
10093791,Breg pri Temenici,Ivančna Gorica,0.16469155292414162,Ljubljana,0.1916913466517417,8238.402869200288,0
10093805,Breg pri Zagradcu,Žužemberk,0.10604031059453474,Ljubljana,0.207778423466235,7192.772289394683,0
10093813,Brezje pri Grosupljem,Grosuplje,0.7294713392383333,Grosuplje,0.7027614401955965,2013.973085282079,1
10093821,Brezovi Dol,Novo mesto,0.043761560044247715,Ljubljana,0.2280121899906938,14307.067658718564,0
10093830,Bruhanja vas,Dobrepolje,0.48376856095645693,Dobrepolje,0.5520844115121312,1582.2440778954642,1
10093848,Brvace,Grosuplje,0.7809718796125206,Grosuplje,0.8206450408423379,1373.9650349878834,1
10093856,Bukovica,Litija,0.21251119523478507,Ivančna Gorica,0.2135329652173617,7387.88188598606,0
10093864,Cerovo,Grosuplje,0.2361547731978459,Ljubljana,0.3431658294621778,5772.301476821426,0
10093872,Cesta,Dobrepolje,0.5291521052533171,Dobrepolje,0.5883291247619312,1401.299020563965,1
10093899,Cikava,Grosuplje,0.6760237550652423,Grosuplje,0.5607491397332917,2407.9186268927465,1
10093902,Čagošče,Ivančna Gorica,0.1620626986124948,Ljubljana,0.1994432579250213,8348.045785871263,0
10093929,Češnjice pri Zagradcu,Ivančna Gorica,0.08031745003213178,Ljubljana,0.2219539932194852,9562.905836521886,0
10093937,Čušperk,Ljubljana,0.1054324461001341,Ljubljana,0.3430585404773581,5909.139366827053,1
10093945,Debeče,Litija,0.249259845392627,Ljubljana,0.2434685602150157,8630.27674616227,0
10093953,Dečja vas pri Zagradcu,Ivančna Gorica,0.08971785653992427,Ljubljana,0.2270815439801525,9655.3350910556,0
10093961,Dedni Dol,Ivančna Gorica,0.17159295201424635,Ljubljana,0.3310403607674028,7347.549210385115,0
10093970,Dob pri Šentvidu,Ivančna Gorica,0.31763983549245167,Ivančna Gorica,0.3502567363687002,5241.478337490035,1
10093988,Dobrava pri Stični,Ivančna Gorica,0.323253374509165,Ivančna Gorica,0.357814801735019,5053.757488123376,1
10093996,Dole pri Polici,Ljubljana,0.2121548398856244,Ljubljana,0.4032914256945241,6059.149958753361,1
10094003,Dolenja vas pri Polici,Grosuplje,0.18532342747431624,Ljubljana,0.3670449096538629,7014.448694063676,0
10094011,Dolenja vas pri Temenici,Litija,0.17691707022406886,Ljubljana,0.1928872076323118,8906.93379142824,0
10094020,Fužina,Ivančna Gorica,0.11646228205916755,Ljubljana,0.2273370489411875,9471.041264557853,0
10094038,Gabrje pri Ilovi Gori,Ljubljana,0.10855379332476785,Ljubljana,0.3451983545943746,7722.833360385574,1
10094046,Gabrje pri Stični,Ivančna Gorica,0.6177355907093858,Ivančna Gorica,0.6378033120185379,2765.910379375209,1
10094054,Gabrovčec,Ivančna Gorica,0.2228307313218225,Ivančna Gorica,0.2471621312035566,7031.77478987137,1
10094062,Gabrovka pri Zagradcu,Ivančna Gorica,0.12841491352449397,Ljubljana,0.2241497210354751,9580.147537669844,0
10094089,Gajniče,Škofljica,0.49712211588703076,Ljubljana,0.4250613052116402,3010.9876312612328,0
10094097,Gatina,Grosuplje,0.6048069717964067,Grosuplje,0.5933131170157756,2839.202969645995,1
10094119,Glogovica,Ivančna Gorica,0.5886844471424035,Ivančna Gorica,0.618768255010241,2969.6110813547984,1
10094127,Gorenja vas,Ivančna Gorica,0.6730115729969535,Ivančna Gorica,0.7091581711207579,2434.004125355464,1
10094135,Gorenja vas pri Polici,Ljubljana,0.1643060348389991,Ljubljana,0.3717175272420641,7415.40332269098,1
10094143,Gorenje Brezovo,Ivančna Gorica,0.1167571127771955,Ljubljana,0.3274824536495533,10388.90743500386,0
10094151,Gornji Rogatec,Ljubljana,0.1734200051003379,Ljubljana,0.4085027471381786,7788.435932080193,1
10094160,Gradiček,Ivančna Gorica,0.1479210847679552,Ljubljana,0.2582398868912773,8929.672372556872,0
10094178,Grintovec,Ivančna Gorica,0.08012020924380234,Ljubljana,0.2295401035666649,10370.953335305165,0
10094186,Griže,Ivančna Gorica,0.693038731078751,Ivančna Gorica,0.753617542971388,2127.7253694932297,1
10094194,Grm,Ivančna Gorica,0.25251330341718126,Ivančna Gorica,0.2701976598213945,6338.016103893401,1
10094208,Grosuplje,Grosuplje,0.9988280972188828,Grosuplje,0.9999998962485216,0.0,1
10094216,Hočevje,Ljubljana,0.08556644905393826,Ljubljana,0.2902839890556006,6250.90430172249,1
10094224,Hrastje pri Grosupljem,Grosuplje,0.5662161291421124,Grosuplje,0.4482329157872485,3142.394632771902,1
10094232,Hrastov Dol,Ivančna Gorica,0.21138189127733753,Ivančna Gorica,0.2462144053678743,7100.081425720493,1
10094259,Huda Polica,Ljubljana,0.34967302661899297,Ljubljana,0.4499922649313944,5408.991103341786,1
10094267,Ivančna Gorica,Ivančna Gorica,0.9983347548144869,Ivančna Gorica,0.9999999240434716,0.0,1
10094275,Kal,Ljubljana,0.049754414169763145,Ljubljana,0.2370181474691632,13591.431243297307,1
10094283,Kamni Vrh pri Ambrusu,Ljubljana,0.05605330940817,Ljubljana,0.2317254428085732,12838.282228712234,1
10094291,Kamno Brdo,Ivančna Gorica,0.1241224773187695,Ljubljana,0.3155907745162196,9957.172921454568,0
10094305,Kitni Vrh,Ivančna Gorica,0.15221144959329705,Ljubljana,0.2253369373568594,8534.714174450502,0
10094313,Kompolje,Dobrepolje,0.21435315617288433,Ljubljana,0.2501629218623901,3953.76420863933,0
10094321,Kožljevec,Ljubljana,0.157847914205583,Ljubljana,0.3591649228670125,7708.553337646593,1
10094330,Kriška vas,Ivančna Gorica,0.16728183238179054,Ljubljana,0.31495010125062,7698.703383406037,0
10094348,Krka,Ivančna Gorica,0.16493617298431865,Ljubljana,0.2485769440681793,7849.476100309481,0
10094356,Krška vas,Ivančna Gorica,0.22547911359019687,Ivančna Gorica,0.2488593931045801,6940.280150704869,1
10094364,Kuželjevec,Ljubljana,0.059283973528911814,Ljubljana,0.2376774021856057,13081.53028128797,1
10094372,Laze nad Krko,Ivančna Gorica,0.0886477509773278,Ljubljana,0.2644436874727564,10967.48121903797,0
10094399,Leskovec,Litija,0.11978656597807397,Ljubljana,0.3471156099848316,10277.616655106987,0
10094402,Leščevje,Ivančna Gorica,0.3001602998032666,Ivančna Gorica,0.3351632163305955,5682.296036874589,1
10094429,Lučarjev Kal,Ivančna Gorica,0.22547911359019687,Ivančna Gorica,0.2632490328440511,6880.792201112166,1
10094437,Luče,Grosuplje,0.10395742553871859,Ljubljana,0.3467362163661452,8434.937662088605,0
10094445,Mala Dobrava,Ivančna Gorica,0.4676976543761579,Ivančna Gorica,0.4303846765459702,4028.1869907101823,1
10094453,Mala Goričica,Ivančna Gorica,0.2454331672366532,Ivančna Gorica,0.2442629015299172,6394.287953843027,1
10094461,Mala Ilova Gora,Ljubljana,0.09238715160950103,Ljubljana,0.3203675717951424,5995.763803911632,1
10094470,Mala Loka pri Višnji Gori,Ivančna Gorica,0.15199889437394637,Ljubljana,0.3212626950900536,7486.499081922065,0
10094488,Mala Račna,Grosuplje,0.12728269394256922,Ljubljana,0.3485327639858626,6670.736610352025,0
10094496,Mala Stara vas,Grosuplje,0.5662161291421124,Grosuplje,0.50801821589594,3150.7658822098206,1
10094500,Mala vas pri Grosupljem,Grosuplje,0.36442396289577667,Grosuplje,0.3875414665385756,4468.846147533261,1
10094518,Mala vas,Dobrepolje,0.5227067406919823,Dobrepolje,0.600562272034738,1421.8913192595585,1
10094526,Male Češnjice,Ivančna Gorica,0.36932946247926646,Ivančna Gorica,0.3962038136409728,4752.252365902248,1
10094534,Male Dole pri Temenici,Ivančna Gorica,0.12778327903401296,Ljubljana,0.1941464086490573,9645.20361543255,0
10094542,Male Kompolje,Ivančna Gorica,0.3226833287093976,Ivančna Gorica,0.3815372382646882,5090.633763211162,1
10094569,Male Lese,Ivančna Gorica,0.15144466053485436,Ljubljana,0.2343633757036661,8783.4854137621,0
10094577,Male Lipljene,Ljubljana,0.11018182833231072,Ljubljana,0.3729207977835742,8237.548775621019,1
10094585,Male Pece,Ivančna Gorica,0.3226833287093976,Ivančna Gorica,0.3780616252748571,5055.406866786007,1
10094593,Male Rebrce,Žužemberk,0.13691403777096509,Ljubljana,0.1963052032323067,6342.82659046002,0
10094607,Male Vrhe,Ivančna Gorica,0.22482126020536955,Ljubljana,0.2702687310884304,6841.27911107698,0
10094615,Mali Kal,Ivančna Gorica,0.22657449261999857,Ivančna Gorica,0.2668547374970348,6729.620110576028,1
10094623,Mali Konec,Ljubljana,0.16374656756773007,Ljubljana,0.3718757068572655,7430.247467705857,1
10094631,Mali Korinj,Ivančna Gorica,0.07082887195469972,Ljubljana,0.2536254301513224,9418.358272316776,0
10094640,Mali Vrh pri Šmarju,Škofljica,0.49712211588703076,Ljubljana,0.4548322587978103,3013.556832546483,0
10094658,Malo Črnelo,Ivančna Gorica,0.6925908609167548,Ivančna Gorica,0.7500881717974106,2183.7636884684644,1
10094666,Malo Globoko,Ivančna Gorica,0.11527216198110814,Ljubljana,0.2303607569005641,9955.609505780983,0
10094674,Malo Hudo,Ivančna Gorica,0.8059237454051009,Ivančna Gorica,0.8375368316490639,1575.564133862374,1
10094682,Malo Mlačevo,Grosuplje,0.5863631554870523,Grosuplje,0.5913950172079243,2890.6118310872566,1
10094704,Marinča vas,Ivančna Gorica,0.12606414567629082,Ljubljana,0.2332497943241351,9503.515831796773,0
10094712,Medvedica,Ljubljana,0.1615973009075495,Ljubljana,0.3842441612445387,8501.314494246086,1
10094739,Mekinje nad Stično,Ivančna Gorica,0.5093307129307209,Ivančna Gorica,0.5320941262809955,3449.035880861284,1
10094747,Metnaj,Ivančna Gorica,0.30384482681609254,Ivančna Gorica,0.3036167350832737,5611.948842877926,1
10094755,Mevce,Ivančna Gorica,0.2698857215175655,Ivančna Gorica,0.2926561732159394,6069.26432927176,1
10094763,Mleščevo,Ivančna Gorica,0.8074837409929188,Ivančna Gorica,0.9309937893819836,997.6934355887014,1
10094771,Mrzlo Polje,Ivančna Gorica,0.8082648940630746,Ivančna Gorica,0.932009434497729,988.0304027555678,1
10094780,Muljava,Ivančna Gorica,0.40096307350784144,Ivančna Gorica,0.4378671524398452,4469.655475098926,1
10094798,Nova vas,Ivančna Gorica,0.24423477821405548,Ljubljana,0.2829286794315876,6423.027094733268,0
10094801,Obolno,Litija,0.2434470384313719,Ljubljana,0.2941295792839249,9892.728854648873,0
10094810,Oslica,Ivančna Gorica,0.3833343667854461,Ivančna Gorica,0.4228350959139521,4557.397757426422,1
10094828,Osredek nad Stično,Litija,0.24727745834212456,Ljubljana,0.2651190878068551,8648.292474294401,0
10094836,Paradišče,Grosuplje,0.5299091204715073,Grosuplje,0.3822581254649316,3353.604876989363,1
10094844,Pece,Grosuplje,0.28379466334622305,Ljubljana,0.3652675961711912,4916.998316918654,0
10094852,Peč,Grosuplje,0.24486599274669726,Ljubljana,0.3378446766790116,5364.557170935282,0
10094879,Peščenik,Grosuplje,0.18956949209295793,Ljubljana,0.3094245505616759,6480.796020372879,0
10094887,Petrušnja vas,Ivančna Gorica,0.442000767758199,Ivančna Gorica,0.4601981948996267,4145.914827962792,1
10094895,Planina,Litija,0.27127937933405005,Ljubljana,0.2541150086889597,8199.890429634133,0
10094909,Plešivica pri Žalni,Grosuplje,0.26155919331824573,Grosuplje,0.349965497901006,5096.858359364103,1
10094917,Podboršt,Ivančna Gorica,0.2885222907848617,Ivančna Gorica,0.2992431020387854,5932.5731222528375,1
10094925,Podbukovje,Ivančna Gorica,0.1520334808633306,Ljubljana,0.2580938918040174,8856.136763762212,0
10094933,Podgora,Dobrepolje,0.3311815624528305,Dobrepolje,0.3248226204305078,2587.824640225868,1
10094941,Podgorica,Dobrepolje,0.7291500271236324,Dobrepolje,0.8442245262442508,736.7952361828422,1
10094950,Podgorica pri Podtaboru,Grosuplje,0.210267260958299,Ljubljana,0.4100888226294293,6184.738883996313,0
10094968,Podgorica pri Šmarju,Ljubljana,0.38004632962442236,Ljubljana,0.4382191909926795,4725.232753612772,1
10094976,Podpeč,Dobrepolje,0.5848133959627152,Dobrepolje,0.6862610621968331,1183.6221290951707,1
10094984,Podsmreka pri Višnji Gori,Ivančna Gorica,0.33086603535936476,Ivančna Gorica,0.3218671559488136,4942.458453028081,1
10094992,Št. Jurij,Grosuplje,0.24997362273014181,Ljubljana,0.3578373116931571,5256.11865003713,0
10095000,Pokojnica,Ivančna Gorica,0.22478632483076047,Ivančna Gorica,0.2429971354910861,6808.253315774627,1
10095018,Polica,Grosuplje,0.22276241908125402,Ljubljana,0.345809962541537,5898.730304499457,0
10095026,Poljane pri Stični,Litija,0.18231272264985743,Ljubljana,0.2628333933564016,8766.385802625922,0
10095034,Polje pri Višnji Gori,Ivančna Gorica,0.33472858504885267,Ivančna Gorica,0.3234115871672118,4861.605122782652,1
10095042,Ponikve,Dobrepolje,0.18669223532009963,Ljubljana,0.2951174209287881,4278.9887102790535,0
10095069,Ponova vas,Grosuplje,0.49689812111378956,Grosuplje,0.5133544949282847,3449.267155876595,1
10095077,Potok pri Muljavi,Ivančna Gorica,0.32815814432164736,Ivančna Gorica,0.3926503341704032,4964.270865233901,1
10095085,Praproče pri Temenici,Litija,0.2001108956905453,Ivančna Gorica,0.2152963203866193,7291.707750505822,0
10095093,Predole,Grosuplje,0.19213209012611812,Ljubljana,0.3504358339722443,6466.888088586498,0
10095107,Predstruge,Dobrepolje,0.43751596990633224,Dobrepolje,0.4096193879739504,2007.8391948363296,1
10095115,Primča vas,Ljubljana,0.04897664495202468,Ljubljana,0.2354847860343685,15327.05390149085,1
10095123,Pristava nad Stično,Ivančna Gorica,0.269019017789013,Ivančna Gorica,0.2852944079774304,6197.0080063066725,1
10095131,Pristava pri Višnji Gori,Ivančna Gorica,0.21138189127733753,Ljubljana,0.3061353047429068,7102.982307645831,0
10095140,Pristavlja vas,Ivančna Gorica,0.4371095799417627,Ivančna Gorica,0.4502215452748721,4293.157444012837,1
10095158,Pungert,Ivančna Gorica,0.12823449329229583,Ljubljana,0.1943447542555499,9599.059147353692,0
10095166,Radohova vas,Ivančna Gorica,0.31217221434950404,Ivančna Gorica,0.335960504792251,5382.21479952119,1
10095174,Ravni Dol,Ivančna Gorica,0.11682188417502275,Ljubljana,0.3050277358158745,9166.279551222508,0
10095182,Rdeči Kal,Ivančna Gorica,0.2963662458690031,Ivančna Gorica,0.3134758891563043,5828.504642048667,1
10095204,Rožnik,Ljubljana,0.1518779741852747,Ljubljana,0.3875295450237915,8743.384695994971,1
10095212,Sad,Ivančna Gorica,0.22547911359019687,Ivančna Gorica,0.24966323175551,6930.200391477938,1
10095239,Sela pri Dobu,Ivančna Gorica,0.3001602998032666,Ivančna Gorica,0.3145156072230336,5667.748166854559,1
10095247,Sela pri Šmarju,Grosuplje,0.5353492773335513,Grosuplje,0.4296502428581074,3270.01233499444,1
10095255,Sela pri Višnji Gori,Ivančna Gorica,0.1664227068149292,Ljubljana,0.2886411849590214,7444.356866436114,0
10095263,Selo pri Radohovi vasi,Ivančna Gorica,0.22657449261999857,Ivančna Gorica,0.2467908297720944,6714.122651844438,1
10095271,Spodnja Draga,Ivančna Gorica,0.6900316563970832,Ivančna Gorica,0.7033804666874853,2324.167366155404,1
10095280,Spodnja Slivnica,Grosuplje,0.5662161291421124,Grosuplje,0.5542316237016788,3146.520678632786,1
10095298,Spodnje Blato,Grosuplje,0.6976426471136272,Grosuplje,0.6831135799494404,2268.3739836984205,1
10095301,Spodnje Brezovo,Grosuplje,0.18518659871969048,Ljubljana,0.337069826862529,6916.968821796433,0
10095310,Spodnje Duplice,Grosuplje,0.3951027934919084,Grosuplje,0.3902546388099814,4208.149817970137,1
10095328,Stari trg,Ivančna Gorica,0.323253374509165,Ivančna Gorica,0.2964576792863389,5008.701923129019,1
10095336,Škocjan,Ljubljana,0.10740466203641576,Ljubljana,0.3671607529975456,7429.273546623191,1
10095344,Stična,Ivančna Gorica,0.6555398178004533,Ivančna Gorica,0.6828615888795104,2478.168914923024,1
10095352,Stranska vas ob Višnjici,Ivančna Gorica,0.8059237454051009,Ivančna Gorica,0.8484384543649023,1500.971581973709,1
10095379,Sušica,Ivančna Gorica,0.23366381240268855,Ivančna Gorica,0.2763476279980645,6619.921917644471,1
10095387,Šentjurje,Ivančna Gorica,0.11646228205916755,Ljubljana,0.1966655590178289,10857.974785815397,0
10095395,Šentpavel na Dolenjskem,Ivančna Gorica,0.3127755970391117,Ivančna Gorica,0.3417198431496446,5334.692226849667,1
10095409,Šentvid pri Stični,Ivančna Gorica,0.49386680276449757,Ivančna Gorica,0.5181881153502504,3652.275023202894,1
10095417,Škoflje,Ivančna Gorica,0.22573040750799295,Ivančna Gorica,0.2367489529958249,6969.611464195789,1
10095425,Škrjanče,Ivančna Gorica,0.8080834819011126,Ivančna Gorica,0.8836495695302503,1341.9737959587094,1
10095433,Šmarje-Sap,Ljubljana,0.44783424532781596,Ljubljana,0.4165078453075073,3682.502934712749,1
10095441,Temenica,Litija,0.19263484627075722,Ljubljana,0.1924768678950954,8493.988361164777,0
10095450,Tlake,Škofljica,0.5910821798221315,Škofljica,0.4117842527683132,2334.463491113688,1
10095468,Tolčane,Ivančna Gorica,0.09600058639307324,Ljubljana,0.2194531944149727,9598.128624715288,0
10095476,Trebež,Ivančna Gorica,0.22524949126129062,Ivančna Gorica,0.2588243990699144,7031.384232347138,1
10095484,Trebnja Gorica,Ivančna Gorica,0.16406368591170392,Ljubljana,0.2441810312641514,8074.2452653718865,0
10095492,Trnovica,Ivančna Gorica,0.16513516100552522,Ljubljana,0.2210419162014435,8203.879644248826,0
10095506,Troščine,Grosuplje,0.18518659871969048,Ljubljana,0.3667100582944795,6988.16086852942,0
10095514,Udje,Ljubljana,0.21090886171395593,Ljubljana,0.4372743736384562,6737.560195878112,1
10095522,Valična vas,Žužemberk,0.10006599628753975,Ljubljana,0.2001455818427797,7368.664792507017,0
10095549,Velika Dobrava,Ivančna Gorica,0.35239307523433544,Ivančna Gorica,0.3459634439427148,4784.9812471060095,1
10095557,Velika Ilova Gora,Ljubljana,0.09538908190089723,Ljubljana,0.3276914304180698,7214.090831249857,1
10095565,Velika Loka,Grosuplje,0.19075266745524364,Ljubljana,0.3235006639345561,6557.7842022850255,0
10095573,Velika Račna,Grosuplje,0.18149413616083587,Ljubljana,0.3481960473653091,7056.835338667021,0
10095581,Velika Stara vas,Grosuplje,0.47690064405505334,Grosuplje,0.4493105704374066,3606.339883080901,1
10095590,Velike Češnjice,Ivančna Gorica,0.32074426160218633,Ivančna Gorica,0.3633871890767961,5117.604470280509,1
10095603,Velike Dole pri Temenici,Ivančna Gorica,0.133408636292597,Ljubljana,0.1950189710607203,9339.254420700046,0
10095611,Velike Kompolje,Ivančna Gorica,0.42989479597441443,Ivančna Gorica,0.4506591829356534,4373.862057926217,1
10095620,Velike Lese,Ivančna Gorica,0.15428897803845884,Ljubljana,0.2325865713546696,8488.722748659482,0
10095638,Velike Lipljene,Ljubljana,0.15911259798308472,Ljubljana,0.3809403254690421,7927.185846361125,1
10095646,Velike Pece,Ivančna Gorica,0.5182360891539155,Ivančna Gorica,0.5544137329100667,3425.986364055826,1
10095654,Velike Rebrce,Žužemberk,0.11397180207189903,Ljubljana,0.2030210879609979,7082.351136376556,0
10095662,Velike Vrhe,Ivančna Gorica,0.1998994678807635,Ljubljana,0.2730814571383686,7166.200122657696,0
10095689,Veliki Kal,Ivančna Gorica,0.3001602998032666,Ivančna Gorica,0.3331154068938505,5677.441850905831,1
10095697,Veliki Korinj,Ivančna Gorica,0.060420115093604544,Ljubljana,0.2551396446277086,8698.101764139843,0
10095719,Veliki Vrh pri Šmarju,Ljubljana,0.41896549028840085,Ljubljana,0.4401027119269692,3425.1659565544,1
10095727,Veliko Črnelo,Ivančna Gorica,0.6900316563970832,Ivančna Gorica,0.7296745217340841,2317.0126694777778,1
10095735,Veliko Globoko,Ivančna Gorica,0.12746046727056906,Ljubljana,0.2338294343265679,9868.166362169812,0
10095743,Veliko Mlačevo,Grosuplje,0.6048069717964067,Grosuplje,0.5966791773719357,2842.0620543569416,1
10095751,Videm,Dobrepolje,0.9952821643827632,Dobrepolje,0.9999996485730386,0.0,1
10095760,Videm pri Temenici,Litija,0.19210630815569768,Ljubljana,0.1948838905584135,8543.55364138704,0
10095778,Vino,Ljubljana,0.2586016511802764,Ljubljana,0.4818808126223018,7888.118182324313,1
10095786,Vir pri Stični,Ivančna Gorica,0.6292750676572632,Ivančna Gorica,0.6657605113256106,2643.8717751379377,1
10095794,Višnja Gora,Ivančna Gorica,0.2657910257388234,Ljubljana,0.3105874406483194,6250.465682263665,0
10095808,Višnje,Ljubljana,0.0447977638759491,Ljubljana,0.2341796966460214,16731.70309921958,1
10095816,Vodice,Dobrepolje,0.09474860492071847,Ljubljana,0.3008415746185434,5641.168852554271,0
10095824,Vrbičje,Ljubljana,0.1630192911411872,Ljubljana,0.3888525878340517,7230.499413343483,1
10095832,Vrh pri Višnji Gori,Ivančna Gorica,0.1629958627946081,Ljubljana,0.3216823603524357,8319.013662819028,0
10095859,Vrhpolje pri Šentvidu,Ivančna Gorica,0.8059237454051009,Ivančna Gorica,0.8561597302188941,1525.2053092651763,1
10095867,Zaboršt pri Šentvidu,Ivančna Gorica,0.269019017789013,Ivančna Gorica,0.2790776358803377,6171.269106029709,1
10095875,Zagorica,Dobrepolje,0.44637703466025763,Dobrepolje,0.4535464205313529,1948.5790947157705,1
10095883,Zagradec,Ivančna Gorica,0.10653399555149011,Ljubljana,0.2255996967000176,9193.992441660705,0
10095891,Zagradec pri Grosupljem,Grosuplje,0.4208380814227271,Grosuplje,0.443052335059955,4059.4543394665648,1
10095905,Zavrtače,Ivančna Gorica,0.36093017654562787,Ivančna Gorica,0.3511148155106037,4759.052736682365,1
10095913,Zdenska vas,Dobrepolje,0.4902428442177444,Dobrepolje,0.545850894285429,1494.042317388666,1
10095921,Zgornja Draga,Ivančna Gorica,0.6610466807236609,Ivančna Gorica,0.6696584081630975,2458.609561184123,1
10095930,Zgornja Slivnica,Grosuplje,0.3925489187531859,Ljubljana,0.3793642189390437,4330.395804905009,0
10095948,Zgornje Duplice,Grosuplje,0.3501352730106289,Grosuplje,0.3530755010239401,4531.551389434503,1
10095956,Znojile pri Krki,Ivančna Gorica,0.23704751163026624,Ivančna Gorica,0.275662175255762,6568.406587896947,1
10095964,Žalna,Grosuplje,0.24419935123569744,Ljubljana,0.3185483408410498,5495.484778143803,0
10095972,Železnica,Ljubljana,0.10763521240272764,Ljubljana,0.3788824263618002,8869.485729837348,1
10095999,Lobček,Grosuplje,0.4364138406105574,Grosuplje,0.4467817498629887,4012.551981171804,1
10096006,Dobje,Grosuplje,0.5691516349591142,Grosuplje,0.5294366452429816,3028.7544511968763,1
10096014,Gradišče,Grosuplje,0.2848636394273154,Ljubljana,0.3297603358017621,4908.803464532507,0
10096022,Boben,Hrastnik,0.5557324792042178,Hrastnik,0.5881902894023321,2080.05267885284,1
10096049,Brdce,Trbovlje,0.2698101064903645,Trbovlje,0.1999679998832693,6761.156300499506,1
10096057,Brnica,Trbovlje,0.42900042359129337,Hrastnik,0.3982273989341639,3007.6071687895446,0
10096065,Čeče - del,Trbovlje,0.3521037925979845,Trbovlje,0.3233370124019794,4659.065809356303,1
10096073,Dol pri Hrastniku,Trbovlje,0.312117073204678,Hrastnik,0.291307299345338,4123.941358173233,0
10096081,Gore,Trbovlje,0.16850878251856252,Trbovlje,0.1536220946693007,10442.703651836988,1
10096090,Hrastnik,Hrastnik,0.9965026930570599,Hrastnik,0.9999997575162014,0.0,1
10096103,Kal,Trbovlje,0.26349562086774037,Trbovlje,0.2489711328774016,8071.861703307457,1
10096111,Kovk,Trbovlje,0.15335731576899497,Trbovlje,0.1593317943444629,10678.75527401536,1
10096120,Krištandol,Trbovlje,0.3211546761652,Trbovlje,0.2355111654988603,5480.679562748715,1
10096138,Krnice,Trbovlje,0.25491740183712486,Trbovlje,0.2208160810188722,7217.994938000163,1
10096146,Marno,Trbovlje,0.2805615698334907,Trbovlje,0.2268125597952325,6000.125369985942,1
10096154,Plesko,Trbovlje,0.7522233896185067,Trbovlje,0.573554199171473,2453.2934710446007,1
10096162,Podkraj,Trbovlje,0.3112941606646795,Hrastnik,0.2863092548987123,4103.3954625498245,0
10096189,Prapretno pri Hrastniku - del,Trbovlje,0.5963775893706843,Hrastnik,0.4286258512827979,2320.5738169035103,0
10096197,Studence,Hrastnik,0.7958289837112948,Hrastnik,0.8483906461927726,895.622325202526,1
10096219,Šavna Peč,Trbovlje,0.23520113005281507,Trbovlje,0.2091661224113693,7561.208408665195,1
10096227,Turje,Trbovlje,0.2219927211475547,Trbovlje,0.1805396378905452,7965.009391792753,1
10096235,Unično,Trbovlje,0.22177224056611355,Trbovlje,0.1862946524010581,7931.345984850937,1
10096243,Bukovo,Cerkno,0.058854886670653916,Ljubljana,0.1483393453472969,11104.347457642363,0
10096251,Cerkljanski Vrh,Cerkno,0.11351128547420236,Ljubljana,0.1870292053387706,8113.4515741207,0
10096260,Cerkno,Cerkno,0.9912768281866051,Cerkno,0.9999999316312924,0.0,1
10096278,Čekovnik,Idrija,0.22006716887978928,Idrija,0.3728349916352,7876.132135639761,1
10096286,Čeplez,Cerkno,0.4072890382316322,Cerkno,0.5091443695203344,3685.452047957024,1
10096294,Črni Vrh,Idrija,0.06416502158528227,Ljubljana,0.1812205491908304,14784.613180846296,0
10096308,Dole,Idrija,0.18950246631511752,Idrija,0.2129098073773243,8862.93642247716,1
10096316,Dolenji Novaki,Cerkno,0.12341040674895476,Cerkno,0.1976445986936961,7445.005450970339,1
10096324,Godovič,Idrija,0.137102127194985,Ljubljana,0.2020960704636764,10507.760710900431,0
10096332,Gore,Idrija,0.2387491545480539,Idrija,0.2959195275696815,7670.94353919122,1
10096359,Gorenja Kanomlja,Idrija,0.08265659380538365,Idrija,0.1751420581765366,13019.23257875284,1
10096367,Gorenji Novaki,Cerkno,0.09659102695982695,Ljubljana,0.2071880942695418,9097.498031692328,0
10096375,Gorenji Vrsnik,Idrija,0.1103130774168253,Ljubljana,0.2124169769861011,6434.518211342709,0
10096383,Gorje,Cerkno,0.4053566675001158,Cerkno,0.5252080766273011,3826.056072672424,1
10096391,Govejk,Idrija,0.15648516143968583,Idrija,0.1904545305038253,4720.809772337456,1
10096405,Idrija,Idrija,0.9983332880806449,Idrija,0.9999999641967332,0.0,1
10096413,Idrijska Bela,Idrija,0.14408123857733046,Idrija,0.2498482688993715,10113.407984395011,1
10096421,Idrijski Log,Idrija,0.16855073636641335,Idrija,0.2332266815735497,9358.640951226447,1
10096430,Idrijske Krnice,Idrija,0.1000281653885784,Idrija,0.1977453015143939,11766.898472623156,1
10096448,Idršek,Idrija,0.14502257179226938,Idrija,0.2197626886079993,9390.87800422731,1
10096456,Jagršče,Cerkno,0.09145380451003479,Ljubljana,0.1572139413816148,9569.946245707535,0
10096464,Javornik,Ajdovščina,0.044568759899997784,Ljubljana,0.1672635227919575,19136.09923363046,0
10096472,Jazne,Idrija,0.05395168575553609,Ljubljana,0.1935135505918242,13045.579763132722,0
10096499,Jelični Vrh,Idrija,0.15688152649705572,Idrija,0.2130104440572291,9795.83290775858,1
10096502,Jesenica,Cerkno,0.21062151768619464,Cerkno,0.2827692967317227,6527.0279199595525,1
10096529,Kanji Dol,Ajdovščina,0.06835653791770058,Ljubljana,0.1573388378559453,16560.66014970942,0
10096537,Korita,Idrija,0.12013223572298223,Ljubljana,0.1951672521198143,4631.474623194691,0
10096545,Labinje,Cerkno,0.438840358613013,Cerkno,0.7188436061477562,2457.7689455747586,1
10096553,Lazec,Cerkno,0.09517893964579098,Ljubljana,0.1633062397956156,9322.801972319674,0
10096561,Ledine,Idrija,0.1799568914439811,Idrija,0.2383629090948342,6894.725729102508,1
10096570,Ledinske Krnice,Idrija,0.1634205090786527,Idrija,0.2197245673199074,6108.350183281423,1
10096588,Lome,Idrija,0.049957350090545465,Ljubljana,0.1938114255648576,16674.176491509526,0
10096596,Masore,Idrija,0.06595706791137093,Ljubljana,0.1594378986603342,11623.486303115697,0
10096600,Mrzli Log,Idrija,0.04732670650101416,Ljubljana,0.1711220782046143,17862.261031649465,0
10096618,Mrzli Vrh,Idrija,0.09585070046679248,Ljubljana,0.2020505129348198,7339.776372670382,0
10096626,Orehek,Cerkno,0.10483766102559464,Cerkno,0.1781887918267039,8782.729245490462,1
10096634,Otalež,Idrija,0.07942406740594522,Ljubljana,0.1708205782488835,10376.989639008276,0
10096642,Pečnik,Idrija,0.1980086990526437,Idrija,0.2574406931117826,7566.25708332876,1
10096669,Planina pri Cerknem,Cerkno,0.37819225898039044,Cerkno,0.4072829739832914,4504.118294343467,1
10096677,Plužnje,Cerkno,0.10713323891290667,Ljubljana,0.1583701534590635,8553.994920515042,0
10096685,Poče,Cerkno,0.38754408572281757,Cerkno,0.469516456821085,4262.545659361992,1
10096693,Podlanišče,Cerkno,0.20021829433651323,Cerkno,0.2213425305877036,6862.411603574635,1
10096707,Podpleče,Cerkno,0.15189468727653518,Cerkno,0.2005928189076526,7208.970543211586,1
10096715,Police,Cerkno,0.03763353691418707,Ljubljana,0.1625629979883432,13449.59655874064,0
10096723,Poljane,Cerkno,0.3900507113591565,Cerkno,0.5798037916723423,3289.278361950252,1
10096731,Potok,Idrija,0.07825951880105875,Ljubljana,0.2462077334466652,12899.711447287096,0
10096740,Predgriže,Idrija,0.0746631623536265,Ljubljana,0.1927743526395345,13569.170143546138,0
10096758,Ravne pri Cerknem,Cerkno,0.2850849096819266,Cerkno,0.3255870575846593,6030.38881477424,1
10096766,Reka,Cerkno,0.12228212148672499,Cerkno,0.2045063041892225,7550.823347486947,1
10096774,Spodnja Idrija,Idrija,0.533966136311451,Idrija,0.6362959599959581,4036.615331499398,1
10096782,Spodnja Kanomlja,Idrija,0.35235776704417693,Idrija,0.455876641963952,6000.337143587685,1
10096804,Spodnji Vrsnik,Idrija,0.0922584145970006,Ljubljana,0.2239512088181496,7521.33905798569,0
10096812,Srednja Kanomlja,Idrija,0.3669463793219699,Idrija,0.4876684223303124,5724.063644859802,1
10096839,Straža,Cerkno,0.3135410933286045,Cerkno,0.3186342502848159,5371.463739696936,1
10096847,Strmec,Ajdovščina,0.14173070654425926,Ajdovščina,0.1822876115152329,12732.868357606838,1
10096855,Šebrelje,Tolmin,0.02933175438304393,Ljubljana,0.1466965639858235,16351.888201329755,0
10096863,Trebenče,Cerkno,0.4862111752059052,Cerkno,0.7424441579324499,2333.926329698914,1
10096871,Vojsko,Idrija,0.08275107415300202,Idrija,0.1938425138939884,12765.068724483646,1
10096880,Zadlog,Idrija,0.06339883577456364,Ljubljana,0.1854012101789286,14831.388144922965,0
10096898,Zakojca,Cerkno,0.07655958102034256,Cerkno,0.1546005645059925,9914.502833148768,1
10096901,Zakriž,Cerkno,0.4246239392967559,Cerkno,0.671782170808056,2775.6565072126346,1
10096910,Zavratec,Idrija,0.07465327651340568,Ljubljana,0.243925349343464,11567.847636698674,0
10096928,Žirovnica,Idrija,0.10116784632625526,Ljubljana,0.2265613587080517,6410.6247638185305,0
10096936,Bač,Ilirska Bistrica,0.17209326232274547,Ilirska Bistrica,0.2358137304030507,9548.312434751726,1
10096944,Brce,Ilirska Bistrica,0.48189684424799223,Ilirska Bistrica,0.6350540601228165,5907.546769978968,1
10096952,Čelje,Ilirska Bistrica,0.25359133539342404,Ilirska Bistrica,0.415707491761177,9241.103120666829,1
10096979,Dobropolje,Ilirska Bistrica,0.6329720084028986,Ilirska Bistrica,0.7596436805917688,4300.067367769966,1
10096987,Dolenje pri Jelšanah,Ilirska Bistrica,0.2869007979104879,Ilirska Bistrica,0.5073796106287128,8563.979973246982,1
10096995,Dolnja Bitnja,Ilirska Bistrica,0.3114438779725794,Ilirska Bistrica,0.416021556066977,8196.97521354915,1
10097002,Dolnji Zemon,Ilirska Bistrica,0.7233831507025424,Ilirska Bistrica,0.8520453727776995,3349.705531423902,1
10097029,Fabci,Ilirska Bistrica,0.06707925243060006,Ilirska Bistrica,0.2636697470952416,16179.038472115444,1
10097037,Gabrk,Ilirska Bistrica,0.09136103870112948,Ilirska Bistrica,0.2012242255272616,14842.378149596389,1
10097045,Gornja Bitnja,Ilirska Bistrica,0.3297690568121004,Ilirska Bistrica,0.4618625255767847,7734.806330611862,1
10097053,Gornji Zemon,Ilirska Bistrica,0.5315424611487601,Ilirska Bistrica,0.6995388918137634,5464.571378620442,1
10097061,Harije,Ilirska Bistrica,0.477199082308983,Ilirska Bistrica,0.6302030619229917,5970.460763649934,1
10097070,Hrušica,Ilirska Bistrica,0.0652765111240727,Ilirska Bistrica,0.1855224188236166,16265.179863313217,1
10097088,Huje,Ilirska Bistrica,0.10143437464774227,Ilirska Bistrica,0.2157282201562473,14213.743211570909,1
10097096,Ilirska Bistrica,Ilirska Bistrica,0.9975469975934762,Ilirska Bistrica,0.9999999831144744,0.0,1
10097100,Jablanica,Ilirska Bistrica,0.478429261667207,Ilirska Bistrica,0.6653910943454385,5961.932381309596,1
10097118,Janeževo Brdo,Ilirska Bistrica,0.17192309774935655,Ilirska Bistrica,0.2701677546569997,11790.051965876806,1
10097126,Jasen,Ilirska Bistrica,0.8090908332171103,Ilirska Bistrica,0.918516678883452,2351.064279356044,1
10097134,Jelšane,Ilirska Bistrica,0.2496593067579144,Ilirska Bistrica,0.4629300362454957,9496.559792443715,1
10097142,Kilovče,Ilirska Bistrica,0.22944386112640955,Ilirska Bistrica,0.3121127836763087,10076.608440351623,1
10097169,Knežak,Ilirska Bistrica,0.22089023067694646,Ilirska Bistrica,0.2657704225635119,8171.21228840468,1
10097177,Koritnice,Ilirska Bistrica,0.11425953051191826,Ilirska Bistrica,0.2138596356531903,12019.267658041235,1
10097185,Koseze,Ilirska Bistrica,0.8170285965353119,Ilirska Bistrica,0.9335132230060514,2085.114036346947,1
10097193,Kuteževo,Ilirska Bistrica,0.24227988488631438,Ilirska Bistrica,0.4550965935753391,9752.737180040824,1
10097207,Mala Bukovica,Ilirska Bistrica,0.5881117570506089,Ilirska Bistrica,0.7538534375971385,4665.34061242391,1
10097215,Male Loče,Ilirska Bistrica,0.055908430867159666,Ilirska Bistrica,0.1554890417463336,15726.867197606827,1
10097223,Mereče,Ilirska Bistrica,0.4190702560288299,Ilirska Bistrica,0.5184042529462969,6854.1809876408415,1
10097231,Nova vas pri Jelšanah,Ilirska Bistrica,0.07926251762918424,Ilirska Bistrica,0.2866113679488632,15049.453441551752,1
10097240,Novokračine,Ilirska Bistrica,0.11886677366430941,Ilirska Bistrica,0.3268517303824941,13381.987504291608,1
10097258,Ostrožno Brdo,Ilirska Bistrica,0.07489301576216438,Ilirska Bistrica,0.1630782146561259,13866.988673510645,1
10097266,Pavlica,Ilirska Bistrica,0.22934693586075547,Ilirska Bistrica,0.4133557057463786,10145.373050316352,1
10097274,Podbeže,Ilirska Bistrica,0.15376930861988594,Ilirska Bistrica,0.3124380844457897,12207.89996908647,1
10097282,Podgrad,Ilirska Bistrica,0.13208543088410227,Ilirska Bistrica,0.2620723462893828,13193.670590993604,1
10097304,Podgraje,Ilirska Bistrica,0.21245233651711298,Ilirska Bistrica,0.4185345405492432,10619.8237625367,1
10097312,Podstenje,Ilirska Bistrica,0.3953884980429644,Ilirska Bistrica,0.4930338418594158,7104.081377990391,1
10097339,Podstenjšek,Ilirska Bistrica,0.35649084269343695,Ilirska Bistrica,0.4896475587467185,7227.09044363491,1
10097347,Podtabor,Ilirska Bistrica,0.35132671849630376,Ilirska Bistrica,0.4800355556875331,7276.693168347272,1
10097355,Pregarje,Ilirska Bistrica,0.13892249490672934,Ilirska Bistrica,0.2519394905474611,12974.938042583088,1
10097363,Prelože,Ilirska Bistrica,0.14375500495286261,Ilirska Bistrica,0.246399684201793,12481.265363289733,1
10097371,Prem,Ilirska Bistrica,0.22648016968828016,Ilirska Bistrica,0.3238877277804192,10204.899246500589,1
10097380,Račice,Ilirska Bistrica,0.1063855109483149,Ilirska Bistrica,0.2561022976103222,13761.06264846707,1
10097398,Ratečevo Brdo,Ilirska Bistrica,0.23472164416648986,Ilirska Bistrica,0.3521594155976029,9858.785032077258,1
10097401,Rečica,Ilirska Bistrica,0.7549968560834103,Ilirska Bistrica,0.8654224182913683,2961.0392356460184,1
10097410,Rjavče,Ilirska Bistrica,0.0692151855989497,Ilirska Bistrica,0.1749556173797448,16037.727954468552,1
10097428,Sabonje,Ilirska Bistrica,0.18864909268486688,Ilirska Bistrica,0.3440068447358254,11307.132028755424,1
10097436,Smrje,Ilirska Bistrica,0.32912846963347214,Ilirska Bistrica,0.4807119012017989,7784.81252640516,1
10097444,Soze,Ilirska Bistrica,0.4242261150241178,Ilirska Bistrica,0.6143250828992741,6472.75709843827,1
10097452,Starod,Ilirska Bistrica,0.13892249490672934,Ilirska Bistrica,0.3010438112178386,12961.427819049755,1
10097479,Studena Gora,Ilirska Bistrica,0.2496593067579144,Ilirska Bistrica,0.4448588368517834,9501.289741540591,1
10097487,Sušak,Ilirska Bistrica,0.08879966375610532,Ilirska Bistrica,0.2867364909673337,15004.734586114006,1
10097495,Šembije,Ilirska Bistrica,0.4190702560288299,Ilirska Bistrica,0.5015244934808202,6816.080949892778,1
10097509,Tominje,Ilirska Bistrica,0.2871085281203499,Ilirska Bistrica,0.4720596247360805,8413.989986103756,1
10097517,Topolc,Ilirska Bistrica,0.6577045863895582,Ilirska Bistrica,0.7842752416819446,3862.631165670775,1
10097525,Trpčane,Ilirska Bistrica,0.29873877571671925,Ilirska Bistrica,0.5245256812948952,8309.444711152399,1
10097533,Velika Bukovica,Ilirska Bistrica,0.6561115569921576,Ilirska Bistrica,0.8036709367156752,3915.950432638916,1
10097541,Veliko Brdo,Ilirska Bistrica,0.26521074250155385,Ilirska Bistrica,0.4877986317040979,8960.932609727983,1
10097550,Vrbica,Ilirska Bistrica,0.5856899107960812,Ilirska Bistrica,0.7531108895422983,4713.768259271888,1
10097568,Vrbovo,Ilirska Bistrica,0.6668738583374553,Ilirska Bistrica,0.8253641197496251,3722.168444072885,1
10097576,Zabiče,Ilirska Bistrica,0.19966695041019114,Ilirska Bistrica,0.4092723942427878,10864.392795932536,1
10097584,Zajelšje,Ilirska Bistrica,0.23521333461313143,Ilirska Bistrica,0.3962334842873278,9826.35659257557,1
10097592,Zarečica,Ilirska Bistrica,0.6566181585909378,Ilirska Bistrica,0.7927534675419637,3953.095651193297,1
10097606,Zarečje,Ilirska Bistrica,0.6475222765299268,Ilirska Bistrica,0.7755622027366692,4122.353594669952,1
10097614,Snežnik,Ilirska Bistrica,0.03293636986063169,Ljubljana,0.1493608390569974,22989.32740023569,0
10097622,Baredi,Koper,0.4841752013001905,Izola,0.4225223826497483,4591.323380933575,0
10097649,Dobrava,Izola,0.568906267765348,Izola,0.5849654895160736,2921.389501974351,1
10097657,Korte,Koper,0.3164411483606829,Koper,0.3664842760941792,7581.247618048062,1
10097665,Izola,Izola,0.9971890786654505,Izola,0.9999998811996794,0.0,1
10097673,Jagodje,Izola,0.686340394018329,Izola,0.7447447490729888,1930.677156160328,1
10097681,Malija,Koper,0.4109433677931664,Koper,0.3305287411841024,5590.410257624021,1
10097690,Šared,Koper,0.5141013143364517,Izola,0.5009175606315208,3628.634942389133,0
10097703,Cetore,Koper,0.4113772654937945,Koper,0.3531720406863027,5488.26541502403,1
10097711,Belca,Jesenice,0.14456551509455737,Jesenice,0.2695969741500476,10173.109652500189,1
10097720,Blejska Dobrava,Jesenice,0.5084419140578741,Jesenice,0.5891751006821154,4450.788787966591,1
10097738,Breg,Bled,0.3688768515908321,Žirovnica,0.2265067910441719,2013.23018134038,0
10097746,Breznica,Radovljica,0.41077422963268106,Žirovnica,0.2896012678206751,1710.1810946130945,0
10097754,Doslovče,Radovljica,0.4538942907938668,Radovljica,0.3107627929827025,2534.859968774137,1
10097762,Dovje,Jesenice,0.24622681344176045,Jesenice,0.3895457974699732,9719.675769403582,1
10097789,Gozd Martuljek,Kranjska Gora,0.4921485093349118,Kranjska Gora,0.7063223861448508,3172.9346840305507,1
10097797,Hrušica,Jesenice,0.5950202089102686,Jesenice,0.75694000902996,4002.280952827573,1
10097819,Javorniški Rovt,Jesenice,0.3339971554596458,Jesenice,0.4623463170806311,7422.759463757274,1
10097827,Jesenice,Jesenice,0.9984521649534723,Jesenice,0.9999999756361252,0.0,1
10097835,Kočna,Jesenice,0.4379704972388067,Jesenice,0.4471372255706846,4952.556512404201,1
10097843,Kranjska Gora,Kranjska Gora,0.9943792565291629,Kranjska Gora,0.999999963126844,0.0,1
10097851,Lipce,Jesenice,0.6316637116921848,Jesenice,0.6593926107026327,3842.993033325487,1
10097860,Log,Kranjska Gora,0.6386432708799825,Kranjska Gora,0.9081141020336032,1612.7247051299971,1
10097878,Mojstrana,Jesenice,0.19866487624420123,Jesenice,0.3533832041299972,10683.732017207833,1
10097886,Moste,Žirovnica,0.5513458705745998,Žirovnica,0.5866153542831084,905.6714296330064,1
10097894,Planina pod Golico,Jesenice,0.46255215871361594,Jesenice,0.6471824303674867,5513.994818539023,1
10097908,Plavški Rovt,Jesenice,0.5196874616702302,Jesenice,0.7333991294474063,4369.31355143451,1
10097916,Podkočna,Jesenice,0.7507569107642315,Jesenice,0.7924691514967849,2884.793826962774,1
10097924,Podkoren,Kranjska Gora,0.48853950149554265,Kranjska Gora,0.7460497211962611,3190.433564365813,1
10097932,Potoki,Jesenice,0.45014657408048414,Jesenice,0.3903691345267598,2395.099855038611,1
10097959,Rateče,Kranjska Gora,0.22573257145215675,Kranjska Gora,0.434952489773521,6560.328499786105,1
10097967,Rodine,Radovljica,0.5883452150414441,Radovljica,0.4322003102701029,4039.430356037436,1
10097975,Selo pri Žirovnici,Žirovnica,0.6250928709201942,Žirovnica,0.6563756011931884,781.7527723507803,1
10097983,Smokuč,Radovljica,0.4802220341633637,Radovljica,0.3496335072238388,3267.14747619805,1
10097991,Srednji Vrh,Kranjska Gora,0.21791929075043803,Kranjska Gora,0.3421442384557615,6953.781530061766,1
10098009,Vrba,Radovljica,0.5292720956791973,Radovljica,0.3401576551258631,2457.098652642967,1
10098017,Zabreznica,Žirovnica,0.4930385310624429,Žirovnica,0.4000360986346392,1320.3845275512986,1
10098025,Zgornja Radovna,Jesenice,0.12992739148599416,Jesenice,0.2549396457899348,13725.60324748081,1
10098033,Žirovnica,Žirovnica,0.9985033692643089,Žirovnica,0.9999991576036542,0.0,1
10098041,Prihodi,Jesenice,0.6330019344766908,Jesenice,0.7856577985898383,3716.8387513173534,1
10098050,Bela,Kamnik,0.16395068379370994,Ljubljana,0.1842826161705368,9148.758330720018,0
10098068,Bela Peč,Kamnik,0.2849707749805732,Ljubljana,0.2459986194986293,12136.933974318346,0
10098076,Bistričica,Kamnik,0.5522097901297086,Kamnik,0.4449980728101224,6052.463129288771,1
10098084,Breg pri Komendi,Komenda,0.5327726516109846,Ljubljana,0.2200470865051532,1482.6536192679678,0
10098092,Brezje nad Kamnikom,Kamnik,0.6132453399119313,Kamnik,0.4929270685236184,5516.823022011164,1
10098106,Briše,Kamnik,0.6731232916374487,Kamnik,0.5977152469969341,4238.567809166272,1
10098114,Buč,Kamnik,0.28239402719824364,Ljubljana,0.2447240117419028,9508.86156156398,0
10098122,Cirkuše v Tuhinju,Kamnik,0.1897911650092122,Ljubljana,0.2396905437623195,14207.337153866343,0
10098149,Češnjice v Tuhinju,Kamnik,0.20934220851921903,Ljubljana,0.230031905443577,14708.116365556936,0
10098157,Črna pri Kamniku,Kamnik,0.4373019802090364,Kamnik,0.3799396154970488,7349.780999003914,1
10098165,Črni Vrh v Tuhinju,Kamnik,0.1979209658599313,Ljubljana,0.2294138137709164,14913.856660708308,0
10098173,Skomarje,Zreče,0.10988323973418158,Zreče,0.1371059448336449,10290.25911846764,1
10098181,Gabrovnica,Kamnik,0.18585494953584422,Ljubljana,0.2935970281920729,8623.530705542284,0
10098190,Gmajnica,Komenda,0.7584910087064217,Komenda,0.5322046405709862,685.2581898410851,1
10098203,Godič,Kamnik,0.6524276466058951,Kamnik,0.5388130454304522,4913.948041205309,1
10098211,Golice,Kamnik,0.18476814997414137,Ljubljana,0.2410280055493228,15075.061481235072,0
10098220,Gora pri Komendi,Komenda,0.5733009106327946,Komenda,0.2258859190714422,1334.576735092883,1
10098238,Gozd,Kamnik,0.36421313119826726,Kamnik,0.3141829039607079,8693.618528563518,1
10098246,Gradišče v Tuhinju,Kamnik,0.22760056368800513,Ljubljana,0.2606321920302415,12199.58114099513,0
10098254,Hrib pri Kamniku,Kamnik,0.6487659331010177,Kamnik,0.561434809705113,4592.902606090577,1
10098262,Hruševka,Kamnik,0.28878181153725585,Ljubljana,0.2546048845619946,10683.918047599307,0
10098289,Jeranovo,Kamnik,0.8185278999422152,Kamnik,0.8566794645718919,1957.037239391208,1
10098297,Kališe,Kamnik,0.2956136268963949,Ljubljana,0.2486326211265206,10962.809082574937,0
10098319,Kamnik,Kamnik,0.998156358453666,Kamnik,0.9999999482744366,0.0,1
10098327,Kamniška Bistrica,Kamnik,0.24357848652373812,Ljubljana,0.2777111516560326,12883.463395981476,0
10098335,Klanec,Komenda,0.656195896723617,Komenda,0.4055800947090435,918.4328672173064,1
10098343,Klemenčevo,Kamnik,0.4099461087408065,Kamnik,0.3222373105723667,8102.94873091611,1
10098351,Komenda,Komenda,0.9964317454083134,Komenda,0.9999980893963528,0.0,1
10098360,Komendska Dobrava,Kamnik,0.43672449283425846,Kamnik,0.2490444516077946,3020.476635088066,1
10098378,Kostanj,Kamnik,0.23354942914420534,Ljubljana,0.258387969863206,11969.933942073088,0
10098386,Košiše,Kamnik,0.7421745558435928,Kamnik,0.6788151165216576,3380.712972346197,1
10098394,Kregarjevo,Kamnik,0.5645431301621331,Kamnik,0.4618387209694511,5879.334376035588,1
10098408,Krivčevo,Kamnik,0.2965901035264158,Ljubljana,0.253463470548627,11245.337816780528,0
10098416,Križ,Kamnik,0.6526319776200539,Kamnik,0.3473694681843104,2790.7442725973942,1
10098424,Kršič,Kamnik,0.7140168389996415,Kamnik,0.6239985127199134,4018.54947145056,1
10098432,Laniše,Kamnik,0.6524276466058951,Kamnik,0.5162558882751549,4945.267392687305,1
10098459,Laseno,Kamnik,0.21440888957252952,Ljubljana,0.2841066830208361,9306.912499710805,0
10098467,Laze v Tuhinju,Kamnik,0.2290816649840182,Ljubljana,0.2495304776505041,12064.008090539908,0
10098475,Liplje,Kamnik,0.2095298263122757,Ljubljana,0.2363854323330727,16094.70776188438,0
10098483,Loke v Tuhinju,Kamnik,0.4396209731548824,Kamnik,0.3503997541534143,7385.905781392735,1
10098491,Mali Hrib,Kamnik,0.18823265089815774,Ljubljana,0.2476580105657169,13902.485389353224,0
10098505,Mali Rakitovec,Kamnik,0.18625935889412695,Ljubljana,0.2827706376020166,10604.792412064617,0
10098513,Markovo,Kamnik,0.5641810720014232,Kamnik,0.4508766681744309,5905.831592852552,1
10098521,Mekinje,Kamnik,0.8752683938736626,Kamnik,0.9151288207345626,1422.746840309013,1
10098530,Mlaka,Komenda,0.5733009106327946,Komenda,0.2492717705620001,1313.982391208535,1
10098548,Moste,Kamnik,0.4906618300220392,Ljubljana,0.2497037434264361,1962.969297219293,0
10098556,Motnik,Kamnik,0.1448074630557644,Ljubljana,0.15929750926009,6740.454552918533,0
10098564,Nasovče,Komenda,0.32736213681682275,Ljubljana,0.2423225995256323,2202.2469379525983,0
10098572,Nevlje,Kamnik,0.8727679533220426,Kamnik,0.9042146364713518,1518.045631971003,1
10098599,Okrog pri Motniku,Kamnik,0.18693039196551506,Ljubljana,0.2170226616624619,13244.70427886298,0
10098602,Okroglo,Kamnik,0.44135080504377194,Kamnik,0.3607820304925353,7602.817914264302,1
10098629,Oševek,Kamnik,0.8052762161551787,Kamnik,0.8281841253084686,2186.243901525272,1
10098637,Pirševo,Kamnik,0.293631597761739,Kamnik,0.2469961193904543,8974.980253461581,1
10098645,Podboršt pri Komendi,Komenda,0.656195896723617,Komenda,0.4094588424579451,908.7275881366536,1
10098653,Podbreg,Kamnik,0.25053548246683116,Ljubljana,0.2608463778899476,12020.424976417406,0
10098661,Podgorje,Kamnik,0.8053708007047925,Kamnik,0.7792536729966428,2303.320282632176,1
10098670,Podhruška,Kamnik,0.5659149965376633,Kamnik,0.4506543812713214,5853.377437381653,1
10098688,Podjelše,Kamnik,0.7633340105274131,Kamnik,0.7466551588444028,2889.6288492887484,1
10098696,Podlom,Kamnik,0.28348967085439636,Ljubljana,0.2451323080450795,10665.659222168531,0
10098700,Podstudenec,Kamnik,0.29215261384534,Ljubljana,0.2550266921975725,11047.99062868306,0
10098718,Poljana,Kamnik,0.2949476416130012,Ljubljana,0.2471263096776429,10923.10568323198,0
10098726,Poreber,Kamnik,0.6513673239502773,Kamnik,0.5435167289336508,4728.7692514855735,1
10098734,Potok,Kamnik,0.3954464567224171,Kamnik,0.2980967164338482,8304.732905530273,1
10098742,Potok pri Komendi,Komenda,0.6434098861765831,Komenda,0.3610422063512146,1002.6433355633176,1
10098769,Potok v Črni,Kamnik,0.4229284967945237,Kamnik,0.352787962546202,7836.597330580283,1
10098777,Praproče v Tuhinju,Kamnik,0.22817666017302873,Ljubljana,0.2642234730560658,13018.038637073909,0
10098785,Pšajnovica,Kamnik,0.22689686733192185,Ljubljana,0.2851133074216396,8508.752527088249,0
10098793,Ravne pri Šmartnem,Kamnik,0.22511447719891714,Ljubljana,0.264007905310365,12945.15211808131,0
10098807,Rožično,Kamnik,0.47861496954261395,Kamnik,0.3804442885699883,7036.054210631673,1
10098815,Rudnik pri Radomljah,Kamnik,0.5566964809056769,Kamnik,0.3061938004492854,6002.439400785974,1
10098823,Sela pri Kamniku,Kamnik,0.43729171075836176,Kamnik,0.3471189864731155,7698.761931826973,1
10098831,Sidol,Kamnik,0.2866310266207657,Ljubljana,0.2515493346102809,9387.06165681774,0
10098840,Smrečje v Črni,Kamnik,0.28461941157607124,Kamnik,0.2557556653024537,10326.307855656907,1
10098858,Snovik,Kamnik,0.2833528504226109,Kamnik,0.2460926215398158,9955.973430035132,1
10098866,Sovinja Peč,Kamnik,0.28508092820495734,Kamnik,0.2496706001226303,10347.144956524182,1
10098874,Spodnje Palovče,Kamnik,0.4609783337994275,Kamnik,0.3131454906723608,7122.990793724369,1
10098882,Spodnje Stranje,Kamnik,0.7484006106600569,Kamnik,0.7155048329276006,3159.392186478384,1
10098904,Srednja vas pri Kamniku,Kamnik,0.48818519860726795,Kamnik,0.4059798823186017,6503.829907663354,1
10098912,Stahovica,Kamnik,0.6132453399119313,Kamnik,0.4887770286706682,5541.3367711171,1
10098939,Stara sela,Kamnik,0.21455119814697146,Ljubljana,0.2528224817044363,13306.895070174538,0
10098947,Stebljevek,Kamnik,0.25774938237825995,Ljubljana,0.2520846857028557,11091.166840235788,0
10098955,Stolnik,Kamnik,0.714622247862907,Kamnik,0.6236702050816684,4029.705175640701,1
10098963,Studenca,Kamnik,0.4361414740979493,Kamnik,0.3612612043350411,7434.20984444047,1
10098971,Suhadole,Kamnik,0.43848062985407255,Ljubljana,0.2861756396495849,2805.544418159689,0
10098980,Šmarca,Kamnik,0.7223454893644139,Kamnik,0.4597125829201192,3900.052699480619,1
10098998,Šmartno v Tuhinju,Kamnik,0.2943214234013952,Ljubljana,0.2507337905955571,9624.80519583658,0
10099005,Špitalič,Kamnik,0.16743525495026987,Ljubljana,0.196877447911444,10547.417056142727,0
10099013,Trebelno pri Palovčah,Kamnik,0.6125946080940651,Kamnik,0.4667741702948597,5559.129528905981,1
10099021,Trobelno,Kamnik,0.2841525804231018,Kamnik,0.2460566007014636,10443.121110648648,1
10099030,Tučna,Kamnik,0.6672987018614895,Kamnik,0.5868049201888558,4365.469091479599,1
10099048,Tunjice,Kamnik,0.7288527396678632,Kamnik,0.624174832101984,3624.249389287212,1
10099056,Tunjiška Mlaka,Kamnik,0.7791268945401665,Kamnik,0.7733995362286618,2539.007361220685,1
10099064,Vaseno,Kamnik,0.35085216331097446,Kamnik,0.2632954938343978,7638.809697927007,1
10099072,Velika Lašna,Kamnik,0.29344607847783116,Ljubljana,0.2670268514515035,5526.671156202701,0
10099099,Veliki Hrib,Kamnik,0.18761536639743503,Ljubljana,0.2467119631217521,14061.251944419972,0
10099102,Veliki Rakitovec,Kamnik,0.18719825412767124,Ljubljana,0.2833195697545247,11017.73111970154,0
10099129,Vir pri Nevljah,Kamnik,0.6132453399119313,Kamnik,0.4748519435506721,5543.18278865678,1
10099137,Vodice nad Kamnikom,Kamnik,0.6524276466058951,Kamnik,0.5382812011204491,4951.206598678108,1
10099145,Volčji Potok,Kamnik,0.6524276466058951,Kamnik,0.3490648281526324,4932.576166374644,1
10099153,Vranja Peč,Kamnik,0.4368594676443609,Kamnik,0.3027506672711584,7441.8552362151295,1
10099161,Vrhpolje pri Kamniku,Kamnik,0.8580090667069897,Kamnik,0.8678942881413864,1840.66424671219,1
10099170,Zagorica nad Kamnikom,Kamnik,0.6731232916374487,Kamnik,0.6023275516288576,4226.346667431175,1
10099188,Zajasovnik - del,Kamnik,0.11443359690794815,Ljubljana,0.1702869421825952,6541.337692553598,0
10099196,Zakal,Kamnik,0.4343719876855848,Kamnik,0.3767456615750571,7261.414095979167,1
10099200,Zavrh pri Črnivcu,Kamnik,0.29220104838993327,Ljubljana,0.2520504676898336,11280.22458034156,0
10099218,Zduša,Kamnik,0.8053708007047925,Kamnik,0.8142600359221012,2315.4143355871265,1
10099226,Zgornje Palovče,Kamnik,0.6394795475575056,Kamnik,0.4906515589321614,5177.864940155007,1
10099234,Zgornje Stranje,Kamnik,0.725652683887361,Kamnik,0.648440040239926,3774.246397705093,1
10099242,Zgornji Motnik,Vransko,0.11234115213524093,Ljubljana,0.1526845057435425,6042.007025527409,0
10099269,Zgornji Tuhinj,Kamnik,0.2128873141114412,Ljubljana,0.2476071174115286,13273.595279001594,0
10099277,Znojile,Kamnik,0.38582077498645506,Kamnik,0.3172417277400414,8392.83163815599,1
10099285,Žaga,Kamnik,0.20211823635992482,Ljubljana,0.2645507160011685,14880.2460111029,0
10099293,Žeje pri Komendi,Kamnik,0.4400567932282147,Ljubljana,0.2535866724264191,2365.597762682104,0
10099307,Žubejevo,Kamnik,0.29570039974153095,Kamnik,0.279023359287707,9452.558727004229,1
10099315,Županje Njive,Kamnik,0.6188669957486033,Kamnik,0.5039399136749769,5327.896049952727,1
10099323,Soteska,Kamnik,0.7294357180662756,Kamnik,0.6679760010167338,3516.631448897588,1
10099331,Velika Planina,Kamnik,0.17291681519338492,Ljubljana,0.2666425404849237,18825.21345838579,0
10099340,Ajbelj,Kočevje,0.09521180977126063,Kočevje,0.2281172640719883,11091.087909852806,1
10099358,Banja loka,Kočevje,0.075051636821713,Kočevje,0.1809562608874988,7350.816409398419,1
10099366,Belica,Osilnica,0.0447603409195261,Ljubljana,0.2077026615205227,6523.400604898825,0
10099374,Bezgarji,Osilnica,0.04873340071561065,Ljubljana,0.204443262626334,5801.470401069946,0
10099382,Bezgovica,Osilnica,0.2864955128940677,Ljubljana,0.1932548651041577,3973.775876302819,0
10099404,Borovec pri Kočevski Reki,Kočevje,0.06095255262296976,Ljubljana,0.1938253411791392,14533.990019567284,0
10099412,Bosljiva Loka,Osilnica,0.02935263646276536,Ljubljana,0.19488484480928,7152.501483173466,0
10099439,Breg pri Kočevju,Kočevje,0.7564592028605804,Kočevje,0.8139541107763147,3160.5037092932034,1
10099447,Brezovica pri Predgradu,Kočevje,0.05941124892475013,Ljubljana,0.1399127357828176,20655.657967234125,0
10099455,Briga,Kočevje,0.09124572568718026,Kočevje,0.2121593690433039,9423.824703283515,1
10099463,Brsnik,Kostel,0.14586636544590925,Ljubljana,0.1723877676301341,4673.55692067659,0
10099471,Bukova Gora,Kočevje,0.059830230397168505,Ljubljana,0.1314926483119871,19762.376935492703,0
10099480,Colnarji,Kostel,0.0672617200907333,Ljubljana,0.1704155879648279,4890.697157413082,0
10099498,Cvišlerji,Kočevje,0.7652916197616936,Kočevje,0.8556515075184821,2923.7400303899094,1
10099501,Čeplje,Kočevje,0.05959857201528847,Ljubljana,0.142114565850831,21521.093913152683,0
10099510,Četež pri Strugah,Ljubljana,0.05287416124187169,Ljubljana,0.2660529350991267,7863.428533298633,1
10099528,Črni Potok pri Dragi,Ljubljana,0.024965064802521916,Ljubljana,0.2194398224458223,10107.59634663754,1
10099536,Črni Potok pri Kočevju,Kočevje,0.2377719668283491,Kočevje,0.5040584521913261,7741.059826071025,1
10099544,Delač,Kočevje,0.06301556871806767,Ljubljana,0.1706300370945649,5584.217378579243,0
10099552,Dol,Črnomelj,0.05227595801692538,Ljubljana,0.1439305357114083,21289.918257388283,0
10099579,Dolenja Žaga,Kočevje,0.06368363991890383,Ljubljana,0.1693801743332985,6706.464219438855,0
10099587,Dolenji Potok,Kočevje,0.07636068806731525,Kočevje,0.184541571405903,8271.431144678461,1
10099595,Dolga vas,Kočevje,0.7564592028605804,Kočevje,0.8432434444787427,3117.457086891406,1
10099609,Dolnja Briga,Kočevje,0.06296695561587146,Ljubljana,0.1887531216255466,12496.994633920582,0
10099617,Dolnje Ložine,Kočevje,0.26567325388090124,Kočevje,0.4020037326894959,7388.278594386657,1
10099625,Draga,Ljubljana,0.030893325701958213,Ljubljana,0.2187561441023677,9872.768297646857,1
10099633,Dren,Kostel,0.15258157985352486,Ljubljana,0.1708044504832673,4590.626627195754,0
10099641,Drežnik,Koper,0.020554905040154323,Ljubljana,0.1558638413858522,163843.9145273759,0
10099650,Fara,Kostel,0.9965356586367844,Kostel,0.9999966997017796,0.0,1
10099668,Gladloka,Kostel,0.037813724465863896,Ljubljana,0.1789613343908379,6823.791502883277,0
10099676,Glažuta,Kočevje,0.047270671935216814,Ljubljana,0.1979188623837385,11220.414550141762,0
10099684,Gorenja Žaga,Kočevje,0.06129210297262505,Ljubljana,0.169509679556265,6791.952089694618,0
10099692,Gorenje,Kočevje,0.6210036108060567,Kočevje,0.7108694863388636,4140.988618975466,1
10099706,Gorenji Potok,Kočevje,0.07088833954266789,Kočevje,0.1760524509633526,10666.8765076346,1
10099714,Gornja Briga,Kočevje,0.049255953537418885,Ljubljana,0.1954979632175521,13890.407758809268,0
10099722,Gornje Ložine,Kočevje,0.2262004915330037,Kočevje,0.3423530319968592,8205.112211915653,1
10099749,Gotenc,Kostel,0.17102020064754878,Ljubljana,0.1716000423504158,4491.683023489793,0
10099757,Grgelj,Kočevje,0.08810885450102823,Kočevje,0.1966122228499807,17704.98020342525,1
10099765,Grintovec pri Osilnici,Osilnica,0.052052940853565766,Ljubljana,0.1936650294590632,5428.02239491083,0
10099773,Grivac,Kostel,0.3117357841028248,Ljubljana,0.1731269990002783,3757.271793575426,0
10099781,Hreljin,Črnomelj,0.038938749925414164,Ljubljana,0.1545109410742438,18323.025535814013,0
10099790,Hrib pri Fari,Kostel,0.6609222163748528,Kostel,0.3664854331657315,725.181296348649,1
10099803,Hrib pri Koprivniku,Kočevje,0.08495906094691755,Kočevje,0.1467291440093837,16483.472688641505,1
10099811,Jakšiči,Kostel,0.32279986764249247,Ljubljana,0.160808779961887,1661.6077802330085,0
10099820,Jelenja vas,Črnomelj,0.06310047796070858,Ljubljana,0.1419588199210341,19933.65164476988,0
10099838,Jesenov Vrt,Kočevje,0.07297259302596946,Kočevje,0.1786038625671412,9708.27052474658,1
10099846,Kačji Potok,Kočevje,0.10509353488462347,Kočevje,0.2879979502233166,13145.921828034006,1
10099854,Kaptol,Kočevje,0.09506809996712645,Kočevje,0.241617008911213,11261.514467873489,1
10099862,Kleč,Kočevje,0.22511392776687647,Kočevje,0.3831312311917862,8329.639989811556,1
10099889,Klinja vas,Kočevje,0.5761614964780877,Kočevje,0.6972277580886382,4388.6072756082585,1
10099897,Knežja Lipa,Kočevje,0.08835757773270321,Kočevje,0.1771242142850771,17622.44757973502,1
10099919,Koblarji,Kočevje,0.3986073714349999,Kočevje,0.6033462295923041,5229.385594016391,1
10099927,Kočarji,Kočevje,0.14296437632605127,Kočevje,0.3484224417412845,11093.88252826566,1
10099935,Koče,Kočevje,0.07297259302596946,Ljubljana,0.2069191166753098,18408.76257004524,0
10099943,Kočevje,Kočevje,0.9999999127925255,Kočevje,0.999999978781247,0.0,1
10099951,Kočevska Reka,Kočevje,0.096543795164517,Ljubljana,0.1909171311912318,16507.549675310755,0
10099960,Kolenča vas,Kočevje,0.059739608925903506,Ljubljana,0.2580581464334929,9434.395102569231,0
10099978,Komolec,Novo mesto,0.10945713304347232,Novo mesto,0.1626338908580893,11839.397831671376,1
10099986,Konca vas,Kočevje,0.4773768887646941,Kočevje,0.6664132676516351,4571.296766487647,1
10099994,Koprivnik,Kočevje,0.09420784716848689,Kočevje,0.1767895114963496,16146.667999174066,1
10100003,Kostel,Kočevje,0.06223178882290077,Ljubljana,0.1716568475684865,7125.560407280835,0
10100011,Kralji,Kočevje,0.060490828764612196,Ljubljana,0.1447328283313522,20466.172291263843,0
10100020,Križmani,Osilnica,0.30144045213226145,Ljubljana,0.1898497987749106,3579.1472649675798,0
10100038,Krkovo nad Faro,Kostel,0.3913336976927551,Ljubljana,0.1696542795111383,3086.4526259769355,0
10100046,Kuhlarji,Kočevje,0.06636655007688982,Kočevje,0.1759510745762663,17185.488067833627,1
10100054,Kuželič,Kostel,0.3943482602652567,Ljubljana,0.1701335948169272,2628.5732194875536,0
10100062,Kuželj,Ljubljana,0.013663506186190404,Ljubljana,0.1747147490761037,7962.853904546995,1
10100089,Laze pri Kostelu,Ljubljana,0.014576180097829716,Ljubljana,0.1729383846303008,8163.504312335068,1
10100097,Laze pri Oneku,Kočevje,0.11477870555915287,Kočevje,0.2767483423295167,12251.176610926532,1
10100119,Laze pri Predgradu,Kočevje,0.04083051804427195,Ljubljana,0.1566642097760022,18223.76025067411,0
10100127,Lazec,Loški Potok,0.04875745883318129,Ljubljana,0.2099832131629445,6782.531698430455,0
10100135,Lipa,Kočevje,0.06347949719367299,Ljubljana,0.2520988991678864,9938.668440394951,0
10100143,Lipovec pri Kostelu,Kočevje,0.051985235893385974,Ljubljana,0.172148366152708,6498.88255240018,0
10100151,Livold,Kočevje,0.4001613214242707,Kočevje,0.6858149431601273,5052.30654682907,1
10100160,Ložec,Osilnica,0.30304989008201993,Ljubljana,0.1912885839021885,3549.4256611006945,0
10100178,Mačkovec,Kočevje,0.17575690600408397,Kočevje,0.4004364917215228,9333.548455875214,1
10100186,Mahovnik,Kočevje,0.859414882227067,Kočevje,0.9490061280790494,1568.3099537627852,1
10100194,Mala Gora,Kočevje,0.3436045917693446,Kočevje,0.5357046946111297,6056.729040040805,1
10100208,Malinišče,Osilnica,0.39087726012795615,Ljubljana,0.1805382269660871,2505.645644654179,0
10100216,Mavrc,Kočevje,0.06214152904904426,Ljubljana,0.1716175111203789,5276.327194542319,0
10100224,Mirtoviči,Maribor,0.018778412655287454,Ljubljana,0.1950101456978861,8498.469739346416,0
10100232,Mlaka pri Kočevju,Kočevje,0.730934384019937,Kočevje,0.8028266472176353,3259.0085889676093,1
10100259,Mlaka pri Kočevski Reki,Kočevje,0.06378591007354917,Ljubljana,0.2105863122264095,17158.515720656,0
10100267,Mokri Potok,Kočevje,0.09635942612724924,Kočevje,0.2104540781478143,15474.796714082337,1
10100275,Morava,Kočevje,0.10194474036708856,Kočevje,0.2871036965929882,13237.563641482517,1
10100283,Mozelj,Kočevje,0.17336687503909043,Kočevje,0.4108681936305543,9474.529615885554,1
10100291,Mrtvice,Kočevje,0.6040499937245302,Kočevje,0.7434391101060525,4206.383928844085,1
10100305,Muha vas,Kočevje,0.08916030467050133,Kočevje,0.2481324133005586,14815.175372171512,1
10100313,Nemška Loka,Kočevje,0.062108981928506106,Ljubljana,0.1391829125574391,20486.159164312896,0
10100321,Nova sela,Kočevje,0.06368363991890383,Ljubljana,0.1692757920406124,5997.6093271510745,0
10100330,Nove Ložine,Kočevje,0.30295234877201077,Kočevje,0.4667014452018306,6570.841613616601,1
10100348,Novi Kot,Ljubljana,0.027519316633214004,Ljubljana,0.2267434497059538,12999.20470187085,1
10100356,Novi Lazi,Kočevje,0.11062987920915844,Kočevje,0.2986257594603009,12370.054821494288,1
10100364,Ograja,Kočevje,0.09453327575514679,Kočevje,0.2236696664237742,13697.81223440447,1
10100372,Onek,Kočevje,0.2262004915330037,Kočevje,0.4496045705409975,8258.341611026564,1
10100399,Osilnica,Osilnica,0.9970856941878118,Osilnica,0.9999984426673436,0.0,1
10100402,Oskrt,Kostel,0.3004267918180869,Ljubljana,0.1703982855943507,4031.3230431095417,0
10100429,Padovo pri Fari,Kostel,0.3107044658805678,Ljubljana,0.172688621909735,3774.638512527156,0
10100437,Padovo pri Osilnici,Osilnica,0.31750471754645104,Ljubljana,0.1874846952666313,3257.134300364215,0
10100445,Paka,Kočevje,0.06386010695999922,Ljubljana,0.251329477662268,10295.737072188304,0
10100453,Paka pri Predgradu,Črnomelj,0.06641702814173937,Črnomelj,0.1437324816318295,19780.081003368185,1
10100461,Papeži,Osilnica,0.04873340071561065,Ljubljana,0.2068942368518777,5776.8853877279125,0
10100470,Petrina,Kostel,0.3884544030171517,Ljubljana,0.1707415070643253,2782.850880756136,0
10100488,Pirče,Kostel,0.39859620702326076,Ljubljana,0.1682177313317499,2317.319043550186,0
10100496,Planina,Kostel,0.39725897711105107,Ljubljana,0.1714422737203632,2566.210277785239,0
10100500,Poden,Kostel,0.15258157985352486,Ljubljana,0.1720923823229316,4594.043258543894,0
10100518,Podlesje,Kočevje,0.09493125515654535,Kočevje,0.2261008648898176,15796.981787014456,1
10100526,Podplanina,Ljubljana,0.0326877745462753,Ljubljana,0.2231008105310177,12256.237695627551,1
10100534,Podpreska,Ljubljana,0.03209240921462812,Ljubljana,0.2134031024570961,7964.083654168018,1
10100542,Podstene,Kočevje,0.0918349372891223,Kočevje,0.1687756753060885,17478.529962618777,1
10100569,Podstene pri Kostelu,Kočevje,0.09150603384097541,Kočevje,0.201907052297998,9491.772393953928,1
10100577,Trnovec,Kočevje,0.088465917004619,Kočevje,0.136080341416477,17219.159721940334,1
10100585,Podtabor,Kočevje,0.060903297358900266,Ljubljana,0.2530995059646148,10525.509276023648,0
10100593,Podvrh,Osilnica,0.3786577557555244,Ljubljana,0.1871298629939916,2897.2737460390504,0
10100607,Polom,Kočevje,0.09780162255840656,Ljubljana,0.1925606816804065,13724.88939110051,0
10100615,Potiskavec,Ljubljana,0.0626872408951501,Ljubljana,0.2610718836816322,9185.795373134237,1
10100623,Potok,Kostel,0.46072590821459114,Kostel,0.2658775286631416,919.0707143062308,1
10100631,Predgrad,Črnomelj,0.07328262219511547,Črnomelj,0.1538592141937872,18807.31221759863,1
10100640,Preža,Kočevje,0.09008375850721105,Kočevje,0.2533752739475441,14679.789447863504,1
10100658,Pri Cerkvi-Struge,Kočevje,0.063078064564644,Ljubljana,0.2487809370202648,10307.069410051845,0
10100666,Primoži,Kočevje,0.06202010948026479,Ljubljana,0.2097455514468695,18276.514621120885,0
10100674,Puc,Kočevje,0.08944891626247756,Kočevje,0.2036615683611551,11260.410630356722,1
10100682,Pugled pri Starem Logu,Kočevje,0.06939115248500707,Ljubljana,0.1578842533662985,19519.843958708138,0
10100704,Pungert,Ljubljana,0.031090284995249493,Ljubljana,0.2241338042103472,14206.76879839233,1
10100712,Rajhenav,Kočevje,0.0904988513447042,Kočevje,0.1607610218178788,17073.862045267728,1
10100739,Rajndol,Kočevje,0.1176738288729352,Kočevje,0.3171442612985042,11840.632454771669,1
10100747,Rajšele,Kočevje,0.04144617532839508,Ljubljana,0.1742874640692376,7785.619141571138,0
10100755,Rake,Kočevje,0.033921527179829256,Ljubljana,0.1810074057139293,16843.508394564175,0
10100763,Rapljevo,Kočevje,0.08004379444159429,Ljubljana,0.2350189896122267,11915.729130313162,0
10100771,Ribjek,Osilnica,0.31750471754645104,Ljubljana,0.1870291231404905,3244.9174831298137,0
10100780,Rogati Hrib,Kočevje,0.16290704355409055,Kočevje,0.3864180889180434,10151.392084529794,1
10100798,Sadni Hrib,Koper,0.020554905040154323,Ljubljana,0.1558638413858522,163843.9145273759,0
10100801,Sapnik,Kostel,0.3084388370090796,Ljubljana,0.172105098515113,3950.583300924521,0
10100810,Seč,Kočevje,0.09392478157132571,Ljubljana,0.2021389723516706,15113.65316197992,0
10100828,Sela,Osilnica,0.6865973236501126,Osilnica,0.6395774294820256,598.7464822803872,1
10100836,Selo pri Kostelu,Kočevje,0.04340460787113125,Ljubljana,0.172992804872377,6976.430761544607,0
10100844,Slavski Laz,Kostel,0.336295988927686,Ljubljana,0.1669455571991371,2144.6565817524897,0
10100852,Slovenska vas,Kočevje,0.5154241421528499,Kočevje,0.6812328333500853,4449.608225745171,1
10100879,Smuka,Novo mesto,0.08419547318182476,Ljubljana,0.1560968199659477,12481.309038268138,0
10100887,Spodnja Bilpa,Kočevje,0.03666689863422082,Ljubljana,0.1656055209550464,12279.576828280777,0
10100895,Spodnji Čačič,Osilnica,0.2637949099905061,Ljubljana,0.1915429586904933,4210.360908658524,0
10100909,Spodnji Log,Kočevje,0.06028186178885396,Ljubljana,0.155565193102672,20447.961483607294,0
10100917,Srednja vas pri Dragi,Ljubljana,0.034947846218106246,Ljubljana,0.222124268247206,12049.435849772668,1
10100925,Srednji Potok,Kočevje,0.08432461456625694,Kočevje,0.1949502362231131,9183.842636841566,1
10100933,Srobotnik ob Kolpi,Maribor,0.016002821124572054,Ljubljana,0.1888533820437207,10752.419026200128,0
10100941,Stara Cerkev,Kočevje,0.5968641742194702,Kočevje,0.6891385023525656,4307.641460138679,1
10100950,Stari Breg,Kočevje,0.1516455210573737,Kočevje,0.3397877942040828,10253.427456850071,1
10100968,Stari Kot,Ljubljana,0.031549953366584595,Ljubljana,0.2246160722777866,11046.886469554562,1
10100976,Stari Log,Kočevje,0.1047709598313884,Kočevje,0.2009747485962826,13080.237346684218,1
10100984,Staro Brezje,Kočevje,0.09891594075120153,Kočevje,0.2464121400143304,13564.29444381833,1
10100992,Stelnik,Kočevje,0.0625063096909305,Ljubljana,0.1713183897351086,6771.58987686954,0
10101000,Strojiči,Osilnica,0.38014144998685784,Ljubljana,0.1923169845407318,3003.142652971036,0
10101018,Stružnica,Kočevje,0.04083051804427195,Ljubljana,0.1779883374398877,13934.07396047331,0
10101026,Suhi Potok,Kočevje,0.13027322375981318,Kočevje,0.3382713558472125,11398.529552840791,1
10101034,Suhor,Kočevje,0.09456700435593404,Kočevje,0.2229154331543377,10771.914062221538,1
10101042,Svetli Potok,Kočevje,0.09445272948837179,Kočevje,0.1888259412671194,16793.80341255746,1
10101069,Šalka vas,Kočevje,0.7659251097439161,Kočevje,0.853698449038188,2890.9800740800843,1
10101077,Škrilj,Kočevje,0.0904988513447042,Kočevje,0.2088686505335102,17083.61309460771,1
10101085,Štajer,Kostel,0.399131736718961,Ljubljana,0.1688742044621483,2244.8759240535665,0
10101093,Štalcerji,Kočevje,0.15183151343339363,Kočevje,0.3795965883427296,10327.556432706391,1
10101107,Tisovec,Ljubljana,0.062082225501080224,Ljubljana,0.2677582539153486,8719.302343473524,1
10101115,Tišenpolj,Kostel,0.39167306301179494,Ljubljana,0.1713028149913639,3072.880486015467,0
10101123,Topla Reber,Novo mesto,0.06660383984588575,Ljubljana,0.1543334951284905,18007.99326740673,0
10101131,Trava,Ljubljana,0.02764501005773217,Ljubljana,0.2236017567283942,13989.386817291845,1
10101140,Tržič,Kočevje,0.06099184709730766,Ljubljana,0.2555695735461207,9876.807140259363,0
10101158,Vas,Kostel,0.3635197336660259,Kostel,0.2244944401902683,1029.6025369788615,1
10101166,Vimolj,Kočevje,0.0660272208131611,Kočevje,0.1725526201831128,7976.172666495443,1
10101174,Vimolj pri Predgradu,Kočevje,0.059374660306824055,Ljubljana,0.1439549685225307,21361.4782482988,0
10101182,Vrbovec,Kočevje,0.1303567716068897,Kočevje,0.2367633628646909,11614.918041861569,1
10101204,Vrh pri Fari,Kostel,0.31553306047699275,Ljubljana,0.1702280332526735,3565.4772010597394,0
10101212,Vrt,Kočevje,0.034853724244557044,Ljubljana,0.1596235481317474,15363.742577434066,0
10101239,Zajčje Polje,Kočevje,0.29752940023745433,Kočevje,0.5683691437202675,6686.040869886728,1
10101247,Zapuže pri Kostelu,Kočevje,0.044453196774604076,Ljubljana,0.1740797969038627,7649.030694337885,0
10101255,Zdihovo,Kočevje,0.08105206087929606,Kočevje,0.1941481208459776,15682.35747356788,1
10101263,Zgornji Čačič,Osilnica,0.261989899336271,Ljubljana,0.1914458117486823,4286.086721349628,0
10101271,Željne,Kočevje,0.627321019203842,Kočevje,0.7400749323739632,4101.875289070335,1
10101280,Žurge,Ljubljana,0.01849627023780192,Ljubljana,0.2090505533759064,8909.726327829023,1
10101298,Gotenica,Kočevje,0.05996727550263039,Ljubljana,0.2112627399635748,15900.252911527405,0
10101301,Abitanti,Koper,0.07552167710794062,Koper,0.3463421853916607,26044.75054841866,1
10101310,Ankaran,Ankaran,0.9906601490512824,Ankaran,0.999999726041388,0.0,1
10101328,Babiči,Koper,0.5229427741671107,Koper,0.725995502041286,8419.102897388982,1
10101336,Barizoni,Koper,0.4891907904456383,Ankaran,0.4967951211094566,2430.116039815097,0
10101344,Belvedur,Koper,0.07964265030475964,Koper,0.3641387414034124,24123.51978398504,1
10101352,Bertoki,Koper,0.675737476173085,Koper,0.8645405974214966,3854.7839889764887,1
10101379,Bezovica,Koper,0.2166442326005437,Koper,0.4209925861903706,15323.006370891511,1
10101387,Bočaji,Koper,0.28971956567081736,Koper,0.5860054507215768,13084.481745656183,1
10101395,Bonini,Koper,0.633704618766564,Koper,0.7532838122254842,6874.340661549223,1
10101409,Boršt,Koper,0.31659529280362686,Koper,0.6104039693740339,12529.83908300744,1
10101417,Bošamarin,Koper,0.7003176904732246,Koper,0.9084169218138608,3397.2468392414903,1
10101425,Brezovica pri Gradinu,Koper,0.10219712285923693,Koper,0.3842466332626568,22592.66378533077,1
10101433,Brežec pri Podgorju,Koper,0.16457933092712942,Koper,0.3698511650233357,14368.263687392648,1
10101441,Brič,Koper,0.34858695933037565,Koper,0.6072384751146526,12021.879143995253,1
10101450,Butari,Koper,0.16460371065559756,Koper,0.4436852546747334,18292.87608405533,1
10101468,Cepki,Koper,0.4150306668857588,Koper,0.551788540259719,10489.748224043027,1
10101476,Cerej,Koper,0.49765439457023264,Koper,0.4927062241340081,3429.058209623963,1
10101484,Čentur,Koper,0.5433327084524838,Koper,0.746598062312762,7762.014418025287,1
10101492,Čežarji,Koper,0.6033553402017588,Koper,0.7382766374749928,7057.942125196081,1
10101506,Črni Kal,Koper,0.2601492737902656,Koper,0.4449423873996405,12346.17739985583,1
10101514,Črnotiče,Koper,0.1676615347494934,Koper,0.3139517486747328,10159.228067568823,1
10101522,Dekani,Koper,0.5131443759933149,Koper,0.6542491904079123,7914.679307751247,1
10101549,Dilici,Koper,0.41490226305141387,Koper,0.6396303828791544,10728.80149689434,1
10101557,Dol pri Hrastovljah,Koper,0.1568567066466082,Koper,0.3910452349471707,18655.64774217574,1
10101565,Dvori,Koper,0.09936083410392423,Koper,0.3652163060788568,23779.64447578633,1
10101573,Fijeroga,Koper,0.42218514571292126,Koper,0.6602937439729354,9900.328156944704,1
10101581,Gabrovica pri Črnem Kalu,Koper,0.2666041077964327,Koper,0.4626937897533011,12435.280520315446,1
10101590,Gažon,Koper,0.6111642960530219,Koper,0.5678180207934174,5403.698992199227,1
10101603,Glem,Koper,0.29222470051624455,Koper,0.5991810307593102,13041.013879322303,1
10101611,Gračišče,Koper,0.21881367552008205,Koper,0.4777829637757198,15965.769738809317,1
10101620,Gradin,Koper,0.0942253884234806,Koper,0.3808964687286073,22871.702893234997,1
10101638,Grinjan,Koper,0.6719411676512667,Koper,0.8640855761063276,4602.298397029221,1
10101646,Grintovec,Koper,0.5169923752461899,Koper,0.6316306886866284,8507.156801530979,1
10101654,Hrastovlje,Koper,0.19048733974371082,Koper,0.4138965199453439,16994.6907590626,1
10101662,Hrvatini,Koper,0.5612668198743163,Koper,0.5352509027803892,3217.7626550011228,1
10101689,Elerji,Koper,0.5250855518500759,Koper,0.6228178697072826,5199.799911921527,1
10101697,Kampel,Koper,0.6704610057322969,Koper,0.88595039079592,4020.819084086405,1
10101719,Karli,Koper,0.07982456215216803,Koper,0.3634674793689767,24191.15230292043,1
10101727,Kastelec,Koper,0.2175528811852798,Koper,0.3693256102353607,10313.567445466992,1
10101735,Kolomban,Koper,0.4935880473514209,Ankaran,0.4676871444749436,2620.252526128784,0
10101743,Koper,Koper,0.9960435243851176,Koper,0.9999999869424464,0.0,1
10101751,Koromači-Boškini,Koper,0.09396346837408968,Koper,0.3757524959530701,23309.18992324321,1
10101760,Kortine,Koper,0.2893914274998051,Koper,0.4867743688588194,12309.467182130296,1
10101778,Koštabona,Koper,0.4265762931873227,Koper,0.6355162718890379,10833.316365843071,1
10101786,Kozloviči,Koper,0.27156490306055686,Koper,0.5762093081094275,13617.111390200462,1
10101794,Krkavče,Koper,0.3171798329064227,Koper,0.5851219295115517,12764.424891317158,1
10101808,Krnica,Koper,0.33853288084040856,Koper,0.5165508365767154,11504.03952576999,1
10101816,Kubed,Koper,0.2699725780230219,Koper,0.5137381330914883,14027.97314970759,1
10101824,Labor,Koper,0.266904366919371,Koper,0.5595928082467039,14817.559486144752,1
10101832,Loka,Koper,0.21782372342169407,Koper,0.4422731563570227,14867.921813950354,1
10101859,Lopar,Koper,0.30957471829187094,Koper,0.5810980811633373,12775.64262348817,1
10101867,Lukini,Koper,0.16140919320971794,Koper,0.4258039838676008,19289.882469270484,1
10101875,Manžan,Koper,0.6603724103893762,Koper,0.8084889682936552,6125.118533149027,1
10101883,Marezige,Koper,0.5011153332263472,Koper,0.7126832316606356,8857.67645593098,1
10101891,Maršiči,Koper,0.09943134947061934,Koper,0.3686159838093906,23727.92151646501,1
10101905,Močunigi,Koper,0.08478274963300518,Koper,0.3659995485445723,24657.813355924296,1
10101913,Montinjan,Koper,0.5916298545979446,Koper,0.752370416486161,7582.338741449967,1
10101921,Movraž,Koper,0.1045480628041785,Koper,0.402318822077142,20739.097420205475,1
10101930,Olika,Koper,0.10108144914732177,Koper,0.3867325742684428,22190.252880925986,1
10101948,Osp,Koper,0.2259380277767646,Koper,0.4368829919660604,13946.802628332029,1
10101956,Peraji,Koper,0.09936083410392423,Koper,0.3682147647243886,23763.58150506701,1
10101964,Pisari,Koper,0.0950577964971974,Koper,0.3794847098046615,22788.91866293536,1
10101972,Plavje,Koper,0.527614630863497,Koper,0.6494125991850943,6134.89681493837,1
10101999,Pobegi,Koper,0.6542816008964344,Koper,0.7774203405271273,6069.562105654775,1
10102006,Podpeč,Koper,0.19123975068627824,Koper,0.3734467846651978,14059.268859291178,1
10102014,Poletiči,Koper,0.21860189975581495,Koper,0.4889136820685649,15818.61119958662,1
10102022,Pomjan,Koper,0.5131443759933149,Koper,0.6944840249928631,8646.169300970232,1
10102049,Popetre,Koper,0.2193774031488697,Koper,0.4929764085817968,15726.913920578903,1
10102057,Praproče,Koper,0.10219712285923693,Koper,0.2845905916972694,13868.697395506164,1
10102065,Pregara,Koper,0.08477459562324745,Koper,0.3631387166075023,24431.11802432932,1
10102073,Premančan,Koper,0.5131443759933149,Koper,0.5797184983815203,4431.549474007754,1
10102081,Sv. Anton,Koper,0.4264404324665106,Koper,0.6493045888618367,10040.582954940512,1
10102090,Puče,Koper,0.4060945162988259,Koper,0.6387622165009454,10637.741085996631,1
10102103,Rižana,Koper,0.36819037631236606,Koper,0.5431169932706602,10652.520124017658,1
10102111,Rožar,Koper,0.3380538196173707,Koper,0.5093921393054145,11538.1057846558,1
10102120,Sirči,Koper,0.10069236461954409,Koper,0.3873317568499098,22339.68221609624,1
10102138,Smokvica,Koper,0.1676615347494934,Koper,0.4340393586765771,18523.793063691,1
10102146,Socerb,Koper,0.18997867149824876,Koper,0.356076595029641,11698.839561123845,1
10102154,Sočerga,Koper,0.11272073833396458,Koper,0.4021369360180313,20984.711368799177,1
10102162,Sokoliči,Koper,0.11016699844982535,Koper,0.4030928349465024,21103.447584411537,1
10102189,Spodnje Škofije,Koper,0.6111642960530219,Koper,0.66704382597409,5155.074740872135,1
10102197,Srgaši,Koper,0.527614630863497,Koper,0.6090369818960067,7347.275820852104,1
10102219,Stepani,Koper,0.33193480322861285,Koper,0.5032548215641923,11376.665761781096,1
10102227,Šalara,Koper,0.6719411676512667,Koper,0.838868261777163,4615.630303725914,1
10102235,Šeki,Koper,0.09732199917604081,Koper,0.37310393483498,23333.95750274208,1
10102243,Škocjan,Koper,0.6622752720901092,Koper,0.8213771149238236,5127.958245402241,1
10102251,Šmarje,Koper,0.6539429862893775,Koper,0.7289161136910581,6542.524834176827,1
10102260,Tinjan,Koper,0.37284340155627865,Koper,0.5905480106443798,9081.15818704782,1
10102278,Topolovec,Koper,0.06370399291042055,Koper,0.3463732937081503,25561.860831783688,1
10102286,Trebeše,Koper,0.15684941880420525,Koper,0.4170298961749227,20082.25661372988,1
10102294,Triban,Koper,0.6770854333166204,Koper,0.8932175406513578,3786.100160263626,1
10102308,Trsek,Koper,0.21736947983080307,Koper,0.5095742958836497,15909.607562648058,1
10102316,Truške,Koper,0.30943723336725165,Koper,0.5948144011789743,12815.028918696502,1
10102324,Tuljaki,Koper,0.13046808305272706,Koper,0.4149396906180643,20231.39732518497,1
10102332,Vanganel,Koper,0.6664787980985863,Koper,0.8158162404109002,5716.73079279052,1
10102359,Zabavlje,Koper,0.26742467419505017,Koper,0.535549518483725,14602.83343130804,1
10102367,Zanigrad,Koper,0.1778485066202542,Koper,0.4103224900221697,17243.520084084863,1
10102375,Zgornje Škofije,Koper,0.4996603555879569,Koper,0.652824684003567,5930.075075517466,1
10102383,Župančiči,Koper,0.4150306668857588,Koper,0.6236812228084391,11237.011915059658,1
10102391,Predloka,Koper,0.2589347748169231,Koper,0.4644153684748731,13562.88228597181,1
10102405,Prade,Koper,0.6724429925685713,Koper,0.8317931447761574,4758.135912922821,1
10102413,Adergas,Cerklje na Gorenjskem,0.301787378149537,Kranj,0.2415809295448429,3880.308926771133,0
10102421,Ambrož pod Krvavcem,Kamnik,0.21161748204343409,Ljubljana,0.2679037467932336,10082.85527456123,0
10102430,Apno,Kamnik,0.28414269035484485,Ljubljana,0.2148547402564272,5477.391584611049,0
10102448,Babni Vrt,Kranj,0.27656368741358023,Kranj,0.3672788407755842,4912.360163636959,1
10102456,Bašelj,Preddvor,0.3830716869097875,Kranj,0.2877912424387632,2354.205136035839,0
10102464,Bistrica,Kranj,0.40403353613161214,Kranj,0.3797589513540379,3534.330351676892,1
10102472,Bobovek,Kranj,0.6973657246976677,Kranj,0.7070746514123623,4034.436721639463,1
10102499,Breg ob Kokri,Preddvor,0.4637756644950246,Preddvor,0.2808897211170784,1929.777424249707,1
10102502,Breg ob Savi,Kranj,0.617217941832589,Kranj,0.5426641596025106,5429.807784056837,1
10102529,Britof,Kranj,0.7481009371389119,Kranj,0.7780229303397617,3209.8833848755016,1
10102537,Cegelnica,Naklo,0.6641201573704606,Naklo,0.7358815854472398,858.0376463029817,1
10102545,Cerkljanska Dobrava,Kamnik,0.43533663587145527,Kamnik,0.2416596471641761,3640.797543224141,1
10102553,Cerklje na Gorenjskem,Cerklje na Gorenjskem,0.9965889034931044,Cerklje na Gorenjskem,0.9999996069735536,0.0,1
10102561,Čadovlje,Kranj,0.3177901345999901,Kranj,0.4275106025586739,5408.29277036082,1
10102570,Čepulje,Kranj,0.3899792084727229,Kranj,0.4788566333051092,8251.917421207027,1
10102588,Češnjevek,Cerklje na Gorenjskem,0.45356955616911526,Cerklje na Gorenjskem,0.2671369588293803,2610.363338881277,1
10102596,Dvorje,Cerklje na Gorenjskem,0.6913270949726789,Cerklje na Gorenjskem,0.5516065260409106,1479.037711055615,1
10102600,Glinje,Cerklje na Gorenjskem,0.32083239544181785,Ljubljana,0.229326127266694,3596.132887065844,0
10102618,Gobovce,Radovljica,0.28595477923635404,Kranj,0.2815565049478834,7511.802900530785,0
10102626,Golnik,Kranj,0.24937422064174236,Kranj,0.3219467134281701,7802.931388685037,1
10102634,Goriče,Kranj,0.2918924917291099,Kranj,0.3857406990284406,8107.533474854937,1
10102642,Grad,Cerklje na Gorenjskem,0.5943646166775397,Cerklje na Gorenjskem,0.498291787013893,1674.552283634168,1
10102669,Hotemaže,Kranj,0.4019448441251698,Kranj,0.3726882389993457,3032.234084637758,1
10102677,Hrastje,Kranj,0.7126888827024412,Kranj,0.7080991196241397,3914.6412918334368,1
10102685,Hraše pri Preddvoru,Kranj,0.46437354741365316,Kranj,0.5224820274538724,4683.001223343663,1
10102693,Hrib,Preddvor,0.6626698541710385,Preddvor,0.5743435244896578,1092.0104451084587,1
10102707,Ilovka,Kranj,0.7620586436050817,Kranj,0.7987295913421774,3125.59892561352,1
10102715,Jama,Kranj,0.40037578969373755,Kranj,0.3792107833862155,6985.792429183778,1
10102723,Jamnik,Kranj,0.2047258721692695,Kranj,0.2096834086064953,11652.309165270166,1
10102731,Javornik,Kranj,0.39925454481332573,Kranj,0.525702871022235,7252.675793975576,1
10102740,Sveti Jošt nad Kranjem,Kranj,0.32020380764233386,Kranj,0.4584489974441442,8792.254043602801,1
10102758,Kokra,Kranj,0.18370905854548553,Ljubljana,0.236500079157169,10867.71172596684,0
10102766,Kokrica,Kranj,0.793753388865942,Kranj,0.829458432941072,2655.6104399413784,1
10102774,Kranj,Kranj,0.9981024208604107,Kranj,0.9999999724725424,0.0,1
10102782,Lahovče,Kamnik,0.29211092815033873,Ljubljana,0.2646626027517038,3968.1627839951416,0
10102804,Lavtarski Vrh,Kranj,0.27591467982526563,Kranj,0.3870592914035591,10885.036604546543,1
10102812,Sveti Lenart,Kamnik,0.2814530903299984,Kamnik,0.2298077161744264,8810.8069038497,1
10102839,Letenice,Kranj,0.3922035202612543,Kranj,0.465624510922044,8122.597751286879,1
10102847,Luže,Šenčur,0.43446323173378637,Kranj,0.3461660772107953,3143.732394606246,0
10102855,Mače,Preddvor,0.7039679535848111,Preddvor,0.7258979554383382,841.4698090723641,1
10102863,Malo Naklo,Naklo,0.7462995111292039,Naklo,0.8296021451361254,634.155265740886,1
10102871,Mavčiče,Medvode,0.3873343050241937,Ljubljana,0.3426622807290596,5467.887145751746,0
10102880,Meja,Kranj,0.46437354741365316,Kranj,0.3954260168338507,6777.45184945034,1
10102898,Milje,Kranj,0.6380480716834157,Kranj,0.5799561088917208,4053.611650329032,1
10102901,Mlaka pri Kranju,Kranj,0.7126888827024412,Kranj,0.7128114517235832,3904.417983193647,1
10102910,Možjanca,Kranj,0.2598879449204912,Kranj,0.286031709088592,3515.411242213376,1
10102928,Naklo,Naklo,0.9979368938153648,Naklo,0.9999994619863066,0.0,1
10102936,Nemilje,Kranj,0.24529344216143817,Kranj,0.320732703409803,11073.34443737874,1
10102944,Njivica,Kranj,0.24787963797459195,Kranj,0.3406564293906871,11556.897962040346,1
10102952,Nova vas,Preddvor,0.6901257835460807,Preddvor,0.6949802937977833,883.9982443736235,1
10102979,Okroglo,Kranj,0.6905485647168165,Kranj,0.6327529274022111,2582.270357541307,1
10102987,Olševek,Kranj,0.30686695178663626,Kranj,0.316971364029888,3265.7918411916303,1
10102995,Orehovlje,Kranj,0.6657533600554731,Kranj,0.667660456531675,3843.728333073901,1
10103002,Pangršica,Kranj,0.3177901345999901,Kranj,0.430476870793459,6610.6447999494185,1
10103029,Planica,Kranj,0.2738111745080182,Kranj,0.4000825203898974,10445.521750226417,1
10103037,Podblica,Kranj,0.19816708158271915,Kranj,0.2751980910704002,11644.607921857463,1
10103045,Podbrezje,Kranj,0.39246468542999596,Kranj,0.3757275607205332,3836.786356437858,1
10103053,Podreča,Medvode,0.4717138429458139,Ljubljana,0.3645374905199362,4220.309792937035,0
10103061,Polica,Kranj,0.7269627691131016,Kranj,0.5580465685399931,1527.2273902505726,1
10103070,Potoče,Preddvor,0.43367955320266377,Preddvor,0.2858383519276347,2143.4000762015207,1
10103088,Povlje,Kranj,0.27534815774420734,Kranj,0.3510426156293144,5607.144096829697,1
10103096,Poženik,Cerklje na Gorenjskem,0.46601043758842103,Cerklje na Gorenjskem,0.3189538692917329,2481.481019905172,1
10103100,Praprotna Polica,Šenčur,0.3069603756238353,Kranj,0.25842555841576,4187.87993408178,0
10103118,Praše,Kranj,0.40746149258788983,Kranj,0.3460503206372786,6569.525242506976,1
10103126,Prebačevo,Kranj,0.6409284658118457,Kranj,0.5678790277178924,5185.560206276964,1
10103134,Preddvor,Preddvor,0.9979289437248893,Preddvor,0.999999423745778,0.0,1
10103142,Predoslje,Kranj,0.6478722516861676,Kranj,0.6338125803456969,4486.698047973263,1
10103169,Pšata,Cerklje na Gorenjskem,0.46601043758842103,Cerklje na Gorenjskem,0.3269116032783704,2474.256059113564,1
10103177,Pšenična Polica,Cerklje na Gorenjskem,0.7869939588374222,Cerklje na Gorenjskem,0.6649898375126984,1151.039699121823,1
10103185,Pševo,Kranj,0.5488463730879246,Kranj,0.5899134063498281,6077.198069247915,1
10103193,Rakovica,Kranj,0.7386191965670359,Kranj,0.8096834815775333,3347.1189645463764,1
10103207,Sidraž,Kamnik,0.4768406696362863,Kamnik,0.3545903801227326,7058.610304593004,1
10103215,Spodnja Bela,Kranj,0.4439183410795735,Kranj,0.48706525706429,3580.2723329251926,1
10103223,Spodnja Besnica,Kranj,0.5831998986239061,Kranj,0.6342984540141432,5730.998610439679,1
10103231,Spodnje Bitnje,Kranj,0.6080267161748175,Kranj,0.5215014721566604,5558.797150359114,1
10103240,Spodnje Duplje,Kranj,0.359101543593374,Kranj,0.3669685070887798,3835.613995126104,1
10103258,Spodnje Jezersko,Jezersko,0.13240782837101273,Ljubljana,0.2096212465857286,3393.0688678930487,0
10103266,Spodnji Brnik,Cerklje na Gorenjskem,0.5156907999907778,Cerklje na Gorenjskem,0.2850196714985106,2333.16371502742,1
10103274,Srakovlje,Kranj,0.6459320417772187,Kranj,0.632490222664172,4945.186537033992,1
10103282,Srednja Bela,Kranj,0.4078580527382317,Kranj,0.4251203105542414,2813.109730768179,1
10103304,Srednja vas - Goriče,Kranj,0.29832753966917336,Kranj,0.3950029801800596,7959.377175593854,1
10103312,Srednja vas pri Šenčurju,Šenčur,0.5957462439697215,Šenčur,0.3657204675086153,1859.671477568423,1
10103339,Srednje Bitnje,Kranj,0.64697916918695,Kranj,0.6173433038815047,4746.659517429325,1
10103347,Stiška vas,Kamnik,0.22760056368800513,Ljubljana,0.2383332596106825,5720.537759461833,0
10103355,Strahinj,Kranj,0.5395327675875836,Naklo,0.4651704942164473,1685.5171775843514,0
10103363,Suha pri Predosljah,Kranj,0.6191962327050767,Kranj,0.5996873483774169,4960.365689162295,1
10103371,Šenčur,Šenčur,0.9959139529049564,Šenčur,0.9999993803600222,0.0,1
10103380,Šenturška Gora,Kamnik,0.3157127007178142,Kamnik,0.2347422452134448,6485.312270112202,1
10103398,Šmartno,Cerklje na Gorenjskem,0.45356955616911526,Cerklje na Gorenjskem,0.2803374030255647,2617.8219498926023,1
10103401,Štefanja Gora,Kamnik,0.19989033748336646,Ljubljana,0.2554923958791388,5990.156905819577,0
10103410,Šutna,Škofja Loka,0.48425480815252475,Kranj,0.3951125965609005,4925.050231484827,0
10103428,Tatinec,Kranj,0.5553196365591986,Kranj,0.5714734950664616,5413.401603880541,1
10103436,Tenetiše,Kranj,0.5592430079219319,Kranj,0.5763204540709113,6033.415128143251,1
10103444,Trata pri Velesovem,Cerklje na Gorenjskem,0.31680291382092785,Kranj,0.2493401570049468,3631.758770453736,0
10103452,Trboje,Kranj,0.3922035202612543,Kranj,0.3348936912397466,5927.016563981772,1
10103479,Trstenik,Kranj,0.2933870124734378,Kranj,0.3874523841111469,5559.215969716804,1
10103487,Tupaliče,Preddvor,0.4027172282268234,Kranj,0.3266483006437047,2307.1059029108383,0
10103495,Vašca,Cerklje na Gorenjskem,0.8610858291701757,Cerklje na Gorenjskem,0.8509266896586005,663.7123737255105,1
10103509,Velesovo,Šenčur,0.30655370296542445,Kranj,0.2765169806499398,4197.7888863999815,0
10103517,Visoko,Kranj,0.46686832671545875,Kranj,0.4456241987106014,3608.4650594177465,1
10103525,Viševca,Kamnik,0.49136566539463805,Kamnik,0.346764227724093,6859.059254452931,1
10103533,Voglje,Kranj,0.3930555805493912,Kranj,0.3201431536576489,4039.177742778096,1
10103541,Voklo,Kranj,0.4079961092940919,Kranj,0.3400638250886472,3714.1603438677016,1
10103550,Vopovlje,Cerklje na Gorenjskem,0.4299662023167988,Ljubljana,0.2265667577989179,2925.268373189028,0
10103568,Vrhovje,Kamnik,0.6175290130328613,Kamnik,0.4453195137619543,5411.656034394842,1
10103576,Zabukovje,Kranj,0.6176126334257964,Kranj,0.6676243248459462,5327.248426053066,1
10103584,Zadraga,Kranj,0.2785148882299773,Kranj,0.3167038061734664,5685.522219956988,1
10103592,Zalog,Kranj,0.27974963528032676,Kranj,0.3812865050191855,8500.430983103737,1
10103606,Zalog pri Cerkljah,Kamnik,0.3134592867318591,Ljubljana,0.231571513364769,3546.243987571621,0
10103614,Zgornja Bela,Preddvor,0.4033162125048591,Kranj,0.3538200146823909,2288.3070609277647,0
10103622,Zgornja Besnica,Kranj,0.32020380764233386,Kranj,0.4682303491176379,8761.83744691218,1
10103649,Zgornje Bitnje,Kranj,0.6839791260441735,Kranj,0.6859741068417126,4159.650858864311,1
10103657,Zgornje Duplje,Kranj,0.3009988277094687,Kranj,0.3413399800339338,4721.211491213114,1
10103665,Zgornje Jezersko,Jezersko,0.9947432463052529,Jezersko,0.999999634519238,0.0,1
10103673,Zgornji Brnik,Cerklje na Gorenjskem,0.7858504416662564,Cerklje na Gorenjskem,0.6200639777162182,1197.3888725514469,1
10103681,Žablje,Kranj,0.31605071102610777,Kranj,0.4319750380878439,4931.280172587177,1
10103690,Žabnica,Škofja Loka,0.532781956693365,Kranj,0.3379699103994053,4187.103268039403,0
10103703,Žeje,Kranj,0.4037259790208347,Kranj,0.3812891117736162,3488.529159277423,1
10103711,Žerjavka,Kranj,0.4651067780216377,Kranj,0.4363552167040341,6528.571329740654,1
10103720,Anovec,Krško,0.476381388753471,Krško,0.5046634168258108,6960.348634792183,1
10103738,Anže,Krško,0.37504045852894585,Krško,0.4458540079927072,8270.679804305484,1
10103746,Apnenik pri Velikem Trnu,Krško,0.20228509034635025,Krško,0.2779165216493673,11618.54931016863,1
10103754,Ardro pod Velikim Trnom,Krško,0.1674279014757788,Krško,0.2578416436315889,12457.404896704273,1
10103762,Ardro pri Raki,Krško,0.27015134965571586,Krško,0.3398102003405746,10205.534170990895,1
10103789,Armeško,Krško,0.48354734392982157,Krško,0.5573913818060181,6570.4603641871145,1
10103797,Avguštine,Kostanjevica na Krki,0.14197981444350388,Kostanjevica na Krki,0.3380685533487579,2574.6614975895845,1
10103819,Brege,Krško,0.5547100345072106,Krško,0.555373847738678,5729.979007618826,1
10103827,Brestanica,Krško,0.5578651811752963,Krško,0.719982054606942,4445.349577412973,1
10103835,Brezje pri Dovškem,Krško,0.2927540631078035,Krško,0.3663893759102739,9787.336441173116,1
10103843,Brezje pri Raki,Krško,0.10179576584907143,Krško,0.1709661911842029,8324.548980716043,1
10103851,Brezje pri Senušah,Krško,0.4857901597628453,Krško,0.55349781983869,6484.093729861202,1
10103860,Brezje v Podbočju,Brežice,0.07260228107327932,Brežice,0.2602216669714887,11428.926659586978,1
10103878,Brezovica v Podbočju,Brežice,0.16443797229700746,Brežice,0.3077076123276328,9469.56395549279,1
10103886,Brezovska Gora,Krško,0.4123027213195549,Krško,0.4655129501987259,7814.020482626044,1
10103894,Brlog,Brežice,0.14262406197377056,Brežice,0.2868771540802229,9556.196134871509,1
10103908,Brod v Podbočju,Krško,0.1751746020274183,Krško,0.2345614177817187,4288.65536016631,1
10103916,Bučerca,Krško,0.5847596797870414,Krško,0.6915714950263209,4782.744371350696,1
10103924,Celine,Krško,0.1336793301893006,Krško,0.199218045752802,11220.632241934907,1
10103932,Cesta,Krško,0.63906315762569,Krško,0.8160412707082754,3634.218278127554,1
10103959,Cirje,Krško,0.16859978107410328,Krško,0.2473241974402031,9852.756419167585,1
10103967,Črešnjevec pri Oštrcu,Brežice,0.08242328826931956,Krško,0.1424546623490681,5839.937369171211,0
10103975,Črešnjice nad Pijavškim,Krško,0.31542132436375975,Krško,0.3762603760344313,9219.676138708468,1
10103983,Čretež pri Krškem,Krško,0.5738351125963207,Krško,0.6712678173471377,5355.545641791325,1
10103991,Črneča vas,Brežice,0.08368340669519708,Kostanjevica na Krki,0.1452902138989521,4725.323014192182,0
10104009,Dalce,Krško,0.24562450420330645,Krško,0.2929432442774131,10877.007549758991,1
10104017,Dedni Vrh,Krško,0.2775126336403424,Krško,0.3585607140295729,9943.53381921549,1
10104025,Dobe,Kostanjevica na Krki,0.39455748709721933,Kostanjevica na Krki,0.4285914940421112,1976.6588421868776,1
10104033,Dobrava ob Krki,Brežice,0.22830058724089802,Brežice,0.3207691033215778,6243.955139725184,1
10104041,Dobrava pod Rako,Krško,0.1495367575616914,Krško,0.2084523409289727,8531.96146427523,1
10104050,Dobrava pri Kostanjevici,Novo mesto,0.11790333399664121,Kostanjevica na Krki,0.2040826228224476,3376.8626118442558,0
10104068,Dobrova,Krško,0.14390735813859404,Krško,0.2246421604941333,12165.225815834943,1
10104076,Dol,Brežice,0.16062899582010584,Brežice,0.3008143135586367,7876.33103927639,1
10104084,Dolenja Lepa vas,Krško,0.3639194170361514,Krško,0.4397570609993676,8276.898411519845,1
10104092,Dolenja vas pri Krškem,Brežice,0.48950652654692917,Krško,0.421465817576887,6465.930892241414,0
10104106,Dolenja vas pri Raki,Krško,0.13733878155640264,Krško,0.1937691847386164,7971.36617204541,1
10104114,Dolga Raka,Krško,0.16333812856665683,Krško,0.228769932435437,9286.15957697146,1
10104122,Dolnja Prekopa,Novo mesto,0.14773970622076144,Kostanjevica na Krki,0.1537292254843362,3858.218634344192,0
10104149,Dolenji Leskovec,Krško,0.502298736861718,Krško,0.5819197647863412,6179.629270601487,1
10104157,Dolšce,Kostanjevica na Krki,0.11940736613632046,Kostanjevica na Krki,0.2681170099735497,3093.8353915516086,1
10104165,Dovško,Krško,0.3538965190536515,Krško,0.4438781499621911,8355.827411188327,1
10104173,Drenovec pri Leskovcu,Krško,0.34946639942850416,Krško,0.4239479501787608,8513.947726516066,1
10104181,Drnovo,Krško,0.4753661660576968,Krško,0.4770093056241137,7036.678060436697,1
10104190,Dunaj,Krško,0.580977378427181,Krško,0.707390150700971,4943.724191325568,1
10104203,Frluga,Brežice,0.07003527715021461,Brežice,0.2358340877540729,10390.37007890334,1
10104211,Globočice pri Kostanjevici,Kostanjevica na Krki,0.6512852467192927,Kostanjevica na Krki,0.8253615689827859,823.9657821500214,1
10104220,Gmajna,Krško,0.15289598300238835,Krško,0.200402146103235,7695.235382267254,1
10104238,Golek,Krško,0.5603913480011227,Krško,0.6389465554495677,5665.154640838588,1
10104246,Goli Vrh,Krško,0.1563156002072491,Krško,0.220752648445122,8834.686476181025,1
10104254,Gora,Krško,0.5696468619163474,Krško,0.7610831650923172,4214.512803846007,1
10104262,Gorenja Lepa vas,Krško,0.35186152289188505,Krško,0.4327381229983874,8395.28838438458,1
10104289,Gorenja vas pri Leskovcu,Krško,0.529768487453573,Krško,0.5834105842384332,5898.947290615983,1
10104297,Gorenje Dole,Krško,0.3488292139094949,Krško,0.4078436179321469,8469.20413652526,1
10104319,Gornje Pijavško,Krško,0.47902017652951306,Krško,0.4929476707499709,6819.341099675144,1
10104327,Gorenji Leskovec,Krško,0.17493410935251222,Krško,0.2536416740055143,12335.893151169344,1
10104335,Gorica,Krško,0.35186152289188505,Krško,0.394735631261127,8411.27080378167,1
10104343,Gorica pri Raztezu,Krško,0.31070021067946363,Krško,0.368961877342729,9583.707265639629,1
10104351,Gornja Prekopa,Novo mesto,0.15300716098364536,Novo mesto,0.1464381028898463,3844.634555624904,1
10104360,Gradec,Brežice,0.1124642379212149,Brežice,0.2686708673509098,10914.93856277727,1
10104378,Gradnje,Brežice,0.0695265339567495,Brežice,0.2433965338382712,11307.11401276772,1
10104386,Gradišče pri Raki,Krško,0.1666331643706611,Krško,0.2384803289571412,11231.935612686017,1
10104394,Grič,Kostanjevica na Krki,0.1342916717544252,Kostanjevica na Krki,0.3131250607114409,2714.5692341278477,1
10104408,Gržeča vas,Krško,0.34782929246847866,Krško,0.4126994880445738,8676.179641682344,1
10104416,Gunte,Krško,0.5580421191187901,Krško,0.7538771997122273,4484.317323209836,1
10104424,Hrastek,Brežice,0.17317852453294472,Brežice,0.3144453740686154,8174.080869606013,1
10104432,Ivandol,Krško,0.42636095736609186,Krško,0.5004484874116134,7346.889678144907,1
10104459,Ivanjše,Kostanjevica na Krki,0.1318815675563401,Kostanjevica na Krki,0.2998968591517076,2799.4599094829846,1
10104467,Jablance,Kostanjevica na Krki,0.1432877289891499,Kostanjevica na Krki,0.3403724146734668,2533.016672123597,1
10104475,Jelenik,Krško,0.1317395868496203,Krško,0.1971408914058615,11265.691166918505,1
10104483,Jelše,Krško,0.3905612090495948,Krško,0.421815100622488,8089.616142087059,1
10104491,Jelševec,Krško,0.17123039103841614,Krško,0.2543656319051588,12565.506580669722,1
10104505,Kalce,Krško,0.3466103538452625,Krško,0.4103603833115704,8701.792668562462,1
10104513,Kalce-Naklo,Krško,0.257063661946291,Krško,0.3104752042783441,5752.5114798789655,1
10104521,Kališovec,Krško,0.22071260483502633,Krško,0.2965253848390473,11139.371734413451,1
10104530,Karlče,Kostanjevica na Krki,0.31411125162838643,Kostanjevica na Krki,0.3997490035481921,2129.708528494823,1
10104548,Kobile,Krško,0.4778918674017846,Krško,0.5325598658381793,6905.307249334732,1
10104556,Kočarija,Kostanjevica na Krki,0.13035408026314071,Kostanjevica na Krki,0.2902695359525006,2829.950467263499,1
10104564,Kočno,Krško,0.3459987259571177,Krško,0.4147276725585321,8803.263799385417,1
10104572,Koprivnica,Krško,0.16518027823380202,Krško,0.2267166039946063,7087.503793475293,1
10104599,Koprivnik,Novo mesto,0.13017740914972306,Novo mesto,0.1381686259196449,5778.679814744773,1
10104602,Koritnica,Krško,0.12009508764691905,Krško,0.1881152880432543,10043.51715022805,1
10104629,Kostanjek,Krško,0.24562450420330645,Krško,0.3043731644156012,10872.28869973879,1
10104637,Kostanjevica na Krki,Kostanjevica na Krki,0.9999994886469992,Kostanjevica na Krki,0.9999996727590056,0.0,1
10104645,Kremen,Krško,0.6022667817889716,Krško,0.7650468021940647,3888.954117413632,1
10104653,Krško,Krško,0.9935062641696248,Krško,0.9999999792586792,0.0,1
10104661,Kržišče,Krško,0.1692088056065592,Krško,0.229975135767344,8530.327802948212,1
10104670,Leskovec pri Krškem,Krško,0.5812915213202126,Krško,0.753341128133366,4072.657718053165,1
10104688,Libelj,Krško,0.47902017652951306,Krško,0.5401482846958302,6772.094512851581,1
10104696,Libna,Krško,0.5269245982207057,Krško,0.5499155894851416,5930.934562444406,1
10104700,Loke,Krško,0.578401816738886,Krško,0.6616348260033856,5255.362993094027,1
10104718,Lokve,Krško,0.34990496450293646,Krško,0.4401354429389071,8422.771892912397,1
10104726,Lomno,Krško,0.3123967104068914,Krško,0.3300263589166406,9568.364057715462,1
10104734,Male Vodenice,Novo mesto,0.10627635859906528,Kostanjevica na Krki,0.1376444229833732,4580.962760523108,0
10104742,Malence,Kostanjevica na Krki,0.11707433749744717,Kostanjevica na Krki,0.2302251757713301,3280.0535373723897,1
10104769,Mali Kamen,Krško,0.27365083387076583,Krško,0.3572916193072528,10005.888827661804,1
10104777,Mali Koren,Krško,0.13491978489810053,Krško,0.1982760422476713,8507.943273087292,1
10104785,Mali Podlog,Krško,0.40810520511788945,Krško,0.4476422249594,7846.023512767879,1
10104793,Mali Trn,Krško,0.27250044262332357,Krško,0.3340968074633221,10091.297804823264,1
10104807,Malo Mraševo,Krško,0.17992646990324895,Krško,0.2537893717743472,4964.176514582568,1
10104815,Mikote,Krško,0.1654869946969833,Krško,0.2361966824279602,9836.977539213583,1
10104823,Mladje,Brežice,0.12106444445054441,Brežice,0.2661825143091526,9808.559415387866,1
10104831,Mrčna sela,Krško,0.13464395234053636,Krško,0.2072929193682577,7433.326844447713,1
10104840,Mrtvice,Brežice,0.42000726718935494,Krško,0.3813437736876813,7502.548783236374,0
10104858,Nemška Gora,Krško,0.3788132941820466,Krško,0.4391122403906239,8249.761591340617,1
10104866,Nemška vas,Krško,0.380398258101914,Krško,0.4435721969795303,8195.66805839829,1
10104874,Nova Gora,Krško,0.2269535069494879,Krško,0.3001142851708192,11077.85768448623,1
10104882,Orehovec,Kostanjevica na Krki,0.1318815675563401,Kostanjevica na Krki,0.3050925518053731,2824.000816169735,1
10104904,Osredek pri Trški Gori,Krško,0.4969068531820623,Krško,0.5938247926867949,6323.656309133216,1
10104912,Oštrc,Kostanjevica na Krki,0.11658691838389582,Kostanjevica na Krki,0.2375275812239601,3381.954218593397,1
10104939,Pesje,Brežice,0.5424983771729743,Brežice,0.4660189341944054,6064.830645847484,1
10104947,Pijana Gora,Krško,0.16917200544184452,Krško,0.2676088430232433,12502.18580061141,1
10104955,Planina pri Raki,Krško,0.15392441759037173,Krško,0.2226312591870833,11752.085654813083,1
10104963,Planina v Podbočju,Krško,0.06637181295351284,Brežice,0.2512086389407088,12016.48446672384,0
10104971,Pleterje,Krško,0.5806255397519711,Krško,0.6391733869348295,5211.447207686302,1
10104980,Podbočje,Krško,0.16619721532353185,Krško,0.213611312881487,4483.3964027600605,1
10104998,Podlipa,Krško,0.15331482341328723,Krško,0.2124884178676826,8717.074522049546,1
10105005,Podstrm,Kostanjevica na Krki,0.1131751309549161,Kostanjevica na Krki,0.2142470727779819,3533.9966832681066,1
10105013,Podulce,Krško,0.1692088056065592,Krško,0.2346860461284438,9512.758717583809,1
10105021,Površje,Krško,0.13958699353105541,Krško,0.1997229687088895,8694.661890872545,1
10105030,Premagovce,Brežice,0.1609861134859165,Brežice,0.337060636934953,12448.246167528978,1
10105048,Presladol,Krško,0.3260140229899776,Krško,0.3942682265550445,8983.23037060468,1
10105056,Pristava ob Krki,Brežice,0.20227821540694538,Brežice,0.3226513588383324,7231.770809927911,1
10105064,Pristava pod Rako,Krško,0.14991340435372724,Krško,0.2156847307216601,9852.893061216591,1
10105072,Pristava pri Leskovcu,Krško,0.31069658851187315,Krško,0.3554471349960759,6995.687170105179,1
10105099,Prušnja vas,Brežice,0.06844247462666923,Brežice,0.2338835974045018,10373.49231022288,1
10105102,Raka,Krško,0.17992646990324895,Krško,0.265040586970069,10436.176896814251,1
10105129,Ravne pri Zdolah,Krško,0.3490032184757466,Krško,0.3965163212319583,8543.187323719067,1
10105137,Ravni,Krško,0.2733168340036758,Krško,0.3472779555002918,10034.477107558603,1
10105145,Ravno,Krško,0.15123050413349165,Krško,0.1998409190675267,8060.976529261131,1
10105153,Raztez,Krško,0.3483746278368905,Krško,0.4396765461289866,8459.13854177318,1
10105161,Reštanj,Krško,0.26035714365219736,Krško,0.3495976436713793,10522.413603203628,1
10105170,Rožno,Krško,0.4787861127568238,Krško,0.5112439007105256,6831.267987320186,1
10105188,Ržišče,Novo mesto,0.1306011649064872,Novo mesto,0.1434659558630235,4996.282817044126,1
10105196,Sajevce,Krško,0.15463673117276389,Kostanjevica na Krki,0.2751574120346791,2683.838858777202,0
10105200,Sela pri Raki,Krško,0.22071260483502633,Krško,0.3007777665188287,11138.26836502554,1
10105218,Selce pri Leskovcu,Krško,0.5364474899535483,Krško,0.6126310749180762,5824.806463777821,1
10105226,Selo,Krško,0.14902519274901574,Kostanjevica na Krki,0.2007512495489025,3371.122325566498,0
10105234,Senovo,Krško,0.3998116312448793,Krško,0.4638229330876732,8004.172355748166,1
10105242,Senožete,Krško,0.529768487453573,Krško,0.6394953535258228,5868.65116234393,1
10105269,Senuše,Krško,0.41879767377203914,Krško,0.4899236211657818,7389.117598505662,1
10105277,Slinovce,Kostanjevica na Krki,0.4414987995054701,Kostanjevica na Krki,0.5436265293532602,1591.785771159142,1
10105285,Slivje,Kostanjevica na Krki,0.15260342953088218,Kostanjevica na Krki,0.3205100748127182,2463.501431107127,1
10105293,Smečice,Krško,0.17802694597598795,Krško,0.2621191586414947,12097.66199613616,1
10105307,Smednik,Krško,0.15459664419541916,Krško,0.2139906598727973,7994.375604222214,1
10105315,Spodnja Libna,Krško,0.5696468619163474,Krško,0.7093723120927693,4186.437115240114,1
10105323,Spodnje Dule,Krško,0.4800647883140949,Krško,0.55442926963651,6650.614920647623,1
10105331,Spodnje Pijavško,Krško,0.5811015888514796,Krško,0.6493710855950519,5093.841177548469,1
10105340,Spodnji Stari Grad,Krško,0.5033062560725756,Krško,0.497240091606237,6211.30299888559,1
10105358,Srednje Arto,Krško,0.2746842745208609,Krško,0.3714599929413689,9971.299191130329,1
10105366,Srednje Pijavško,Krško,0.5637414245911458,Krško,0.5992864457179028,5625.740024495808,1
10105374,Sremič,Krško,0.5269245982207057,Krško,0.625993449371672,5925.105591699792,1
10105382,Stari Grad,Krško,0.5603913480011227,Krško,0.504305833834565,5636.903621989387,1
10105404,Stari Grad v Podbočju,Brežice,0.14382319366608504,Brežice,0.2307075192275558,5275.534445315699,1
10105412,Stolovnik,Krško,0.4885624396084648,Krško,0.5711999861048372,6460.78515793623,1
10105439,Stranje,Krško,0.16563089216382743,Krško,0.2322237178710391,13180.41738671168,1
10105447,Straža pri Krškem,Krško,0.5806255397519711,Krško,0.687712935404101,5221.7812657006425,1
10105455,Straža pri Raki,Krško,0.3137657747582094,Krško,0.3765271587050756,9313.55931500634,1
10105463,Strmo Rebro,Krško,0.5269245982207057,Krško,0.6409665532455763,5913.363436234469,1
10105471,Šedem,Krško,0.2661421309704251,Krško,0.3564881475920003,10347.572317861155,1
10105480,Šutna,Brežice,0.2520492844875866,Brežice,0.3476626851392428,6831.696032089025,1
10105498,Trška Gora,Krško,0.8309076734889174,Krško,0.901384948603502,2387.262302861843,1
10105501,Velika vas pri Krškem,Krško,0.4975811417812506,Krško,0.5401920842550203,6348.213961619655,1
10105510,Velike Vodenice,Novo mesto,0.12743616545478517,Novo mesto,0.1399534203731561,4536.970319283737,1
10105528,Veliki Dol,Krško,0.1651716389743174,Krško,0.2346633357897895,9289.45987960346,1
10105536,Veliki Kamen,Krško,0.2158410706966608,Krško,0.2967669072802709,8475.164930188395,1
10105544,Veliki Koren,Krško,0.1336793301893006,Krško,0.2018019220539126,9192.211086548192,1
10105552,Veliki Podlog,Krško,0.34709419879670944,Krško,0.397847018289557,8188.412154432756,1
10105579,Veliki Trn,Krško,0.2158410706966608,Krško,0.2799616600281487,11234.25475414901,1
10105587,Veliko Mraševo,Brežice,0.21195256596939874,Brežice,0.2678009987167936,6896.333762605055,1
10105595,Veniše,Krško,0.5811393597500151,Krško,0.6715576982530752,5003.473842326218,1
10105609,Videm,Krško,0.15538294750891146,Krško,0.2282509845419715,9989.189700582412,1
10105617,Vihre,Brežice,0.48782962626802956,Brežice,0.4393608490714472,7043.200654316629,1
10105625,Volovnik,Krško,0.4975811417812506,Krško,0.5792605124895523,6335.000557675957,1
10105633,Vrbina,Krško,0.6022667817889716,Krško,0.7435275481976987,3874.7955652454616,1
10105641,Vrbje,Brežice,0.08649762375952454,Brežice,0.1753157464393613,7699.154623274747,1
10105650,Vrh pri Površju,Krško,0.15331482341328723,Krško,0.2210363051622625,9910.61204858382,1
10105668,Vrhulje,Krško,0.3157730199181416,Krško,0.396583725979397,9127.168068024926,1
10105676,Vrtača,Koper,0.020554905040154323,Ljubljana,0.1558638413858522,163843.9145273759,0
10105684,Zaboršt,Kostanjevica na Krki,0.46956003468965163,Kostanjevica na Krki,0.6189522667168547,1417.187121557182,1
10105692,Zabukovje pri Raki,Krško,0.13300540999089722,Krško,0.1941828531287692,7897.485262851263,1
10105706,Zaloke,Krško,0.24562450420330645,Krško,0.2986414061483628,10237.732375343228,1
10105714,Zdole,Krško,0.48354734392982157,Krško,0.5065061707614568,6580.48546094497,1
10105722,Žabjek v Podbočju,Krško,0.16437665163036858,Kostanjevica na Krki,0.1996801768913153,3309.970273455561,0
10105749,Žadovinek,Krško,0.565236390954862,Krško,0.7305007152580182,4286.186568870904,1
10105757,Ženje,Krško,0.47610057759864,Krško,0.5124756236523359,6986.792286905677,1
10105765,Belovo,Trbovlje,0.22627962281847613,Trbovlje,0.1637767790949756,8081.661820033859,1
10105773,Blatni Vrh,Celje,0.08896646537045681,Celje,0.1425773492399231,7726.916281655174,1
10105781,Šentrupert,Šentjur,0.23352146943434096,Celje,0.2082208575514904,7754.916766475935,0
10105790,Brezno,Trbovlje,0.21003753421397836,Trbovlje,0.158361393630585,8977.017349889073,1
10105803,Brodnice,Celje,0.07563408426706048,Celje,0.1144983480709717,15840.439411501107,1
10105811,Brstnik,Laško,0.3232431863448951,Celje,0.3288935725009309,4489.978255887161,0
10105820,Brstovnica,Celje,0.1263245541377904,Laško,0.147921987824241,9205.12666599479,0
10105838,Brunk,Sevnica,0.08770951047302988,Radeče,0.1454865767043554,6409.225987885366,0
10105846,Brunška Gora,Radeče,0.2175663172382963,Radeče,0.352895226064986,3524.4324581663623,1
10105854,Bukovca,Laško,0.17763079103750407,Laško,0.2285375684992992,6589.222043954845,1
10105862,Curnovec,Celje,0.10980531513075857,Celje,0.1506396801527806,8771.931856027817,1
10105889,Čimerno,Trbovlje,0.15308740881199415,Trbovlje,0.15440629763621,8817.937092381613,1
10105897,Debro,Celje,0.3734738667966041,Celje,0.4248881637217502,4576.181449172575,1
10105919,Doblatina,Celje,0.2643344982787779,Celje,0.3171024963222619,5811.3719026571525,1
10105927,Dobrava,Radeče,0.5188074671423565,Radeče,0.6446891065107851,1908.080264138056,1
10105935,Dol pri Laškem,Celje,0.07366557731588871,Celje,0.1175698336325171,15769.270151350163,1
10105943,Gabrno,Laško,0.4330516726291803,Laško,0.5319088670548774,3432.1295011586903,1
10105951,Globoko,Laško,0.14440509256760442,Laško,0.1940647361185274,7507.618558950576,1
10105960,Goreljce,Sevnica,0.12947065578577957,Radeče,0.170421654836045,5554.54995534522,0
10105978,Govce,Trbovlje,0.18964453874356035,Celje,0.141670105417543,9288.758134755331,0
10105986,Gozdec,Celje,0.1341474879620825,Laško,0.185734541830002,8397.91549677188,0
10105994,Gračnica,Celje,0.09904338747006403,Celje,0.1388231509735426,9146.189321371645,1
10106001,Harje,Laško,0.5055802978506447,Laško,0.5338194925443387,3355.618633522038,1
10106010,Hotemež,Radeče,0.5116764093875326,Radeče,0.6113628143149985,1963.3884280756336,1
10106028,Huda Jama,Laško,0.2070083247803188,Laško,0.2643359271051273,6208.605816359178,1
10106036,Jagnjenica,Radeče,0.1291613177432661,Radeče,0.2180211572367765,5129.981238867261,1
10106044,Jagoče,Laško,0.5712338169272109,Laško,0.5317071530435273,2891.8828993690126,1
10106052,Jelovo,Radeče,0.1609220398620014,Radeče,0.2765806214573933,4423.557504875996,1
10106079,Kladje,Laško,0.16487179034485572,Laško,0.2357862536351352,7067.971909247623,1
10106087,Klenovo,Trbovlje,0.18685420957406162,Trbovlje,0.1368156311640178,9336.704167200443,1
10106095,Konc,Celje,0.08374096861790484,Celje,0.1424546848013567,11143.748806172987,1
10106109,Kuretno,Laško,0.3749850635444845,Laško,0.444027892389306,3864.144703344388,1
10106117,Lahomno,Laško,0.3977222022813973,Laško,0.5050063731956205,3587.585131715168,1
10106125,Lahomšek,Laško,0.7319425249583931,Laško,0.7394106753221646,2086.7985515346795,1
10106133,Lahov Graben,Sevnica,0.07650134030943782,Celje,0.1040044017100091,11480.21005951169,0
10106141,Laška vas,Celje,0.0864096857526929,Celje,0.1491336829523665,10795.82717236113,1
10106150,Laško,Laško,0.9945164038327806,Laško,0.9999999117131112,0.0,1
10106168,Laziše,Celje,0.12482968305947145,Laško,0.163991299161076,9164.252601899396,0
10106176,Lipni Dol,Celje,0.07275817442852253,Celje,0.1160423981667685,14531.639034788306,1
10106184,Log pri Vrhovem,Sevnica,0.14135841147348,Sevnica,0.1974895400074452,5341.229262222037,1
10106192,Lokavec,Sevnica,0.07121947788280264,Celje,0.1217361285278925,13504.157586885149,0
10106206,Loška Gora,Radeče,0.21441638006515418,Radeče,0.3386029574410295,3665.815774294592,1
10106214,Lože,Celje,0.0970140494020515,Celje,0.1444311687309791,10024.642469617247,1
10106222,Mačkovec,Šentjur,0.18321744742948756,Celje,0.1953195984685649,6197.110276905572,0
10106249,Mala Breza,Celje,0.17649134933921742,Celje,0.1973762202329107,9460.007590704708,1
10106257,Male Grahovše,Celje,0.13421382016362346,Laško,0.1716257089853343,8742.276480946965,0
10106265,Marija Gradec,Laško,0.7433141434764123,Laško,0.7449354378918341,1999.488234518431,1
10106273,Marijina vas,Celje,0.07298708911442991,Celje,0.1168640448396194,9115.30552004449,1
10106281,Močilno,Radeče,0.13303092253104665,Radeče,0.2387186368615995,4904.41764947005,1
10106290,Modrič,Laško,0.38222015216911953,Laško,0.4624135242777329,3751.182552539421,1
10106303,Mrzlo Polje,Celje,0.07252638375731936,Celje,0.1237475805243755,5954.553619654293,1
10106311,Njivice,Radeče,0.2175663172382963,Radeče,0.360546565113972,3524.358533208142,1
10106320,Obrežje pri Zidanem Mostu,Radeče,0.18340741253561713,Radeče,0.2355540807801695,4201.396189243131,1
10106338,Ojstro,Laško,0.501127911643776,Laško,0.5472786640516999,3401.192190924731,1
10106346,Olešče,Celje,0.14244283986796627,Celje,0.1758649548083546,8477.50332708336,1
10106354,Padež,Celje,0.26263996527365685,Celje,0.3127421724111167,6802.977570749671,1
10106362,Paneče,Sevnica,0.0718878242597679,Celje,0.1069579450169936,14487.87920633916,0
10106389,Plazovje,Laško,0.2704540020910066,Laško,0.3335743453789076,5278.069452088725,1
10106397,Počakovo,Radeče,0.0690847698380703,Ljubljana,0.1075296386874311,8466.499354164796,0
10106419,Polana,Sevnica,0.0869555195810718,Sevnica,0.1352583006988013,12852.216046434318,1
10106427,Povčeno,Laško,0.20204092965945913,Laško,0.2584872800519526,6276.74272166509,1
10106435,Požnica,Celje,0.2856813486293767,Celje,0.2978102809962422,7081.923262277267,1
10106443,Prapretno,Sevnica,0.1744901655381689,Sevnica,0.2277663148060837,5892.316318117887,1
10106451,Radeče,Radeče,0.9999131725505134,Radeče,0.9999998372142168,0.0,1
10106460,Radoblje,Laško,0.5713081512515416,Laško,0.5994660561290793,2874.382291498316,1
10106478,Reka,Laško,0.2617914697536831,Laško,0.3217490429431212,5512.650064806948,1
10106486,Rifengozd,Celje,0.45754887324459514,Celje,0.546121194536798,6078.962353857846,1
10106494,Rimske Toplice,Celje,0.13091936800220144,Laško,0.1597430234359476,8803.69863176149,0
10106508,Rudna vas,Radeče,0.13627381192542842,Radeče,0.2341781530591202,4827.406116967773,1
10106516,Sedraž,Trbovlje,0.21003753421397836,Laško,0.1472702560011711,8369.0272143989,0
10106524,Selo nad Laškim,Celje,0.13489459212795535,Laško,0.207517091080582,7988.765353803903,0
10106532,Senožete,Celje,0.12246390396893977,Celje,0.1457635580681308,9479.37047561643,1
10106559,Sevce,Laško,0.2530327260244677,Laško,0.2860400645506885,5574.934871202579,1
10106567,Slivno,Laško,0.2910379613621554,Laško,0.3548608806465436,4956.30959093198,1
10106575,Stari Dvor,Radeče,0.13309679956667894,Radeče,0.2399285509617665,4874.797792677423,1
10106583,Stopce,Laško,0.36928044041173796,Laško,0.4543375118111262,4027.7860816931743,1
10106591,Strensko,Laško,0.2132334742552515,Laško,0.26217598704543,6153.8411074890655,1
10106605,Strmca,Laško,0.655915702019998,Laško,0.6692456659087491,2392.253876771449,1
10106613,Suhadol,Trbovlje,0.23144854956581443,Trbovlje,0.1642739355234007,7071.110620916871,1
10106621,Svibno,Radeče,0.07048146577298095,Ljubljana,0.1056415608558191,8002.962340000578,0
10106630,Širje,Trbovlje,0.10516610077415958,Radeče,0.1138185444582178,6929.762599631454,0
10106648,Škofce,Celje,0.08763700067855583,Celje,0.1400169031666868,11404.315140380588,1
10106656,Šmihel,Laško,0.4019022867852254,Laško,0.4903863026691533,3542.893268716321,1
10106664,Šmohor,Celje,0.13625945881698304,Celje,0.2167958056344293,10010.481057962195,1
10106672,Tevče,Laško,0.2530327260244677,Laško,0.3086942936540792,5575.281194875946,1
10106699,Tovsto,Laško,0.37232981514083785,Laško,0.4006129853715086,3990.622819041048,1
10106702,Trnov Hrib,Trbovlje,0.16850878251856252,Celje,0.145583538077279,9246.495161055593,0
10106729,Trnovo,Laško,0.17471236510176247,Laško,0.2083636701387541,6871.0715890709,1
10106737,Trobni Dol,Celje,0.12829176356903219,Celje,0.1655148028424843,7938.53801964917,1
10106745,Trojno,Laško,0.3998145206692581,Laško,0.5156671288879082,3564.7807678222603,1
10106753,Udmat,Laško,0.317765508658608,Laško,0.3762480512235279,4591.666765107466,1
10106761,Velike Gorelce,Celje,0.1149615466678312,Celje,0.1557906509438088,9671.577659367049,1
10106770,Velike Grahovše,Šentjur,0.10055555048912247,Celje,0.1467120009030672,9577.549058621564,0
10106788,Veliko Širje,Radeče,0.07858713063915178,Radeče,0.1195342457211739,6592.138964623644,1
10106796,Vodiško,Celje,0.08343334849772538,Celje,0.1406255947026847,10967.008075063875,1
10106800,Vrh nad Laškim,Laško,0.1668920107286325,Laško,0.2362989874742588,7025.65672868031,1
10106818,Vrhovo,Sevnica,0.16440162081476145,Radeče,0.2047601470263184,4764.427375114977,0
10106826,Zabrež,Laško,0.25773320954261414,Laško,0.3089814042057044,5548.595849779761,1
10106834,Zagrad,Radeče,0.06885843058490826,Radeče,0.1190336663567709,7515.746450472367,1
10106842,Zidani Most,Radeče,0.15261851109196645,Radeče,0.2067124372258112,4538.518652083482,1
10106869,Žebnik,Radeče,0.24064817573678476,Radeče,0.4163978667001334,3129.7667427894366,1
10106877,Žigon,Celje,0.12482968305947145,Laško,0.1713004345497492,9142.811596524458,0
10106885,Jurklošter,Sevnica,0.059514496627190244,Celje,0.1069823788240541,12540.033937582994,0
10106893,Leskovca,Laško,0.17491073106756327,Laško,0.2409564736688443,6908.069400411766,1
10106907,Spodnja Rečica,Laško,0.5458144627170773,Laško,0.53653319660112,3134.432667063379,1
10106915,Zgornja Rečica,Celje,0.1457662961286501,Celje,0.1950541829887858,8795.190358767593,1
10106923,Zavrate,Radeče,0.1825848309638699,Radeče,0.2870816739057674,4241.495481831762,1
10106931,Andrenci,Cerkvenjak,0.6070242899697346,Cerkvenjak,0.671733137828974,1152.716882542331,1
10106940,Benedikt,Benedikt,0.998569837080533,Benedikt,0.9999993465369752,0.0,1
10106958,Brengova,Cerkvenjak,0.4038755700125751,Cerkvenjak,0.3686148999584125,2018.1496297370472,1
10106966,Cenkova,Cerkvenjak,0.5664263092856787,Cerkvenjak,0.5958959024208619,1357.5676300167186,1
10106974,Cerkvenjak,Cerkvenjak,0.9859215473509007,Cerkvenjak,0.9999996058858698,0.0,1
10106982,Cogetinci,Cerkvenjak,0.2874171509709609,Cerkvenjak,0.2481444550674088,2902.590873093044,1
10107008,Čagona,Cerkvenjak,0.29629326444190585,Cerkvenjak,0.2198774651824049,2843.537976802012,1
10107016,Črmljenšak,Maribor,0.2753606094430432,Maribor,0.227465901277835,5070.783904528099,1
10107024,Dolge Njive,Maribor,0.30883803965953005,Maribor,0.279240113348679,6584.474303558534,1
10107032,Dražen Vrh - del,Maribor,0.22043543419696732,Maribor,0.2981253572973388,4907.811743902244,1
10107059,Drvanja,Maribor,0.17264079305781826,Maribor,0.1961000982501717,3854.686731789396,1
10107067,Froleh,Maribor,0.17115153314942624,Maribor,0.1844862872334492,2206.7038045241293,1
10107075,Gočova,Maribor,0.2592798856239709,Lenart,0.2263845939015572,3630.838490176772,0
10107083,Grabonoški Vrh,Murska Sobota,0.1597371002394679,Cerkvenjak,0.1661067273895853,3759.306337033792,0
10107091,Gradenšak,Maribor,0.30096689566793544,Maribor,0.2338994821664869,6095.183172637982,1
10107105,Sv. Trojica v Slov. goricah,Sveta Trojica v Slovenskih goricah,0.9769457133156858,Sveta Trojica v Slovenskih goricah,0.999997478884024,0.0,1
10107113,Hrastovec v Slov. goricah,Maribor,0.3191513630063856,Maribor,0.3682914259945378,5148.188598067052,1
10107121,Ihova,Maribor,0.1668558867662745,Maribor,0.1751502325667999,4340.17762173666,1
10107130,Ivanjski Vrh,Murska Sobota,0.16080355834509436,Cerkvenjak,0.1627640402092635,3851.407722314054,0
10107148,Jurovski Dol,Sveti Jurij v Slovenskih goricah,0.9847959295412995,Sveti Jurij v Slovenskih goricah,0.9999890333635454,0.0,1
10107156,Kadrenci,Cerkvenjak,0.558819770007752,Cerkvenjak,0.5796557604258824,1397.0520473914307,1
10107164,Komarnica,Cerkvenjak,0.3032807485450728,Cerkvenjak,0.2820912701360251,2640.716664787621,1
10107172,Kremberk,Sveta Ana,0.5427176209903034,Sveta Ana,0.6421111784389586,721.5128897357423,1
10107199,Krivi Vrh,Maribor,0.17258818358457162,Maribor,0.2042682162298439,2425.0522213915606,1
10107202,Ledinek,Maribor,0.17929129168241942,Maribor,0.2523306259905937,2856.3783388586235,1
10107229,Lenart v Slov. goricah,Lenart,0.9988237394214882,Lenart,0.9999999045768514,0.0,1
10107237,Ločki Vrh,Maribor,0.1691583730798412,Maribor,0.1629924042650002,4715.05563818073,1
10107245,Lokavec,Maribor,0.13991292683739792,Maribor,0.2695213755626627,6584.786431287876,1
10107253,Lormanje,Lenart,0.7025758444192585,Lenart,0.7734411519231156,1737.4983154871557,1
10107261,Malna,Maribor,0.3089769387002395,Maribor,0.4068333251489549,2369.13163094263,1
10107270,Močna,Maribor,0.4086764873107836,Maribor,0.5323182074722588,6619.699078176121,1
10107288,Nadbišec,Maribor,0.2765917745111136,Maribor,0.2293696606127537,5803.917984973004,1
10107296,Negovski Vrh,Maribor,0.15816541249215282,Maribor,0.177153728059858,3792.7512337925696,1
10107300,Obrat,Benedikt,0.3018038080256642,Benedikt,0.2238287338842202,2219.866358846128,1
10107318,Osek,Maribor,0.19074656378386382,Maribor,0.1700293229304492,3761.841306374157,1
10107326,Peščeni Vrh,Cerkvenjak,0.29629326444190585,Cerkvenjak,0.2549702383920623,2852.768321854247,1
10107334,Radehova,Lenart,0.5497574415469675,Lenart,0.5760462315984793,2291.1660639574643,1
10107342,Rogoznica,Maribor,0.3032112626207877,Ptuj,0.3570516959518117,6519.438134565323,0
10107369,Rožengrunt,Maribor,0.16591940562024507,Maribor,0.2828414147370405,6702.082539792962,1
10107377,Selce,Maribor,0.30128350550221356,Maribor,0.2527761077447219,6744.19267781427,1
10107385,Smolinci,Ptuj,0.1488339715740137,Ptuj,0.1414347099143934,4648.796771086352,1
10107393,Spodnja Bačkova,Maribor,0.16832920800277124,Maribor,0.1886316189589811,4324.883245349472,1
10107407,Spodnja Ročica,Maribor,0.25102047317402687,Lenart,0.2385229155281646,3616.877826909591,0
10107415,Spodnja Senarska,Maribor,0.2597164219594894,Lenart,0.2350163596933411,3114.014277193733,0
10107423,Spodnja Voličina,Maribor,0.29930476896691216,Maribor,0.2466421907201844,5678.963672253452,1
10107431,Spodnje Partinje,Maribor,0.3167214730291593,Lenart,0.3573785085370577,4351.857216589702,0
10107440,Spodnje Verjane,Maribor,0.24538716688078135,Maribor,0.1671653523794869,4216.267543898151,1
10107458,Spodnji Gasteraj,Maribor,0.30173392289864664,Lenart,0.3141108586509842,2830.8653107829223,0
10107466,Spodnji Porčič,Lenart,0.5560334034322894,Lenart,0.6328481401755163,2585.102387248363,1
10107474,Spodnji Žerjavci,Maribor,0.26429025255323624,Lenart,0.3089603705130107,5107.23866460686,0
10107482,Srednji Gasteraj,Maribor,0.30096689566793544,Maribor,0.3065523550812238,2983.735127865601,1
10107504,Stanetinci,Cerkvenjak,0.6079894242059887,Cerkvenjak,0.700139827607974,1067.7959780559854,1
10107512,Stara Gora,Maribor,0.20096719005127167,Maribor,0.179841802281824,3683.386601723888,1
10107539,Straže,Maribor,0.2769382489507313,Ptuj,0.2804538283174565,5021.652570056783,0
10107547,Sv. Ana v Slov. goricah,Sveta Ana,0.9829875343288476,Sveta Ana,0.9999989186082244,0.0,1
10107555,Sv. Trije Kralji v Slov. gor.,Benedikt,0.4438582867406793,Benedikt,0.4221815288188881,1467.218923699363,1
10107563,Šetarova,Lenart,0.536574775771142,Lenart,0.5602124410334479,2926.5576591028503,1
10107571,Štajngrova,Benedikt,0.3694706003068414,Benedikt,0.330458168303682,1881.642108482602,1
10107580,Trotkova,Benedikt,0.25239749572090603,Benedikt,0.1944225256613756,2559.4214293600894,1
10107598,Trstenik,Benedikt,0.24348935981898648,Benedikt,0.203339188958321,2738.279498022162,1
10107601,Vanetina,Cerkvenjak,0.2240083463472851,Cerkvenjak,0.1808245137428729,3390.456561051806,1
10107610,Varda,Maribor,0.3034203578403181,Maribor,0.3223164488303254,3777.271112488591,1
10107628,Vinička vas,Maribor,0.4314740758095932,Maribor,0.5605459337457365,8309.536237039167,1
10107636,Zamarkova,Maribor,0.347684552544077,Lenart,0.4197358525846857,3546.0492054022598,0
10107644,Zavrh,Maribor,0.29538011678448195,Maribor,0.2367021148234047,6555.944423890528,1
10107652,Zgornja Bačkova,Maribor,0.16499483872488124,Maribor,0.1913762261522904,2853.0124223688363,1
10107679,Zgornja Ročica,Maribor,0.22043543419696732,Sveta Ana,0.2038206989322485,1756.4919464659065,0
10107687,Zgornja Senarska,Maribor,0.27419877196427245,Lenart,0.3122301655421869,1911.97942778098,0
10107695,Zgornja Ščavnica,Maribor,0.1699161042037547,Maribor,0.2022921533527912,2636.824138764161,1
10107709,Zgornja Voličina,Maribor,0.3057389551737197,Maribor,0.339955812233805,6093.509271070435,1
10107717,Zgornje Partinje,Maribor,0.3195400398077068,Maribor,0.4580695148313066,3665.372365150968,1
10107725,Zgornje Verjane,Maribor,0.27232135221292686,Lenart,0.2231559204073346,1887.3984961853157,0
10107733,Zgornji Gasteraj,Maribor,0.30096689566793544,Maribor,0.3390978647360899,4293.8505289652185,1
10107741,Zgornji Porčič,Lenart,0.35714176050100216,Lenart,0.4724009672252444,2694.8633337922674,1
10107750,Zgornji Žerjavci,Lenart,0.5654272183694596,Lenart,0.6561056551423653,2528.918305569583,1
10107776,Žice,Maribor,0.26501430104883617,Lenart,0.2561140312601704,3156.8362169873267,0
10107784,Žitence,Maribor,0.25890923108013175,Maribor,0.3373533457738808,6337.418160671858,1
10107792,Župetinci,Ptuj,0.17201539000401733,Ptuj,0.1662827419468091,3280.0845444863107,1
10107806,Banuta,Lendava,0.41521121542896755,Lendava,0.5836959062999745,6360.10347214643,1
10107814,Benica,Lendava,0.2821238072959977,Lendava,0.5471540237503201,9732.053201551687,1
10107822,Brezovec - del,Lendava,0.24684753171011686,Lendava,0.2931594950713921,4982.91786162379,1
10107849,Brezovica,Turnišče,0.30689957617548325,Turnišče,0.2807700642253948,3027.2479273372915,1
10107857,Čentiba,Lendava,0.7074877379573091,Lendava,0.8694394510856793,3674.313827759926,1
10107865,Črenšovci,Črenšovci,0.9955858669564234,Črenšovci,0.9999991653341151,0.0,1
10107873,Dobrovnik,Dobrovnik,0.9879839130091213,Dobrovnik,0.9999993053080438,0.0,1
10107881,Dolga vas,Lendava,0.7896796200903857,Lendava,0.946923147955948,2049.0137738267736,1
10107890,Dolgovaške Gorice,Lendava,0.7900786623842169,Lendava,0.9389728728094028,2305.121290380904,1
10107903,Dolina pri Lendavi,Lendava,0.5193668965442797,Lendava,0.7686645749434279,5437.16854590236,1
10107911,Dolnja Bistrica,Murska Sobota,0.19035663704577044,Murska Sobota,0.1485256593990704,4823.63270536843,1
10107920,Dolnji Lakoš,Lendava,0.7696295831514033,Lendava,0.9237752786831585,2436.951388223581,1
10107938,Gaberje,Lendava,0.5161418806541801,Lendava,0.6845480394209056,5583.2581877555485,1
10107946,Genterovci,Lendava,0.35183298480346514,Lendava,0.4324451846359279,6393.047977157162,1
10107954,Gomilica,Turnišče,0.45451240943288335,Turnišče,0.4234827802905203,2635.382493640294,1
10107962,Gornja Bistrica,Murska Sobota,0.1504369507858212,Murska Sobota,0.1655965023663549,3771.025034634376,1
10107989,Gornji Lakoš,Lendava,0.7312019660177599,Lendava,0.8564957462367152,3365.6677357217604,1
10107997,Hotiza,Lendava,0.329303276066927,Lendava,0.3516398589283083,3894.181316255336,1
10108004,Kamovci,Lendava,0.28455114532064807,Lendava,0.31122856326629,4079.951118896445,1
10108012,Kapca,Lendava,0.39896439714905246,Lendava,0.511801592367592,4676.312181817289,1
10108039,Kobilje,Kobilje,0.9906252830720088,Kobilje,0.9999967558346542,0.0,1
10108047,Kot,Lendava,0.3696524583457111,Lendava,0.4829928194236451,6026.629670947391,1
10108055,Lendava,Lendava,0.9979873888360133,Lendava,0.9999999867709488,0.0,1
10108063,Lendavske Gorice,Lendava,0.7954391697812914,Lendava,0.9569603689071376,1907.5987926769003,1
10108071,Mala Polana,Velika Polana,0.3903159715946398,Velika Polana,0.361681866836037,1803.3198788954496,1
10108080,Mostje,Lendava,0.40623255586615625,Lendava,0.5624477317325637,6488.476530734408,1
10108098,Nedelica,Turnišče,0.46385332971232834,Turnišče,0.5163804172646574,2521.439314876844,1
10108101,Odranci,Odranci,0.995408744822309,Odranci,0.999998872625232,0.0,1
10108110,Petišovci,Lendava,0.5180947884161177,Lendava,0.7624063527199544,5425.175137098107,1
10108128,Pince,Lendava,0.38371800605894996,Lendava,0.674701955359412,7158.01052278799,1
10108136,Pince-Marof,Lendava,0.3213486082442119,Lendava,0.5685828250886896,9293.742746328651,1
10108144,Radmožanci,Lendava,0.3120806628570014,Lendava,0.3065574482846616,5466.91096091621,1
10108152,Renkovci,Turnišče,0.3166561996344511,Turnišče,0.3038843014988287,3625.5116505400106,1
10108179,Srednja Bistrica,Murska Sobota,0.1617744238467612,Murska Sobota,0.1501780666075974,3589.049113104684,1
10108187,Strehovci,Turnišče,0.15058166471760764,Murska Sobota,0.1968939010485481,2808.4822191481944,0
10108195,Trimlini,Lendava,0.7421324837147186,Lendava,0.8972973674288536,3082.9229866466685,1
10108209,Trnje,Črenšovci,0.22225396481431597,Turnišče,0.1658310899295833,2677.26597484524,0
10108217,Turnišče,Turnišče,0.9987051216055117,Turnišče,0.9999998354641392,0.0,1
10108225,Velika Polana,Velika Polana,0.9972141986435752,Velika Polana,0.9999994850625284,0.0,1
10108233,Žitkovci,Murska Sobota,0.19256976075907503,Dobrovnik,0.2226672253322159,2459.3667827283384,0
10108241,Žižki,Črenšovci,0.289460501699572,Črenšovci,0.227198289536125,2147.983755342763,1
10108250,Bitiče,Litija,0.37014773889683555,Litija,0.3445277845807858,7706.764963865118,1
10108268,Boltija,Litija,0.42470772341948204,Litija,0.4308427800761965,6397.461924090288,1
10108276,Borovak pri Polšniku,Litija,0.11604705611413146,Ljubljana,0.1624080533883779,13125.672358766353,0
10108284,Breg pri Litiji,Litija,0.8170661068773909,Litija,0.8534762448678707,2014.587150856536,1
10108292,Brezje pri Kumpolju,Trebnje,0.06112570866691512,Ljubljana,0.155715093729199,10000.457665603826,0
10108306,Brezovo,Trebnje,0.07698668919535566,Ljubljana,0.152344169596867,10364.324863294973,0
10108314,Brglez,Trebnje,0.07881715433401902,Ljubljana,0.1536612626217778,8851.817825023105,0
10108322,Bukovica pri Litiji,Litija,0.2631947258752383,Litija,0.2657567151889913,7812.916501532861,1
10108349,Cerovica,Litija,0.43285670371348134,Litija,0.4438591138310094,3882.270942913527,1
10108357,Cirkuše,Litija,0.3723920008572729,Litija,0.3610177809090948,7641.770108794217,1
10108365,Čateška Gora,Trebnje,0.05965043218532189,Ljubljana,0.156292828985463,11271.67123668608,0
10108373,Čeplje,Litija,0.07234867144065739,Ljubljana,0.1597372909850119,12228.916035230934,0
10108381,Črni Potok,Litija,0.6933553293558253,Litija,0.5618577141949324,1212.3167343205666,1
10108390,Dobovica,Celje,0.04462678899753463,Ljubljana,0.1424903403924545,12747.607298230963,0
10108403,Dole pri Litiji,Litija,0.046572888808784546,Ljubljana,0.1459482384993401,9823.278792875772,0
10108411,Dolgo Brdo,Litija,0.263589383472818,Litija,0.23456891502127,10034.740041587818,1
10108420,Dolnji Vrh,Litija,0.0925618883142543,Ljubljana,0.182448910336345,12013.802779363952,0
10108438,Dragovšek,Litija,0.4302544003531263,Litija,0.4091330522405549,6056.149622600673,1
10108446,Dvor,Litija,0.45072421613557184,Litija,0.4515157296756917,3714.3048768450394,1
10108454,Gabrovka,Trebnje,0.07511966590893727,Ljubljana,0.1594688701384804,9997.941935144478,0
10108462,Gabrska Gora,Litija,0.08318150445284238,Ljubljana,0.1730272965664088,13682.778199330049,0
10108489,Gobnik,Litija,0.20020008061974168,Ljubljana,0.175592544595363,11888.931011501138,0
10108497,Golišče,Litija,0.4175676020307823,Litija,0.3601373665613815,6648.831814758498,1
10108519,Gorenje Jelenje,Litija,0.04869270984544701,Ljubljana,0.1502683981382787,13371.219934067998,0
10108527,Gornje Ravne,Trebnje,0.05971475713330969,Ljubljana,0.1489342021434516,7106.368307533401,0
10108535,Zgornji Log,Litija,0.6950440067565955,Litija,0.7596670094459673,3062.5291867610044,1
10108543,Gornji Vrh,Litija,0.12190544995293738,Ljubljana,0.1802345083372041,12661.759574132951,0
10108551,Gozd-Reka,Litija,0.2957969510394047,Ljubljana,0.2937063253061105,9441.586052198603,0
10108560,Gradišče-K. o. Grad. in Polj.,Litija,0.1763124333881288,Ljubljana,0.1778676124440327,12353.572598517492,0
10108578,Gradišče-K. o. Št. Lovrenc,Trebnje,0.06015852665341673,Ljubljana,0.1262258741733044,8261.248818542415,0
10108586,Gradišče pri Litiji,Litija,0.5164448629186932,Litija,0.5170662556452094,4514.308045182235,1
10108594,Gradiške Laze,Litija,0.6864651106000883,Litija,0.7264824173066086,3229.9355055174274,1
10108608,Hohovica,Litija,0.1181374099717478,Ljubljana,0.1738490174491251,12978.406244849644,0
10108616,Hude Ravne,Trebnje,0.06299266503858944,Ljubljana,0.1372955131150355,7120.76450659578,0
10108624,Jablaniške Laze,Litija,0.3532250430672196,Litija,0.3515718584890108,5821.323404162967,1
10108632,Jablaniški Potok,Litija,0.3712807426049805,Litija,0.3896735668370807,5645.035131153931,1
10108659,Jastrebnik,Litija,0.33331282444449895,Litija,0.27700859414188,8418.762164501692,1
10108667,Javorje,Litija,0.3565337901995761,Litija,0.3195131949642747,6087.631712534922,1
10108675,Javorje pri Gabrovki,Litija,0.20885641460726975,Ljubljana,0.1745967386162284,11752.377780678367,0
10108683,Jelša,Litija,0.4147401562136716,Litija,0.427493890652829,4160.718350163338,1
10108691,Jesenje,Litija,0.3366818224666165,Litija,0.2777991429487109,8610.718870846202,1
10108705,Jevnica,Litija,0.24657741692049398,Ljubljana,0.4523162768485457,7521.589372601009,0
10108713,Ježce,Litija,0.27470671174492695,Litija,0.2493477727691176,7736.235666795154,1
10108721,Ježevec,Trebnje,0.06329212399162225,Ljubljana,0.1238886129993029,8024.791288794789,0
10108730,Ježni Vrh,Litija,0.25879297821860875,Litija,0.2533885837945853,7940.591608650409,1
10108748,Kal pri Dolah,Litija,0.045285284535887385,Ljubljana,0.1434759627208736,10481.784934567837,0
10108756,Kamni Vrh,Litija,0.17495195708919212,Ljubljana,0.1744218970015371,12418.32115854359,0
10108764,Kamni Vrh pri Primskovem,Litija,0.08249843201008232,Ljubljana,0.1852620556206383,14468.23909860653,0
10108772,Kandrše - del,Litija,0.23171189815135904,Ljubljana,0.229200758626734,9955.82733492164,0
10108799,Klanec pri Gabrovki,Trebnje,0.08139147723686911,Ljubljana,0.1611953702785562,10488.409024982897,0
10108802,Klenik,Litija,0.2638348357488953,Ljubljana,0.2270080324853643,11058.710836060263,0
10108829,Konj,Litija,0.41032583475631135,Litija,0.3797655565927556,7031.114923079887,1
10108837,Konjšica - del,Litija,0.1546649317759649,Ljubljana,0.1573131532171178,11557.312550213828,0
10108845,Kostanjevica,Trebnje,0.07823553135577459,Ljubljana,0.1125427277800054,6013.266992990942,0
10108853,Koške Poljane,Litija,0.27470671174492695,Ljubljana,0.3547851100833981,9856.313663027213,0
10108861,Kresnice,Litija,0.33303063666875105,Ljubljana,0.3211186672205487,8705.449911012165,0
10108870,Kresniške Poljane,Litija,0.2475815034509359,Ljubljana,0.4242109576985298,9427.888930209445,0
10108888,Kresniški Vrh,Litija,0.36174709999675964,Litija,0.3095895427710977,7823.514062250193,1
10108896,Kržišče pri Čatežu,Trebnje,0.0997512442425317,Ljubljana,0.1590629892626719,10922.465265269857,0
10108900,Laze pri Gobniku,Litija,0.17625438283758535,Ljubljana,0.176713359051019,12397.495510828316,0
10108918,Laze pri Vačah,Litija,0.257341785548493,Litija,0.219745140068714,10863.732710425882,1
10108926,Leskovica pri Šmartnem,Litija,0.3605857211312844,Litija,0.3445082349179408,5864.519911051995,1
10108934,Leše,Litija,0.24881577287510537,Litija,0.241195670775065,10558.24834999396,1
10108942,Liberga,Litija,0.34193931526646,Litija,0.3347808015439931,6073.544161662154,1
10108969,Litija,Litija,0.9991575272666278,Litija,0.9999999551066252,0.0,1
10108977,Ljubež v Lazih,Litija,0.20647110736698956,Ljubljana,0.1771691675616719,11811.251527087696,0
10108985,Lukovec,Trebnje,0.05940174043040205,Ljubljana,0.1470403495674979,7179.622034344309,0
10108993,Lupinica,Litija,0.41445398541976836,Litija,0.408618895237359,4421.998855943929,1
10109019,Mala Goba,Litija,0.08616869338226833,Ljubljana,0.1670274418979976,14560.28727989154,0
10109027,Mala Kostrevnica,Litija,0.6823848949473009,Litija,0.4345862579874699,843.117234474424,1
10109035,Mala sela,Litija,0.24791428834393878,Ljubljana,0.2674702523186288,9626.392462348884,0
10109043,Mala Štanga,Litija,0.28775971012826923,Ljubljana,0.3462410798925541,9879.433734139868,0
10109051,Mamolj,Litija,0.24790346952809528,Litija,0.2617136943155338,9568.200199417184,1
10109060,Mihelca,Litija,0.21954555059239522,Ljubljana,0.1876483816733023,10384.10512182728,0
10109078,Mišji Dol,Litija,0.24574369465454143,Litija,0.1949653119897528,9641.342401768354,1
10109086,Moravče pri Gabrovki,Litija,0.18869396718646547,Ljubljana,0.1745659231641073,12131.569348413836,0
10109094,Moravška Gora,Trebnje,0.0759465920001272,Ljubljana,0.1548717441825588,10448.20876726072,0
10109108,Mulhe,Litija,0.2916858972956209,Litija,0.2778343442277055,7386.418800370702,1
10109116,Nova Gora,Litija,0.20244813898002284,Litija,0.1811115789034045,11190.197104144814,1
10109124,Obla Gorica,Litija,0.2611318490327396,Litija,0.2327193162793848,8559.175903001382,1
10109132,Okrog,Trebnje,0.06373123805191888,Ljubljana,0.1540286587403767,10635.458102108903,0
10109159,Pečice,Trebnje,0.05527914323740266,Ljubljana,0.1445539107018801,6872.126996616713,0
10109167,Podbukovje pri Vačah,Litija,0.2475815034509359,Ljubljana,0.1909728882049991,12165.629517134326,0
10109175,Podpeč pod Skalo,Litija,0.07384402940642903,Ljubljana,0.1785289897016825,14465.59354756467,0
10109183,Podroje,Litija,0.4193974544110011,Litija,0.4208545379613128,4435.149409443935,1
10109191,Podšentjur,Litija,0.6778560933938493,Litija,0.7151035403678266,3387.229392384254,1
10109205,Poljane pri Primskovem,Litija,0.2031471290794434,Litija,0.1760963829689434,10973.253668229248,1
10109213,Polšnik,Litija,0.11690896394209625,Ljubljana,0.1580778329190487,12713.72403199465,0
10109221,Ponoviče,Litija,0.5732078045214964,Litija,0.6250780432005795,4168.922291667023,1
10109230,Potok pri Vačah,Litija,0.28096189176922526,Litija,0.2453162904218532,10013.687192444984,1
10109248,Prelesje,Celje,0.045137507434704974,Ljubljana,0.1278902924405172,9127.460366088952,0
10109256,Preska nad Kostrevnico,Litija,0.31675933566929654,Litija,0.3197089180505585,6367.150075043198,1
10109264,Prevale,Litija,0.03748941120482339,Ljubljana,0.151597957273273,12162.219296731198,0
10109272,Preveg,Litija,0.11978656597807397,Ljubljana,0.1583036283341181,12615.20414746825,0
10109299,Preženjske Njive,Litija,0.0729521738415587,Ljubljana,0.1676122509263881,14921.456447514804,0
10109302,Primskovo,Litija,0.21027468183155154,Ljubljana,0.1865332728562313,11728.133363238188,0
10109329,Pusti Javor,Litija,0.29071507018198506,Litija,0.2563096174403617,7875.626328973446,1
10109337,Račica,Litija,0.28207337241578406,Ljubljana,0.322741580622237,9713.910889248898,0
10109345,Radanja vas,Litija,0.2031471290794434,Ljubljana,0.1898588047177513,8692.841209771468,0
10109353,Radgonica,Celje,0.04960265392730114,Ljubljana,0.1333205223053571,11599.580378822651,0
10109361,Ravne,Litija,0.1181374099717478,Ljubljana,0.1591291200525564,12128.509335579958,0
10109370,Ravne nad Šentrupertom,Trebnje,0.0787574275297527,Ljubljana,0.1127596253724278,5308.618153521151,0
10109396,Razbore-K. o. Ježni Vrh,Litija,0.3036655855332029,Litija,0.2990274397848817,6679.039104363041,1
10109400,Renke,Litija,0.2635430132077436,Litija,0.1695225405063504,7494.2039771371155,1
10109418,Ribče,Litija,0.2494802943558145,Ljubljana,0.3682736827944856,6868.638241773912,0
10109426,Riharjevec,Litija,0.49555488648560714,Litija,0.4676081539082488,3849.115102060651,1
10109434,Ržišče,Litija,0.3031645826048671,Litija,0.2763472566876746,8993.066676362247,1
10109442,Sava,Litija,0.4149525036009505,Litija,0.3871655727856318,6843.291662323866,1
10109469,Sela pri Sobračah,Litija,0.2593915283759549,Litija,0.2157412809216493,8709.266292777544,1
10109477,Selce,Trebnje,0.06300502990865398,Ljubljana,0.1413940890866823,8073.660591226453,0
10109485,Selšek,Litija,0.5161821618218366,Litija,0.4829815535856573,3146.220563725095,1
10109493,Sevno,Litija,0.13005246370211945,Ljubljana,0.1766605060494451,12694.8209561086,0
10109507,Slavina,Trebnje,0.04705298344220409,Ljubljana,0.1440622279186875,8942.351745336757,0
10109515,Slivna,Litija,0.2475815034509359,Ljubljana,0.2562073865776752,9886.892198793264,0
10109523,Sobrače,Litija,0.25455861400556695,Litija,0.20054632110695,9386.072809607043,1
10109531,Spodnja Jablanica,Litija,0.5856864059674591,Litija,0.630214695725189,3431.5500566438373,1
10109540,Spodnje Jelenje,Litija,0.04484194905526581,Ljubljana,0.1484548522880225,12391.43225903984,0
10109558,Spodnji Hotič,Litija,0.515635755304303,Litija,0.4666387677789072,5651.32053752076,1
10109566,Spodnji Log,Litija,0.48621300289296376,Litija,0.4528763277115777,5989.61856248374,1
10109574,Stara Gora pri Vel.Gabru,Litija,0.24548531854627964,Litija,0.1959490051034419,9633.251909922932,1
10109582,Stranski Vrh,Litija,0.08340870480689404,Ljubljana,0.1540259254606556,14395.940011735349,0
10109604,Strmec,Trebnje,0.06760241373223498,Ljubljana,0.1213093081785935,6875.108855567367,0
10109612,Suhadole,Trebnje,0.045187165079648796,Ljubljana,0.1447328743431045,9166.209108667206,0
10109639,Ščit,Litija,0.37189302655668394,Litija,0.3515898161617797,7379.015931504367,1
10109647,Širmanski Hrib,Litija,0.6300736918462959,Litija,0.7015350326636337,3465.850382663855,1
10109655,Široka Set,Litija,0.22155835610827918,Ljubljana,0.1971451113134229,12536.310702275809,0
10109663,Šmartno pri Litiji,Šmartno pri Litiji,0.9999124142235896,Šmartno pri Litiji,0.9999968971712708,0.0,1
10109671,Štangarske Poljane,Litija,0.5147981153226965,Litija,0.5001799982059703,4918.103134939125,1
10109680,Šumnik,Litija,0.07437721871272848,Ljubljana,0.1619073515674806,14441.999425392172,0
10109698,Tenetiše,Litija,0.7988800539503228,Litija,0.8095215085237732,2373.6826034423625,1
10109701,Tepe,Litija,0.2475815034509359,Litija,0.1868261621761959,12194.52175861361,1
10109710,Tihaboj,Trebnje,0.06672220080195942,Ljubljana,0.1491331831377499,7424.329261092051,0
10109728,Tlaka,Litija,0.06691776264727933,Ljubljana,0.1538398007646912,9497.010171095571,0
10109736,Vače,Litija,0.2631947258752383,Litija,0.228987851807281,10211.22630657726,1
10109744,Velika Goba,Litija,0.08349026169815522,Ljubljana,0.1655295726750391,14099.7741156601,0
10109752,Velika Kostrevnica,Litija,0.49439629210070785,Litija,0.4642222437495011,3447.4252798614298,1
10109779,Velika Preska,Litija,0.19292454847730575,Ljubljana,0.1640693982528533,12260.695145615042,0
10109787,Velika Štanga,Litija,0.3125973651059647,Ljubljana,0.3123702062691774,8607.504479787976,0
10109795,Veliki Vrh pri Litiji,Litija,0.5842906971820109,Litija,0.6227125529789396,4124.21556914191,1
10109809,Vernek,Litija,0.2967334047314904,Ljubljana,0.3233245569721931,8725.908752787695,0
10109817,Vinji Vrh,Litija,0.25309482254580823,Litija,0.2181496506643941,9157.255191531263,1
10109825,Vintarjevec,Litija,0.4897695360935544,Litija,0.4517100318600691,3971.523169459502,1
10109833,Višnji Grm,Litija,0.3157028118173317,Litija,0.3058904996029721,6470.7130757579525,1
10109841,Vodice pri Gabrovki,Trebnje,0.06769843812332485,Ljubljana,0.1587517205721494,11878.147919119265,0
10109850,Volčja Jama,Litija,0.47156076627232096,Litija,0.437631082109793,5745.613356636456,1
10109868,Vovše,Litija,0.17608318410963364,Ljubljana,0.2409295167092833,14733.598563128407,0
10109876,Vrata,Litija,0.3366818224666165,Litija,0.319122289257953,6585.572503557382,1
10109884,Vrh pri Sobračah,Litija,0.2494802943558145,Litija,0.2023199563470387,9053.041533044414,1
10109892,Zagozd,Celje,0.043445589092215346,Ljubljana,0.1464348582924075,13860.238622165813,0
10109906,Zagrič,Litija,0.08257802156628902,Ljubljana,0.1788585374195285,12839.42590079609,0
10109914,Zapodje,Litija,0.25879297821860875,Ljubljana,0.2653431381769204,8666.89149728566,0
10109922,Zavrh,Litija,0.049477956705767795,Ljubljana,0.148385155572774,13295.649211144328,0
10109949,Zavrstnik,Litija,0.7828581583119666,Litija,0.7884670023908336,2202.5016257837174,1
10109957,Zglavnica,Litija,0.11438903876375062,Ljubljana,0.1682256844983055,13260.720228600992,0
10109965,Zgornja Jablanica,Litija,0.5240820959257104,Litija,0.5440140804974273,2791.801993862889,1
10109973,Zgornji Hotič,Litija,0.4148082515340773,Litija,0.3734227041716463,6786.548998240455,1
10109981,Zgornja Jevnica,Litija,0.20785543488821515,Ljubljana,0.4300833794959183,10036.470881125484,0
10109990,Beričevo,Ljubljana,0.4485378096116987,Ljubljana,0.6403753469870329,2946.500087126128,1
10110009,Brinje,Ljubljana,0.4421843561755007,Ljubljana,0.6983852485351828,3800.1690464937874,1
10110017,Dol pri Ljubljani,Dol pri Ljubljani,0.9980954670108771,Dol pri Ljubljani,0.9999984576812256,0.0,1
10110025,Kleče pri Dolu,Dol pri Ljubljani,0.5486409499362326,Dol pri Ljubljani,0.3701638311402892,1124.9369350741483,1
10110041,Podgora pri Dolskem,Dol pri Ljubljani,0.5328346830392572,Ljubljana,0.3951774310665753,1258.7647650139638,0
10110050,Videm,Dol pri Ljubljani,0.5851575582069813,Ljubljana,0.3855126631995419,983.3509097639992,0
10110068,Zaboršt pri Dolu,Dol pri Ljubljani,0.5473257041683153,Ljubljana,0.4081060315657681,1146.4587817055196,0
10110076,Zajelše,Dol pri Ljubljani,0.576600654565059,Dol pri Ljubljani,0.3925296352611361,1053.0593672142684,1
10110084,Ljubljana,Ljubljana,0.9980203727009191,Ljubljana,0.999999995608014,0.0,1
10110092,Besnica,Ljubljana,0.3773596104767254,Ljubljana,0.6621762160946049,12332.766484944492,1
10110106,Brezje pri Lipoglavu,Ljubljana,0.35038088407908974,Ljubljana,0.5703102950612879,7858.351686713341,1
10110114,Češnjica,Ljubljana,0.48007961355144746,Ljubljana,0.7261480582681251,10183.478198362402,1
10110122,Dolgo Brdo,Litija,0.22479092535176975,Ljubljana,0.422028289614845,12370.410710464672,0
10110149,Dolsko,Ljubljana,0.33601711750493407,Ljubljana,0.4896970521626696,2534.7245152148225,1
10110157,Gabrje pri Jančah,Ljubljana,0.2162198514672253,Ljubljana,0.51331517164145,14083.436607931975,1
10110165,Janče,Litija,0.20214531328001442,Ljubljana,0.4593174614343863,12447.988977064586,0
10110173,Javor,Ljubljana,0.27843539569203557,Ljubljana,0.5773147623992351,12790.022703531582,1
10110181,Kamnica,Ljubljana,0.31628406051003105,Ljubljana,0.4990510697199615,3016.196179867005,1
10110190,Klopce,Ljubljana,0.20938740169104153,Ljubljana,0.4974923533859549,5923.507324592837,1
10110203,Križevska vas,Ljubljana,0.18434784890532083,Ljubljana,0.4564441474423303,8083.353855021371,1
10110211,Laze pri Dolskem,Ljubljana,0.3024791320794796,Ljubljana,0.5214937304403576,3913.022332708233,1
10110238,Mali Lipoglav,Ljubljana,0.26605717266719,Ljubljana,0.4303028171734306,5574.250749082801,1
10110246,Mali Vrh pri Prežganju,Litija,0.20206482258448918,Ljubljana,0.3801851926728782,10756.405989003908,0
10110254,Malo Trebeljevo,Litija,0.20285984937501822,Ljubljana,0.4009948231189926,12381.147359167082,0
10110262,Osredke,Ljubljana,0.2567434677027441,Ljubljana,0.5077944521050025,4835.109731117469,1
10110289,Pance,Ljubljana,0.2342376012402771,Ljubljana,0.4672636270482196,7587.095365398563,1
10110297,Petelinje,Ljubljana,0.32967720342471857,Ljubljana,0.4885810367390363,2373.547919833838,1
10110319,Podgrad,Ljubljana,0.37142782098677957,Ljubljana,0.7021137994111254,7659.547049379733,1
10110327,Podlipoglav,Ljubljana,0.4759640756982249,Ljubljana,0.6980256843141601,9796.49390377204,1
10110335,Podmolnik,Ljubljana,0.44312912964273615,Ljubljana,0.7125737817129457,6576.735654362679,1
10110343,Prežganje,Litija,0.19292454847730575,Ljubljana,0.4528689594147111,13828.86336164908,0
10110351,Ravno Brdo,Ljubljana,0.20913972321698437,Ljubljana,0.5313461646677703,15376.991585950662,1
10110360,Repče,Ljubljana,0.35135565824197157,Ljubljana,0.5068650363286936,6120.550316064862,1
10110378,Sadinja vas,Ljubljana,0.44368188116997315,Ljubljana,0.7357059535879361,8852.31590802149,1
10110386,Selo pri Pancah,Ljubljana,0.30486910562449815,Ljubljana,0.5565500972141274,9523.87416858021,1
10110394,Senožeti,Litija,0.23128202208797952,Ljubljana,0.432730687132537,8103.779713361394,0
10110408,Šentpavel,Ljubljana,0.4216777665084369,Ljubljana,0.6643357613213406,9212.463365962016,1
10110416,Tuji Grm,Litija,0.22815780793026133,Ljubljana,0.4297902492638012,12428.094851122029,0
10110424,Veliki Lipoglav,Ljubljana,0.3016646692520992,Ljubljana,0.5035665986235699,7063.251112636819,1
10110432,Veliko Trebeljevo,Litija,0.21739331220332492,Ljubljana,0.3998608475178908,11484.03910789479,0
10110459,Vinje,Ljubljana,0.21992401618583213,Ljubljana,0.4717460861809744,5322.4188752000255,1
10110467,Vnajnarje,Ljubljana,0.26916829845406276,Ljubljana,0.5814787732341613,14814.257786281976,1
10110475,Volavlje,Ljubljana,0.18424076448332358,Ljubljana,0.4797612779441556,15522.150195430127,1
10110483,Vrh pri Dolskem,Ljubljana,0.2144892928420542,Ljubljana,0.4902831800422313,6313.957683639463,1
10110491,Zagorica pri Dolskem,Ljubljana,0.21947255012278816,Ljubljana,0.4778245948149718,6865.638361983467,1
10110505,Zagradišče,Ljubljana,0.4148626707567282,Ljubljana,0.7114623599844709,11031.967029060404,1
10110513,Zgornja Besnica,Ljubljana,0.26916829845406276,Ljubljana,0.5755059704769503,15640.47558878814,1
10110521,Brezovica pri Medvodah,Ljubljana,0.34500552237582,Ljubljana,0.6116804359078004,8802.089018181949,1
10110530,Bukovica pri Vodicah,Vodice,0.4053890068765209,Ljubljana,0.3216237232044176,1792.8436981373293,0
10110548,Dobruša,Vodice,0.3840562612271847,Ljubljana,0.3593470785212367,2046.443991876367,0
10110556,Dol,Medvode,0.4302845067262922,Ljubljana,0.3977641482338143,4580.093333023263,0
10110564,Dornice,Ljubljana,0.26507905544567384,Ljubljana,0.3814975568207954,2995.3382417994926,1
10110572,Dragočajna,Medvode,0.40019125304525593,Ljubljana,0.3610852351413721,5249.2108416331785,0
10110599,Dvor,Ljubljana,0.5328362730810196,Ljubljana,0.7707575577320841,5410.306367194236,1
10110602,Golo Brdo,Medvode,0.46856035477870056,Ljubljana,0.5372543401216399,4249.06796729551,0
10110629,Goričane,Medvode,0.85492939880862,Medvode,0.6022859635547805,1431.9406006283086,1
10110637,Hraše,Medvode,0.2844720705401004,Ljubljana,0.3790514229435889,4023.380346214728,0
10110645,Koseze,Ljubljana,0.3002662928011431,Ljubljana,0.3841991754130021,2960.4889573318706,1
10110653,Ladja,Medvode,0.6760691851946214,Medvode,0.3626339376048573,2397.173851254496,1
10110670,Medno,Medvode,0.6005340021733546,Ljubljana,0.6215543069186115,3149.7998823357907,0
10110688,Medvode,Medvode,0.9963674414741374,Medvode,0.999999646031587,0.0,1
10110696,Moše,Kranj,0.30481178347077587,Ljubljana,0.3393029701808657,6637.683560662797,0
10110700,Polje pri Vodicah,Ljubljana,0.3618817042081444,Ljubljana,0.4618742806948496,3163.1661289318745,1
10110718,Povodje,Ljubljana,0.42266568401368915,Ljubljana,0.6383144899154285,5746.566127994358,1
10110726,Rakovnik,Medvode,0.654707871181262,Ljubljana,0.3631881841871185,2704.1694949219223,0
10110734,Rašica,Ljubljana,0.47726219250587804,Ljubljana,0.7059812043183741,10424.554415556251,1
10110742,Repnje,Ljubljana,0.3530471358059597,Ljubljana,0.4253052946470517,2589.0539783487197,1
10110769,Selo pri Vodicah,Ljubljana,0.3310408090414152,Ljubljana,0.4511683340231826,3893.707211921982,1
10110777,Seničica,Medvode,0.7030381515841081,Ljubljana,0.4471916255462462,2332.036140969885,0
10110785,Skaručna,Ljubljana,0.44588867696795903,Ljubljana,0.5570799044586884,4153.744969613556,1
10110793,Smlednik,Medvode,0.4255547025239869,Ljubljana,0.4196940985464283,4731.971190582397,0
10110807,Sora,Medvode,0.5561537085749865,Ljubljana,0.3926306791305755,3581.754936353695,0
10110815,Spodnja Senica,Medvode,0.6232475565550935,Ljubljana,0.3666407584964499,3067.0886180360308,0
10110823,Spodnje Gameljne,Ljubljana,0.5076001225781807,Ljubljana,0.7662140557316124,8698.957484546672,1
10110831,Spodnje Pirniče,Medvode,0.6232475565550935,Ljubljana,0.5200595643155889,3067.597441958884,0
10110840,Srednje Gameljne,Ljubljana,0.44029105590849077,Ljubljana,0.7382161119811833,8915.239912590596,1
10110858,Stanežiče,Medvode,0.4549236097118702,Ljubljana,0.6969794316731057,4350.458626933132,0
10110866,Studenčice,Medvode,0.3417172225470265,Ljubljana,0.5061247115879821,5865.17419471207,0
10110874,Šinkov Turn,Ljubljana,0.30255205973191596,Ljubljana,0.3967139427654454,4279.462177247582,1
10110882,Tehovec,Ljubljana,0.2617180523891128,Ljubljana,0.5297395377497308,7585.797547112797,1
10110904,Topol pri Medvodah,Ljubljana,0.44783424532781596,Ljubljana,0.6677461950138244,8357.248320494225,1
10110912,Torovo,Ljubljana,0.258951811942799,Ljubljana,0.3628600365935165,2800.951020032004,1
10110939,Toško Čelo,Ljubljana,0.47098242894065934,Ljubljana,0.7930663818053408,5553.342904406668,1
10110947,Trnovec,Ljubljana,0.30296652282284253,Ljubljana,0.5316529350308833,8077.370712754663,1
10110955,Utik,Ljubljana,0.3032582099051827,Ljubljana,0.364989071691593,2461.6519278656697,1
10110963,Valburga,Medvode,0.4218395166639068,Ljubljana,0.4009535650036256,4979.111949003876,0
10110971,Vaše,Medvode,0.8299736721249477,Medvode,0.5336302567375876,1625.628417949436,1
10110980,Verje,Medvode,0.85492939880862,Medvode,0.61095993564964,1435.0921904833338,1
10110998,Vesca,Ljubljana,0.3457977769567504,Ljubljana,0.4925482000359399,4599.61939701733,1
10111005,Vikrče,Medvode,0.4549236097118702,Ljubljana,0.6387349356196366,4348.549055035879,0
10111013,Vodice,Vodice,0.9906067083308973,Vodice,0.9999991306590912,0.0,1
10111021,Vojsko,Ljubljana,0.417426395893169,Ljubljana,0.5896782091418084,5033.444804519245,1
10111030,Zapoge,Vodice,0.2725090905350407,Ljubljana,0.3460809624049717,2468.4872573355287,0
10111048,Zavrh pod Šmarno goro,Medvode,0.4237689627949894,Ljubljana,0.577689000925274,4824.515584099405,0
10111056,Zbilje,Medvode,0.654707871181262,Ljubljana,0.3491674053065233,2768.085643414649,0
10111064,Zgornja Senica,Medvode,0.5751778089484137,Ljubljana,0.3690392503963949,3424.8062971682243,0
10111072,Zgornje Gameljne,Ljubljana,0.44368188116997315,Ljubljana,0.7035374311845266,7711.206604749652,1
10111099,Zgornje Pirniče,Medvode,0.7142393695279884,Medvode,0.3876203176281321,2166.655386060056,1
10111102,Žlebe,Medvode,0.448402956900153,Ljubljana,0.509465644928497,4437.226575018371,0
10111129,Osolnik,Kranj,0.18499419898142289,Ljubljana,0.4311796516441268,8491.037706611918,0
10111137,Adamovo,Velike Lašče,0.22326917322624662,Ljubljana,0.2692715605507861,3351.456322296256,0
10111145,Babna Gora,Ljubljana,0.30172778967395464,Ljubljana,0.5972065425022515,8446.180297456027,1
10111153,Bane,Ljubljana,0.0845279402202182,Ljubljana,0.3277403470198611,8557.354039594682,1
10111161,Bavdek,Ljubljana,0.10882637294679923,Ljubljana,0.3878355898860532,6983.877969174203,1
10111170,Belica,Ljubljana,0.3570165856075214,Ljubljana,0.6132471513068621,7198.006830261175,1
10111188,Belo,Ljubljana,0.30270238132621136,Ljubljana,0.6073561954445782,9897.298065238792,1
10111196,Borovec pri Karlovici,Ljubljana,0.07702889324003513,Ljubljana,0.3092890652214815,7136.04787483618,1
10111200,Boštetje,Ljubljana,0.08663222140567013,Ljubljana,0.36228890931853,10512.641059088272,1
10111218,Brankovo,Velike Lašče,0.1944941103781414,Ljubljana,0.3042796991476059,4117.908001651416,0
10111226,Brest,Ljubljana,0.5870780787684978,Ljubljana,0.8584419280089098,6925.494644694893,1
10111234,Brezje pri Dobrovi,Ljubljana,0.3688955990179385,Ljubljana,0.594803913413491,4199.467167849308,1
10111242,Brezovica pri Ljubljani,Brezovica,0.9948109417653548,Brezovica,0.9999995504917504,0.0,1
10111269,Briše pri Polhovem Gradcu,Ljubljana,0.21782356306348205,Ljubljana,0.5278856129287413,10625.992791157309,1
10111277,Brlog - del,Ljubljana,0.05811230576443345,Ljubljana,0.3042394401131986,9204.0918264495,1
10111285,Bukovec,Ljubljana,0.1098139956072217,Ljubljana,0.4543597601477349,16289.73934495209,1
10111293,Butajnova,Vrhnika,0.10789845521880162,Ljubljana,0.3961307515338614,8551.001746470884,0
10111307,Centa,Ljubljana,0.12807036296028707,Ljubljana,0.4713521115575318,10133.589024540272,1
10111315,Četež pri Turjaku,Ljubljana,0.10687258790319051,Ljubljana,0.4502657141053758,11250.871334837891,1
10111323,Črna vas,Ljubljana,0.6081339752989335,Ljubljana,0.8403581180417089,7481.679444866163,1
10111331,Črni Vrh,Ljubljana,0.11824352990851045,Ljubljana,0.4196915481432077,15496.193271809252,1
10111340,Dednik,Ljubljana,0.08583335609348745,Ljubljana,0.3777531376221417,12630.324842593733,1
10111358,Dobravica,Ljubljana,0.3483929784788286,Ljubljana,0.5881645953539687,3715.441985155548,1
10111366,Dobrova,Dobrova-Polhov Gradec,0.9958886084614016,Dobrova-Polhov Gradec,0.999998057556996,0.0,1
10111374,Dole pri Škofljici,Ljubljana,0.41349735601949755,Ljubljana,0.5045899570627638,3507.900965632479,1
10111382,Dolenja Brezovica,Ljubljana,0.2575928969063504,Ljubljana,0.5455371948400887,9192.222163694189,1
10111404,Dolenja vas pri Polhovem Gradcu,Ljubljana,0.3017239620940235,Ljubljana,0.5768930658503393,6852.476537672973,1
10111412,Dolenje Kališče,Ljubljana,0.06615392324855196,Ljubljana,0.3373257148654326,9877.608273017571,1
10111439,Dolnje Retje,Velike Lašče,0.49432347927006254,Velike Lašče,0.4891715113844375,1940.4214610907889,1
10111447,Dolščaki,Ljubljana,0.10091363462152174,Ljubljana,0.3959880616655156,6971.469492858892,1
10111455,Draževnik,Dobrova-Polhov Gradec,0.6774653746863336,Ljubljana,0.6617565381780266,1335.2609815876997,0
10111463,Drenik,Ljubljana,0.3397279951828686,Ljubljana,0.5422329666814278,6030.483331626284,1
10111471,Dvor pri Polhovem Gradcu,Ljubljana,0.3164919042360793,Ljubljana,0.5982006187991464,7633.747318969828,1
10111480,Dvorska vas,Velike Lašče,0.12241389369886496,Ljubljana,0.2681167853182822,4728.719310690926,0
10111498,Gabrje,Ljubljana,0.4435879873425155,Ljubljana,0.6624590085611982,2349.802578613489,1
10111501,Glinek,Škofljica,0.5415417129609128,Ljubljana,0.4341083020870181,2687.082684988854,0
10111510,Golo,Ljubljana,0.23832412475043543,Ljubljana,0.5720306271972535,7076.505706264987,1
10111528,Gorenja Brezovica,Ljubljana,0.2087807657341213,Ljubljana,0.5322060962859281,10550.767491705315,1
10111536,Gorenje Blato,Ljubljana,0.4136029548181795,Ljubljana,0.5120364333276859,4031.586213263452,1
10111544,Gorenje Kališče,Ljubljana,0.07791893323833078,Ljubljana,0.336418092283745,8857.231948183531,1
10111552,Goričica pod Krimom,Ljubljana,0.22390069647739363,Ljubljana,0.4437917839418216,4247.585152514575,1
10111579,Gornje Retje,Velike Lašče,0.36449361918895834,Velike Lašče,0.4079573531286681,2295.9385942946037,1
10111587,Gornji Ig,Ljubljana,0.17332392756691767,Ljubljana,0.5480572916867088,10329.321206485663,1
10111595,Gradež,Ljubljana,0.10918276961668648,Ljubljana,0.3892635426291187,6591.721491627594,1
10111609,Gradišče,Ljubljana,0.1001673714964649,Ljubljana,0.3898322186031417,6680.877286680586,1
10111617,Gradišče,Ljubljana,0.2140559151119382,Ljubljana,0.5129734929492958,9677.138241438615,1
10111625,Grm,Velike Lašče,0.24977572044151722,Ljubljana,0.2872600645249501,3230.198435160501,0
10111633,Gumnišče,Škofljica,0.5408304197466213,Ljubljana,0.4402742808216919,2766.1822990933906,0
10111641,Hlebče,Velike Lašče,0.20665766949092618,Ljubljana,0.3049334185706965,3939.9822760267934,0
10111650,Horjul,Horjul,0.997198393835273,Horjul,0.9999959794951232,0.0,1
10111668,Hrastenice,Ljubljana,0.41795552549683024,Ljubljana,0.6577326049456975,4877.000145331805,1
10111676,Hrustovo,Velike Lašče,0.20665766949092618,Ljubljana,0.2998092380423917,3913.385467378708,0
10111684,Hruševo,Ljubljana,0.4659933698557151,Ljubljana,0.6782457729577063,3059.442639372873,1
10111692,Ig,Ig,0.9988031920823067,Ig,0.9999985872316264,0.0,1
10111706,Iška,Ljubljana,0.26413826759947046,Ljubljana,0.5985335698469302,6144.492719776969,1
10111714,Iška Loka,Ljubljana,0.44368188116997315,Ljubljana,0.6228226957394297,1622.1310766811876,1
10111722,Iška vas,Ljubljana,0.3415451284579447,Ljubljana,0.6048978260754297,3695.924034584594,1
10111749,Jakičevo,Velike Lašče,0.22920714211161414,Ljubljana,0.2881741408090656,3298.8707626710134,0
10111757,Javorje,Ljubljana,0.10858185170439054,Ljubljana,0.4270402591133342,8831.847458933096,1
10111765,Jezero,Ljubljana,0.3786610280293549,Ljubljana,0.6051846894951312,7782.827550655952,1
10111773,Kamnik pod Krimom,Ljubljana,0.28411538370829825,Ljubljana,0.5318000009045726,6704.439806972663,1
10111781,Kaplanovo,Velike Lašče,0.20745241481897364,Ljubljana,0.2932841990702582,3837.715236981745,0
10111790,Karlovica,Velike Lašče,0.09379733013930243,Ljubljana,0.3040619005196731,5731.355858507816,0
10111803,Klada,Ljubljana,0.258951811942799,Ljubljana,0.569975492206682,6581.166134456956,1
10111811,Knej,Velike Lašče,0.12895076811462336,Ljubljana,0.3264346044169409,4697.415106719913,0
10111820,Komanija,Ljubljana,0.5993975742860386,Ljubljana,0.6850565176631408,1652.6365850438042,1
10111838,Koreno nad Horjulom,Vrhnika,0.17868706056978267,Ljubljana,0.4491857308441396,4339.0646334351695,0
10111846,Kot,Ljubljana,0.4350044686409013,Ljubljana,0.5777576198139466,2316.936086398407,1
10111854,Kot pri Veliki Slevici,Velike Lašče,0.20745241481897364,Ljubljana,0.2603925290993132,3864.883571246253,0
10111862,Kremenica,Ljubljana,0.3687342532001908,Ljubljana,0.5650931354494201,3228.704052073307,1
10111889,Krkovo pri Karlovici,Ljubljana,0.08819640023174977,Ljubljana,0.3129108794440605,6276.121461854725,1
10111897,Krvava Peč,Ljubljana,0.1153799435714723,Ljubljana,0.4722676480483141,14058.906517464507,1
10111919,Kukmaka,Velike Lašče,0.3437375451511791,Velike Lašče,0.3320737985763498,2567.350951913956,1
10111927,Lanišče,Škofljica,0.750521056031926,Škofljica,0.5337407023275517,1816.6639702027053,1
10111935,Laporje,Ljubljana,0.10763521240272764,Ljubljana,0.3708308046395448,5310.092830180158,1
10111943,Lavrica,Ljubljana,0.5597309557085144,Ljubljana,0.6413026474036099,2642.149786028718,1
10111951,Laze,Ljubljana,0.11034309611136299,Ljubljana,0.3848005057842374,6860.652659513327,1
10111960,Lesno Brdo,Vrhnika,0.2844621490190422,Ljubljana,0.4277817214153008,2800.29837955244,0
10111978,Lipe,Ljubljana,0.4586172294477128,Ljubljana,0.7354536796729594,8148.98102322401,1
10111986,Ljubgojna,Horjul,0.5446061398652849,Horjul,0.324300404419215,749.9065951942715,1
10112001,Log pri Polhovem Gradcu,Ljubljana,0.41304216985265474,Ljubljana,0.6353720340179806,6121.19135427773,1
10112010,Logarji,Velike Lašče,0.13249773208019344,Ljubljana,0.3244509379772141,4537.848727948577,0
10112028,Lužarji,Ljubljana,0.08245412695048046,Ljubljana,0.2944038537409567,6513.255235925303,1
10112036,Mački,Ljubljana,0.11057102748208714,Ljubljana,0.4051341124369793,9759.663925034522,1
10112044,Mala Slevica,Velike Lašče,0.20909722595647637,Ljubljana,0.2523668996531631,3769.928203332852,0
10112052,Male Lašče,Velike Lašče,0.517197649455348,Velike Lašče,0.5557015505345206,1633.5146347636864,1
10112079,Mali Ločnik,Ljubljana,0.1547840300078451,Ljubljana,0.4372954481922749,7369.193008557298,1
10112087,Mali Osolnik,Ljubljana,0.10763667891218769,Ljubljana,0.393653408240339,6646.514315937615,1
10112095,Marinčki,Velike Lašče,0.10952572410223597,Ljubljana,0.3437997984350409,5144.590957898243,0
10112109,Matena,Ljubljana,0.5924093921670753,Ljubljana,0.8479765983045254,5537.751642494796,1
10112117,Medvedjek,Velike Lašče,0.33029773877483065,Velike Lašče,0.3365197432879058,2770.2720983443014,1
10112125,Mohorje,Ljubljana,0.0949203762623896,Ljubljana,0.3709545781695612,10921.059025560546,1
10112133,Naredi,Ljubljana,0.07750208097532797,Ljubljana,0.3283514035969359,9025.922691321186,1
10112141,Notranje Gorice,Ljubljana,0.417426395893169,Ljubljana,0.5611291751895418,4452.405329637389,1
10112150,Opalkovo,Velike Lašče,0.21311794142775942,Ljubljana,0.2838678064564459,3546.6638753906054,0
10112168,Orle,Ljubljana,0.5415435740165208,Ljubljana,0.7385446942478949,4697.786944763759,1
10112176,Osredek,Ljubljana,0.16359071933022606,Ljubljana,0.4744235549393671,9729.001056847988,1
10112184,Osredek pri Dobrovi,Ljubljana,0.3752057442879481,Ljubljana,0.6243463035012393,6340.047134780795,1
10112192,Pečki,Ljubljana,0.09864061409071208,Ljubljana,0.4118785623071119,9044.816347940745,1
10112206,Pijava Gorica,Ljubljana,0.3721393054813479,Ljubljana,0.5127126453924332,4421.036529550046,1
10112214,Planina nad Horjulom,Ljubljana,0.09476406649278948,Ljubljana,0.3639787639798378,11916.48969490136,1
10112222,Planinca,Ljubljana,0.25832559560836105,Ljubljana,0.5694989603065673,9784.11817219527,1
10112249,Pleše,Ljubljana,0.44783424532781596,Ljubljana,0.5123615956268688,4415.887066908811,1
10112257,Plešivica,Ljubljana,0.4306242292009796,Ljubljana,0.5536983528623927,4647.599486634827,1
10112265,Plosovo,Ljubljana,0.07261868932872799,Ljubljana,0.3061068304833254,6698.501592770866,1
10112273,Podhojni Hrib,Ljubljana,0.11033835311317111,Ljubljana,0.4263882942300351,8286.864707436283,1
10112281,Podkogelj,Velike Lašče,0.09236438871449143,Ljubljana,0.3095040134394624,5871.9999040478815,0
10112290,Podkraj,Velike Lašče,0.16849757346484964,Ljubljana,0.267583842521751,4411.108062761879,0
10112303,Podlog,Velike Lašče,0.16975617155096004,Ljubljana,0.3245948931855199,4409.598100134518,0
10112311,Podolnica,Ljubljana,0.3016646692520992,Ljubljana,0.5103297332111285,2533.415576567736,1
10112320,Podpeč,Ljubljana,0.37466333571512644,Ljubljana,0.5844115121724937,6913.890032104189,1
10112338,Podreber,Ljubljana,0.24241123268154552,Ljubljana,0.5509619169332536,8889.881099345825,1
10112346,Podsmreka,Ljubljana,0.6074574950495356,Ljubljana,0.7082304902855854,2189.0011523881217,1
10112354,Podsmreka pri Velikih Laščah,Velike Lašče,0.24589500355445132,Velike Lašče,0.2666552928046166,3247.395378219505,1
10112362,Podstrmec,Ljubljana,0.06550023177185493,Ljubljana,0.3004234660324548,8343.009624113845,1
10112389,Podulaka,Velike Lašče,0.2215701730837515,Ljubljana,0.2805486367406254,3357.365635699646,0
10112397,Podžaga,Ljubljana,0.07322576291049886,Ljubljana,0.3059141689654332,6582.614304055329,1
10112419,Polhov Gradec,Ljubljana,0.21174218590919922,Ljubljana,0.5376930049366468,9672.710080019297,1
10112427,Polzelo,Ljubljana,0.07335285980019345,Ljubljana,0.3017245649502945,6220.984434253995,1
10112435,Poznikovo,Ljubljana,0.07226562145147909,Ljubljana,0.3061844726573383,6709.380690499586,1
10112443,Praproče,Ljubljana,0.18327297868350023,Ljubljana,0.5099671469144744,12014.32785084628,1
10112451,Prazniki,Ljubljana,0.11500715344816195,Ljubljana,0.44965150997795,10837.922310941218,1
10112460,Preserje,Ljubljana,0.3049119116489188,Ljubljana,0.5545878722433781,7739.868590275933,1
10112478,Prevalje pod Krimom,Ljubljana,0.26953223498656936,Ljubljana,0.4968227833574391,5454.269983871227,1
10112486,Prhajevo,Velike Lašče,0.3325001798261728,Velike Lašče,0.3284723258506733,2668.256277664582,1
10112494,Prilesje,Velike Lašče,0.22041747663105726,Velike Lašče,0.2518245330334753,3369.4650703016264,1
10112508,Pristava pri Polh. Gradcu,Ljubljana,0.21699466134967554,Ljubljana,0.5434447357187447,9321.503654976032,1
10112516,Purkače,Ljubljana,0.1094500775304851,Ljubljana,0.4541192312216977,11362.291697203384,1
10112524,Pušče,Velike Lašče,0.4348555457918323,Velike Lašče,0.430783982595341,2118.8095367048127,1
10112532,Rakitna,Ljubljana,0.10926761137291732,Ljubljana,0.4324139568134392,15855.739318297514,1
10112559,Rašica,Velike Lašče,0.33990849770314013,Velike Lašče,0.3070046243109068,2632.305944830789,1
10112567,Razori,Dobrova-Polhov Gradec,0.7693770862234444,Ljubljana,0.5274932992538442,871.9738096500273,0
10112575,Reber pri Škofljici,Škofljica,0.5419757080174502,Ljubljana,0.4438014847176841,2580.192295891564,0
10112583,Rob,Ljubljana,0.10765684512428185,Ljubljana,0.4132267150962051,7387.89372508787,1
10112591,Rogatec nad Želimljami,Ljubljana,0.1640775059373108,Ljubljana,0.5256882764461361,11489.552631186512,1
10112605,Rovt,Ljubljana,0.10896901015442399,Ljubljana,0.4045408396991723,12158.2530624268,1
10112613,Rupe,Ljubljana,0.0858382096596268,Ljubljana,0.3796619257647311,11452.9772299895,1
10112621,Samotorica,Vrhnika,0.17226568092830521,Ljubljana,0.4370321697335176,5186.227471384659,0
10112630,Sarsko,Ljubljana,0.3397279951828686,Ljubljana,0.577916775880128,4769.798689083584,1
10112648,Sekirišče,Ljubljana,0.11858630473858887,Ljubljana,0.4510954772378743,11911.878341513042,1
10112656,Selnik,Ljubljana,0.21481924534837282,Ljubljana,0.5566430225818487,8844.326384972379,1
10112664,Selo nad Polhovim Gradcem,Ljubljana,0.15958631904022483,Ljubljana,0.4547061626241268,13738.896169383715,1
10112672,Selo pri Robu,Ljubljana,0.0964583988770747,Ljubljana,0.3843079601273913,11792.690725579669,1
10112699,Setnica - del,Ljubljana,0.1741549341120698,Ljubljana,0.506490026382153,12159.10936018762,1
10112702,Setnik,Ljubljana,0.16333590608179668,Ljubljana,0.5028596959324997,13504.9568368395,1
10112729,Sloka Gora,Ljubljana,0.11135726058596475,Ljubljana,0.3944921446855683,7879.230378395066,1
10112737,Smolnik,Ljubljana,0.10882608726493351,Ljubljana,0.4158464769049183,18034.64046492552,1
10112745,Smrjene,Ljubljana,0.27090045894855097,Ljubljana,0.5069231748934235,7495.4881423871075,1
10112753,Srednja vas pri Polh. Grad.,Ljubljana,0.2656554874024467,Ljubljana,0.5654877797776303,8036.864413058813,1
10112761,Srednji Vrh,Ljubljana,0.10017744831820298,Ljubljana,0.4283158887397234,14097.532244119097,1
10112770,Srnjak,Ljubljana,0.10485530527812377,Ljubljana,0.4065895680236783,8267.420077490873,1
10112788,Srobotnik pri Vel. Laščah,Velike Lašče,0.5219153017788647,Velike Lašče,0.5831166395278812,1616.4838614591129,1
10112796,Staje,Ig,0.5353145090613365,Ljubljana,0.4974443679461312,1445.2310317467168,0
10112800,Stope,Velike Lašče,0.1315017794327754,Ljubljana,0.3193344745064185,4603.998558102411,0
10112818,Strahomer,Ljubljana,0.3482734142605915,Ljubljana,0.6007808339417406,4375.272223946945,1
10112826,Stranska vas,Dobrova-Polhov Gradec,0.7368197972942032,Ljubljana,0.5762652829362599,1088.3794247345552,0
10112834,Strletje,Ljubljana,0.09793214173448163,Ljubljana,0.4122086305012993,8888.159977067662,1
10112842,Strmec,Velike Lašče,0.34193342277008937,Velike Lašče,0.3673701825799921,2594.749527879604,1
10112869,Ščurki,Ljubljana,0.15842621037662766,Ljubljana,0.4555851785926581,9114.483972661228,1
10112877,Šentjošt nad Horjulom,Vrhnika,0.148478198243895,Ljubljana,0.4074975998907612,6995.457562080203,0
10112885,Škamevec,Ljubljana,0.1001673714964649,Ljubljana,0.4042296737305649,7701.389777166407,1
10112893,Škofljica,Škofljica,0.9948368125040183,Škofljica,0.999999680015633,0.0,1
10112907,Škrilje,Ljubljana,0.26167584075826517,Ljubljana,0.5828256204198061,5904.698207799617,1
10112915,Škrlovica,Velike Lašče,0.11605956755485254,Ljubljana,0.2726679646275024,4859.988195172763,0
10112923,Šujica,Dobrova-Polhov Gradec,0.7411613947962372,Ljubljana,0.5089213097203521,1055.8591598877883,0
10112931,Tomažini,Ljubljana,0.11089934355999562,Ljubljana,0.3669028819215459,5762.382578825581,1
10112940,Tomišelj,Ljubljana,0.417426395893169,Ljubljana,0.6736515958035194,4777.105853090247,1
10112958,Turjak,Ljubljana,0.14943288639224772,Ljubljana,0.4020295738327296,5887.554428117862,1
10112966,Ulaka,Velike Lašče,0.3283660262988062,Velike Lašče,0.3149685660921038,2840.3574855441943,1
10112974,Uzmani,Ljubljana,0.10842981106410318,Ljubljana,0.4415239812299629,9998.873042056588,1
10112982,Velika Slevica,Velike Lašče,0.29130717076763224,Velike Lašče,0.2908935365089614,3080.178474718758,1
10113008,Velike Lašče,Velike Lašče,0.9990966063759937,Velike Lašče,0.9999997143785402,0.0,1
10113016,Veliki Ločnik,Ljubljana,0.18264471197990922,Ljubljana,0.4644354733672709,9886.516651100774,1
10113024,Veliki Osolnik,Ljubljana,0.0958515632533425,Ljubljana,0.3640933370337255,6039.987617738676,1
10113032,Visoko,Ljubljana,0.1625972107224661,Ljubljana,0.5240229776933317,11709.12970624324,1
10113059,Vnanje Gorice,Brezovica,0.6333992771500224,Ljubljana,0.4613823387349318,2150.500708366837,0
10113067,Vrbljene,Ljubljana,0.3721393054813479,Ljubljana,0.5964966737458215,3392.928057441899,1
10113075,Vrh,Ljubljana,0.09075441897840669,Ljubljana,0.3706582813678984,11159.41510838968,1
10113083,Vrh nad Želimljami,Ljubljana,0.21263924685240254,Ljubljana,0.4883338783344789,9565.466104304767,1
10113091,Vrzdenec,Vrhnika,0.21116648034539443,Ljubljana,0.4218327015133645,2646.62743394447,0
10113105,Zaklanec,Horjul,0.3843403162471408,Ljubljana,0.443444048606058,1388.1824848871618,0
10113113,Zalog pri Škofljici,Škofljica,0.6193361449353407,Škofljica,0.5025514028571155,1973.316918273424,1
10113121,Zapotok,Ljubljana,0.1558862369597094,Ljubljana,0.5000948817446208,12370.502088375171,1
10113130,Zgonče,Ljubljana,0.08583170552140967,Ljubljana,0.3345895802567452,7448.611525726263,1
10113148,Žaga,Ljubljana,0.08003191497685588,Ljubljana,0.305755574960828,6870.711244143858,1
10113156,Žažar,Vrhnika,0.2395271510238966,Ljubljana,0.3669115670480289,4224.256087667214,0
10113164,Želimlje,Ljubljana,0.21108779452962853,Ljubljana,0.529182321647218,8149.430326580495,1
10113172,Podplešivica,Ljubljana,0.4297319091978283,Ljubljana,0.5409979597110169,4153.774556827524,1
10113199,Žabnica,Brezovica,0.526637443806429,Ljubljana,0.5202146348985166,2971.561969000688,0
10113202,Babinci,Ljutomer,0.46847954292743227,Ljutomer,0.5310834516270305,3750.0067788346714,1
10113229,Banovci,Veržej,0.4066912705392545,Veržej,0.4027112324144007,1623.5300428815517,1
10113237,Berkovci,Murska Sobota,0.1747695556648385,Murska Sobota,0.1317639649054522,6065.468167799294,1
10113245,Berkovski Prelogi,Murska Sobota,0.16234962740873646,Murska Sobota,0.1649025317890001,5862.358560244776,1
10113253,Bodislavci,Ptuj,0.13743540178256605,Ptuj,0.1630034112076908,4130.2956266986685,1
10113261,Bolehnečici,Murska Sobota,0.15904428004109222,Sveti Jurij ob Ščavnici,0.1657242395317259,4619.471333084715,0
10113270,Boreci,Križevci,0.4982788884960611,Križevci,0.6114769528477721,926.8437970604776,1
10113288,Branoslavci,Ljutomer,0.2327496973679147,Ljutomer,0.2535157529735934,5308.657172909664,1
10113296,Bučečovci,Murska Sobota,0.2327672178429415,Murska Sobota,0.2842826538569358,4489.373419762776,1
10113300,Bučkovci,Murska Sobota,0.17398026565076394,Ptuj,0.1380061604802137,5734.640780907002,0
10113318,Bunčani,Veržej,0.27918611378949226,Veržej,0.3221009117795626,2184.451033310979,1
10113326,Cezanjevci,Ljutomer,0.33429785821117947,Ljutomer,0.4121895939653093,4783.462540207386,1
10113334,Cuber,Ljutomer,0.44832378018392205,Ljutomer,0.56045739402022,3862.6402837348505,1
10113342,Cven,Ljutomer,0.30690011789019717,Ljutomer,0.3938368067406192,5216.496887043979,1
10113369,Desnjak,Ljutomer,0.16279284680391226,Ljutomer,0.1857836349416199,6194.339811875706,1
10113377,Dobrava,Murska Sobota,0.17806088160867617,Murska Sobota,0.2409467986730894,4646.826662724675,1
10113385,Drakovci,Murska Sobota,0.17234181674610022,Ptuj,0.1582137211696747,6003.44233387842,0
10113393,Gajševci,Murska Sobota,0.19538937014757163,Murska Sobota,0.1328273791682646,5633.309748535079,1
10113407,Gibina,Razkrižje,0.3985632109486468,Razkrižje,0.2324259332923328,1154.1102705222372,1
10113415,Globoka,Ljutomer,0.3522028781675577,Ljutomer,0.4971833429757862,4622.625003549063,1
10113423,Godemarci,Murska Sobota,0.14783336062397845,Ptuj,0.1502334645621322,4210.754284667001,0
10113431,Grabe pri Ljutomeru,Murska Sobota,0.19363627669542235,Ljutomer,0.189133146875652,4553.739147357387,0
10113440,Gresovščak,Ljutomer,0.4473217238761931,Ljutomer,0.5607114019067736,3992.1850305970825,1
10113458,Grlava,Ljutomer,0.25776771522056774,Ljutomer,0.230363185591464,3119.707765504542,1
10113466,Iljaševci,Križevci,0.3929912612104745,Križevci,0.3681477966170824,1490.1510219809666,1
10113474,Ilovci,Ljutomer,0.3455350065279845,Ljutomer,0.487393482518613,4720.841974195075,1
10113482,Jeruzalem,Ljutomer,0.2569712414452084,Ljutomer,0.3337110218817002,6157.481954716975,1
10113504,Ključarovci pri Ljutomeru,Križevci,0.24547110317840865,Križevci,0.2554910137150884,2055.8226445000373,1
10113512,Kokoriči,Murska Sobota,0.16272970108501641,Murska Sobota,0.1551133797550818,4425.593471882162,1
10113539,Kopriva,Ljutomer,0.24963393272432058,Ljutomer,0.3284692100997703,3993.6228052503593,1
10113547,Krapje,Ljutomer,0.254113387641557,Ljutomer,0.2884839041341305,5322.528410136765,1
10113555,Krištanci,Ljutomer,0.2804107376258495,Ljutomer,0.2824687053121271,3640.443811453486,1
10113563,Križevci pri Ljutomeru,Križevci,0.9905742637361847,Križevci,0.9999992077720112,0.0,1
10113571,Kuršinci,Murska Sobota,0.15927922738105887,Ptuj,0.1546778407121341,6276.985300283267,0
10113580,Ljutomer,Ljutomer,0.9984202841471034,Ljutomer,0.9999999446911348,0.0,1
10113598,Logarovci,Ljutomer,0.16170452914843075,Ljutomer,0.144866037141513,3682.955331168968,1
10113601,Lukavci,Ljutomer,0.2822492241286276,Ljutomer,0.2938672235880084,3262.220455841541,1
10113610,Mekotnjak,Ljutomer,0.2663145951859529,Ljutomer,0.3195487502080306,5941.312740347626,1
10113628,Moravci v Slov. goricah,Murska Sobota,0.1555007901446232,Ptuj,0.1786211494935734,6298.504377001534,0
10113636,Mota,Ljutomer,0.2624725127456262,Ljutomer,0.3354099434361941,5995.012394097766,1
10113644,Noršinci pri Ljutomeru,Ljutomer,0.47778818187892325,Ljutomer,0.5296575626526164,3691.637361252908,1
10113652,Nunska Graba,Ljutomer,0.6217048058703744,Ljutomer,0.6670807633003119,3184.360591351627,1
10113679,Plešivica,Ljutomer,0.3100178744565139,Ljutomer,0.4311504701899384,5102.736521208367,1
10113687,Podgradje,Ljutomer,0.8219053137494149,Ljutomer,0.8605172643236578,1750.5417370693312,1
10113695,Precetinci,Murska Sobota,0.19012191978584678,Murska Sobota,0.1322920973702392,6664.459214248037,1
10113709,Presika,Ljutomer,0.3077664038409527,Ljutomer,0.4494602453254926,5118.379174432413,1
10113717,Pristava,Ljutomer,0.4473217238761931,Ljutomer,0.5555097206268461,3934.698319416279,1
10113725,Radomerje,Ljutomer,0.6695597942814908,Ljutomer,0.7168910096155038,2703.2686855789866,1
10113733,Radomerščak,Ljutomer,0.33349337624258696,Ljutomer,0.4497660781620087,4807.564322480874,1
10113741,Radoslavci,Murska Sobota,0.19184996384438843,Ljutomer,0.1445472249412109,6595.67502642409,0
10113750,Razkrižje,Ljutomer,0.22305523183276424,Ljutomer,0.2577392462966597,1645.8938212441444,1
10113768,Rinčetova Graba,Ljutomer,0.6455463243088448,Ljutomer,0.68997068171189,3029.212919829868,1
10113776,Sitarovci,Murska Sobota,0.17461189874169175,Ptuj,0.1349567473672885,7313.36630522053,0
10113784,Slamnjak,Ljutomer,0.4946058799275411,Ljutomer,0.6418897949268425,3435.176969318847,1
10113792,Spodnji Kamenščak,Ljutomer,0.7376198671856539,Ljutomer,0.76336706555436,2373.362839124126,1
10113806,Stara Cesta,Ljutomer,0.22680846769492685,Ljutomer,0.2585609512389351,5751.725127393051,1
10113814,Stara Nova vas,Murska Sobota,0.2126257497874394,Murska Sobota,0.2359134720399478,2947.995398190505,1
10113822,Stročja vas,Ljutomer,0.7357642261576314,Ljutomer,0.7736308542132404,2381.744184809864,1
10113849,Šafarsko,Razkrižje,0.9918862760153414,Razkrižje,0.999997331821599,0.0,1
10113857,Šalinci,Ljutomer,0.3108393203782235,Ljutomer,0.3607133184302021,4239.316188834253,1
10113865,Šprinc,Ljutomer,0.2569601153285047,Ljutomer,0.3481933557078328,4469.867614398323,1
10113873,Veržej,Veržej,0.9930776574092222,Veržej,0.999999468232629,0.0,1
10113881,Veščica,Ljutomer,0.2985768462732375,Ljutomer,0.3980064102077041,3085.601482402301,1
10113890,Vidanovci,Ljutomer,0.183867521809586,Ljutomer,0.2041417163762124,5191.891589623518,1
10113903,Vogričevci,Murska Sobota,0.17345878419347177,Ljutomer,0.1795122744143013,5638.349312501821,0
10113911,Vučja vas,Murska Sobota,0.23556159018128578,Murska Sobota,0.3048759710403174,5120.961886125838,1
10113920,Zasadi,Murska Sobota,0.18250463147036103,Murska Sobota,0.2349222143754652,7289.474303662811,1
10113938,Zgornji Kamenščak,Ljutomer,0.24963393272432058,Ljutomer,0.2762323257776193,5825.136893499906,1
10113946,Železne Dveri,Ljutomer,0.6508303969026343,Ljutomer,0.7010444804568781,2846.919298255692,1
10113954,Mala Nedelja,Murska Sobota,0.1597371002394679,Ptuj,0.161129344986141,6924.471512537286,0
10113962,Grčarevec,Logatec,0.17293610653557587,Ljubljana,0.1924853582241239,7608.329310039371,0
10113989,Hleviše,Ljubljana,0.06550023177185493,Ljubljana,0.2910890382636115,8916.786604700057,1
10113997,Hlevni Vrh,Vrhnika,0.06999771921679418,Ljubljana,0.3082825856946702,10022.416016141831,0
10114004,Hotedršica,Logatec,0.09855709367398627,Ljubljana,0.2275717761295521,10751.68260626124,0
10114012,Jakovica,Vrhnika,0.15549198117349128,Ljubljana,0.1954532084451665,9054.050954987024,0
10114039,Kalce,Logatec,0.3397609633796291,Logatec,0.3415493319568116,4678.82913388822,1
10114047,Lavrovec,Ljubljana,0.08656513194059037,Ljubljana,0.3302793751305383,11149.879742288364,1
10114055,Laze,Vrhnika,0.17949954651089256,Postojna,0.1841205191938455,7844.019685285437,0
10114063,Medvedje Brdo,Idrija,0.07653132924854232,Ljubljana,0.249787106204191,13307.790103964366,0
10114071,Novi Svet,Logatec,0.11338384389487775,Ljubljana,0.2290977643652969,9797.33744975287,0
10114080,Petkovec,Vrhnika,0.1778469526689903,Ljubljana,0.2628609936304832,9636.106169105304,0
10114098,Praprotno Brdo,Vrhnika,0.11152591803368254,Ljubljana,0.3025830006073703,12445.69575636361,0
10114101,Ravnik pri Hotedršici,Logatec,0.12508856729484735,Ljubljana,0.2262372771266407,9198.159978202182,0
10114110,Rovtarske Žibrše,Vrhnika,0.17949954651089256,Ljubljana,0.2545302707247706,9514.481667602147,0
10114128,Rovte,Vrhnika,0.12060702143840678,Ljubljana,0.2878826627768502,11548.191308362066,0
10114136,Vrh Sv. Treh Kraljev,Ljubljana,0.08827792069054066,Ljubljana,0.3174615999345929,8780.228500518733,1
10114144,Zaplana - del,Logatec,0.25507476263114104,Vrhnika,0.2464280587048531,5968.588687225875,0
10114152,Žibrše,Logatec,0.17122383964901056,Ljubljana,0.226209970469147,7461.720864468286,0
10114179,Logatec,Logatec,0.9940089328716155,Logatec,0.9999998863380504,0.0,1
10114187,Bereča vas,Metlika,0.32338100147435545,Metlika,0.3342708161106501,6130.806412788179,1
10114195,Boginja vas,Metlika,0.14443769030764486,Črnomelj,0.3027998510550206,9685.32948748484,0
10114209,Bojanja vas,Metlika,0.32300049697431815,Metlika,0.3898589243910222,6166.10851597754,1
10114217,Boldraž,Metlika,0.3027374185039514,Metlika,0.6671977130464878,3528.5853901146056,1
10114225,Boršt,Metlika,0.18129418634286096,Črnomelj,0.3222404434082376,8903.951144486404,0
10114233,Božakovo,Metlika,0.3704673130103894,Metlika,0.4722819598076523,5506.8734174546735,1
10114241,Božič Vrh,Novo mesto,0.1824826256476923,Novo mesto,0.2913912127831904,10124.314085105229,1
10114250,Brezovica pri Metliki,Metlika,0.3158033721479852,Metlika,0.3551022263444928,6273.074295178205,1
10114268,Bušinja vas,Metlika,0.3505559751347283,Metlika,0.360969555070151,5859.8672638941,1
10114276,Čurile,Metlika,0.6605278221790694,Metlika,0.9224807184468536,1393.4712972615227,1
10114284,Dole,Novo mesto,0.18178709729233483,Novo mesto,0.2640909433036015,9695.368430032737,1
10114292,Dolnja Lokvica,Metlika,0.3241730547009093,Metlika,0.4757687128570305,4625.101494072358,1
10114306,Dolnje Dobravice,Metlika,0.3692547983178334,Metlika,0.4083802706117646,5426.884923999431,1
10114314,Dolnji Suhor pri Metliki,Metlika,0.2550943300353286,Metlika,0.2616917052175175,7249.126572319044,1
10114322,Drage,Novo mesto,0.15997961018746923,Novo mesto,0.2483214974595061,9310.63762969691,1
10114349,Dragomlja vas,Metlika,0.30320325621941174,Metlika,0.308895634399176,6359.940523805196,1
10114357,Drašiči,Metlika,0.3281193763193906,Metlika,0.5537372130348849,4663.892562292757,1
10114365,Geršiči,Metlika,0.27442163572710937,Metlika,0.2911435933402713,6789.101554545813,1
10114373,Gornja Lokvica,Metlika,0.37506975183132263,Metlika,0.4326114077275668,4972.340955159936,1
10114381,Gornje Dobravice,Metlika,0.32482788506103516,Metlika,0.5025902176405712,4551.773065920128,1
10114390,Gornji Suhor pri Metliki,Metlika,0.24541368388601192,Metlika,0.2430983348322623,7562.240255460267,1
10114403,Grabrovec,Metlika,0.2760233671080751,Metlika,0.5472195096228305,4188.808888663231,1
10114411,Gradac,Črnomelj,0.31794721256638386,Črnomelj,0.496186196431816,6455.515423451778,1
10114420,Grm pri Podzemlju,Metlika,0.3505559751347283,Metlika,0.3359893357594322,5905.385870366399,1
10114438,Hrast pri Jugorju,Metlika,0.1883801092735812,Novo mesto,0.2329045444105945,8418.114100440926,0
10114446,Jugorje pri Metliki,Novo mesto,0.19180819897900714,Novo mesto,0.3039835025805455,10016.269065765811,1
10114454,Kamenica,Metlika,0.2469388713633277,Metlika,0.3491163244339759,7351.5267572401135,1
10114462,Kapljišče,Metlika,0.2077028279884231,Črnomelj,0.3300583919541187,7732.491404639433,0
10114489,Klošter,Črnomelj,0.2730806205981366,Črnomelj,0.44378770031626,7155.665140859584,1
10114497,Krasinec,Metlika,0.1449165987279219,Črnomelj,0.3178035779102682,9697.303310289351,0
10114519,Krašnji Vrh,Metlika,0.2012795087713668,Metlika,0.3015961151422961,8007.266857092724,1
10114527,Krivoglavice,Metlika,0.37116013892025923,Metlika,0.4238104831331316,5361.10236884696,1
10114535,Križevska vas,Metlika,0.3774915074258189,Metlika,0.7396323266264656,2760.488266947451,1
10114543,Krmačina,Metlika,0.24541368388601192,Metlika,0.3452704863463679,7575.874778833152,1
10114551,Mačkovec pri Suhorju,Novo mesto,0.17710405322477132,Novo mesto,0.2894796692978257,10333.227888660314,1
10114560,Malo Lešče,Metlika,0.275006484866857,Metlika,0.3285153223021692,6735.783363681949,1
10114578,Metlika,Metlika,0.9999998395128151,Metlika,0.9999999546602408,0.0,1
10114586,Mlake,Metlika,0.14783619650920252,Črnomelj,0.312535467830822,9286.867291714623,0
10114594,Okljuka,Črnomelj,0.1927630563747561,Črnomelj,0.3726826119327757,8793.862315816597,1
10114608,Otok,Metlika,0.325850626546784,Metlika,0.354325359298176,6075.828109864182,1
10114616,Podzemelj,Metlika,0.25542859497904347,Črnomelj,0.3060566721831309,7286.725402173481,0
10114624,Prilozje,Metlika,0.14312279042422343,Črnomelj,0.3073909632110809,9843.081895360912,0
10114632,Primostek,Metlika,0.2747273640055486,Metlika,0.5341001857625048,4148.560980852886,1
10114659,Radoši,Metlika,0.275006484866857,Metlika,0.3696541228979828,6708.703194436269,1
10114667,Radovica,Metlika,0.37131584905844456,Metlika,0.4551131968810907,5477.836815852276,1
10114675,Radoviči,Metlika,0.30006268336594477,Metlika,0.6611805021606717,3569.3128292991723,1
10114683,Rakovec,Metlika,0.23160577299402998,Metlika,0.3365867697997667,7634.246717678224,1
10114691,Ravnace,Metlika,0.18741961306617583,Novo mesto,0.2251287411899894,8424.673619581852,0
10114705,Rosalnice,Metlika,0.5142924576747544,Metlika,0.8333039990075166,2182.439323735499,1
10114713,Sela pri Jugorju,Novo mesto,0.18550762373779717,Novo mesto,0.273491881013279,9148.252976967637,1
10114721,Slamna vas,Metlika,0.30551326466610484,Metlika,0.6842105535533507,3337.9992247452124,1
10114730,Svržaki,Metlika,0.7332117647581117,Metlika,0.959271310115628,982.853211712109,1
10114748,Škemljevec,Novo mesto,0.18554476369064654,Novo mesto,0.2757545076341797,10073.03021412312,1
10114756,Škrilje,Metlika,0.20099584646264224,Črnomelj,0.3035402532704019,7943.160666138241,0
10114764,Trnovec,Metlika,0.27482804467991906,Metlika,0.5481956492709841,4104.439390293842,1
10114772,Vidošiči,Metlika,0.31204379322394077,Metlika,0.4216618062879877,6288.375445033837,1
10114799,Zemelj,Metlika,0.274776210562797,Metlika,0.276164906042681,6939.403473215025,1
10114802,Želebej,Metlika,0.33153892991729395,Metlika,0.5443419611646365,4681.110359002854,1
10114829,Železniki,Metlika,0.2555515578447911,Metlika,0.3675674914296926,7125.957832374845,1
10114837,Bočna,Gornji Grad,0.15056740264766413,Gornji Grad,0.1515352675249499,4540.278683825547,1
10114845,Brezje,Mozirje,0.4233309301666296,Mozirje,0.352613943328917,2945.5215218953244,1
10114853,Čreta pri Kokarjah,Nazarje,0.1774817587957377,Nazarje,0.1443790935981141,5462.569371147594,1
10114861,Dobletina,Nazarje,0.5386727710278221,Nazarje,0.4941214662289377,1747.8956164712704,1
10114870,Dobrovlje pri Mozirju,Nazarje,0.244465830150956,Nazarje,0.2302695105941232,4427.218149969344,1
10114888,Dol,Gornji Grad,0.4443609067135121,Gornji Grad,0.5071756350063241,1923.1301191647087,1
10114896,Dol-Suha,Rečica ob Savinji,0.3764949836003506,Rečica ob Savinji,0.3809568728747677,2250.8387784293877,1
10114900,Florjan pri Gornjem Gradu,Gornji Grad,0.13236418872596598,Gornji Grad,0.1666028361811925,4799.176528046796,1
10114918,Gornji Grad,Gornji Grad,0.988356437232067,Gornji Grad,0.9999997382119816,0.0,1
10114926,Grušovlje,Rečica ob Savinji,0.18651434306235917,Rečica ob Savinji,0.2014317334476563,3846.507043635501,1
10114934,Homec,Rečica ob Savinji,0.10762956810097961,Rečica ob Savinji,0.1301388636150756,5227.511478078595,1
10114942,Juvanje,Ljubno,0.11662651018648525,Ljubno,0.1459597880851079,3062.99931792609,1
10114969,Kokarje,Nazarje,0.3509758064095066,Nazarje,0.2683250599284391,3529.9823731747933,1
10114977,Konjski Vrh,Kamnik,0.04026752293882582,Ljubljana,0.1870953605902366,7814.920927316674,0
10114985,Krnica,Kamnik,0.08069800528212655,Ljubljana,0.1839949370914689,3339.323326612253,0
10114993,Lačja vas,Nazarje,0.31258030992987496,Rečica ob Savinji,0.2447595063257029,2953.7816461245584,0
10115019,Lenart pri Gornjem Gradu,Gornji Grad,0.3024390524011515,Gornji Grad,0.3616969260267242,2733.063394285195,1
10115027,Lepa Njiva,Velenje,0.14003406600033147,Velenje,0.1617446062257057,6173.002236477559,1
10115035,Ljubija,Mozirje,0.6927580551257785,Mozirje,0.6578889636863122,1401.7653884870108,1
10115043,Ljubno ob Savinji,Ljubno,0.9935798737827862,Ljubno,0.9999994739778052,0.0,1
10115051,Logarska Dolina,Solčava,0.039332541758103134,Ljubljana,0.1952638425773261,6861.933550465516,0
10115060,Loke pri Mozirju,Mozirje,0.5704813010773454,Mozirje,0.5255471494011146,1744.984845936013,1
10115078,Luče,Luče,0.994201249579843,Luče,0.9999989742669644,0.0,1
10115086,Meliše,Kamnik,0.10548855161575574,Ljubljana,0.1172823032272982,5657.626162989456,0
10115094,Mozirje,Mozirje,0.9895259932192617,Mozirje,0.9999997005176682,0.0,1
10115108,Nazarje,Nazarje,0.9912829193223374,Nazarje,0.9999997131354408,0.0,1
10115116,Nizka,Rečica ob Savinji,0.6227434263904899,Rečica ob Savinji,0.5701555882413266,1423.2287264717106,1
10115124,Okonina,Rečica ob Savinji,0.11050579453702918,Rečica ob Savinji,0.1371415081349761,4835.440825439597,1
10115132,Planina,Celje,0.034134412318791406,Ljubljana,0.1627140668067764,8110.690567556443,0
10115159,Podolševa,Solčava,0.07076145434891443,Ljubljana,0.1794190174263918,5039.549664437873,0
10115167,Podveža,Kamnik,0.1064260920455793,Ljubljana,0.2189030814647983,5017.206342382604,0
10115175,Podvolovljek,Kamnik,0.1968738941854974,Ljubljana,0.2526110459415621,7579.9839426403505,0
10115183,Poljane,Rečica ob Savinji,0.6331440744626714,Rečica ob Savinji,0.65180130338784,1346.5130923474228,1
10115191,Potok,Nazarje,0.21180903577842958,Rečica ob Savinji,0.171847702505648,4084.629199891897,0
10115205,Prihova,Nazarje,0.5386727710278221,Nazarje,0.4018736169244165,1747.4774856316085,1
10115213,Primož pri Ljubnem,Ljubno,0.04154522263811052,Ljubljana,0.1481949404130922,5316.18679156792,0
10115221,Pusto Polje,Nazarje,0.20534708115799336,Rečica ob Savinji,0.1658174021373819,4155.373171855378,0
10115230,Radegunda,Mozirje,0.32959227782538597,Mozirje,0.2451186229788311,3961.3766167309977,1
10115248,Radmirje,Ljubno,0.10680442941753138,Ljubljana,0.1228338693297056,3508.9050064078583,0
10115256,Raduha,Kamnik,0.07039660441046716,Ljubljana,0.1940862113549877,4352.603251755454,0
10115264,Rečica ob Savinji,Rečica ob Savinji,0.9884081126016107,Rečica ob Savinji,0.999999628439516,0.0,1
10115272,Robanov Kot,Solčava,0.1426529968875432,Ljubljana,0.1744104029052628,3257.588167793091,0
10115299,Rovt pod Menino,Vransko,0.07616238063005548,Ljubljana,0.1309545081074991,6771.401108313436,0
10115302,Savina,Ljubno,0.10826931955030097,Ljubno,0.1471839470520211,3477.9351561986205,1
10115329,Solčava,Solčava,0.993286687141173,Solčava,0.9999995328549436,0.0,1
10115337,Spodnja Rečica,Rečica ob Savinji,0.6246331009459258,Rečica ob Savinji,0.5023584023235713,1396.8930609627705,1
10115345,Spodnje Kraše,Rečica ob Savinji,0.08884013673952362,Nazarje,0.115136387878827,5830.557269413644,0
10115353,Spodnje Pobrežje,Rečica ob Savinji,0.31005887101691176,Rečica ob Savinji,0.2828233219046498,2805.1995958518514,1
10115361,Strmec,Ljubljana,0.033882408156486306,Ljubljana,0.1893303978030911,8629.95374972893,1
10115370,Šentjanž,Rečica ob Savinji,0.31005887101691176,Rečica ob Savinji,0.3061422609625108,2815.5089554812307,1
10115388,Šmartno ob Dreti,Kamnik,0.08228341339459497,Ljubljana,0.1147668825451084,7265.135806416706,0
10115396,Šmihel nad Mozirjem,Velenje,0.1359165782372531,Velenje,0.1158471887129013,8321.250064426496,1
10115418,Ter,Ljubno,0.47664180297075665,Ljubno,0.6747314613761127,985.2756441980856,1
10115434,Trnovec,Rečica ob Savinji,0.3667917010936189,Rečica ob Savinji,0.345541731118573,2321.308183996177,1
10115442,Varpolje,Rečica ob Savinji,0.4365555345674243,Rečica ob Savinji,0.4230747268427674,2067.33400348003,1
10115469,Volog,Kamnik,0.08061570384131361,Ljubljana,0.1223931903752586,6891.463847295453,0
10115477,Zavodice,Nazarje,0.5125536662950059,Nazarje,0.5236729662035979,1987.8763064832144,1
10115485,Zgornje Pobrežje,Rečica ob Savinji,0.2298146156295254,Rečica ob Savinji,0.2257672906488461,3394.449914817876,1
10115493,Žlabor,Nazarje,0.6772067090262475,Nazarje,0.6782927383908987,1158.667970171159,1
10115507,Adrijanci,Gornji Petrovci,0.2496971149229315,Gornji Petrovci,0.3630163907841783,3273.811727940776,1
10115515,Andrejci,Murska Sobota,0.2522733378339697,Murska Sobota,0.4509041193235361,6608.257065088286,1
10115523,Bakovci,Murska Sobota,0.5154966852142289,Murska Sobota,0.645956844581943,5658.941000619259,1
10115531,Beltinci,Beltinci,0.992512602995156,Beltinci,0.9999997031745244,0.0,1
10115540,Berkovci,Murska Sobota,0.18654273980217656,Murska Sobota,0.257474228937843,10153.93842656582,1
10115558,Beznovci,Murska Sobota,0.17694949521575531,Murska Sobota,0.3251336855611096,5720.565385916048,1
10115566,Bodonci,Murska Sobota,0.18569646963149924,Murska Sobota,0.363091357407058,6788.455466872266,1
10115574,Bogojina,Moravske Toplice,0.27800061575621254,Murska Sobota,0.3203369491707885,5908.745792089885,0
10115582,Bokrači,Murska Sobota,0.22890030492272134,Murska Sobota,0.4437059907194575,5907.887594221299,1
10115604,Boreča,Murska Sobota,0.15539637762021108,Murska Sobota,0.201395407937483,6249.525189869005,1
10115612,Borejci,Murska Sobota,0.41713783576905633,Murska Sobota,0.6426849335091626,3505.5208407851906,1
10115639,Bratonci,Murska Sobota,0.3655375800367961,Murska Sobota,0.3634736745584189,2534.8478246718983,1
10115647,Brezovci,Murska Sobota,0.3480804373978115,Murska Sobota,0.5139405669826003,3821.015712854391,1
10115655,Budinci,Murska Sobota,0.07388972796804595,Murska Sobota,0.1572557491436678,7646.864887656169,1
10115663,Bukovnica,Murska Sobota,0.15096327357835876,Murska Sobota,0.2645165384894565,5822.092235954675,1
10115671,Cankova,Cankova,0.9864675454104733,Cankova,0.999999694319688,0.0,1
10115680,Čepinci,Murska Sobota,0.10670734909001857,Murska Sobota,0.1672524209002056,7760.858603542322,1
10115698,Černelavci,Murska Sobota,0.708826440255643,Murska Sobota,0.8789821215106224,2956.2860927207494,1
10115701,Čikečka vas,Murska Sobota,0.18845135156028445,Murska Sobota,0.2295225359631262,7497.432767413784,1
10115710,Dankovci,Murska Sobota,0.18584518403668465,Murska Sobota,0.3823459724483295,7194.423760930905,1
10115728,Dokležovje,Murska Sobota,0.34220487937119815,Murska Sobota,0.4246183575908262,3731.9073928282314,1
10115736,Dolenci,Šalovci,0.11672942410441761,Šalovci,0.2133610673646541,4585.247444027291,1
10115744,Dolič,Kuzma,0.43309107949606795,Kuzma,0.3028263569064606,1085.8876891340533,1
10115752,Dolina,Murska Sobota,0.23546339635001384,Murska Sobota,0.4250509919100794,5336.047599306346,1
10115779,Dolnji Slaveči,Murska Sobota,0.16296357548649862,Rogašovci,0.2521814161378661,3817.515716987184,0
10115787,Domajinci,Cankova,0.21866308088894168,Murska Sobota,0.2332630196000692,3438.662381181134,0
10115795,Domanjševci,Murska Sobota,0.16346081453626088,Murska Sobota,0.1850090316556511,6743.1975914421455,1
10115809,Fikšinci,Murska Sobota,0.15482617544579397,Rogašovci,0.2161049653086366,4531.027513203902,0
10115817,Filovci,Murska Sobota,0.17806088160867617,Murska Sobota,0.2552296291162642,4496.239256151513,1
10115825,Fokovci,Moravske Toplice,0.23259172303704814,Murska Sobota,0.300608698963889,6751.527520118117,0
10115833,Gančani,Murska Sobota,0.28109839031096473,Murska Sobota,0.3239590159506683,3277.9062139261305,1
10115841,Gederovci,Murska Sobota,0.28442862565069316,Murska Sobota,0.4300594414215172,5299.513457714379,1
10115850,Gerlinci,Murska Sobota,0.17399771434160993,Murska Sobota,0.2040658262116449,6328.415779874759,1
10115868,Gorica,Puconci,0.5267530975035366,Puconci,0.4283407669828564,1450.9877404515564,1
10115876,Gornji Črnci,Cankova,0.2739498002159903,Cankova,0.3071348363986994,2904.289555287085,1
10115884,Gornji Petrovci,Gornji Petrovci,0.9940089465801246,Gornji Petrovci,0.9999998427656336,0.0,1
10115892,Gornji Slaveči,Rogašovci,0.12390326282216294,Rogašovci,0.2425896329838158,2943.4424732653683,1
10115906,Grad,Grad,0.9906182200183283,Grad,0.9999995699845038,0.0,1
10115914,Gradišče,Murska Sobota,0.5164763329439306,Murska Sobota,0.6281975408058605,1846.5522613907608,1
10115922,Hodoš,Hodoš,0.9921442113751391,Hodoš,0.9999996637908268,0.0,1
10115949,Ivanci,Murska Sobota,0.28430926297221265,Murska Sobota,0.4255750026606583,6693.413073865315,1
10115957,Ivanjševci,Murska Sobota,0.1907409303822824,Murska Sobota,0.2365223402791911,8771.181533976334,1
10115965,Ivanovci,Murska Sobota,0.20165927803586012,Murska Sobota,0.3742393859883786,7880.947461067717,1
10115973,Ižakovci,Beltinci,0.27659189036944815,Beltinci,0.3291832823462435,2926.9050721729795,1
10115981,Sveti Jurij,Rogašovci,0.6738053622748085,Rogašovci,0.8804206539105506,863.2998073251741,1
10115990,Kančevci,Murska Sobota,0.14290052411516346,Murska Sobota,0.3271377250784572,7942.941194096963,1
10116007,Korovci,Cankova,0.4939794045999385,Cankova,0.5823114227893192,1629.875826192109,1
10116015,Košarovci,Murska Sobota,0.16951758955682414,Murska Sobota,0.357049758045195,7775.366669710251,1
10116023,Kovačevci,Murska Sobota,0.1946431859729142,Murska Sobota,0.2695805726923057,6150.33608739795,1
10116031,Krajna,Murska Sobota,0.24662402388713583,Murska Sobota,0.4028880301759204,5516.9800275093,1
10116040,Kramarovci,Rogašovci,0.19757636129826595,Rogašovci,0.4270941691575726,3006.914302131312,1
10116058,Krašči,Murska Sobota,0.1966824108709125,Murska Sobota,0.2114914139483804,4305.944077691308,1
10116066,Križevci,Gornji Petrovci,0.2646513314856343,Gornji Petrovci,0.3983776967668939,3032.9086045285085,1
10116074,Krnci,Murska Sobota,0.23654128152466583,Murska Sobota,0.4280145048246431,6401.137643880301,1
10116082,Krog,Murska Sobota,0.6838517036682122,Murska Sobota,0.8110723953774376,3666.4216538735977,1
10116104,Krplivnik,Hodoš,0.5158118936085003,Hodoš,0.5619704329809571,1723.3055560874193,1
10116112,Kruplivnik,Murska Sobota,0.19244141227462794,Murska Sobota,0.2125393603575998,4475.394015676316,1
10116139,Kukeč,Murska Sobota,0.15567498693653023,Murska Sobota,0.3294235020418056,7748.186348335304,1
10116147,Kupšinci,Murska Sobota,0.5873258266235016,Murska Sobota,0.7749261891866104,3616.833260614973,1
10116155,Kuštanovci,Murska Sobota,0.14436260657223843,Murska Sobota,0.3337378314821727,8346.25937004723,1
10116163,Kuzma,Kuzma,0.9898901596294166,Kuzma,0.99999793514198,0.0,1
10116171,Lemerje,Murska Sobota,0.2919844166230646,Murska Sobota,0.4884835879178461,4964.264798388655,1
10116180,Lipa,Turnišče,0.28430350698988455,Turnišče,0.1967888193357344,2592.581210093568,1
10116198,Lipovci,Murska Sobota,0.3823157528526404,Murska Sobota,0.4288537164138998,3221.791233917961,1
10116201,Lončarovci,Murska Sobota,0.1913641125303725,Murska Sobota,0.2561048002644413,10030.020510632448,1
10116210,Lucova,Gornji Petrovci,0.16553692464588404,Gornji Petrovci,0.3162695130408357,4099.760526812518,1
10116228,Lukačevci,Murska Sobota,0.5144257046139609,Murska Sobota,0.5861914178593411,4055.003218178352,1
10116236,Mačkovci,Murska Sobota,0.1345762129714999,Murska Sobota,0.3144778889320384,6173.004397814553,1
10116244,Markišavci,Murska Sobota,0.7149248340492501,Murska Sobota,0.8542545625589865,2839.8121211692232,1
10116252,Markovci,Murska Sobota,0.10776695145550975,Gornji Petrovci,0.1884631527425387,5882.078169385823,0
10116279,Martinje,Murska Sobota,0.10187574050337757,Murska Sobota,0.1819428169788301,6407.022086949365,1
10116287,Martjanci,Murska Sobota,0.5873258266235016,Murska Sobota,0.6794180776522337,3766.4943671379024,1
10116295,Matjaševci,Kuzma,0.1272753176557315,Murska Sobota,0.1442866016448496,2187.146573959225,0
10116309,Melinci,Murska Sobota,0.1654898404483556,Murska Sobota,0.2018836399087421,3632.004388331098,1
10116317,Mlajtinci,Moravske Toplice,0.4808322238662109,Murska Sobota,0.5402738521652828,3820.023431644246,0
10116325,Moravske Toplice,Moravske Toplice,0.9972499921811415,Moravske Toplice,0.9999998313472108,0.0,1
10116333,Moščanci,Murska Sobota,0.21657963399534153,Murska Sobota,0.411608835954552,6110.133280827417,1
10116341,Motovilci,Murska Sobota,0.1907246962340682,Murska Sobota,0.1983393409493049,5221.789232014308,1
10116350,Motvarjevci,Murska Sobota,0.19018819129887482,Murska Sobota,0.2286273328332411,4560.745015727669,1
10116368,Murska Sobota,Murska Sobota,0.9973589584188411,Murska Sobota,0.9999999826509508,0.0,1
10116376,Murski Črnci,Murska Sobota,0.5327103422832575,Murska Sobota,0.7121931453995154,3081.5540348872632,1
10116384,Murski Petrovci,Murska Sobota,0.23666119537432703,Murska Sobota,0.3102501465108409,3987.209474146979,1
10116392,Nemčavci,Murska Sobota,0.7024649782585931,Murska Sobota,0.8143962797843765,3356.1280891470474,1
10116406,Neradnovci,Gornji Petrovci,0.11222109137346345,Gornji Petrovci,0.2337774047823161,5305.141188976531,1
10116414,Noršinci,Murska Sobota,0.5574800001513828,Murska Sobota,0.7001102235151152,4391.666314228448,1
10116422,Nuskova,Rogašovci,0.8630113352812283,Rogašovci,0.958878438930637,504.95920652716967,1
10116449,Ocinje,Rogašovci,0.1277546764702906,Rogašovci,0.3169772230884006,3940.0734344928906,1
10116457,Otovci,Murska Sobota,0.17171013766401785,Murska Sobota,0.2665572449403139,6179.45524286991,1
10116465,Panovci,Murska Sobota,0.1558183074519383,Murska Sobota,0.3198352577540487,6584.806812007385,1
10116473,Pečarovci,Murska Sobota,0.20910785174050306,Murska Sobota,0.3979464020474328,5849.684422028156,1
10116481,Pertoča,Murska Sobota,0.19080600730542174,Rogašovci,0.2592725494335285,3620.4720012167377,0
10116490,Peskovci,Gornji Petrovci,0.33164745683306956,Gornji Petrovci,0.438087744185274,2751.315259226886,1
10116503,Petanjci,Murska Sobota,0.34760177672331083,Murska Sobota,0.4047974768088132,1643.9153795441416,1
10116511,Polana,Murska Sobota,0.6254822001130165,Murska Sobota,0.7745719461807002,4173.515193966344,1
10116520,Pordašinci,Murska Sobota,0.17388078683038016,Murska Sobota,0.2111656101085653,7093.742169478808,1
10116538,Poznanovci,Murska Sobota,0.1629511348564449,Murska Sobota,0.2853373844611838,4880.848894840426,1
10116546,Predanovci,Murska Sobota,0.464914898759461,Murska Sobota,0.6477337116270566,4724.504344293297,1
10116554,Prosečka vas,Murska Sobota,0.1671488364610171,Murska Sobota,0.2702126820900422,5827.572488062335,1
10116562,Prosenjakovci,Murska Sobota,0.19035663704577044,Murska Sobota,0.2442252304142535,9940.285554753364,1
10116589,Puconci,Puconci,0.9926687532995728,Puconci,0.9999994121475588,0.0,1
10116597,Puževci,Murska Sobota,0.22754178016237023,Murska Sobota,0.4211027262787721,6707.7327546262295,1
10116619,Radovci,Murska Sobota,0.16889230233585079,Grad,0.2747465235842947,2354.1338289880423,0
10116627,Rakičan,Murska Sobota,0.6838517036682122,Murska Sobota,0.8098117390358818,3657.778040186089,1
10116635,Rankovci,Murska Sobota,0.41713783576905633,Murska Sobota,0.6221544383546032,2874.6854073438244,1
10116643,Ratkovci,Murska Sobota,0.1614100261900858,Murska Sobota,0.2888080642139716,8973.924056253189,1
10116651,Rogašovci,Rogašovci,0.9894266680059033,Rogašovci,0.9999998278564048,0.0,1
10116660,Ropoča,Murska Sobota,0.19000917674271783,Murska Sobota,0.2114977544432911,5477.181915629709,1
10116678,Satahovci,Murska Sobota,0.5225615461727828,Murska Sobota,0.7027308166802015,3755.584816163799,1
10116686,Sebeborci,Murska Sobota,0.3925149228150445,Murska Sobota,0.5102640664940334,4006.908642213217,1
10116694,Selo,Murska Sobota,0.147454390234333,Murska Sobota,0.2768898926995253,9197.903490487764,1
10116708,Serdica,Rogašovci,0.4640182956252946,Rogašovci,0.6741095691821078,1755.9569187303614,1
10116716,Skakovci,Cankova,0.22021928680944755,Murska Sobota,0.29151740141983,3373.8669780024243,0
10116724,Sodišinci,Murska Sobota,0.24909291099856534,Murska Sobota,0.3676356784255924,5086.633979201274,1
10116732,Sotina,Rogašovci,0.1781083405639635,Rogašovci,0.3554182906860647,3487.78490199762,1
10116759,Središče,Murska Sobota,0.17274012790201465,Murska Sobota,0.2273664537690533,10685.455217773184,1
10116767,Stanjevci,Gornji Petrovci,0.2646513314856343,Gornji Petrovci,0.4003355812480206,3050.2665447581176,1
10116775,Strukovci,Murska Sobota,0.21161329302629286,Murska Sobota,0.3636107239077946,5212.896466153859,1
10116783,Suhi Vrh,Moravske Toplice,0.4906568748944888,Moravske Toplice,0.410660244469397,3653.11839018333,1
10116791,Šalamenci,Murska Sobota,0.29062007324346956,Murska Sobota,0.4235210461407226,3030.433412808037,1
10116805,Šalovci,Šalovci,0.9968017948356663,Šalovci,0.9999996586057094,0.0,1
10116813,Šulinci,Gornji Petrovci,0.16585846714563326,Gornji Petrovci,0.3091387746895122,4104.620076432893,1
10116821,Tešanovci,Moravske Toplice,0.5463698254425152,Moravske Toplice,0.3869650232740411,2871.068460532244,1
10116830,Tišina,Tišina,0.9853682752303026,Tišina,0.99999627448666,0.0,1
10116848,Topolovci,Cankova,0.2307999413943943,Murska Sobota,0.2396785025627283,3148.1913953121098,0
10116856,Trdkova,Murska Sobota,0.10160685810972071,Murska Sobota,0.1885318145392096,5713.918048230914,1
10116864,Tropovci,Murska Sobota,0.41693244718677164,Murska Sobota,0.5142093658374591,1143.5450170858103,1
10116872,Vadarci,Murska Sobota,0.16271309360320427,Murska Sobota,0.2671030393344622,6418.376429838865,1
10116899,Vanča vas,Murska Sobota,0.4226242730783801,Murska Sobota,0.6100430531799766,2106.130747866652,1
10116902,Vaneča,Murska Sobota,0.2919844166230646,Murska Sobota,0.4172329507473261,2936.5610079830567,1
10116929,Večeslavci,Rogašovci,0.28760124459387826,Rogašovci,0.4462781797870668,2481.029168992929,1
10116937,Veščica,Murska Sobota,0.7041558685892886,Murska Sobota,0.8643490600975814,3175.990782585575,1
10116945,Vidonci,Murska Sobota,0.19231918501618156,Murska Sobota,0.2174307450091675,4413.844009912228,1
10116953,Vučja Gomila,Moravske Toplice,0.23191387825787246,Murska Sobota,0.3467282384072878,6807.023633271339,0
10116961,Zenkovci,Murska Sobota,0.21036324303914156,Murska Sobota,0.3819642061389197,7305.152893770454,1
10116970,Ženavlje,Murska Sobota,0.11472644648197904,Murska Sobota,0.1785005530286814,6397.23014711992,1
10116988,Ajba,Kanal,0.43630554929922793,Kanal,0.5549530006855046,3112.7199910042414,1
10116996,Ajševica,Nova Gorica,0.5760658443163351,Nova Gorica,0.7547529781724975,5303.045659578909,1
10117003,Anhovo,Kanal,0.3227688622371101,Kanal,0.3429858118790913,4257.482060761447,1
10117020,Avče,Kanal,0.24764244501162935,Kanal,0.3664959454316662,4649.346085974515,1
10117038,Banjšice,Nova Gorica,0.15366059435671267,Nova Gorica,0.3432829242961616,11851.305827566974,1
10117046,Barbana,Brda,0.2299807383800851,Brda,0.4180389339897552,3681.583688902015,1
10117054,Bate,Nova Gorica,0.23022505180076563,Nova Gorica,0.4782931362590255,12555.434457319818,1
10117062,Belo,Nova Gorica,0.10042010074727875,Nova Gorica,0.3026507282100377,7091.88763902925,1
10117089,Biljana,Brda,0.6704145453377811,Brda,0.8341909321963991,1204.816577102973,1
10117097,Bilje,Miren-Kostanjevica,0.41126343422239287,Renče-Vogrsko,0.4501355683582124,1889.566335365423,0
10117119,Bodrež,Kanal,0.6700899849099275,Kanal,0.8659557313467298,1374.1790492861512,1
10117127,Branik,Nova Gorica,0.15449200528976081,Nova Gorica,0.2126889921865903,7451.127672503463,1
10117135,Brdice pri Kožbani,Nova Gorica,0.07123725039656742,Nova Gorica,0.3001431435896033,10198.571079690846,1
10117143,Brdice pri Neblem,Brda,0.35617671488626323,Brda,0.6247666828165722,2310.900551457797,1
10117151,Brdo,Nova Gorica,0.22680815053063874,Nova Gorica,0.3086014297807263,6099.380955695613,1
10117160,Breg pri Golem Brdu,Nova Gorica,0.04510906630570594,Nova Gorica,0.2480630423500337,16378.23001397649,1
10117178,Brestje,Nova Gorica,0.24154714141103104,Nova Gorica,0.5305176037033197,6824.121386640405,1
10117186,Brezovk,Nova Gorica,0.07349553143339739,Nova Gorica,0.3024568267935284,9459.61796281574,1
10117194,Budihni,Nova Gorica,0.19316107680591346,Nova Gorica,0.2891767247876791,7577.562997298978,1
10117208,Bukovica,Renče-Vogrsko,0.9980525096321639,Renče-Vogrsko,0.9999997006517276,0.0,1
10117216,Ceglo,Brda,0.3221024382425396,Brda,0.5040890734631601,2926.8862494387754,1
10117224,Čepovan,Nova Gorica,0.1447506845296699,Nova Gorica,0.306050921652238,20132.35569229377,1
10117232,Deskle,Kanal,0.24550407761549825,Nova Gorica,0.3407341970595774,4842.401974962773,0
10117259,Doblar,Kanal,0.14154099707207796,Tolmin,0.2314356645718426,7359.950295406836,0
10117267,Dobrovo,Brda,0.9987030797984551,Brda,0.9999998678744026,0.0,1
10117275,Dolnje Cerovo,Nova Gorica,0.22235288114734186,Nova Gorica,0.4693216873122611,6322.068367317618,1
10117283,Dombrava,Renče-Vogrsko,0.33461659017638373,Renče-Vogrsko,0.4976492588105873,2045.7228954368325,1
10117291,Dornberk,Nova Gorica,0.22187830233102548,Nova Gorica,0.2986766918952228,6772.699075015748,1
10117305,Draga,Nova Gorica,0.22084440995297047,Nova Gorica,0.304696007225429,5957.55157472507,1
10117313,Drnovk,Brda,0.67308866983364,Brda,0.8757869384176099,1073.1245234325136,1
10117321,Fojana,Brda,0.34946090877136393,Brda,0.6180962971870736,2346.8068279608483,1
10117330,Golo Brdo,Nova Gorica,0.05078096211019223,Nova Gorica,0.2568466940995302,14713.581808276938,1
10117348,Gonjače,Nova Gorica,0.21683975116976906,Nova Gorica,0.4498222994237504,4341.957809452482,1
10117356,Gorenja vas,Kanal,0.8027670451792371,Kanal,0.9451843927292004,805.9871147128416,1
10117364,Gornje Cerovo,Nova Gorica,0.2284635109973868,Nova Gorica,0.5284860188942498,7739.445099299129,1
10117372,Gradišče nad Prvačino,Nova Gorica,0.22612904025991631,Nova Gorica,0.2772500761744029,4943.51954486474,1
10117399,Gradno,Brda,0.19869323025045824,Brda,0.3282949362113617,4331.292067893145,1
10117402,Grgar,Nova Gorica,0.3503758803403588,Nova Gorica,0.7072343503189082,8071.48515571533,1
10117429,Grgarske Ravne,Nova Gorica,0.22691921382781782,Nova Gorica,0.5426901525349656,12836.516629156242,1
10117437,Hlevnik,Brda,0.11140328149087475,Nova Gorica,0.2925698411712163,5713.8669022971335,0
10117445,Hruševlje,Brda,0.19914332135346646,Brda,0.3526873808810739,4310.722363487699,1
10117453,Hudi Log,Nova Gorica,0.16246702138843166,Nova Gorica,0.2799942007198626,9639.156979042527,1
10117461,Hum,Nova Gorica,0.27549211183646516,Nova Gorica,0.6059215274647167,7408.651615498404,1
10117470,Imenje,Nova Gorica,0.22665878787120164,Nova Gorica,0.3834328256801182,4101.237099893217,1
10117488,Kal nad Kanalom,Nova Gorica,0.08470280175931201,Nova Gorica,0.2489335195001526,14605.306311215929,1
10117496,Kambreško,Kanal,0.09085160840817263,Nova Gorica,0.1938200540558634,9581.744433537348,0
10117500,Kanal,Kanal,0.9988134237733743,Kanal,0.9999999138484736,0.0,1
10117518,Kanalski Vrh,Nova Gorica,0.1580978777749232,Nova Gorica,0.3323687850042476,7986.012930721567,1
10117526,Kojsko,Nova Gorica,0.23181733686409653,Nova Gorica,0.5421264403906844,6169.932586783693,1
10117534,Korita na Krasu,Nova Gorica,0.15494706128448604,Nova Gorica,0.2720094729752083,10893.260154366792,1
10117542,Kostanjevica na Krasu,Nova Gorica,0.11664671658082108,Nova Gorica,0.2402062035821897,10254.023632809029,1
10117569,Kozana,Nova Gorica,0.20076328785728947,Nova Gorica,0.3661155799934699,4485.120562335012,1
10117577,Kozarno,Brda,0.3293000462772115,Brda,0.5602902116278233,2674.652778514426,1
10117585,Kožbana,Nova Gorica,0.07162879039696395,Nova Gorica,0.3039197981547512,8586.29547381533,1
10117593,Krasno,Nova Gorica,0.18122988612523272,Nova Gorica,0.3746119277932671,6335.457000395198,1
10117607,Kromberk,Nova Gorica,0.7279826836828337,Nova Gorica,0.9057225280286716,2851.7717291655285,1
10117615,Lazna,Nova Gorica,0.07267929372668207,Nova Gorica,0.262657032829461,24938.72876853629,1
10117623,Levpa,Kanal,0.0934472016144417,Nova Gorica,0.1972065900607057,9448.357656648506,0
10117631,Lig,Kanal,0.11118977289842777,Nova Gorica,0.2363371539965481,8628.796641961306,0
10117640,Lipa,Nova Gorica,0.13437664131191757,Nova Gorica,0.2272061819054839,6077.686969907218,1
10117658,Loke,Nova Gorica,0.436731160924993,Nova Gorica,0.7386995857314806,6250.398958054286,1
10117666,Lokovec,Nova Gorica,0.15273820698099233,Nova Gorica,0.3399499929865473,17655.322583488876,1
10117674,Lokve,Nova Gorica,0.15279730632142413,Nova Gorica,0.3219810686450552,19522.95906433477,1
10117682,Lokvica,Nova Gorica,0.19540498050666913,Miren-Kostanjevica,0.2937206979947552,7348.2806528089795,0
10117739,Medana,Brda,0.49357774404241306,Brda,0.6994131610737222,1929.206101946188,1
10117747,Miren,Miren-Kostanjevica,0.9978441849966337,Miren-Kostanjevica,0.9999998796846116,0.0,1
10117763,Morsko,Kanal,0.5085776929268931,Kanal,0.7525626620142079,1930.9265664671047,1
10117780,Neblo,Brda,0.3060945860637054,Brda,0.4990871077844356,3064.280286020861,1
10117798,Nemci,Nova Gorica,0.20705296311705548,Nova Gorica,0.4206669105472188,16149.956596072208,1
10117801,Nova Gorica,Nova Gorica,0.996811325103415,Nova Gorica,0.9999999841820896,0.0,1
10117810,Nova vas,Nova Gorica,0.18667857158444726,Nova Gorica,0.2880871907537325,8654.101862537304,1
10117828,Novelo,Nova Gorica,0.15225229333082024,Nova Gorica,0.2615911917292516,9464.339156418382,1
10117836,Nozno,Nova Gorica,0.15931075528906458,Nova Gorica,0.400983810553018,10763.036268377477,1
10117844,Opatje selo,Nova Gorica,0.18349228711658888,Miren-Kostanjevica,0.2881989333188008,7528.973749523308,0
10117852,Orehovlje,Miren-Kostanjevica,0.579914214057926,Miren-Kostanjevica,0.6238970980520259,2401.784235666585,1
10117879,Osek,Nova Gorica,0.23099569331116057,Nova Gorica,0.4376780267517579,9873.48325744112,1
10117887,Oševljek,Nova Gorica,0.22778741483386064,Renče-Vogrsko,0.2881876828219347,3971.643749983141,0
10117895,Ozeljan,Nova Gorica,0.3425905941446776,Nova Gorica,0.6152477933871489,8206.202148831642,1
10117909,Plave,Nova Gorica,0.22253757204956248,Nova Gorica,0.4711339751855791,7795.59364701329,1
10117917,Plešivo,Brda,0.2302615659334753,Brda,0.4150108599235577,3686.472466717365,1
10117925,Podsabotin,Nova Gorica,0.42186913795114434,Nova Gorica,0.7439735146156671,7086.919087780396,1
10117933,Potok pri Dornberku,Nova Gorica,0.23340119431373282,Nova Gorica,0.2993034874438926,7116.738736132696,1
10117941,Preserje,Ajdovščina,0.16827858774579676,Nova Gorica,0.200111457813041,9703.719577235182,0
10117950,Pristava,Nova Gorica,0.7681049115418084,Nova Gorica,0.8361690486680509,2315.8462334835363,1
10117968,Pristavo,Brda,0.10802775838646257,Nova Gorica,0.2946071288493239,5895.315768751881,0
10117976,Prvačina,Nova Gorica,0.21971594649743628,Nova Gorica,0.3135816790722412,5099.490276705118,1
10117984,Ravnica,Nova Gorica,0.4355044380287707,Nova Gorica,0.7379672724412768,6905.106792003779,1
10117992,Renče,Renče-Vogrsko,0.41024839898222515,Renče-Vogrsko,0.6674057571757477,1458.365310931155,1
10118018,Ročinj,Kanal,0.23858823523460587,Kanal,0.3173885249873616,5064.814365467762,1
10118026,Rožna Dolina,Nova Gorica,0.7269912389331232,Nova Gorica,0.6855049161703582,1978.438535267033,1
10118034,Saksid,Nova Gorica,0.20360425131912727,Nova Gorica,0.2837033778913623,8507.448594598462,1
10118042,Sela na Krasu,Nova Gorica,0.1122734240491117,Nova Gorica,0.2565723931662722,12093.854296344503,1
10118069,Senik,Nova Gorica,0.062418972770638285,Nova Gorica,0.2875201317692555,11501.468730132789,1
10118077,Seniški Breg,Kanal,0.11270890571513202,Nova Gorica,0.1845612565491997,8497.485087739093,0
10118085,Slapnik,Nova Gorica,0.16574602261130092,Nova Gorica,0.4042456604012617,10461.702242566444,1
10118093,Slavče,Brda,0.10816056967149011,Nova Gorica,0.2946726201396786,5901.556977733827,0
10118107,Snežatno,Nova Gorica,0.25095407774306777,Nova Gorica,0.5678631495745351,7378.172649874342,1
10118115,Snežeče,Brda,0.5897645379537289,Brda,0.7803459579183976,1517.5088217642435,1
10118123,Spodnja Branica,Ajdovščina,0.1662898546438238,Ajdovščina,0.1903209696765765,11765.241323317648,1
10118131,Stara Gora,Nova Gorica,0.43796693713132273,Nova Gorica,0.6296253948268057,5637.978670491244,1
10118140,Steske,Nova Gorica,0.20356567468281583,Nova Gorica,0.2837697942405011,8478.62620673113,1
10118158,Šempas,Nova Gorica,0.28327934037076064,Nova Gorica,0.5145493955033031,8145.159115065313,1
10118166,Šempeter pri Gorici,Šempeter-Vrtojba,0.9973202117348124,Šempeter-Vrtojba,0.9999996192749864,0.0,1
10118174,Šlovrenc,Brda,0.3275057200221962,Brda,0.5335171428249812,2818.172040922985,1
10118182,Šmartno,Brda,0.2677528517015903,Nova Gorica,0.3536085308750372,3240.5031247730767,0
10118204,Šmaver,Nova Gorica,0.26104712740474917,Nova Gorica,0.5991819231841518,9691.684064990148,1
10118212,Šmihel,Nova Gorica,0.3733346176448709,Nova Gorica,0.658142937375694,7696.963193528318,1
10118239,Tabor,Nova Gorica,0.23340119431373282,Nova Gorica,0.3001153657660311,7114.321287092304,1
10118247,Temnica,Nova Gorica,0.1610228534240191,Nova Gorica,0.2685396438522651,8389.845091168909,1
10118255,Trnovo,Nova Gorica,0.22626373223458088,Nova Gorica,0.5278604834869202,12760.538735884023,1
10118263,Ukanje,Nova Gorica,0.04863274918800193,Nova Gorica,0.2272099974602372,12922.316141413983,1
10118271,Vedrijan,Brda,0.2524220344198064,Brda,0.3597393784124916,3395.5722814341,1
10118280,Vipolže,Brda,0.22905474260316822,Brda,0.3601546722938176,3717.493208504407,1
10118298,Višnjevik,Brda,0.252021110062642,Brda,0.4268146428418865,3417.5956978160734,1
10118301,Vitovlje,Nova Gorica,0.23774331923252323,Nova Gorica,0.4530718022583411,10318.495881921704,1
10118310,Voglarji,Nova Gorica,0.2275826608559746,Nova Gorica,0.5369936057144841,12742.274625816386,1
10118328,Vogrsko,Nova Gorica,0.2552462684657893,Nova Gorica,0.3306716524921291,4143.3997136956805,1
10118336,Vojščica,Nova Gorica,0.11177557043072954,Nova Gorica,0.2378804474046635,8185.42004830914,1
10118344,Volčja Draga,Renče-Vogrsko,0.7214571022142185,Renče-Vogrsko,0.8019104146204005,895.8261398797595,1
10118352,Vrhovlje pri Kojskem,Nova Gorica,0.2210978913926474,Nova Gorica,0.4408860020580154,6441.252344632099,1
10118379,Vrhovlje pri Kožbani,Nova Gorica,0.07281919176588515,Nova Gorica,0.2991020342275713,9912.900942936683,1
10118387,Vrtoče,Miren-Kostanjevica,0.5163462142519955,Miren-Kostanjevica,0.6313604023401133,2661.33298040336,1
10118395,Vrtojba,Šempeter-Vrtojba,0.483225033158186,Šempeter-Vrtojba,0.3182250851540628,2832.755838888192,1
10118409,Zali Breg,Brda,0.5576872630001742,Brda,0.7076129574040311,1663.0469600890722,1
10118417,Zalošče,Nova Gorica,0.22372475955857088,Nova Gorica,0.2874590359767145,7344.621040249021,1
10118425,Zapotok,Nova Gorica,0.06186713264511256,Nova Gorica,0.2626584755931446,13353.52338326072,1
10118441,Solkan,Nova Gorica,0.7822996730649779,Nova Gorica,0.9576621913547286,1885.349162641086,1
10118450,Apnenik,Novo mesto,0.16308545722038573,Novo mesto,0.1884263299915912,3788.71874155115,1
10118468,Bela Cerkev,Novo mesto,0.19431413560965072,Novo mesto,0.3286153374266914,3962.871027486627,1
10118476,Birčna vas,Novo mesto,0.46846525465091615,Novo mesto,0.6821952477394926,6776.17686647481,1
10118484,Biška vas,Mirna Peč,0.4223288093153323,Mirna Peč,0.5216444847549562,1582.0533414266138,1
10118492,Boričevo,Novo mesto,0.5819581766919234,Novo mesto,0.8282796852384491,4647.770025719163,1
10118506,Boršt pri Dvoru,Novo mesto,0.18750519633917673,Novo mesto,0.1902319904134781,7520.512807218906,1
10118514,Breška vas,Novo mesto,0.18677820785345264,Novo mesto,0.2747917233715375,6635.054541619012,1
10118522,Brezje,Novo mesto,0.3800954183010829,Novo mesto,0.5886323717293753,8273.869826414671,1
10118549,Brezje pri Šentjerneju,Novo mesto,0.1639570101021218,Šentjernej,0.2545843886786236,2794.501450756376,0
10118557,Brezova Reber pri Dvoru,Novo mesto,0.20680318671584272,Novo mesto,0.3128310645298541,7290.322887713452,1
10118565,Brezovica,Šmarješke Toplice,0.23842487244752048,Novo mesto,0.285934689402829,1950.5443941972733,0
10118573,Brezovica pri Stopičah,Novo mesto,0.35526135550214766,Novo mesto,0.5983048725756227,8770.753089984108,1
10118581,Budganja vas,Žužemberk,0.31618196454196623,Žužemberk,0.4525219717147174,3099.4510555595534,1
10118590,Bušinec,Dolenjske Toplice,0.22922323546492876,Dolenjske Toplice,0.3574452093195014,3464.1833634326726,1
10118603,Cerov Log,Novo mesto,0.18694373004736536,Novo mesto,0.2889441198155102,4933.271498877139,1
10118611,Cerovec,Dolenjske Toplice,0.22922323546492876,Dolenjske Toplice,0.3520677264274802,3460.658497115739,1
10118620,Čadraže,Novo mesto,0.17846188854005685,Novo mesto,0.2776177382640015,5984.864560717169,1
10118638,Čelevec,Novo mesto,0.16713276833724952,Novo mesto,0.1820204192863509,4758.800267022117,1
10118646,Čemše,Novo mesto,0.19580098192862258,Novo mesto,0.2314045959705244,4502.839817636287,1
10118654,Češča vas,Novo mesto,0.48560566056406596,Novo mesto,0.6296000972240098,4674.237591454372,1
10118662,Čisti Breg,Novo mesto,0.12483675230992261,Novo mesto,0.1476484925878252,6023.188299738937,1
10118689,Črešnjice,Novo mesto,0.4682311908782269,Novo mesto,0.6550841443436854,6849.964750145326,1
10118697,Črmošnjice pri Stopičah,Novo mesto,0.5826428373153442,Novo mesto,0.8093931578893151,4933.978756850444,1
10118719,Čučja Mlaka,Novo mesto,0.17750120470749192,Novo mesto,0.1936854404339838,6141.627520386983,1
10118727,Daljni Vrh,Novo mesto,0.43735344616661215,Novo mesto,0.613296161426755,7158.067921249578,1
10118735,Dešeča vas,Žužemberk,0.19542844711396948,Žužemberk,0.237794561184907,5048.991302879936,1
10118743,Dobindol,Novo mesto,0.2039442064091523,Novo mesto,0.3718444642155227,6818.346632094761,1
10118751,Dobovo,Novo mesto,0.2949840703475503,Novo mesto,0.461750246272546,5832.767373938589,1
10118760,Dobrava pri Škocjanu,Novo mesto,0.17619830748706117,Novo mesto,0.2016944520910726,4974.915435439782,1
10118778,Dobravica,Šentjernej,0.4195220417000657,Šentjernej,0.480578895835043,1620.8549965024267,1
10118786,Dobruška vas,Novo mesto,0.18449329679449786,Škocjan,0.2338689742967738,2586.715053691548,0
10118794,Dol pri Šmarjeti,Novo mesto,0.18069142583385397,Novo mesto,0.1877738855589862,4291.707704845895,1
10118808,Dolenja Brezovica,Šentjernej,0.4830293951853271,Šentjernej,0.6599465390721458,1175.749688494266,1
10118816,Dolenja Stara vas,Šentjernej,0.4124860875339617,Šentjernej,0.4676394055325215,1727.818573192598,1
10118824,Dolenja vas,Novo mesto,0.4661800727420353,Novo mesto,0.6663627101067521,6714.34078686151,1
10118832,Dolenja vas pri Mirni Peči,Mirna Peč,0.2288937578339671,Mirna Peč,0.3053907222058774,2566.487281238172,1
10118859,Dolenje Dole,Novo mesto,0.13125693887847079,Škocjan,0.1449924115740808,3707.085425275839,0
10118867,Dolenje Gradišče,Dolenjske Toplice,0.5051256404465534,Dolenjske Toplice,0.5294732265875015,1788.728824227193,1
10118875,Dolenje Gradišče pri Šentj.,Novo mesto,0.1988946417829387,Novo mesto,0.3136476057041776,4089.601155598081,1
10118883,Dolenje Grčevje,Novo mesto,0.32965058420280174,Novo mesto,0.5047757466490245,8498.6081722652,1
10118891,Dolenje Kamenje,Novo mesto,0.3597157646403826,Novo mesto,0.5180521029130365,7648.640800887909,1
10118905,Dolenje Karteljevo,Novo mesto,0.3333949369588573,Novo mesto,0.4536071945058473,5839.077501359078,1
10118913,Dolenje Kronovo,Novo mesto,0.2762952453493653,Novo mesto,0.4096775282329971,4103.162640381006,1
10118921,Dolenje Lakovnice,Novo mesto,0.4227420073132874,Novo mesto,0.6629113237429748,7510.4895205561825,1
10118930,Dolenje Mokro Polje,Novo mesto,0.25262023126118727,Novo mesto,0.4099021929618179,5598.707290852216,1
10118948,Dolenje Polje,Dolenjske Toplice,0.2627384599040074,Dolenjske Toplice,0.2578638016912218,3124.101303595084,1
10118956,Dolenje Sušice,Dolenjske Toplice,0.37770218734293287,Dolenjske Toplice,0.5529930683641977,2208.5446723783407,1
10118964,Dolenje Vrhpolje,Novo mesto,0.18195824989394377,Šentjernej,0.2848176653326511,2633.5821832936617,0
10118972,Dolenji Globodol,Novo mesto,0.17369048148991761,Novo mesto,0.2704423346942678,6655.16506673967,1
10118999,Dolenji Maharovec,Novo mesto,0.1756581217917329,Novo mesto,0.2568467790038988,3319.504680179693,1
10119006,Dolenji Podboršt,Mirna Peč,0.3952059808523442,Mirna Peč,0.4694336213014151,1764.560991229179,1
10119014,Dolenji Suhadol,Novo mesto,0.2784881495030334,Novo mesto,0.4548323301758904,6981.736250246513,1
10119022,Dolenjske Toplice,Dolenjske Toplice,0.9999995833618265,Dolenjske Toplice,0.9999997918957906,0.0,1
10119049,Dolnja Stara vas,Škocjan,0.34768895039494896,Škocjan,0.4411016078585479,1688.5062984832698,1
10119057,Dolnja Težka Voda,Novo mesto,0.5660244783270122,Novo mesto,0.7707714389019269,5594.922851205247,1
10119065,Dolnje Mraševo,Novo mesto,0.33293125740134216,Novo mesto,0.4626625531578636,5184.88238968755,1
10119073,Dolnji Ajdovec,Novo mesto,0.1881036682746721,Novo mesto,0.2169523118440422,8552.919141177903,1
10119081,Dolnji Kot,Novo mesto,0.16157724067652185,Novo mesto,0.1698525355369687,6850.1882976124,1
10119090,Dolnji Križ,Žužemberk,0.19379630061996006,Žužemberk,0.2259569267178855,5163.832738464484,1
10119103,Dolž,Novo mesto,0.26714347510676717,Novo mesto,0.4906485177275539,11024.838218906292,1
10119111,Draga,Novo mesto,0.2015960537734313,Novo mesto,0.2988442658628397,4512.6884617557525,1
10119120,Drama,Novo mesto,0.17474856033311134,Novo mesto,0.1824238956342209,4048.584180255148,1
10119138,Drašča vas,Žužemberk,0.08270575935574459,Ljubljana,0.2136268254896259,8006.758578074738,0
10119146,Drča,Novo mesto,0.1657006890025508,Novo mesto,0.1797809931040997,3937.877084574765,1
10119154,Drenje,Novo mesto,0.18885164652320527,Novo mesto,0.2161078462199308,5885.808753774116,1
10119162,Drganja sela,Novo mesto,0.20267394019037088,Novo mesto,0.2760181203241577,4880.941798313503,1
10119189,Družinska vas,Novo mesto,0.2784881495030334,Novo mesto,0.3998976498788324,3814.808579336534,1
10119197,Dvor,Žužemberk,0.23068162114001098,Žužemberk,0.2963647809536469,4235.596550617271,1
10119219,Gabrje,Novo mesto,0.24721927376324204,Novo mesto,0.4613699781694695,11513.038333298176,1
10119227,Gabrje pri Soteski,Dolenjske Toplice,0.2308504404812573,Dolenjske Toplice,0.27458861950641,3323.5919951186,1
10119235,Gabrnik,Novo mesto,0.11744621021794734,Novo mesto,0.1371975400240713,4232.216527346225,1
10119243,Globočdol,Novo mesto,0.2784881495030334,Novo mesto,0.3693838488079295,5492.696022913003,1
10119251,Golobinjek,Novo mesto,0.20267394019037088,Novo mesto,0.2702954787650815,3707.979887638596,1
10119260,Golušnik,Novo mesto,0.3652924570884455,Novo mesto,0.5684338220399374,8317.969027215348,1
10119278,Gorenja Brezovica,Novo mesto,0.19142172342533523,Šentjernej,0.2971161346389548,2423.0043776957914,0
10119286,Gorenja Gomila,Novo mesto,0.18795268592722586,Novo mesto,0.2863369705225602,5266.490073242549,1
10119294,Gorenja Stara vas,Novo mesto,0.17261194262714039,Novo mesto,0.24734571066005,2909.314109534345,1
10119308,Gorenja vas pri Šmarjeti,Šmarješke Toplice,0.347919653149425,Šmarješke Toplice,0.5051747536874928,1054.9789695989318,1
10119316,Gorenje Dole,Novo mesto,0.10930340384651357,Novo mesto,0.1230988643518836,4796.035072260794,1
10119324,Gorenje Gradišče,Dolenjske Toplice,0.5331368170330908,Dolenjske Toplice,0.6269961360844183,1516.1676828617344,1
10119332,Gorenje Gradišče pri Šentj.,Novo mesto,0.19906611310451933,Novo mesto,0.3337948884565996,4219.838968315796,1
10119359,Gorenje Grčevje,Novo mesto,0.20756422383397669,Novo mesto,0.3993867083212879,10349.859924560576,1
10119367,Gorenje Kamence,Novo mesto,0.4819520812624935,Novo mesto,0.6574635437889168,6406.425834502532,1
10119375,Gorenje Kamenje,Novo mesto,0.35405510982141175,Novo mesto,0.5079601286557971,7871.723815500325,1
10119383,Gorenje Karteljevo,Novo mesto,0.31361520749888255,Novo mesto,0.4358481360419999,6384.5203766436525,1
10119391,Gorenje Kronovo,Novo mesto,0.3289606119747848,Novo mesto,0.4778196965277637,5124.273002212271,1
10119405,Gorenje Lakovnice,Novo mesto,0.4209183912092474,Novo mesto,0.6563912325865218,7622.630927598047,1
10119413,Gorenje Mokro Polje,Novo mesto,0.20273894258267916,Novo mesto,0.3465174970460694,5396.074212718741,1
10119421,Gorenje Mraševo,Novo mesto,0.32884913889590695,Novo mesto,0.4686197013352742,5794.161350743984,1
10119430,Gorenje Polje,Dolenjske Toplice,0.3428744296762617,Dolenjske Toplice,0.3431820685795326,2660.3572253114385,1
10119448,Gorenje Sušice,Novo mesto,0.20371703529547297,Novo mesto,0.3071354344395769,4652.871995738548,1
10119456,Gorenje Vrhpolje,Novo mesto,0.19180819897900714,Novo mesto,0.2356122238272322,3450.4798145182112,1
10119464,Gorenji Globodol,Novo mesto,0.19448918309037366,Novo mesto,0.2213822823053671,5221.986082146997,1
10119472,Gorenji Maharovec,Novo mesto,0.17525589572804026,Novo mesto,0.2418388583385014,2836.606829498924,1
10119499,Gorenji Podboršt,Mirna Peč,0.4869088388612511,Mirna Peč,0.6381359305777449,1277.556251804374,1
10119502,Gorenji Suhadol,Novo mesto,0.19783100231652082,Novo mesto,0.390829819548437,9232.675345624792,1
10119529,Goriška Gora,Novo mesto,0.11792627331582885,Novo mesto,0.1424775293865808,4274.301222007295,1
10119537,Goriška vas,Novo mesto,0.2784881495030334,Novo mesto,0.3011054450158039,2901.730210486293,1
10119545,Goriška vas pri Škocjanu,Novo mesto,0.1643860850352053,Škocjan,0.2777878743789639,2414.7801136140743,0
10119553,Gornja Težka Voda,Novo mesto,0.43735344616661215,Novo mesto,0.678275894585292,7277.182486507553,1
10119561,Gornji Ajdovec,Novo mesto,0.19210915102252366,Novo mesto,0.2192302187445312,8716.72486476272,1
10119570,Gornji Kot,Novo mesto,0.16304246569569802,Žužemberk,0.1701948251599057,6138.700273830526,0
10119588,Gornji Križ,Žužemberk,0.17205571365588118,Žužemberk,0.1962019065823101,5619.744872232344,1
10119596,Gradenc,Žužemberk,0.19542844711396948,Žužemberk,0.2500461561069285,5004.386337121485,1
10119600,Gradenje,Novo mesto,0.21014424876886154,Novo mesto,0.3080649731404444,2903.306913285283,1
10119618,Grč Vrh,Novo mesto,0.19478301601230272,Novo mesto,0.2728998095112154,4307.553094483071,1
10119626,Grič pri Klevevžu,Novo mesto,0.18628994082033515,Novo mesto,0.1943471338213844,4020.7432450664073,1
10119634,Grmovlje,Novo mesto,0.18434067523177716,Škocjan,0.2806709027958081,2333.241001129039,0
10119642,Groblje pri Prekopi,Novo mesto,0.16206639451149696,Šentjernej,0.2089051853683453,3036.392060382298,0
10119669,Gruča,Novo mesto,0.15476529325237137,Novo mesto,0.1544850721934401,3893.1824723251184,1
10119677,Gumberk,Novo mesto,0.3934109321849444,Novo mesto,0.5865234712463612,8126.068023022392,1
10119685,Herinja vas,Novo mesto,0.4058265646094374,Novo mesto,0.5785879946209582,6378.406140897998,1
10119693,Hinje,Novo mesto,0.054994502231849374,Ljubljana,0.1846027580973784,12731.680129177888,0
10119707,Hmeljčič,Novo mesto,0.20700171400155362,Novo mesto,0.3133670653942385,4640.554696525507,1
10119715,Hrastje,Novo mesto,0.20162749636137292,Novo mesto,0.3430223681652506,4587.825754250114,1
10119723,Hrastje pri Mirni Peči,Novo mesto,0.2015960537734313,Novo mesto,0.2176750458543726,3247.88735051344,1
10119731,Hrastulje,Škocjan,0.7053414376481885,Škocjan,0.8321673151857946,673.8502627952398,1
10119740,Hrib,Novo mesto,0.18460935686829236,Novo mesto,0.280664181411567,4930.558324347194,1
10119758,Hrib pri Hinjah,Novo mesto,0.06497586754242762,Ljubljana,0.1819005815728783,12490.197769999262,0
10119766,Hrib pri Orehku,Novo mesto,0.35866608863677946,Novo mesto,0.6092677010475679,8520.064449288706,1
10119774,Hrušica,Novo mesto,0.36112412881834693,Novo mesto,0.6114019880100174,8388.914988439741,1
10119782,Hrvaški Brod,Novo mesto,0.16003345786172832,Novo mesto,0.172521728508816,6554.55042579954,1
10119804,Hudenje,Novo mesto,0.1854557011420689,Novo mesto,0.181682326515682,3779.892035390891,1
10119812,Hudo,Novo mesto,0.4714904339855455,Novo mesto,0.6444313632113474,5998.994497736884,1
10119839,Iglenik,Novo mesto,0.20267394019037088,Novo mesto,0.4218440780914692,12986.0695302337,1
10119847,Imenje,Novo mesto,0.16044526115355026,Šentjernej,0.2805166877834723,2646.5997401642567,0
10119855,Jablan,Novo mesto,0.3288596808279399,Novo mesto,0.3515110555120227,2821.632392259972,1
10119863,Jama,Novo mesto,0.4447219745509125,Novo mesto,0.6765331288999606,7212.089142387573,1
10119871,Jama pri Dvoru,Žužemberk,0.21847055450723168,Žužemberk,0.2767816260808749,4508.270668855055,1
10119880,Javorovica,Novo mesto,0.10682627260397032,Novo mesto,0.1655019038365145,6209.95686851759,1
10119898,Jelendol,Novo mesto,0.1093302540238377,Sevnica,0.1279249393214724,4978.361386826903,0
10119901,Jelše,Novo mesto,0.1888706564858525,Mirna Peč,0.2164837025951831,3265.030558629985,0
10119910,Jelše pri Otočcu,Novo mesto,0.5224741457851879,Novo mesto,0.7041601409662418,6023.403954616878,1
10119928,Jordankal,Novo mesto,0.17604685238709622,Trebnje,0.2213729954931692,4438.572817008542,0
10119936,Jugorje,Novo mesto,0.20557334451367118,Novo mesto,0.4452593398249556,10892.224563366692,1
10119944,Jurka vas,Novo mesto,0.43735344616661215,Novo mesto,0.4065699251460465,2266.6914482842312,1
10119952,Jurna vas,Novo mesto,0.3309366918190743,Novo mesto,0.5724248254852381,9391.979363398126,1
10119979,Klečet,Žužemberk,0.12426384925914646,Ljubljana,0.1973734486350696,6728.171855730801,0
10119987,Klenovik,Novo mesto,0.16431143407708138,Novo mesto,0.1546186298633846,4709.249063773174,1
10119995,Klopce,Novo mesto,0.0731457830579967,Ljubljana,0.1620305961752031,14202.899054979243,0
10120004,Kočevske Poljane,Novo mesto,0.1871283556905272,Dolenjske Toplice,0.2576085492711281,4449.070473602276,0
10120012,Konec,Novo mesto,0.25125916280936184,Novo mesto,0.4861485335006014,11354.088691864736,1
10120039,Koroška vas,Novo mesto,0.35526135550214766,Novo mesto,0.60129196225013,8790.343447873072,1
10120047,Koti,Novo mesto,0.2811663433919709,Novo mesto,0.4496113206955795,9414.101317340208,1
10120055,Kuzarjev Kal,Novo mesto,0.4293813608363893,Novo mesto,0.5710813252943662,6508.541202657007,1
10120063,Lašče,Novo mesto,0.12051496242827199,Novo mesto,0.138941067232737,7243.843145050164,1
10120071,Laze,Novo mesto,0.1764135786778494,Novo mesto,0.3188652567432978,8707.750806049506,1
10120080,Lazina,Novo mesto,0.06025106622169085,Ljubljana,0.1796278882123234,12174.563753639864,0
10120098,Ledeča vas,Novo mesto,0.1640318706161378,Šentjernej,0.1931967262392667,3280.548527097322,0
10120101,Leskovec,Novo mesto,0.29720999978553697,Novo mesto,0.4907004445553787,7495.647490190942,1
10120110,Lešnica,Novo mesto,0.5611602955225037,Novo mesto,0.7295039947731098,5648.569341906824,1
10120128,Loka,Novo mesto,0.18352543502475366,Novo mesto,0.294876790825618,4019.0093612152464,1
10120136,Loke,Novo mesto,0.49600852920647465,Novo mesto,0.5957558811285659,3336.6633392861527,1
10120144,Lopata,Novo mesto,0.08497832397010394,Ljubljana,0.1714155437727663,10311.514698099882,0
10120152,Loška vas,Dolenjske Toplice,0.22124572835017792,Dolenjske Toplice,0.260755648432143,3898.8933969211344,1
10120179,Lutrško selo,Novo mesto,0.3399863985777175,Novo mesto,0.5161421070623213,5858.728357729608,1
10120187,Mačkovec pri Dvoru,Žužemberk,0.2624412859256287,Žužemberk,0.3859582280914418,3474.7785806894326,1
10120195,Mačkovec pri Škocjanu,Novo mesto,0.11313203222418867,Škocjan,0.1335566419944499,3931.283624778405,0
10120209,Mala Cikava,Novo mesto,0.7533901083052545,Novo mesto,0.9121931822900808,3023.017296424316,1
10120217,Mala Strmica,Novo mesto,0.16317098075801947,Novo mesto,0.1786145883781562,5616.19313546815,1
10120225,Male Brusnice,Novo mesto,0.4028776094588376,Novo mesto,0.6013914265812074,8010.87426802296,1
10120233,Male Poljane,Novo mesto,0.16771047717622342,Novo mesto,0.1775998967788525,4631.193223024228,1
10120241,Malenska vas,Mirna Peč,0.44214615730341267,Mirna Peč,0.5551363152071518,1450.421976829333,1
10120250,Mali Ban,Novo mesto,0.15676638957247643,Šentjernej,0.1824470270499974,3584.753439740316,0
10120268,Mali Cerovec,Novo mesto,0.27773927980806,Novo mesto,0.5085367636105202,10941.801375090308,1
10120276,Mali Kal,Novo mesto,0.2784881495030334,Novo mesto,0.3202085766063178,3378.8578496232394,1
10120284,Mali Lipovec,Žužemberk,0.16385657732881942,Žužemberk,0.1771677178399328,5951.664734057638,1
10120292,Mali Orehek,Novo mesto,0.3631014241022917,Novo mesto,0.6114713701680523,8467.673964405309,1
10120306,Mali Podljuben,Novo mesto,0.36112412881834693,Novo mesto,0.5485572101267825,6347.362296160081,1
10120314,Mali Rigelj,Novo mesto,0.17906793077546934,Novo mesto,0.2350397418054405,6246.763668877755,1
10120322,Mali Slatnik,Novo mesto,0.6689115560305186,Novo mesto,0.8699658407052082,3784.7072612906736,1
10120349,Mali Vrh,Novo mesto,0.33023651119596303,Mirna Peč,0.3559052768958637,2141.9117774172823,0
10120357,Malo Lipje,Žužemberk,0.12426384925914646,Žužemberk,0.1620688044167666,6722.303330877715,1
10120365,Meniška vas,Dolenjske Toplice,0.45650231950200115,Dolenjske Toplice,0.5259984787429298,2025.1959120548145,1
10120373,Mihovec,Novo mesto,0.25007345051073154,Novo mesto,0.4827754225561391,11405.739363386549,1
10120381,Mihovica,Novo mesto,0.1621309799101361,Šentjernej,0.2404800097348186,2861.945615200073,0
10120390,Mihovo,Novo mesto,0.17906793077546934,Novo mesto,0.2459971223940235,4706.058484838967,1
10120403,Mirna Peč,Mirna Peč,0.99944924900314,Mirna Peč,0.9999996222605696,0.0,1
10120411,Mršeča vas,Novo mesto,0.14409422959196921,Novo mesto,0.1495075107495768,5497.901149836913,1
10120420,Nova Gora,Novo mesto,0.11909408478366305,Novo mesto,0.1886011978320165,9904.612701661172,1
10120438,Novo mesto,Novo mesto,0.9999999545161625,Novo mesto,0.999999988630989,0.0,1
10120446,Občice,Novo mesto,0.16254496356217818,Novo mesto,0.2057127669598336,6891.162522037475,1
10120454,Obrh,Dolenjske Toplice,0.2309416699887683,Dolenjske Toplice,0.3249267501969815,3346.955951147169,1
10120462,Orehovica,Novo mesto,0.19615486203431076,Novo mesto,0.3086324977597161,3945.054385393313,1
10120489,Orešje,Šmarješke Toplice,0.23842487244752048,Novo mesto,0.2253830806725148,1967.6176093082213,0
10120497,Orkljevec,Novo mesto,0.2377510186927056,Novo mesto,0.2777460033778203,3080.7904134200658,1
10120519,Osrečje,Novo mesto,0.18993737099650146,Novo mesto,0.2204789173203181,3361.879576759981,1
10120527,Ostrog,Novo mesto,0.14420777343501512,Novo mesto,0.1466935796072808,4639.397149856411,1
10120535,Otočec,Novo mesto,0.46752820204165746,Novo mesto,0.6464396374676886,6929.790321645367,1
10120543,Paha,Novo mesto,0.33216623984811106,Novo mesto,0.5179421867677171,7059.210029299656,1
10120551,Pangrč Grm,Novo mesto,0.2811663433919709,Novo mesto,0.5009073552258652,10705.203726988297,1
10120560,Petane,Novo mesto,0.3833152060675999,Novo mesto,0.5766181645943608,7177.769297163944,1
10120578,Plemberk,Novo mesto,0.4682311908782269,Novo mesto,0.7023952085264046,6839.9248130348815,1
10120586,Pleš,Novo mesto,0.054934078118264076,Ljubljana,0.1925256545812413,13528.55573905814,0
10120594,Plešivica,Žužemberk,0.08983432428957176,Ljubljana,0.1935833366804478,7660.293165783364,0
10120608,Podgora,Novo mesto,0.4221273946749644,Novo mesto,0.4644452480361858,3356.4745364202718,1
10120616,Podgozd,Žužemberk,0.18377078142580125,Žužemberk,0.2233133981365084,5345.025657900778,1
10120624,Podgrad,Novo mesto,0.2974063322632483,Novo mesto,0.528033436299738,10301.793297427625,1
10120632,Podhosta,Dolenjske Toplice,0.341794480456431,Dolenjske Toplice,0.3839557388998296,2818.782503065086,1
10120659,Podlipa,Novo mesto,0.1454368750912448,Trebnje,0.1576318708113024,9514.07433067086,0
10120667,Podstenice,Novo mesto,0.10915943636233197,Novo mesto,0.1733885391628802,10093.740440815449,1
10120675,Podturn pri Dol. Toplicah,Dolenjske Toplice,0.446781198414524,Dolenjske Toplice,0.559758643086969,2134.871835921021,1
10120683,Polhovica,Novo mesto,0.20576342636850534,Novo mesto,0.3748915853924143,5403.046552723692,1
10120691,Poljane pri Mirni Peči,Trebnje,0.1940300101820846,Trebnje,0.2395136788987767,4945.442784706288,1
10120705,Poljane pri Žužemberku,Žužemberk,0.19956017591774378,Žužemberk,0.2412889392309233,4917.887342849712,1
10120713,Potok,Novo mesto,0.4644089892392291,Novo mesto,0.4725258751383578,2692.374680202788,1
10120721,Potov Vrh,Novo mesto,0.47523760719550295,Novo mesto,0.713033039447382,6439.784941546487,1
10120730,Prapreče,Žužemberk,0.671995435520984,Žužemberk,0.8354460035068909,1214.3562227346524,1
10120748,Prapreče pri Straži,Novo mesto,0.3652924570884455,Novo mesto,0.4808885462976608,4033.175337551031,1
10120756,Prapreče pri Šentjerneju,Novo mesto,0.20170579809729464,Novo mesto,0.3247276016005323,5331.20192784161,1
10120764,Prečna,Novo mesto,0.5445058543893347,Novo mesto,0.6781510831047832,5767.615095616962,1
10120772,Prevole,Kočevje,0.04998164273305263,Ljubljana,0.1979369952573267,12709.428388996144,0
10120799,Pristava,Novo mesto,0.2790812447562748,Novo mesto,0.5051880447478971,10872.215361457578,1
10120802,Pristava pri Šentjerneju,Novo mesto,0.1971987818681728,Novo mesto,0.3650300437297741,5426.658344417656,1
10120829,Pristavica,Novo mesto,0.17609705316785906,Novo mesto,0.2769682848603082,6416.211926024349,1
10120837,Radovlja,Šmarješke Toplice,0.2785879175154282,Šmarješke Toplice,0.319417163616607,1570.291389975661,1
10120845,Rajnovšče,Novo mesto,0.5519005566298048,Novo mesto,0.7626454187996072,5768.0678818421,1
10120853,Rakovnik,Novo mesto,0.14440989787271594,Šentjernej,0.170798345803233,3797.917584165392,0
10120861,Rakovnik pri Birčni vasi,Novo mesto,0.4803579188900474,Novo mesto,0.7256692342079865,6413.288166146505,1
10120870,Ratež,Novo mesto,0.4714904339855455,Novo mesto,0.6929383833081642,6530.963078699693,1
10120888,Ratje,Kočevje,0.045033016752175525,Ljubljana,0.1995566385962378,12638.855727815013,0
10120896,Razdrto,Novo mesto,0.1925230089536714,Šentjernej,0.2838765015356396,2513.7778785514,0
10120900,Reber,Žužemberk,0.2959337358289173,Žužemberk,0.4292519889712811,3175.400814042369,1
10120918,Roje,Novo mesto,0.1617841727052507,Šentjernej,0.1809291500136263,3350.6226857325983,0
10120926,Ruhna vas,Novo mesto,0.17199163102705764,Novo mesto,0.264316141577401,4782.718507961731,1
10120934,Rumanja vas,Straža,0.43847754352522395,Straža,0.5157430864607876,1652.0433250355716,1
10120942,Sadinja vas pri Dvoru,Žužemberk,0.29125758699483945,Žužemberk,0.4256569515700665,3219.129734300935,1
10120969,Segonje,Novo mesto,0.1365259716235235,Škocjan,0.1585515509537108,3631.146397424373,0
10120977,Sela,Novo mesto,0.19548474769284788,Novo mesto,0.3126633123205973,2741.466486081394,1
10120985,Sela pri Ajdovcu,Novo mesto,0.19180819897900714,Novo mesto,0.2275404812657889,8973.037982161079,1
10120993,Sela pri Dol. Toplicah,Dolenjske Toplice,0.5879469924549787,Dolenjske Toplice,0.7321200115327323,1400.4733573764909,1
10121019,Sela pri Hinjah,Novo mesto,0.06249247698435242,Ljubljana,0.1816132549790512,9408.422449787267,0
10121027,Sela pri Ratežu,Novo mesto,0.4682311908782269,Novo mesto,0.6677150959290511,6846.493543651081,1
10121035,Sela pri Šentjerneju,Novo mesto,0.16304246569569802,Šentjernej,0.343985652849557,2321.320603534818,0
10121043,Sela pri Štravberku,Novo mesto,0.2844411888365546,Novo mesto,0.446617943556487,8495.669949177754,1
10121051,Sela pri Zajčjem Vrhu,Novo mesto,0.3134211940276485,Novo mesto,0.5485077561222004,9864.088488818536,1
10121060,Sela pri Zburah,Novo mesto,0.18783378868257192,Novo mesto,0.2653480029857461,3303.844434698174,1
10121078,Selišče,Dolenjske Toplice,0.3221391671382461,Dolenjske Toplice,0.4125138911697429,3010.4565145108827,1
10121086,Selo pri Zagorici,Novo mesto,0.2924720457636184,Novo mesto,0.3784586287385141,4669.834142344424,1
10121094,Sevno,Novo mesto,0.5771894612987866,Novo mesto,0.7677300741365278,5172.742518567791,1
10121108,Smolenja vas,Novo mesto,0.7407901998215439,Novo mesto,0.8990874277339387,3250.9761992100566,1
10121116,Soteska,Novo mesto,0.1741994350433596,Novo mesto,0.2233958436976907,4690.224260945373,1
10121124,Srebrniče,Novo mesto,0.5774924776218453,Novo mesto,0.7724899717127202,4583.142360988318,1
10121132,Srednje Grčevje,Novo mesto,0.29466193667699886,Novo mesto,0.4746349264835742,8035.066994105762,1
10121159,Srednji Globodol,Novo mesto,0.17212189360170574,Novo mesto,0.2546432619481729,6198.552349673137,1
10121167,Srednji Lipovec,Novo mesto,0.17254912248531482,Novo mesto,0.1688167744135012,6337.585515542019,1
10121175,Stara Bučka,Škocjan,0.15484944879262538,Škocjan,0.3023538078512863,2331.447880004206,1
10121183,Stare Žage,Novo mesto,0.159652279330799,Novo mesto,0.2127906588874248,7368.129176333623,1
10121191,Stavča vas,Žužemberk,0.2829557391104037,Žužemberk,0.419773986821705,3268.7302855583685,1
10121205,Stopiče,Novo mesto,0.49389821078363433,Novo mesto,0.7432621254288518,6095.924438303816,1
10121213,Stopno,Novo mesto,0.10522449902906118,Škocjan,0.1337566559832723,4003.3912384419127,0
10121221,Stranje pri Škocjanu,Novo mesto,0.17876167226765635,Novo mesto,0.2464411841687986,4702.181416310847,1
10121230,Stranska vas,Novo mesto,0.46756834548593174,Novo mesto,0.705489388431872,6641.271584309671,1
10121248,Strelac,Šmarješke Toplice,0.3397413023840845,Šmarješke Toplice,0.441827322553408,1155.787591423598,1
10121256,Suhor,Novo mesto,0.45405038114984725,Novo mesto,0.5726452105504924,5928.188866168387,1
10121264,Suhor pri Dol. Toplicah,Dolenjske Toplice,0.2921647490080085,Dolenjske Toplice,0.349337963220337,3104.7009862612194,1
10121272,Šentjakob,Novo mesto,0.1365259716235235,Novo mesto,0.1481675152774519,4826.186465751598,1
10121299,Šentjernej,Šentjernej,0.9999994653037703,Šentjernej,0.999999602587402,0.0,1
10121302,Šentjošt,Novo mesto,0.46756834548593174,Novo mesto,0.7157859947957282,6601.168854803941,1
10121329,Šentjurij na Dolenjskem,Novo mesto,0.19599311574909847,Novo mesto,0.2467238888593544,3274.1922686791886,1
10121337,Škocjan,Škocjan,0.9992311482100721,Škocjan,0.9999995368261352,0.0,1
10121345,Škrjanče pri Novem mestu,Novo mesto,0.7514248742867154,Novo mesto,0.9069786808459216,3128.1072834890874,1
10121353,Šmalčja vas,Šentjernej,0.4124860875339617,Šentjernej,0.4750395386927385,1669.0041554988406,1
10121361,Šmarje,Šentjernej,0.4124860875339617,Šentjernej,0.4965567667647053,1667.5761346148688,1
10121370,Šmarješke Toplice,Novo mesto,0.2924720457636184,Novo mesto,0.4441908343021029,4429.269248835577,1
10121388,Šmarjeta,Šmarješke Toplice,0.9993419413519911,Šmarješke Toplice,0.999999067955621,0.0,1
10121396,Šmihel pri Žužemberku,Žužemberk,0.14491773971782496,Ljubljana,0.1894710525240777,6236.785988141111,0
10121400,Štravberk,Novo mesto,0.20557334451367118,Novo mesto,0.4122671344652386,7616.852664033346,1
10121418,Tolsti Vrh,Novo mesto,0.19718323823084893,Novo mesto,0.3929444697894794,7100.533350700411,1
10121426,Tomažja vas,Novo mesto,0.18975252004988302,Novo mesto,0.231483536883516,4239.131114356128,1
10121434,Travni Dol,Novo mesto,0.18628994082033515,Novo mesto,0.2704445470804345,9947.23585762912,1
10121442,Trebča vas,Žužemberk,0.37215381978193557,Žužemberk,0.5674577919882563,2403.928717187369,1
10121469,Trška Gora,Novo mesto,0.46060760305374565,Novo mesto,0.6355736173438601,7100.826152515584,1
10121477,Uršna sela,Novo mesto,0.1961687843787006,Novo mesto,0.3718371606807044,7622.321261706968,1
10121485,Vavta vas,Straža,0.43847754352522395,Straža,0.5410667749472728,1649.1281499475672,1
10121493,Velike Brusnice,Novo mesto,0.3333949369588573,Novo mesto,0.5341924823590997,8526.033201785596,1
10121507,Velike Poljane,Novo mesto,0.16490012514938918,Novo mesto,0.1771137187207927,4804.868777795738,1
10121515,Veliki Ban,Novo mesto,0.1347739244667363,Novo mesto,0.1594597362410168,4524.69789439663,1
10121523,Veliki Cerovec,Novo mesto,0.2568725318585124,Novo mesto,0.490778166891567,11157.452246818712,1
10121531,Veliki Kal,Novo mesto,0.24721927376324204,Mirna Peč,0.2896735144786337,2683.919994645776,0
10121540,Veliki Lipovec,Novo mesto,0.17609705316785906,Novo mesto,0.2512316654668395,9429.239408207051,1
10121558,Veliki Orehek,Novo mesto,0.4067639467028081,Novo mesto,0.634669911391391,7993.202432095264,1
10121566,Veliki Podljuben,Novo mesto,0.32998174801074404,Novo mesto,0.5206656112645393,7418.70293600234,1
10121574,Veliki Rigelj,Novo mesto,0.18142571500106375,Dolenjske Toplice,0.2669785500399143,4396.471380791342,0
10121582,Veliki Slatnik,Novo mesto,0.4819520812624935,Novo mesto,0.7191118451660279,6385.81254102271,1
10121604,Veliko Lipje,Žužemberk,0.11397180207189903,Ljubljana,0.1560598936799169,7080.194411682741,0
10121612,Verdun,Novo mesto,0.4283898454789887,Novo mesto,0.6733088680358408,7377.443487754869,1
10121639,Verdun pri Uršnih selih,Novo mesto,0.18283106640766714,Novo mesto,0.2983172218878761,5397.787681522017,1
10121647,Vinica pri Šmarjeti,Novo mesto,0.18996034187044222,Novo mesto,0.227131530592097,3222.5998611759387,1
10121655,Vinja vas,Novo mesto,0.29192589803234537,Novo mesto,0.5215080060195327,10393.738734601686,1
10121663,Vinji Vrh,Novo mesto,0.17436399398220087,Novo mesto,0.2557979463534982,4543.67946359984,1
10121671,Vinkov Vrh,Žužemberk,0.19431649984402008,Žužemberk,0.2323042203271509,5133.350402111531,1
10121680,Visejec,Novo mesto,0.051829381503600495,Ljubljana,0.2084691957465684,11953.790184959851,0
10121698,Volčkova vas,Šentjernej,0.28883763090538667,Šentjernej,0.3889827885808138,2077.205967528573,1
10121701,Vratno,Novo mesto,0.1640318706161378,Novo mesto,0.1910669777304899,4245.443969448594,1
10121710,Vrbovce,Novo mesto,0.15703744245097662,Šentjernej,0.2881355466390114,2644.0862204033506,0
10121728,Vrh pri Hinjah,Novo mesto,0.0738965077054225,Ljubljana,0.1743422211372458,8800.7159145916,0
10121736,Vrh pri Križu,Žužemberk,0.17486391014142208,Žužemberk,0.1983386923997802,5598.497542377817,1
10121744,Vrh pri Ljubnu,Novo mesto,0.4492710181761511,Novo mesto,0.59282160301527,5125.143204321683,1
10121752,Vrh pri Pahi,Novo mesto,0.3333949369588573,Novo mesto,0.5127097369092494,7179.826767456078,1
10121779,Vrh pri Šentjerneju,Šentjernej,0.4830293951853271,Šentjernej,0.641696190568959,1178.3226295580998,1
10121787,Vrhe,Novo mesto,0.20557334451367118,Novo mesto,0.4585664928903653,11874.363086540992,1
10121795,Vrhovo pri Mirni Peči,Novo mesto,0.24813529435253595,Novo mesto,0.3106176331676174,3535.916602881985,1
10121809,Vrhovo pri Žužemberku,Žužemberk,0.2402771368493005,Žužemberk,0.3201853699258207,4056.362263435241,1
10121817,Vrhpeč,Trebnje,0.22854716210354645,Trebnje,0.278523425545038,4792.680913347534,1
10121825,Zafara,Žužemberk,0.6729261947950159,Žužemberk,0.8668197669544258,1080.4765836671377,1
10121833,Zagrad,Novo mesto,0.1545498792699868,Novo mesto,0.1491169988827765,4180.876499794519,1
10121841,Zagrad pri Otočcu,Novo mesto,0.3631014241022917,Novo mesto,0.5613381482803876,7405.696936350403,1
10121850,Zajčji Vrh pri Stopičah,Novo mesto,0.33055572752183665,Novo mesto,0.5667688759602527,9396.176357241358,1
10121868,Zalisec,Žužemberk,0.26146206056342153,Žužemberk,0.3835612630126681,3500.3380850023027,1
10121876,Zalog,Novo mesto,0.4681205522927445,Novo mesto,0.5682216157418797,3997.028409271202,1
10121884,Zalog pri Škocjanu,Novo mesto,0.18316535838844195,Škocjan,0.207282616405046,2785.9127374450964,0
10121892,Zameško,Novo mesto,0.15837458304023572,Novo mesto,0.1549560445825828,5570.86328802447,1
10121906,Zapuže,Novo mesto,0.20162749636137292,Novo mesto,0.3452773853963649,4709.079994377359,1
10121914,Zavinek,Škocjan,0.5152054909179854,Škocjan,0.6999271208090556,976.4108452321666,1
10121922,Zbure,Novo mesto,0.18365713559334185,Novo mesto,0.1831699672829098,2968.8726283514925,1
10121949,Zloganje,Škocjan,0.34685981930017606,Škocjan,0.4284395941853603,1720.7904864182292,1
10121957,Žaloviče,Novo mesto,0.20756422383397669,Novo mesto,0.38423534354199,4810.46657423784,1
10121965,Ždinja vas,Novo mesto,0.41144890838941506,Novo mesto,0.5899386401830627,7869.132264622411,1
10121973,Žerjavin,Novo mesto,0.2784881495030334,Novo mesto,0.454713020948764,7842.208238656224,1
10121981,Žihovo selo,Novo mesto,0.566658264197126,Novo mesto,0.7481252204011977,5588.88920206227,1
10121990,Žužemberk,Žužemberk,0.9999998318214807,Žužemberk,0.9999998638829204,0.0,1
10122007,Žvabovo,Šentjernej,0.2787284369606792,Šentjernej,0.3741516253836524,2158.551831200078,1
10122015,Žvirče,Kočevje,0.0660272208131611,Ljubljana,0.2154919733968057,15091.452017115716,0
10122023,Petelinjek,Novo mesto,0.5792462712180134,Novo mesto,0.7812685728088552,5214.872561123932,1
10122031,Straža,Straža,0.999999467763371,Straža,0.9999996885426424,0.0,1
10122040,Križe,Novo mesto,0.44464495762012946,Novo mesto,0.6696184931703973,7198.925817872377,1
10122058,Bratonečice,Ormož,0.1812170083422653,Ptuj,0.2219590075207785,3981.843442534168,0
10122066,Bresnica,Ormož,0.16212341605209946,Ptuj,0.2700563561301697,6404.329817366682,0
10122074,Cerovec Stanka Vraza,Ljutomer,0.2764079062332282,Ljutomer,0.3378412951861922,5835.47399888168,1
10122082,Cvetkovci,Ormož,0.26151904416731847,Ormož,0.2496745705885939,4767.894473328959,1
10122104,Dobrava,Ormož,0.7468416309890855,Ormož,0.7983315154781353,2671.4553451824686,1
10122112,Dobrovščak,Ormož,0.35918266791204595,Ormož,0.4800370110178304,5586.520183185891,1
10122139,Drakšl,Ormož,0.4102898423314606,Ormož,0.5251787017783096,4765.545867779467,1
10122147,Frankovci,Ormož,0.39098630684610847,Ormož,0.566406775038278,5081.663795100793,1
10122155,Godeninci,Ormož,0.141811399978517,Središče ob Dravi,0.1589145884605548,3726.5218630085897,0
10122163,Gomila pri Kogu,Ljutomer,0.1986302480030099,Ljutomer,0.294734563914871,7249.365951927334,1
10122171,Gornji Ključarovci,Ormož,0.23651147086747268,Ormož,0.2379467526447944,3139.661612411885,1
10122180,Grabe,Središče ob Dravi,0.35503822946718233,Središče ob Dravi,0.4547234776883201,1619.4716279611478,1
10122198,Gradišče,Sveti Tomaž,0.28402771176874364,Ptuj,0.1774363312446749,1545.7965414695486,0
10122201,Hajndl,Ormož,0.7222465929770214,Ormož,0.72447478938403,3106.6522920462185,1
10122210,Hardek,Ormož,0.795982128288258,Ormož,0.8415772756254416,2335.773108497296,1
10122228,Hermanci,Ljutomer,0.27991803793114345,Ljutomer,0.3829099079608022,5784.229505053697,1
10122236,Hranjigovci,Ormož,0.19723815333676928,Ormož,0.2073265900815919,3036.6753735001566,1
10122244,Hujbar,Ljutomer,0.18572772693041706,Ljutomer,0.2143400220570978,7683.932686123872,1
10122252,Hum pri Ormožu,Ormož,0.4330687796123097,Ormož,0.599273203627409,4605.248515512115,1
10122279,Ivanjkovci,Ormož,0.2608560873025587,Ormož,0.2880589529297583,7966.719478803784,1
10122287,Jastrebci,Ormož,0.1623659318704977,Ormož,0.1817277687442516,6682.742454676874,1
10122295,Kajžar,Ormož,0.19053818741964224,Ljutomer,0.2291875285379834,7992.342539601876,0
10122309,Kog,Ljutomer,0.1622156671584277,Ljutomer,0.2274150659223466,8776.320975543278,1
10122317,Koračice,Sveti Tomaž,0.20601154802185995,Ptuj,0.1550184202512277,1719.2205006639144,0
10122325,Krčevina,Ormož,0.2904662279322709,Ormož,0.4004227103752849,6841.513503277517,1
10122333,Lačaves,Ormož,0.1461097664201253,Ljutomer,0.1761474244427449,7291.885572154998,0
10122341,Lahonci,Ormož,0.18127853232045477,Ormož,0.1766044611166818,4045.793356412052,1
10122350,Lešnica,Ormož,0.5617590708008879,Ormož,0.6363706733822776,3902.753327564096,1
10122368,Lešniški Vrh,Ormož,0.43906213610136136,Ormož,0.5830425515000907,4419.005322537598,1
10122376,Libanja,Ormož,0.36716887193385644,Ormož,0.4997970757738875,5449.831284316507,1
10122384,Litmerk,Ormož,0.5594676440852469,Ormož,0.6357568342329745,3987.351778541369,1
10122392,Loperšice,Ormož,0.4241946211081973,Ormož,0.586912978893093,4726.285008192159,1
10122406,Lunovec,Ormož,0.2993526829217514,Ormož,0.3772385734235343,5739.624704685455,1
10122414,Mala vas pri Ormožu,Sveti Tomaž,0.35825212433635967,Ptuj,0.165024975453941,1422.7273585147327,0
10122422,Mali Brebrovnik,Ormož,0.23955665820917815,Ormož,0.2797661113990509,8279.722012525357,1
10122449,Mezgovci,Ptuj,0.15649634176568297,Ptuj,0.1898478571071574,5172.34134838044,1
10122457,Mihalovci,Ormož,0.2976022831146926,Ormož,0.3817138709909087,6590.813697597299,1
10122465,Mihovci pri Vel. Nedelji,Ormož,0.5870664358352196,Ormož,0.6521956467003168,3651.526900539845,1
10122473,Miklavž pri Ormožu,Ormož,0.23485649643382203,Ormož,0.2501785262865659,8006.550126720114,1
10122481,Obrež,Ormož,0.25444292666307894,Ormož,0.2952694277333698,2670.234828047146,1
10122490,Ormož,Ormož,0.9990312158715914,Ormož,0.9999999635442868,0.0,1
10122503,Osluševci,Ormož,0.23582150169799615,Ptuj,0.2595172953483874,3566.672544290236,0
10122511,Pavlovci,Ormož,0.7454816408526236,Ormož,0.8005042930967705,2694.9518715898294,1
10122520,Pavlovski Vrh,Ormož,0.3309760587497751,Ormož,0.4455989008599393,5963.483799732478,1
10122538,Podgorci,Ormož,0.23490385718377493,Ptuj,0.2433182427467059,4131.639728049399,0
10122546,Preclava,Ormož,0.16455241400477313,Ptuj,0.2618276279056601,4131.301906472564,0
10122554,Pršetinci,Ormož,0.15908813072775327,Ormož,0.1490213834274446,3232.6463448183795,1
10122562,Pušenci,Ormož,0.64938654466789,Ormož,0.7311330815790172,3400.997381440633,1
10122589,Rakovci,Ptuj,0.1488339715740137,Ptuj,0.1789993313360403,2289.493309454488,1
10122597,Ritmerk,Ormož,0.1683657835486478,Ptuj,0.2529953116417704,5259.56449855933,0
10122619,Rucmanci,Ptuj,0.17272141410431477,Ptuj,0.2075893757370225,5613.052112423166,1
10122627,Runeč,Ormož,0.2867677815831613,Ormož,0.3547251054556433,7033.526412150228,1
10122635,Savci,Ptuj,0.16672732100634377,Ptuj,0.2230694538034709,3644.650548294782,1
10122643,Sejanci,Ormož,0.1822990037749565,Ptuj,0.1958981762742141,3212.864625199638,0
10122651,Senčak,Juršinci,0.15623887128296965,Juršinci,0.2433117338221453,4828.22993930026,1
10122660,Senešci,Ormož,0.36629552664751325,Ormož,0.4216532860651976,5472.511333352078,1
10122678,Senik,Ormož,0.23761004345885148,Ormož,0.2544090932351006,4042.170717333154,1
10122686,Sodinci,Ormož,0.2981504142276223,Ormož,0.3276139681294429,6440.787151894584,1
10122694,Spodnji Ključarovci,Ormož,0.2904662279322709,Ormož,0.3470798718713617,4607.195339989263,1
10122708,Središče ob Dravi,Središče ob Dravi,0.989121887053294,Središče ob Dravi,0.9999995926975594,0.0,1
10122716,Stanovno,Ormož,0.29354083832983635,Ormož,0.3733444686363784,6739.662162419719,1
10122724,Strezetina,Ormož,0.2976022831146926,Ormož,0.381601402833524,6591.58946041826,1
10122732,Strjanci,Ormož,0.1806356592647077,Ptuj,0.2362573779931904,6257.301577301308,0
10122759,Strmec pri Ormožu,Ormož,0.5526010861589234,Ormož,0.6232593455415683,4040.877189106997,1
10122767,Šalovci,Ormož,0.254395676391027,Ormož,0.3280266200080639,5571.912969712784,1
10122775,Šardinje,Ormož,0.3676240319241282,Ormož,0.4665121933579456,5413.349117133037,1
10122783,Sveti Tomaž,Sveti Tomaž,0.9918068342745596,Sveti Tomaž,0.9999953968484028,0.0,1
10122791,Trgovišče,Ormož,0.43422665836031854,Ormož,0.5071780271462281,4590.015863287241,1
10122805,Trnovci,Ptuj,0.1431452258087601,Ptuj,0.1819269965904177,4149.987768303345,1
10122813,Veličane,Ljutomer,0.2391550185772299,Ljutomer,0.2800083209847287,6583.558434427241,1
10122821,Velika Nedelja,Ormož,0.5435514550806869,Ormož,0.6040983934048539,4082.71439710964,1
10122830,Veliki Brebrovnik,Ormož,0.2676937039308045,Ormož,0.347707276177889,7479.046183835401,1
10122848,Vičanci,Ormož,0.262598313043047,Ormož,0.2758558085072551,5439.634985445736,1
10122856,Vinski Vrh,Ormož,0.24293047313184377,Ormož,0.2893100125062708,8254.999663739454,1
10122864,Vitan,Ormož,0.17186254019771505,Ormož,0.2152807064100406,5878.929111083665,1
10122872,Vodranci,Ormož,0.16678548491573114,Ormož,0.188556249019669,5573.643824187385,1
10122899,Vuzmetinci,Ljutomer,0.19735139697791695,Ljutomer,0.2730739359221164,7281.619791610655,1
10122902,Zagorje,Sveti Tomaž,0.20601154802185995,Ptuj,0.1925317686724289,1748.1484097976258,0
10122929,Zasavci,Ormož,0.19231098899076582,Ormož,0.2370619691364829,8121.725871366189,1
10122937,Žerovinci,Ljutomer,0.2572143799286549,Ljutomer,0.3084818820434749,6263.447593675364,1
10122945,Žvab,Ormož,0.24293047313184377,Ormož,0.273546193077136,6232.951174408996,1
10122953,Dragonja,Koper,0.26969968120544535,Koper,0.4109625889735626,12175.26405440438,1
10122961,Lucija,Piran,0.6002751217041031,Piran,0.6448767186236302,4126.38621670037,1
10122970,Nova vas nad Dragonjo,Koper,0.3525370933503693,Koper,0.5649819015201752,11909.93054766638,1
10122988,Padna,Koper,0.30848163705101694,Koper,0.4849855559623109,10510.553761188246,1
10122996,Parecag,Koper,0.27191378746703676,Piran,0.3301899372954892,8623.082188764352,0
10123003,Piran,Piran,0.9968781718792478,Piran,0.9999999762345768,0.0,1
10123011,Portorož,Piran,0.7072567747825027,Piran,0.8882810540066042,2130.4705334464425,1
10123020,Sv. Peter,Koper,0.27035095075595506,Koper,0.4906658428008804,12401.199753780076,1
10123038,Seča,Piran,0.3623054292858616,Piran,0.4767505271107498,6449.102599929642,1
10123046,Sečovlje,Piran,0.22869917285419483,Piran,0.3905136411160298,8707.634021348553,1
10123054,Strunjan,Piran,0.3682837622121082,Piran,0.3684064384205801,6053.966304136533,1
10123062,Belsko,Postojna,0.36802245841946046,Postojna,0.5175046129033192,7695.636187125624,1
10123089,Brezje pod Nanosom,Postojna,0.19301321514414926,Postojna,0.3394299033628426,11429.954334297878,1
10123097,Buje,Divača,0.05096958433184788,Sežana,0.1342105502345302,13276.694198831434,0
10123119,Bukovje,Postojna,0.2915909590094731,Postojna,0.4389580741571887,9139.57449781103,1
10123127,Čepno,Postojna,0.0510782682065271,Postojna,0.1383378821305123,10438.942382403357,1
10123135,Šmihel,Pivka,0.21946588273835319,Pivka,0.3133564691260811,4087.9079847907815,1
10123143,Dolnja Košana,Postojna,0.06920900744119557,Postojna,0.1559211710096272,7841.540455847496,1
10123151,Drskovče,Pivka,0.21104911060037457,Pivka,0.291391152185876,4210.012448616926,1
10123160,Gorenje,Postojna,0.2916971708086936,Postojna,0.4358472918348845,9309.818607783449,1
10123178,Goriče,Postojna,0.3632364768222591,Postojna,0.5356566829031001,7532.577700732917,1
10123186,Gornja Košana,Postojna,0.06243682213293486,Postojna,0.1486638374025046,8553.841926219486,1
10123194,Gradec,Pivka,0.3555893672393935,Pivka,0.4216458463521464,2865.111090090248,1
10123208,Grobišče,Postojna,0.5766884493210556,Postojna,0.7224875923376878,4923.406763867271,1
10123216,Hrašče,Postojna,0.563636926212311,Postojna,0.6816731426367573,5460.192596349643,1
10123224,Hrenovice,Postojna,0.4364574150200174,Postojna,0.6132201346731306,6402.860426725637,1
10123232,Hruševje,Postojna,0.33828008831626893,Postojna,0.4550849748082159,8702.285924854961,1
10123259,Juršče,Postojna,0.05824216269995481,Postojna,0.1681503419405796,9562.509824192806,1
10123267,Kal,Pivka,0.2238807393586434,Pivka,0.3214824932442983,4003.060243322881,1
10123275,Klenik,Pivka,0.3555893672393935,Pivka,0.469357859357172,2808.826099180047,1
10123283,Koče,Postojna,0.3709640379577459,Postojna,0.4922730047374589,5536.386650093167,1
10123291,Landol,Postojna,0.2873527192076257,Postojna,0.4174986665033784,9603.418151288975,1
10123305,Liplje,Postojna,0.2607646757943666,Postojna,0.2728255883697565,10336.421770575478,1
10123313,Mala Brda,Postojna,0.19143083864075702,Postojna,0.3516836058853324,11139.410817961536,1
10123321,Mala Pristava,Pivka,0.12085427032317046,Pivka,0.1736943907463967,6176.734531716627,1
10123330,Mali Otok,Postojna,0.6437066325012785,Postojna,0.7655964054341138,4419.522410476013,1
10123348,Malo Ubeljsko,Postojna,0.14411989862676808,Postojna,0.296868303783719,12452.725611542748,1
10123356,Matenja vas,Postojna,0.5712807750543125,Postojna,0.7013050027673321,5078.28181098105,1
10123364,Nadanje selo,Pivka,0.15689189333332965,Pivka,0.2263899150693818,5261.037462600893,1
10123372,Narin,Pivka,0.1336538252434333,Pivka,0.2023620138530446,5770.696798851703,1
10123399,Neverke,Pivka,0.10578283692974573,Postojna,0.1645018646710401,6558.3200213390455,0
10123402,Nova Sušica,Pivka,0.08092681849499879,Postojna,0.16069254364227,7236.953916873668,0
10123429,Orehek,Postojna,0.3759250918101973,Postojna,0.5521454149898376,7193.61711122039,1
10123437,Palčje,Pivka,0.124939463700071,Postojna,0.1849753530298473,6141.002403980399,0
10123445,Parje,Pivka,0.28550263588088304,Pivka,0.3887915127459451,3326.968664727943,1
10123453,Petelinje,Pivka,0.5853569358789315,Pivka,0.7726593095425656,1302.0918167758302,1
10123461,Pivka,Pivka,0.9987661896929716,Pivka,0.9999998402864064,0.0,1
10123470,Planina,Postojna,0.3373771510605089,Postojna,0.3564176003377378,8618.1655087618,1
10123488,Postojna,Postojna,0.996844076402615,Postojna,0.9999999821415464,0.0,1
10123496,Predjama,Postojna,0.23731175150151212,Postojna,0.3835402580733283,10594.861509842503,1
10123500,Prestranek,Postojna,0.4240975061279255,Postojna,0.5561354994392883,6415.822874407681,1
10123518,Rakitnik,Postojna,0.6465084091963145,Postojna,0.7573431735890445,4385.142486300925,1
10123526,Rakulik,Postojna,0.14467522666825922,Postojna,0.3307222196939393,12549.232848427111,1
10123534,Razdrto,Postojna,0.14721143120762326,Postojna,0.2534969151309584,11901.923597885352,1
10123542,Sajevče,Postojna,0.2084659776913605,Postojna,0.3743755430703039,10950.291959884811,1
10123569,Selce,Pivka,0.3555893672393935,Pivka,0.3851845555166898,2867.007545520543,1
10123577,Slavina,Postojna,0.3183549521116314,Postojna,0.4054570187064197,4566.009405766234,1
10123585,Slavinje,Postojna,0.28503632021271963,Postojna,0.4083243618074887,9556.925221153902,1
10123593,Slovenska vas,Pivka,0.2930775699970339,Pivka,0.3713286735976964,3285.8697084427617,1
10123607,Stara Sušica,Postojna,0.0664025584501945,Postojna,0.1574695675133564,8007.821389520537,1
10123615,Stara vas,Postojna,0.8622169474867846,Postojna,0.9293216252812244,2109.820722993511,1
10123623,Strane,Postojna,0.11725043395741062,Postojna,0.2528375004107174,14363.673593378498,1
10123631,Strmca,Postojna,0.313468796842807,Postojna,0.4092518900331904,8917.461331353607,1
10123640,Studenec,Postojna,0.42305761443148454,Postojna,0.5673339224655145,7000.674869114505,1
10123658,Studeno,Postojna,0.3184688510243601,Postojna,0.4262457874319847,8888.902517538532,1
10123666,Suhorje,Ilirska Bistrica,0.0434782293337185,Sežana,0.1254471491547926,15432.24698008512,0
10123674,Šmihel pod Nanosom,Postojna,0.19213525303107154,Postojna,0.357896962021958,11167.098124226246,1
10123682,Šilentabor,Ilirska Bistrica,0.09463602293042735,Postojna,0.1675646334060726,8771.854701900005,0
10123704,Trnje,Pivka,0.3555893672393935,Pivka,0.4709744455090303,2807.8610933296445,1
10123712,Velika Brda,Postojna,0.2818503832150957,Postojna,0.407827513868039,9828.50026930452,1
10123739,Velika Pristava,Pivka,0.28167584274866786,Pivka,0.3896026522180444,3417.0995507933494,1
10123747,Veliki Otok,Postojna,0.8622169474867846,Postojna,0.9312441147267104,2133.0909137747108,1
10123755,Veliko Ubeljsko,Postojna,0.146450375386852,Postojna,0.2709506892863328,13204.616174009969,1
10123763,Volče,Postojna,0.04593012402952692,Postojna,0.1272527056674486,11685.074342586866,1
10123771,Zagon,Postojna,0.5857497711325359,Postojna,0.7538337286241095,4666.324273882303,1
10123780,Zagorje,Ilirska Bistrica,0.13970616484066078,Pivka,0.1775144999412028,5950.703297491003,0
10123801,Žeje,Postojna,0.3634970083118494,Postojna,0.5337388155174074,6509.350624474559,1
10123810,Apače,Ptuj,0.22774403665267168,Ptuj,0.3838097003907054,4247.8419233760005,1
10123828,Barislovci,Ptuj,0.3123686684414808,Ptuj,0.5320418700616666,4869.353544661632,1
10123836,Belavšek,Ptuj,0.1312122295302313,Ptuj,0.3576971352661011,5142.406241383464,1
10123844,Belski Vrh,Ptuj,0.12942965621439695,Ptuj,0.3539378502194273,4518.085662961818,1
10123852,Berinjak,Ptuj,0.13407468865912378,Ptuj,0.342959272348799,7416.948462423979,1
10123879,Biš,Maribor,0.16639707708292725,Ptuj,0.226681626921395,3510.240324410041,0
10123887,Bišečki Vrh,Trnovska vas,0.20736953571974784,Ptuj,0.2372047894914466,2358.313428873864,0
10123895,Bodkovci,Juršinci,0.42589700401228475,Juršinci,0.4557024836319808,2895.956178693136,1
10123909,Bolečka vas,Ptuj,0.1681473581083682,Ptuj,0.4059709110608059,6529.149900973849,1
10123917,Borovci,Dornava,0.5564938499600796,Dornava,0.3946784775020498,1738.0694623055865,1
10123925,Bratislavci,Juršinci,0.15370525000862328,Ptuj,0.2426598153723519,4931.469251720485,0
10123933,Breg,Majšperk,0.5261610151384463,Majšperk,0.539833572155139,1601.1364326494413,1
10123941,Brezovci,Ptuj,0.1450525157198009,Ptuj,0.310390171138847,5619.958291293444,1
10123950,Brezovec,Ptuj,0.13784170454929526,Ptuj,0.3326253797416034,3425.8390585793686,1
10123968,Bukovci,Markovci,0.36809382605627966,Ptuj,0.3972627941865346,2981.0042770498358,0
10123976,Cirkovce,Maribor,0.24251959861328448,Ptuj,0.2780838186002325,7163.081475633948,0
10123984,Cirkulane,Cirkulane,0.9826643053350946,Cirkulane,0.9999957637156396,0.0,1
10123992,Cunkovci,Ptuj,0.20935911192822393,Ptuj,0.3785360133490953,3556.08466428647,1
10124000,Čermožiše,Rogaška Slatina,0.12211345990346188,Ptuj,0.1766867682285671,2306.1135500568107,0
10124018,Črmlja,Maribor,0.25102047317402687,Ptuj,0.2165992413789597,3098.893828838413,0
10124026,Desenci,Ptuj,0.1821321158973249,Ptuj,0.4014068830003394,4062.652107382577,1
10124034,Destrnik,Destrnik,0.2075482265710723,Ptuj,0.3995422516577177,2705.842827084237,0
10124042,Dežno pri Podlehniku,Podlehnik,0.163704596231497,Ptuj,0.3758201757291743,3175.032517512004,0
10124069,Dobrina,Žetale,0.19237990953768808,Ptuj,0.233183517521141,1729.3583326135515,0
10124077,Doklece,Majšperk,0.15646502506556512,Ptuj,0.3371617789205636,4886.6973199922095,0
10124085,Dolane,Ptuj,0.13623342232938931,Ptuj,0.374232497972235,2759.219871582101,1
10124093,Dolena,Ptuj,0.11549108071620065,Ptuj,0.3412883846612262,9240.252961001166,1
10124107,Dolič,Ptuj,0.2484934405507513,Ptuj,0.5025255376795464,4120.094982608209,1
10124115,Dornava,Dornava,0.9974941152647788,Dornava,0.9999995888629112,0.0,1
10124123,Dragonja vas,Maribor,0.1773376787765738,Ptuj,0.2754861423284408,7783.605483378445,0
10124131,Dragovič,Juršinci,0.7021835857632384,Juršinci,0.7240728926843701,1478.842471453349,1
10124140,Dravci,Ptuj,0.1393630325962518,Ptuj,0.4128998828194969,5130.293664637634,1
10124158,Dravinjski Vrh,Ptuj,0.2093818756324518,Ptuj,0.4149316063209592,2200.6941281521867,1
10124166,Draženci,Ptuj,0.5199944437621352,Ptuj,0.5734112205536073,1955.0105341971257,1
10124174,Drbetinci,Sveti Andraž v Slov. goricah,0.361431914235323,Sveti Andraž v Slov. goricah,0.2614546593910873,1327.5053179250772,1
10124182,Drenovec,Ptuj,0.130086903235056,Ptuj,0.300391831340135,5748.504930446766,1
10124204,Drstelja,Ptuj,0.3113804922830638,Ptuj,0.5564095845889953,3341.6541186467184,1
10124212,Formin,Ormož,0.17966221234069818,Ptuj,0.2779234602213251,2991.580672306378,0
10124239,Gabrnik,Juršinci,0.5141365562188773,Juršinci,0.4896845549888757,2176.644002765603,1
10124247,Gajevci,Gorišnica,0.23326745309146218,Ptuj,0.27701916553855,2591.815396668114,0
10124255,Gerečja vas,Ptuj,0.4824620754676206,Ptuj,0.4807768418816536,3176.153250144323,1
10124263,Gibina,Ptuj,0.17255877933345098,Ptuj,0.1818206095751083,6660.517986659652,1
10124271,Gomila,Maribor,0.3044431892594084,Ptuj,0.3374143737595449,5282.450457454186,0
10124280,Gomilci,Ptuj,0.19630743252321106,Ptuj,0.4183804841625414,4003.945197728359,1
10124298,Gorca,Podlehnik,0.2644127404858818,Ptuj,0.3548447957545468,2245.650886373084,0
10124301,Gorenjski Vrh,Ptuj,0.13281419141411904,Ptuj,0.33835939147209,4811.154138581739,1
10124310,Goričak,Ptuj,0.15686620294026946,Ptuj,0.3080344415618504,3031.25276466761,1
10124328,Gorišnica,Gorišnica,0.9942862367832968,Gorišnica,0.9999992058501022,0.0,1
10124336,Gradišča,Ptuj,0.1121710978768257,Ptuj,0.3480862892469358,2929.026466050511,1
10124344,Gradiščak,Juršinci,0.400097808085633,Juršinci,0.3574964156382125,3226.2479322040667,1
10124352,Gradišče,Ptuj,0.16297173755711747,Ptuj,0.3131760359863886,10364.71037114137,1
10124379,Grajena,Ptuj,0.5171743468872453,Ptuj,0.7414090378183036,5154.99003412064,1
10124387,Grajenščak,Maribor,0.27668446460451224,Ptuj,0.5322005831698776,6696.458337759971,0
10124395,Grdina,Rogaška Slatina,0.21513181827320912,Ptuj,0.1690675618082088,7309.0608226126515,0
10124409,Grlinci,Juršinci,0.2666034035546996,Juršinci,0.3220240764114622,3092.8799264632967,1
10124417,Gruškovec,Ptuj,0.17272141410431477,Ptuj,0.3229359198750854,3416.539199408854,1
10124425,Hajdoše,Ptuj,0.5197604167878261,Ptuj,0.6390009104997356,3183.4609109906296,1
10124433,Hlaponci,Juršinci,0.42234206099050076,Juršinci,0.3609380153849533,2998.386693000041,1
10124441,Hrastovec,Ptuj,0.12768945312738522,Ptuj,0.3473040097932096,3975.4406296200464,1
10124450,Hvaletinci,Juršinci,0.1401326112797864,Ptuj,0.1941848995151839,2519.8114494597608,0
10124468,Jablovec,Ptuj,0.11647039208975281,Ptuj,0.3583936648356223,3649.6537463544782,1
10124476,Janežovci,Ptuj,0.38521848128687014,Ptuj,0.6077636253350827,3898.747336007973,1
10124484,Janežovski Vrh,Ptuj,0.2586081511983292,Ptuj,0.5202928677609001,3743.4697165276266,1
10124492,Janški Vrh,Ptuj,0.12192973722145886,Ptuj,0.3270073873525143,6656.76507451545,1
10124506,Jelovice,Ptuj,0.15777555011079816,Ptuj,0.2266464116601074,7164.633963933768,1
10124514,Jiršovci,Maribor,0.25439717636831277,Ptuj,0.3638972582169283,3424.4246218462786,0
10124522,Jurovci,Ptuj,0.2707269693153712,Ptuj,0.4881201791828242,3165.020028757049,1
10124549,Juršinci,Juršinci,0.9978261953796163,Juršinci,0.9999998223247094,0.0,1
10124557,Kicar,Ptuj,0.5019597328457542,Ptuj,0.7072498524118773,5292.264232882346,1
10124565,Kidričevo,Kidričevo,0.998411157017249,Kidričevo,0.9999997603463014,0.0,1
10124573,Kočice,Ptuj,0.1701615627919976,Ptuj,0.2683605741372836,5782.456506606876,1
10124581,Korenjak,Ptuj,0.16955830019802437,Ptuj,0.3158832811668853,5559.666673092101,1
10124590,Koritno,Majšperk,0.30314613251671113,Majšperk,0.2345797706552827,3100.069919822204,1
10124603,Kozminci,Ptuj,0.1419992316973036,Ptuj,0.3228577321913646,5340.328319328011,1
10124611,Krčevina pri Vurbergu,Maribor,0.30459049711513336,Ptuj,0.4606294976218432,6999.990698596765,0
10124620,Kukava,Juršinci,0.42692964864279787,Juršinci,0.3657752443295324,2828.924801355354,1
10124638,Kungota pri Ptuju,Maribor,0.2780969447065446,Ptuj,0.3434522278234116,3596.0154417177987,0
10124646,Lancova vas,Ptuj,0.34631835759218843,Ptuj,0.5327730364422042,3139.5994609815057,1
10124654,Lasigovci,Ormož,0.1560250647140961,Ptuj,0.2900173804720812,5677.322980156136,0
10124662,Lešje,Majšperk,0.47892614496593217,Majšperk,0.4735276709290988,1750.6826726197585,1
10124689,Levanjci,Ptuj,0.2080708491726787,Ptuj,0.4496209565149774,4820.848590120733,1
10124697,Ljubstava,Ptuj,0.15866633094680174,Ptuj,0.4186178681219925,4558.84960980336,1
10124719,Ločič,Trnovska vas,0.17004524460473547,Ptuj,0.3064649476885722,2837.626089278785,0
10124727,Ločki Vrh,Destrnik,0.23800385413383907,Ptuj,0.3071089783427196,2268.2593166009783,0
10124735,Lovrenc na Dravskem polju,Ptuj,0.20240670198140137,Ptuj,0.3634488789831869,4291.844973793891,1
10124743,Ložina,Ptuj,0.13620901077793535,Ptuj,0.2824447862233056,11338.432826778504,1
10124751,Majski Vrh,Ptuj,0.17411948419153014,Ptuj,0.407883212042482,4028.7638990907576,1
10124760,Majšperk,Majšperk,0.9934464895785343,Majšperk,0.9999996374461304,0.0,1
10124778,Mala Varnica,Ptuj,0.13807893095876406,Ptuj,0.3377533901091228,7791.125366958655,1
10124786,Mala vas,Ormož,0.150491812235635,Ptuj,0.3318728605138226,3560.752958387109,0
10124794,Mali Okič,Ptuj,0.1394682114631394,Ptuj,0.3465940928033104,3332.4090479415554,1
10124808,Markovci,Markovci,0.9981017456352125,Markovci,0.9999995341227662,0.0,1
10124816,Medribnik,Cirkulane,0.23086929617211535,Ptuj,0.3128547577548053,1688.4623428768878,0
10124824,Medvedce,Majšperk,0.21447808174014552,Ptuj,0.2130750520136943,4083.5839235760086,0
10124832,Meje,Ptuj,0.15667578586818035,Ptuj,0.3076030051687696,4950.7931604055975,1
10124859,Mestni Vrh,Ptuj,0.6909818519329989,Ptuj,0.8738164707140136,3291.138684152596,1
10124867,Mezgovci ob Pesnici,Dornava,0.6434159826042805,Dornava,0.5758582693733365,1477.2692415444635,1
10124875,Mihovce,Maribor,0.17233867893017216,Ptuj,0.285773281780109,7322.752480152191,0
10124883,Mostje,Ptuj,0.25297088802420575,Ptuj,0.3926885037040939,3803.427211347723,1
10124891,Moškanjci,Dornava,0.20985326318572833,Ptuj,0.3302944339396059,3306.166352831997,0
10124905,Muretinci,Ptuj,0.16301027998619144,Ptuj,0.378272485176693,4857.531985365101,1
10124913,Nadole,Ptuj,0.14068823390381915,Ptuj,0.2002293251735183,4818.140803370879,1
10124921,Naraplje,Majšperk,0.22273821164573682,Ptuj,0.232696588730579,3790.809610417535,0
10124930,Njiverce,Kidričevo,0.9193602258229038,Kidričevo,0.8809818926627243,768.9233560748577,1
10124948,Nova vas pri Markovcih,Markovci,0.49286008936672354,Markovci,0.413979311626081,2124.8520400010257,1
10124956,Pacinje,Ptuj,0.38521848128687014,Ptuj,0.4880746425533843,2954.719191751415,1
10124964,Paradiž,Ptuj,0.17378057634637042,Ptuj,0.3188860467549239,2926.7188916621785,1
10124972,Pestike,Ptuj,0.13849012182323753,Ptuj,0.3307363736912517,3583.4603031388224,1
10124999,Placar,Ptuj,0.506693136420602,Ptuj,0.6931955499082776,5050.442338544127,1
10125006,Placerovci,Ormož,0.17145397837736634,Ptuj,0.2824788524442547,3248.426348562436,0
10125014,Planjsko,Ptuj,0.17378057634637042,Ptuj,0.2357186748856233,5040.236662992424,1
10125022,Pleterje,Maribor,0.15816541249215282,Ptuj,0.3174540206815849,6770.220119707025,0
10125049,Pobrežje,Ptuj,0.5467050986332862,Ptuj,0.6825595429570217,2475.516226383595,1
10125057,Podlehnik,Podlehnik,0.9814054753482592,Podlehnik,0.9999990856618792,0.0,1
10125065,Podlože,Majšperk,0.44278731478874483,Majšperk,0.3921889273542424,1949.686708583776,1
10125073,Podvinci,Ptuj,0.6249218650869292,Ptuj,0.7499377325013321,3904.572491033068,1
10125081,Pohorje,Ptuj,0.1700074554794558,Ptuj,0.2963725545262962,3725.6663337490127,1
10125090,Polenci,Ormož,0.1441535069294122,Ptuj,0.2578955162069469,5667.934362509222,0
10125103,Polenšak,Juršinci,0.21255376407273752,Juršinci,0.253952878996894,4261.354606431055,1
10125111,Pongrce,Maribor,0.2682750862339574,Ptuj,0.236994265861672,7956.92729316966,0
10125120,Popovci,Ptuj,0.19918720810651738,Ptuj,0.4613526702509552,5177.491733403451,1
10125138,Prerad,Ormož,0.1526412767871944,Ptuj,0.2961345288135352,3586.3345035521934,0
10125146,Preša,Majšperk,0.3265625663424412,Majšperk,0.2921938771298591,2739.0515252366445,1
10125154,Pristava,Cirkulane,0.3059260234503936,Ptuj,0.3080084054358838,1500.893889691223,0
10125162,Prvenci,Markovci,0.3710974216527601,Ptuj,0.3552676812331877,2912.870589147426,0
10125189,Ptuj,Ptuj,0.995983620614592,Ptuj,0.9999999804418032,0.0,1
10125197,Ptujska Gora,Majšperk,0.2775269222445371,Ptuj,0.2836631817930856,3351.97164045074,0
10125219,Repišče,Ptuj,0.1292837608869111,Ptuj,0.3948273818556235,5646.438787090648,1
10125227,Rjavci,Ptuj,0.16633477964890972,Ptuj,0.1777450851933499,3459.356260577116,1
10125235,Rodni Vrh,Ptuj,0.11720563786023415,Ptuj,0.3480083946375358,4779.958761646194,1
10125243,Rotman,Juršinci,0.8235616151748463,Juršinci,0.8035082102465059,1197.58776237536,1
10125251,Sakušak,Juršinci,0.255688050419138,Juršinci,0.3511861844386252,3586.0125395944483,1
10125260,Sedlašek,Ptuj,0.1234691959763701,Ptuj,0.3514078563895839,4513.66080581772,1
10125278,Sela,Ptuj,0.3440603936010742,Ptuj,0.5351342413010047,4640.660244292674,1
10125286,Senčak pri Juršincih,Juršinci,0.21239597284924536,Juršinci,0.288641925018529,4248.213854678314,1
10125294,Sestrže,Maribor,0.16605001552306656,Ptuj,0.1936298369000915,5374.659974834371,0
10125308,Sitež,Ptuj,0.1721572684935212,Ptuj,0.2294809690161452,6083.199396723716,1
10125316,Skorba,Ptuj,0.6672599701130748,Ptuj,0.6498565938203262,1793.0226899571503,1
10125324,Skorišnjak,Ptuj,0.16864271117555493,Ptuj,0.3262127007560808,8411.348046006584,1
10125332,Skrblje,Majšperk,0.4326889559735056,Majšperk,0.4405675086415546,1995.591914927828,1
10125359,Slape,Majšperk,0.24189278250089147,Ptuj,0.2639243940053305,3661.972380038678,0
10125367,Slatina,Ptuj,0.16900099469640828,Ptuj,0.2968838812456396,3004.983148558916,1
10125375,Slavšina,Ptuj,0.17392666793610526,Ptuj,0.1723801889402004,6509.496309544352,1
10125383,Slomi,Ptuj,0.1396336393528729,Ptuj,0.3259703758215216,5216.161339722009,1
10125391,Slovenja vas,Ptuj,0.3822359502009877,Ptuj,0.5063648707192793,4551.19214863146,1
10125405,Sobetinci,Ptuj,0.2153406168290154,Ptuj,0.361324501479704,3842.910454008691,1
10125413,Soviče,Ptuj,0.13839139361115438,Ptuj,0.4167481829136395,5082.26394353469,1
10125421,Sovjak,Maribor,0.23437079265722255,Ptuj,0.2113538426302472,3767.9164977851096,0
10125430,Spodnja Hajdina,Ptuj,0.683240104388934,Ptuj,0.6278955151822152,1107.5593037948497,1
10125448,Spodnje Jablane,Maribor,0.24461472250702,Ptuj,0.2565795361040907,8332.120981942937,0
10125456,Spodnji Leskovec,Ptuj,0.11910464439830327,Ptuj,0.3804131118152699,5812.952996206887,1
10125464,Spodnji Velovlek,Ptuj,0.37400932556721606,Ptuj,0.5618347618738286,5017.49645131378,1
10125472,Spuhlja,Ptuj,0.672923040282224,Ptuj,0.744818190207534,2876.647720581195,1
10125499,Stanečka vas,Majšperk,0.6034890048298095,Majšperk,0.6068969914794605,1350.6306231885335,1
10125502,Stanošina,Podlehnik,0.2644127404858818,Ptuj,0.3334337883646207,2247.7701623092225,0
10125529,Starošince,Maribor,0.29958465912077825,Ptuj,0.2462712665909981,5633.220521478787,0
10125537,Stogovci,Majšperk,0.3835005005015567,Majšperk,0.373197187308268,2119.403638785682,1
10125545,Stojnci,Markovci,0.19850153318964125,Ptuj,0.4098035519964,4087.1175363549646,0
10125553,Stoperce,Rogaška Slatina,0.20741087433169103,Rogaška Slatina,0.1648682871600485,5965.645245047611,1
10125561,Strajna,Ptuj,0.13499742832585582,Ptuj,0.3197404667191943,6505.266211322115,1
10125570,Stražgonjca,Maribor,0.2743477517638943,Ptuj,0.2042020879302291,6244.485275356056,0
10125588,Strejaci,Dornava,0.2274508051420893,Ptuj,0.339439402763573,3447.468330839863,0
10125596,Strelci,Dornava,0.27890003844992445,Ptuj,0.3766507527242135,3402.9284915320013,0
10125600,Strmec pri Destrniku,Maribor,0.25439717636831277,Ptuj,0.3283751271707625,3966.554428071902,0
10125618,Strmec pri Leskovcu,Ptuj,0.11549108071620065,Ptuj,0.3486230754052501,4300.327506007058,1
10125626,Strmec pri Polenšaku,Ptuj,0.14064756793771888,Ptuj,0.3285989266053034,4173.811738942158,1
10125634,Svetinci,Ptuj,0.20062788552540506,Ptuj,0.3947191077003554,3231.715364664293,1
10125642,Šikole,Maribor,0.2731258140136379,Ptuj,0.2223129997748777,6379.706195623177,0
10125669,Šturmovci,Ptuj,0.3032471040372652,Ptuj,0.4526323973011572,2212.009777380666,1
10125677,Tibolci,Ptuj,0.13335338453647427,Ptuj,0.318341635244487,3861.567798969165,1
10125685,Trdobojci,Ptuj,0.13358841053146558,Ptuj,0.3357651426864362,7296.229048864148,1
10125693,Trnovec,Ptuj,0.2824894985928752,Ptuj,0.4810696097289191,5495.9693041127775,1
10125707,Trnovska vas,Trnovska vas,0.991625798628227,Trnovska vas,0.9999990214186376,0.0,1
10125715,Trnovski Vrh,Trnovska vas,0.2525660374391318,Ptuj,0.2524653901360977,2192.392519289935,0
10125723,Tržec,Ptuj,0.3159605446260215,Ptuj,0.4719730130153846,2031.4709412827824,1
10125731,Turški Vrh,Ptuj,0.16885940711452732,Ptuj,0.3190679210705958,3290.430787565685,1
10125740,Vareja,Ptuj,0.17187472323129083,Ptuj,0.4333965627706445,3876.1806794739728,1
10125758,Velika Varnica,Ptuj,0.17257317242125791,Ptuj,0.3167819260788653,9607.242506352208,1
10125766,Veliki Okič,Ptuj,0.1343334835252768,Ptuj,0.3482353829896668,4662.134712749027,1
10125774,Veliki Vrh,Ptuj,0.1116902690831548,Ptuj,0.3627499247186204,4162.444107281675,1
10125782,Videm pri Ptuju,Videm,0.9921332920014967,Videm,0.999998496966038,0.0,1
10125804,Vintarovci,Destrnik,0.9952598373195372,Destrnik,0.9999990738184268,0.0,1
10125812,Vitomarci,Sveti Andraž v Slov. goricah,0.9865490510720499,Sveti Andraž v Slov. goricah,0.9999984433995512,0.0,1
10125839,Zabovci,Markovci,0.7946692293241796,Markovci,0.4982620962785641,1286.2753937970945,1
10125847,Zagojiči,Ptuj,0.18700539066792404,Ptuj,0.3558474344148395,3637.530160679221,1
10125855,Zagorci,Juršinci,0.33970911218939487,Juršinci,0.3695583155035429,3316.0178381867363,1
10125863,Zakl,Podlehnik,0.2617519052895063,Ptuj,0.3427882884518994,2260.865154503841,0
10125871,Zamušani,Gorišnica,0.44406340516346554,Gorišnica,0.3745357630313136,1498.0343640059723,1
10125880,Zasadi,Destrnik,0.30327071358252367,Ptuj,0.3333634659381312,1914.076723883708,0
10125898,Zavrč,Zavrč,0.9965207125585578,Zavrč,0.99999611176241,0.0,1
10125901,Zgornja Hajdina,Hajdina,0.9891564320166869,Hajdina,0.9999979431744752,0.0,1
10125910,Zgornja Pristava,Ptuj,0.16931903841465692,Ptuj,0.4212371882166827,6209.304862001796,1
10125928,Zgornje Jablane,Maribor,0.25332233644043844,Ptuj,0.2468824792897854,8688.11620042701,0
10125936,Zgornji Leskovec,Ptuj,0.11613003750604094,Ptuj,0.3630109098978573,6152.364221241805,1
10125944,Zgornji Velovlek,Ptuj,0.2707269693153712,Ptuj,0.5126932288695346,6061.691183089493,1
10125952,Žamenci,Dornava,0.34768984729853714,Ptuj,0.3383270494534713,3184.090855204446,0
10125979,Žetale,Žetale,0.9921380699180221,Žetale,0.9999957085161814,0.0,1
10125987,Župečja vas,Ptuj,0.18238329019069194,Ptuj,0.3465017304385616,5385.143963970044,1
10125995,Dol pri Stopercah,Ptuj,0.13523243994986367,Ptuj,0.198499033807669,6843.372215223159,1
10126002,Kupčinji Vrh,Rogaška Slatina,0.16854387296644752,Ptuj,0.1583473078163969,5496.861461445418,0
10126029,Novinci,Ptuj,0.1681168216725591,Ptuj,0.1709297650516262,2787.1429918819667,1
10126037,Spodnja Sveča,Majšperk,0.27492773880275456,Majšperk,0.2103235139426746,3441.8859939797508,1
10126045,Spodnje Gruškovje,Podlehnik,0.2576249731966701,Ptuj,0.3354049514019923,2289.028151136771,0
10126053,Strnišče,Kidričevo,0.4501731913721917,Kidričevo,0.4289387907823424,2945.1321068207185,1
10126061,Zgornja Sveča,Rogaška Slatina,0.1689339650564741,Ptuj,0.1846698470869631,5437.757110601371,0
10126070,Zgornje Gruškovje,Ptuj,0.12768945312738522,Ptuj,0.3422655131838291,5795.988144495389,1
10126088,Spodnji Gaj pri Pragerskem,Maribor,0.26674071126810917,Maribor,0.1867990947353783,7899.513222434915,1
10126096,Sv. Jernej nad Muto,Muta,0.08837588458507183,Muta,0.1322024839960205,10657.046691667649,1
10126100,Brezni Vrh,Podvelka,0.20817650276658628,Podvelka,0.1911506130015456,6706.545629051003,1
10126118,Brezno,Podvelka,0.7300451192251269,Podvelka,0.8813464625141769,1061.9765877624527,1
10126126,Sv. Trije Kralji,Muta,0.16644937508197233,Radlje ob Dravi,0.220362585485227,7517.633155322429,0
10126134,Dobrava,Radlje ob Dravi,0.6068435002933853,Radlje ob Dravi,0.8129551700460445,1998.6801924268289,1
10126142,Dravče,Muta,0.2714009357025496,Muta,0.2728770422733667,4020.491039920949,1
10126169,Gortina,Muta,0.38415903590382816,Muta,0.3582135104426848,3761.2359278362487,1
10126177,Hudi Kot,Ribnica na Pohorju,0.12131773334905843,Maribor,0.1740843732651066,5254.974880633852,0
10126185,Janževski Vrh,Podvelka,0.10832827484170326,Maribor,0.2245995274251271,8029.780445489857,0
10126193,Javnik,Podvelka,0.24536914165593537,Maribor,0.2437996510882577,6212.643805720744,0
10126207,Josipdol,Ribnica na Pohorju,0.17461440791392435,Maribor,0.1923588156319038,3980.790293283206,0
10126215,Kozji Vrh,Radlje ob Dravi,0.11725402348766316,Radlje ob Dravi,0.2210750491673674,9453.046653323265,1
10126223,Lehen na Pohorju,Podvelka,0.2445737779717432,Maribor,0.2157085399984779,6178.25762743281,0
10126231,Mlake,Muta,0.05079491884935148,Maribor,0.1062753265165381,14130.4581787824,0
10126240,Muta,Muta,0.9926663887191545,Muta,0.9999998226512556,0.0,1
10126266,Ožbalt,Maribor,0.16591940562024507,Maribor,0.2924160198080464,8091.111817480205,1
10126274,Pernice,Muta,0.22446761862649234,Muta,0.2406263486755429,6346.702978808326,1
10126282,Sv. Anton na Pohorju,Radlje ob Dravi,0.1083987920730436,Radlje ob Dravi,0.2014894570195544,10012.183212602884,1
10126304,Sv. Primož nad Muto,Muta,0.2322110965905117,Muta,0.2278542171819323,6272.629190659709,1
10126312,Podvelka,Podvelka,0.9961573212244674,Podvelka,0.9999998854265056,0.0,1
10126339,Radelca,Podvelka,0.09912343636447826,Radlje ob Dravi,0.1772206973572957,9471.776035007451,0
10126347,Radlje ob Dravi,Radlje ob Dravi,0.9935823663831844,Radlje ob Dravi,0.9999999361807036,0.0,1
10126355,Rdeči Breg - del,Podvelka,0.07990897318307998,Maribor,0.2399337953761517,11055.039089698435,0
10126363,Remšnik,Podvelka,0.1360176888301326,Radlje ob Dravi,0.1936130485929992,7964.475878278708,0
10126371,Ribnica na Pohorju,Ribnica na Pohorju,0.9924303402297115,Ribnica na Pohorju,0.9999996446786836,0.0,1
10126380,Spodnja Kapla,Maribor,0.08631753155940813,Maribor,0.2829852023295624,14551.197087826422,1
10126398,Spodnja Vižinga,Radlje ob Dravi,0.5223020484944338,Radlje ob Dravi,0.6879455153955054,2811.5842544574766,1
10126401,Št. Janž pri Radljah,Radlje ob Dravi,0.22360964745525905,Radlje ob Dravi,0.3742038146617635,6308.6751551589805,1
10126410,Sv. Primož na Pohorju,Muta,0.11629851859225243,Muta,0.1581752374672687,8140.894159948218,1
10126428,Sv. Vid,Muta,0.38415903590382816,Muta,0.3467641199748275,3228.001113573727,1
10126436,Šentjanž nad Dravčami,Muta,0.2688241172691304,Muta,0.2778989489551369,4128.996336570796,1
10126444,Vas,Radlje ob Dravi,0.17179333955041043,Radlje ob Dravi,0.2872431330520973,7604.538718839375,1
10126452,Vuhred,Radlje ob Dravi,0.3599580103532012,Radlje ob Dravi,0.4833178876413838,4315.869529612024,1
10126479,Vurmat - del,Maribor,0.20489928612524724,Maribor,0.3142455385517355,6986.789356366492,1
10126487,Vuzenica,Vuzenica,0.9952327325799912,Vuzenica,0.9999992205207894,0.0,1
10126495,Zgornja Kapla,Podvelka,0.08734140674969611,Maribor,0.2503794835726524,9992.286500192671,0
10126509,Zgornja Vižinga,Radlje ob Dravi,0.5247241797962716,Radlje ob Dravi,0.5926617222759022,2672.0275764927046,1
10126517,Begunje na Gorenjskem,Radovljica,0.6316603184791478,Radovljica,0.5001403671569291,4926.0845781657445,1
10126525,Bitnje,Bohinj,0.8307498571077445,Bohinj,0.907711415375364,1590.8894589128504,1
10126533,Bled,Bled,0.9977568384036529,Bled,0.9999998689968396,0.0,1
10126541,Bodešče,Bled,0.574312843529999,Bled,0.5104437453520762,3022.791863738448,1
10126550,Bohinjska Bela,Bled,0.3564815736608222,Bled,0.2872237317268852,6067.38668184738,1
10126568,Bohinjska Bistrica,Bohinj,0.9970647737395203,Bohinj,0.999999960610668,0.0,1
10126576,Bohinjska Češnjica,Bohinj,0.5782456640679784,Bohinj,0.6191531587797636,4141.378275448335,1
10126584,Brda,Radovljica,0.6314288506097865,Radovljica,0.5878531401344737,4720.321862630962,1
10126592,Brezje,Radovljica,0.5314856532837716,Radovljica,0.3839481391857963,5838.162776474272,1
10126606,Brezovica,Radovljica,0.39784325613487614,Radovljica,0.2845367191245544,8174.981973045762,1
10126614,Brod,Bohinj,0.7210885427346362,Bohinj,0.8707477567750156,2015.021092012806,1
10126622,Češnjica pri Kropi,Radovljica,0.2789027562448616,Kranj,0.2384307254951417,10999.467206031271,0
10126649,Črnivec,Radovljica,0.6747056723262338,Radovljica,0.5657206188053905,4172.252707009766,1
10126657,Dobravica,Radovljica,0.2768223417624957,Kranj,0.2277415080804206,10563.10242663528,0
10126665,Dobro Polje,Radovljica,0.635702300424167,Radovljica,0.4555201192203056,5036.033802514099,1
10126673,Dvorska vas,Radovljica,0.7188343305080467,Radovljica,0.624763752541154,3784.572464257701,1
10126681,Globoko,Radovljica,0.6305433629742183,Radovljica,0.5250188835736759,4558.103319816681,1
10126690,Goreljek,Bohinj,0.16668305772029637,Bohinj,0.1752551395797331,10844.51058649062,1
10126703,Gorica,Radovljica,0.8006762390645932,Radovljica,0.7612783730956973,2716.0836900794197,1
10126711,Gorjuše,Bohinj,0.14727484434817767,Bohinj,0.1712871447381842,11945.351137277608,1
10126720,Grabče,Gorje,0.5764864356561367,Gorje,0.5541630957412681,798.8331217015925,1
10126738,Hlebce,Radovljica,0.7198086583424894,Radovljica,0.5918925492673449,3795.897934404613,1
10126746,Hraše,Radovljica,0.722124273120637,Radovljica,0.5815510069380314,3668.679763215621,1
10126754,Jereka,Bohinj,0.6504483930777998,Bohinj,0.736530595426856,3095.343241598764,1
10126762,Kamna Gorica,Radovljica,0.556323601232511,Radovljica,0.4581512312227652,5689.762669904705,1
10126789,Kamnje,Bohinj,0.6595646915498201,Bohinj,0.7735395581156036,2874.449604874553,1
10126797,Koprivnik v Bohinju,Bohinj,0.20105327156614958,Bohinj,0.2745077346497219,8674.968792376601,1
10126819,Koritno,Bled,0.7787237927198944,Bled,0.6819068177162069,1867.1461330747684,1
10126827,Krnica,Gorje,0.3886076422644206,Gorje,0.3043720453839544,1424.4944763741098,1
10126835,Kropa,Radovljica,0.3100201995220836,Radovljica,0.2572391739431556,9084.493334575993,1
10126843,Kupljenik,Bled,0.2320245386150409,Bled,0.2466389642573274,7022.340665283126,1
10126851,Lancovo,Radovljica,0.8083938101532694,Radovljica,0.8213005582796558,2403.83370517,1
10126860,Lepence,Bohinj,0.6738279805941011,Bohinj,0.8013019598643312,2467.20102775768,1
10126878,Lesce,Radovljica,0.7804968970094244,Radovljica,0.6225512522129709,3119.6973225033103,1
10126886,Lipnica,Radovljica,0.3975556581553033,Radovljica,0.2770915715087522,8044.633567093188,1
10126894,Ljubno,Radovljica,0.4114393255460919,Radovljica,0.2678787409022967,7380.002103130483,1
10126908,Mevkuž,Gorje,0.6238201352623165,Gorje,0.6749114981021299,596.1617757523223,1
10126916,Mišače,Radovljica,0.5519660060881104,Radovljica,0.420963564319018,5705.515174691184,1
10126924,Mlaka,Radovljica,0.28467773104959365,Radovljica,0.2161222164628292,8219.15053090096,1
10126932,Mošnje,Radovljica,0.6593714838432078,Radovljica,0.5545952347052346,4281.911796729823,1
10126959,Nemški Rovt,Bohinj,0.6157359810248983,Bohinj,0.6689284157943095,3526.736119407864,1
10126967,Nomenj,Bohinj,0.4664665467509544,Bohinj,0.4143394561507467,5586.240860732117,1
10126975,Noše,Radovljica,0.6050149384108321,Radovljica,0.4391323453969499,5285.016329250462,1
10126983,Nova vas pri Lescah,Radovljica,0.828795694115101,Radovljica,0.8012108682295016,2366.579083642196,1
10126991,Obrne,Radovljica,0.17547745488449126,Bled,0.2213653377495991,7546.316136995846,0
10127009,Otoče,Radovljica,0.4125110304609989,Radovljica,0.2759077695552794,7508.05470605267,1
10127017,Ovsiše,Radovljica,0.24241188680554346,Kranj,0.2647251895004954,9011.000764614048,0
10127025,Peračica,Radovljica,0.40657770691211614,Radovljica,0.2782441617533315,7922.793225054204,1
10127033,Perniki,Jesenice,0.12968636035814352,Jesenice,0.1644341840155335,6098.801625598098,1
10127041,Podhom,Bled,0.552336620983621,Bled,0.4506807928148368,2265.090150837835,1
10127050,Podjelje,Bohinj,0.31984951089975483,Bohinj,0.3840609358049517,6761.764186403228,1
10127068,Podnart,Radovljica,0.28437938468343943,Kranj,0.2641316999184813,8344.406829119678,0
10127076,Poljče,Radovljica,0.6292508737893661,Radovljica,0.5156992001347421,4713.377093026865,1
10127084,Polje,Bohinj,0.6054813967436679,Bohinj,0.6724983377686887,3766.137122310607,1
10127092,Poljšica pri Gorjah,Gorje,0.5586951146034983,Gorje,0.4623232421275067,831.1695833362417,1
10127106,Poljšica pri Podnartu,Kranj,0.20340206224871374,Kranj,0.2529660340760818,10146.969055294716,1
10127114,Posavec,Radovljica,0.401163256260263,Radovljica,0.2654724442503552,7362.897089639965,1
10127122,Praproše,Radovljica,0.39644235866112426,Radovljica,0.234786530885881,7490.300973420904,1
10127149,Prezrenje,Radovljica,0.2889227893416784,Kranj,0.2410458436222957,9294.32085671777,0
10127157,Radovljica,Radovljica,0.9982797849288317,Radovljica,0.999999954845952,0.0,1
10127165,Radovna,Jesenice,0.06829286771577375,Ljubljana,0.1490858977565698,9739.548445076576,0
10127173,Ravne v Bohinju,Bohinj,0.6392271671087519,Bohinj,0.7373833657683906,3154.082997710113,1
10127181,Ravnica,Radovljica,0.6325361636811315,Radovljica,0.6169561213685638,4475.922957087425,1
10127190,Ribčev Laz,Bohinj,0.4431451116304951,Bohinj,0.4727682612118199,5907.354506778234,1
10127203,Ribno,Bled,0.6490555013819588,Bled,0.6564067879769138,2211.227920891867,1
10127211,Rovte,Radovljica,0.24279340555892687,Kranj,0.2792902302742329,12248.831128356192,0
10127220,Savica,Bohinj,0.6940676635630619,Bohinj,0.8282336979022866,2398.595599032028,1
10127238,Selo pri Bledu,Bled,0.6461971965727683,Bled,0.6716747156550761,2283.598359829213,1
10127246,Slamniki,Jesenice,0.08180213264127727,Ljubljana,0.1480637007349965,8233.86285887752,0
10127254,Slatna,Radovljica,0.40893226737891275,Radovljica,0.3045090419777469,7839.983713126536,1
10127262,Spodnja Dobrava,Radovljica,0.40657770691211614,Radovljica,0.2718087255274743,7952.062051538693,1
10127289,Spodnja Lipnica,Radovljica,0.7081007626330826,Radovljica,0.6458263278308092,3926.5229421083327,1
10127297,Spodnje Gorje,Bled,0.544687900848191,Gorje,0.3321633262228683,1005.9334865995926,0
10127319,Spodnje Laze,Bled,0.22296391987873398,Bled,0.196081095143705,2694.116290821873,1
10127327,Spodnji Otok,Radovljica,0.7198086583424894,Radovljica,0.625225408636693,3800.5606263139,1
10127335,Srednja Dobrava,Radovljica,0.4460942062489684,Radovljica,0.3343553957705552,6992.80247231882,1
10127343,Srednja vas,Radovljica,0.3383319914194105,Radovljica,0.2502625500563414,7777.280286603069,1
10127351,Srednja vas v Bohinju,Bohinj,0.4576811528313738,Bohinj,0.4799008134079589,5649.456458004545,1
10127360,Stara Fužina,Bohinj,0.23120035204401973,Bohinj,0.3458193924637522,7778.226338397517,1
10127378,Studenčice,Radovljica,0.6305433629742183,Radovljica,0.4801952108630033,3835.747492799437,1
10127386,Studor v Bohinju,Bohinj,0.32042500900032134,Bohinj,0.4062370763376807,6678.846876971344,1
10127394,Ukanc,Bohinj,0.16788568488604494,Bohinj,0.234507857172406,10900.8845367142,1
10127408,Višelnica,Gorje,0.9119677314345311,Gorje,0.7141530510632045,524.4662060015967,1
10127416,Vošče,Radovljica,0.6304790065900788,Radovljica,0.570749386697638,4929.765703112582,1
10127424,Vrbnje,Radovljica,0.8343848434994001,Radovljica,0.842893811897733,2128.0382588729235,1
10127432,Zadnja vas,Radovljica,0.3057323144534065,Radovljica,0.2302321094458937,7448.694655460876,1
10127459,Zaloše,Radovljica,0.32471871300181443,Kranj,0.2256307655834504,8883.987105484695,0
10127467,Zapuže,Radovljica,0.7578745369080632,Radovljica,0.6861961114040763,3220.7375053879505,1
10127475,Zasip,Bled,0.552336620983621,Bled,0.4875135172267498,3307.68922881687,1
10127483,Zgornja Dobrava,Radovljica,0.4554545900019835,Radovljica,0.3609283938471585,6687.569890953603,1
10127491,Zgornja Lipnica,Radovljica,0.6940746455490877,Radovljica,0.6290226046325647,4073.6560634247344,1
10127505,Zgornje Gorje,Gorje,0.9961903774566921,Gorje,0.99999849834888,0.0,1
10127513,Zgornji Otok,Radovljica,0.722124273120637,Radovljica,0.6405489071896402,3671.015137769023,1
10127521,Zgoša,Radovljica,0.6990208637033868,Radovljica,0.5963725541160134,3981.191242086682,1
10127530,Žlan,Bohinj,0.5406102793239438,Bohinj,0.6062971691278289,4396.276900355455,1
10127548,Zgornje Laze,Bled,0.35499081060648746,Bled,0.2363951712888819,3237.997840975208,1
10127556,Laški Rovt,Bohinj,0.5406102793239438,Bohinj,0.6157641017274225,4302.71224561222,1
10127564,Belšak,Ravne na Koroškem,0.06340243050892513,Ravne na Koroškem,0.1194370841899966,8378.456868015086,1
10127572,Bistra,Črna na Koroškem,0.06978166021012851,Črna na Koroškem,0.1695333169803601,6857.182097297788,1
10127599,Brdinje,Slovenj Gradec,0.2715018731736559,Ravne na Koroškem,0.4078462413149709,4038.738496949394,0
10127602,Breg,Mežica,0.1320844607058337,Mežica,0.1648799169203851,3563.1812339135813,1
10127629,Breznica,Prevalje,0.3263377144702423,Prevalje,0.3756896508331789,2893.9503500214096,1
10127637,Črna na Koroškem,Črna na Koroškem,0.9877558051884309,Črna na Koroškem,0.9999998646805548,0.0,1
10127653,Dobrije,Slovenj Gradec,0.09548596974341494,Slovenj Gradec,0.2557141533094478,14003.267694707278,1
10127661,Dolga Brda,Ravne na Koroškem,0.07754233580677072,Ravne na Koroškem,0.1262500551332459,7652.351503500147,1
10127670,Javorje,Velenje,0.06103674852863495,Črna na Koroškem,0.1065765151481112,7743.967517172484,0
10127688,Jazbina,Velenje,0.0632041201201634,Velenje,0.0895536143932365,8607.930621773878,1
10127696,Koprivna,Črna na Koroškem,0.045609559682367545,Ljubljana,0.1341951399084371,9487.27122014836,0
10127700,Koroški Selovec,Slovenj Gradec,0.12478479313635354,Slovenj Gradec,0.2769922055697615,12868.539640346367,1
10127718,Kot pri Prevaljah,Ravne na Koroškem,0.13208937217362438,Ravne na Koroškem,0.2243820493371229,7380.268154500912,1
10127726,Kotlje,Ravne na Koroškem,0.3096249954758493,Ravne na Koroškem,0.4877654737109565,3444.301046509153,1
10127734,Leše,Ravne na Koroškem,0.06757785957138603,Ravne na Koroškem,0.1299545555709161,8912.14422615391,1
10127742,Lokovica,Prevalje,0.11398423779087949,Prevalje,0.1511207002098032,5698.735784323819,1
10127769,Lom,Mežica,0.07343501174748752,Mežica,0.0992177204954849,4998.996775625605,1
10127777,Ludranski Vrh,Črna na Koroškem,0.0534360054710767,Črna na Koroškem,0.1282364185843688,7967.040935643276,1
10127785,Mežica,Mežica,0.9869421037427146,Mežica,0.999999528171364,0.0,1
10127793,Navrški Vrh,Ravne na Koroškem,0.2575201223010757,Ravne na Koroškem,0.4863879749590575,3942.6539298699263,1
10127807,Onkraj Meže,Mežica,0.2826766589863005,Mežica,0.4354651999451158,1753.674208002102,1
10127815,Plat,Ravne na Koroškem,0.027978630884106508,Ljubljana,0.0871236605115015,8651.989318520944,0
10127823,Podgora,Ravne na Koroškem,0.2203485201137806,Ravne na Koroškem,0.4201718056594853,4285.88833740554,1
10127831,Podkraj,Ravne na Koroškem,0.29966434150469917,Ravne na Koroškem,0.5260991473872214,3491.315212610001,1
10127840,Podkraj pri Mežici,Mežica,0.26533643752980035,Mežica,0.366332402615907,2058.3747298951203,1
10127858,Podpeca,Črna na Koroškem,0.15064935274162186,Črna na Koroškem,0.2410874652884064,5143.805258542692,1
10127866,Poljana,Prevalje,0.22981935211775198,Prevalje,0.2746529081948665,3584.2502004697867,1
10127874,Preški Vrh,Ravne na Koroškem,0.19427354928429452,Ravne na Koroškem,0.4033649894623136,4520.163856947354,1
10127882,Prevalje,Prevalje,0.9906989172392882,Prevalje,0.9999996978581468,0.0,1
10127904,Ravne na Koroškem,Ravne na Koroškem,0.9951075735161148,Ravne na Koroškem,0.9999999062315732,0.0,1
10127912,Sele - del,Slovenj Gradec,0.31031224446733874,Slovenj Gradec,0.360110553817518,5184.103856876583,1
10127939,Stražišče,Ravne na Koroškem,0.5810819765027366,Ravne na Koroškem,0.7605512398225561,1915.100321691863,1
10127947,Strojna,Ravne na Koroškem,0.053121687674027834,Ravne na Koroškem,0.1156549325063674,13934.314122767651,1
10127955,Suhi Vrh,Ravne na Koroškem,0.10205222974407518,Ravne na Koroškem,0.1867128475087115,8049.94286953799,1
10127963,Šentanel,Ravne na Koroškem,0.09246267044756251,Ravne na Koroškem,0.1465063338485992,6702.585512662192,1
10127971,Tolsti Vrh p. R. na K. - del,Ravne na Koroškem,0.20352013171133507,Ravne na Koroškem,0.4585311085888743,4394.052351988312,1
10127980,Topla,Črna na Koroškem,0.04994197250475938,Ljubljana,0.1152187598010954,8743.477907708908,0
10127998,Uršlja Gora,Ravne na Koroškem,0.129151575827333,Ravne na Koroškem,0.2077124414641786,8471.49211275851,1
10128005,Zagrad,Ravne na Koroškem,0.08602564023630405,Ravne na Koroškem,0.169626229252376,9646.12374107145,1
10128013,Zelen Breg,Ravne na Koroškem,0.13992512087314743,Ravne na Koroškem,0.2408426881939291,7827.13558906428,1
10128021,Jamnica,Ravne na Koroškem,0.0479777782633359,Ravne na Koroškem,0.1015515509203195,11100.031956753965,1
10128030,Žerjav,Črna na Koroškem,0.4174696396833408,Črna na Koroškem,0.4496985313593186,2906.2331362510668,1
10128048,Andol,Sodražica,0.1514602216995923,Ljubljana,0.2408566868200687,3982.624851798151,0
10128056,Betonovo,Loški Potok,0.049924725464704674,Ljubljana,0.2084571870490206,6665.635674511866,0
10128064,Blate,Ribnica,0.3513680534748069,Ribnica,0.3646530771938742,5818.483286566987,1
10128072,Breg pri Ribnici na Dol.,Ribnica,0.7488820719763796,Ribnica,0.8085685906103068,1977.629700591441,1
10128099,Breže,Ribnica,0.524878764594254,Ribnica,0.5437223765266227,3626.286678904734,1
10128102,Brinovščica,Sodražica,0.1645725208036864,Ljubljana,0.2241287927329847,3453.43982525032,0
10128129,Brlog - del,Ljubljana,0.0707692425872459,Ljubljana,0.3070090887439459,10753.622648390454,1
10128137,Bukovec pri Poljanah,Velike Lašče,0.11117713027014021,Ljubljana,0.2680043316017813,5029.814642457594,0
10128145,Bukovica,Ribnica,0.6824956220459052,Ribnica,0.752114945004237,2432.330485419445,1
10128153,Črnec,Sodražica,0.11017222938908394,Ljubljana,0.2448106684863104,4779.815764946342,0
10128161,Črni Potok pri Vel. Laščah,Ljubljana,0.06550023177185493,Ljubljana,0.3029386883316725,7775.592115676101,1
10128170,Dane,Ribnica,0.4914111362566808,Ribnica,0.5428569654170226,4043.966985256136,1
10128188,Dolenja vas,Ribnica,0.4733930057332553,Ribnica,0.4963105054203098,4255.20784156181,1
10128196,Dolenje Podpoljane,Ribnica,0.11006253753970405,Ljubljana,0.2731717636616789,5159.612171986679,0
10128200,Dolenji Lazi,Ribnica,0.6255872268480461,Ribnica,0.691354326581765,2691.5404813852,1
10128218,Dule,Ribnica,0.1666099934700786,Ljubljana,0.2519498759808332,6939.679551177541,0
10128226,Finkovo,Velike Lašče,0.12158915689039787,Ljubljana,0.2677944960823498,4754.61419921398,0
10128234,Gašpinovo,Sodražica,0.14327533573659032,Ljubljana,0.2312811580660781,4056.349687761615,0
10128242,Globel,Sodražica,0.16622586812971935,Sodražica,0.2209116592661627,3363.004349865192,1
10128269,Gorenje Podpoljane,Velike Lašče,0.12895076811462336,Ljubljana,0.2675299561360715,4698.711535077465,0
10128277,Gorenji Lazi,Ribnica,0.26988527128967915,Ribnica,0.2597730006410618,5686.556482753153,1
10128285,Goriča vas,Ribnica,0.7952522168267727,Ribnica,0.872608061796088,1606.966965136284,1
10128293,Graben,Sodražica,0.15240500578483254,Ljubljana,0.2295855433318304,3964.701972114545,0
10128307,Grčarice,Ribnica,0.11547464316822191,Ljubljana,0.1914418931540893,10998.76891813587,0
10128315,Grčarske Ravne,Ribnica,0.1168239789160779,Ljubljana,0.1922497577728766,11037.13224689865,0
10128323,Grebenje,Velike Lašče,0.10832202643774164,Ljubljana,0.2676271250524478,5163.249640680907,0
10128331,Hojče,Sodražica,0.16186496707380008,Ljubljana,0.2252983157504007,3609.974267490648,0
10128340,Hrib-Loški Potok,Loški Potok,0.9999995427518208,Loški Potok,0.9999997311750864,0.0,1
10128358,Hrovača,Ribnica,0.8035079222090179,Ribnica,0.9773732714589388,636.8565037482557,1
10128366,Hudi Konec,Ribnica,0.13725519459164448,Ljubljana,0.2324201539656391,4606.97077784549,0
10128374,Janeži,Sodražica,0.08675948686462626,Ljubljana,0.2087750493768113,5926.005148584273,0
10128382,Jelendol,Ribnica,0.173231628628342,Ribnica,0.2307121950603101,8351.49744901343,1
10128404,Jelenov Žleb,Ribnica,0.06164131316545494,Ljubljana,0.2136635472134353,10903.693445571222,0
10128412,Jelovec,Sodražica,0.43298532312424176,Sodražica,0.4378985261028911,2007.099685860049,1
10128439,Junčje,Velike Lašče,0.10832202643774164,Ljubljana,0.2603025959948765,5163.528812387917,0
10128447,Jurjevica,Ribnica,0.4747082028201321,Ribnica,0.4729052870143999,4164.607373185128,1
10128455,Kot pri Rakitnici,Ribnica,0.26316329926896576,Ribnica,0.2940243752118381,6808.580811304832,1
10128463,Kot pri Ribnici,Ribnica,0.3864700423781957,Ribnica,0.388284672587164,5073.458262875121,1
10128471,Kotel,Ljubljana,0.05307324148086469,Ljubljana,0.2510254422508704,5167.867953095545,1
10128480,Kračali,Sodražica,0.0629741100241618,Ljubljana,0.2048140672408072,6910.188201913064,0
10128498,Krnče,Sodražica,0.1339215909929391,Ljubljana,0.244815148754224,4184.317712235531,0
10128501,Kržeti,Sodražica,0.09293738123869122,Ljubljana,0.2072747769083824,5639.3412818317065,0
10128510,Levstiki,Sodražica,0.11433581362695565,Ljubljana,0.2539950790872028,4611.238751212854,0
10128528,Lipovec,Ribnica,0.3723001360713735,Ribnica,0.3984952974831253,5456.562924634703,1
10128536,Lipovšica,Ribnica,0.32877027804752357,Ribnica,0.2502420324965644,2812.9623538550622,1
10128544,Makoše,Ribnica,0.2697450976748794,Ribnica,0.3244766167406588,6677.273147551412,1
10128552,Mali Log,Loški Potok,0.2719838883285488,Loški Potok,0.3078465855955989,2766.3489394619933,1
10128579,Marolče,Sodražica,0.10290024500774753,Ljubljana,0.2593641561800664,5046.708619826234,0
10128587,Maršiči,Ribnica,0.12372944256950608,Ljubljana,0.2471555512711389,5688.607310632906,0
10128595,Nemška vas,Ribnica,0.6337736093858208,Ribnica,0.7320970853153953,2559.114945172299,1
10128609,Nova Štifta,Ribnica,0.26316329926896576,Ribnica,0.2522308459933828,4313.659488574712,1
10128617,Novi Pot,Ljubljana,0.05287416124187169,Ljubljana,0.2615204446002058,6605.961618260258,1
10128625,Ortnek,Ribnica,0.13230139520168882,Ljubljana,0.2600576632053474,8036.351108896936,0
10128633,Otavice,Ribnica,0.5913991806883605,Ribnica,0.6617664706747434,3115.729553555039,1
10128641,Perovo,Sodražica,0.09293738123869122,Ljubljana,0.2751379148537805,5638.744096351404,0
10128650,Petrinci,Sodražica,0.09228278224009896,Ljubljana,0.2076928250361528,5742.869824683408,0
10128668,Podklanec,Sodražica,0.10297962570614536,Ljubljana,0.2219232650825622,5090.937034593806,0
10128676,Praproče,Ribnica,0.12365309506237601,Ljubljana,0.2472393133743024,5709.576354434637,0
10128684,Preska,Ribnica,0.16804023864087764,Ljubljana,0.231231811435002,5231.51599395525,0
10128692,Prigorica,Ribnica,0.5325897592374274,Ribnica,0.5971022195100262,3512.5177637797087,1
10128706,Pugled pri Karlovici,Sodražica,0.0919722715423362,Ljubljana,0.281939776046151,5844.660522350229,0
10128714,Pusti Hrib,Ribnica,0.11285190891474066,Ljubljana,0.2439230154911328,5153.558432499377,0
10128722,Rakitnica,Ribnica,0.34447727886460716,Ribnica,0.3367060355579172,6000.202435468618,1
10128749,Ravni Dol,Ribnica,0.3513680534748069,Ribnica,0.3135968933858791,4369.250811364599,1
10128757,Retje,Loški Potok,0.488520595916019,Loški Potok,0.6435547507531865,1422.2204642492989,1
10128765,Ribnica,Ribnica,0.9997404850390603,Ribnica,0.9999999420101332,0.0,1
10128773,Rigelj pri Ortneku,Ribnica,0.11218576468108546,Ljubljana,0.2499965282834906,5748.027367456208,0
10128781,Sajevec,Ribnica,0.6684159351018824,Ribnica,0.7329916037364202,2448.2555496450614,1
10128790,Sinovica,Ribnica,0.20052236248968736,Ljubljana,0.2213610980130941,5467.168475805189,0
10128803,Slatnik,Ribnica,0.3929140602723226,Ribnica,0.373196200006725,4941.312529981123,1
10128811,Sodražica,Sodražica,0.9997814217019788,Sodražica,0.9999996395873464,0.0,1
10128820,Srednja vas-Loški Potok,Loški Potok,0.6111469657363321,Loški Potok,0.8458184162958109,837.9060494337228,1
10128838,Sušje,Ribnica,0.37356803559004115,Ribnica,0.339132666771735,5551.568340961283,1
10128846,Sv. Gregor,Sodražica,0.16425623481984128,Ljubljana,0.2264552029288266,3461.813335926244,0
10128854,Šegova vas,Loški Potok,0.6570135130771303,Loški Potok,0.8548305032456139,806.4153996286017,1
10128862,Škrajnek,Ribnica,0.11716051365680201,Ljubljana,0.2699224707539706,5238.796293888174,0
10128889,Travnik,Loški Potok,0.4978614198232194,Loški Potok,0.6814372697651294,1359.6563475629043,1
10128897,Velike Poljane,Ribnica,0.13174427091142943,Ljubljana,0.2584312301356304,6539.225486758091,0
10128919,Vinice,Ribnica,0.2708798614939155,Ribnica,0.2309167932602205,3281.563607572804,1
10128927,Vintarji,Ljubljana,0.07998762657913124,Ljubljana,0.2882171991247946,6390.816104892599,1
10128935,Vrh pri Poljanah,Ribnica,0.1087829169480396,Ljubljana,0.2635178627958641,8626.724594132533,0
10128943,Zadniki,Sodražica,0.11502277088262064,Ljubljana,0.2546823551704125,4532.967316870228,0
10128951,Zadolje,Ribnica,0.3827618827817572,Ribnica,0.4350543114598377,5222.448765955138,1
10128960,Zamostec,Sodražica,0.5382016026114674,Sodražica,0.6104091925743811,1316.6917162374325,1
10128978,Zapotok,Ribnica,0.3204081472315304,Ribnica,0.2838378419887443,4716.611456258478,1
10128986,Zapuže pri Ribnici,Ribnica,0.5161345993757898,Ribnica,0.5515686779130092,3732.4172317240505,1
10128994,Zlati Rep,Ribnica,0.09739489959094216,Ljubljana,0.2721097549279265,5745.460945217565,0
10129001,Žimarice,Sodražica,0.16336185325432173,Ljubljana,0.2134093229286381,3548.8641819605814,0
10129010,Žlebič,Ribnica,0.4571418036624894,Ribnica,0.423430029759294,4465.195439602814,1
10129028,Žukovo,Ribnica,0.11594102575482519,Ljubljana,0.2639296019760491,8309.858553186306,0
10129036,Grič,Ribnica,0.6166459313577463,Ribnica,0.669039385439278,2851.601285543674,1
10129044,Apnenik pri Boštanju,Sevnica,0.4024895748936895,Sevnica,0.5306621674287378,4829.368378969349,1
10129052,Arto,Krško,0.34168351904711175,Krško,0.3450902705790752,8938.915287996126,1
10129079,Birna vas,Sevnica,0.0713494365905695,Sevnica,0.1091930211406624,9184.031644452936,1
10129087,Blanca,Krško,0.3123967104068914,Krško,0.2924645497526383,7643.916950660116,1
10129095,Boštanj,Sevnica,0.7834666297261228,Sevnica,0.8152061559727597,2397.783168949207,1
10129109,Breg,Sevnica,0.23969174903310186,Sevnica,0.2801611245609379,6867.341897606087,1
10129117,Brezovo,Krško,0.09773962423376036,Krško,0.1493123122784878,8378.847572904791,1
10129125,Bučka,Novo mesto,0.109722166000171,Škocjan,0.1485572867258481,3672.381881317441,0
10129133,Budna vas,Radeče,0.120639040728054,Radeče,0.1800275344382475,5468.220983310588,1
10129141,Cerovec,Sevnica,0.07433562098157881,Sevnica,0.1121315437596688,8040.999208719603,1
10129150,Čanje,Sevnica,0.28733714461961946,Sevnica,0.3614014293146682,6602.456370739774,1
10129168,Čelovnik,Radeče,0.07664199222738682,Radeče,0.1202143045888482,6769.462094873249,1
10129176,Češnjice,Sevnica,0.12986016557552615,Sevnica,0.2171527048736359,9025.673815702252,1
10129184,Dedna Gora,Sevnica,0.1386033149990924,Sevnica,0.2350157599805429,9812.091924908147,1
10129192,Dolenje Radulje,Novo mesto,0.1074538601754819,Krško,0.1468505860756729,5788.982297406968,0
10129206,Dolenji Boštanj,Sevnica,0.7658540913743377,Sevnica,0.8062749061125754,2480.59848585648,1
10129214,Dolnje Brezovo,Sevnica,0.370706286219985,Sevnica,0.446750440423112,5401.255870832282,1
10129222,Dolnje Impolje,Sevnica,0.1289099753388877,Sevnica,0.2005630771780775,10600.540710134785,1
10129249,Dolnje Orle,Sevnica,0.1368745869543125,Sevnica,0.229092631212273,9488.657843433632,1
10129257,Drožanje,Sevnica,0.4808228431900215,Sevnica,0.594450590044766,4479.638883744237,1
10129265,Drušče,Sevnica,0.14030923045619573,Sevnica,0.2436591134827212,9319.24845155407,1
10129273,Dule,Novo mesto,0.10929692555937999,Krško,0.137628838121161,6341.495805927858,0
10129281,Gabrijele,Novo mesto,0.08461598569376702,Sevnica,0.1130802664600272,4998.486779047468,0
10129290,Gabrje,Sevnica,0.1220794868730429,Sevnica,0.1761829719548062,9876.202201415832,1
10129303,Gorenje Radulje,Krško,0.09513322525554516,Krško,0.1415815203112247,6542.671364684907,1
10129311,Gornja Stara vas,Novo mesto,0.15676638957247643,Novo mesto,0.1589805783085108,6374.44582467644,1
10129320,Gornje Brezovo,Sevnica,0.5360285124185118,Sevnica,0.5825581849581091,4208.969072564075,1
10129338,Gornje Impolje,Sevnica,0.12963970193636215,Sevnica,0.2093597525303607,10230.034315827428,1
10129346,Gornje Orle,Sevnica,0.23893002552295908,Sevnica,0.3223771890776681,7575.26341084539,1
10129354,Goveji Dol,Sevnica,0.09409146755475618,Sevnica,0.1471027843163312,7758.113232251675,1
10129362,Hudo Brezje,Krško,0.15434651511554218,Krško,0.21800978285556,11774.941527412228,1
10129389,Jablanica,Sevnica,0.17461379181152864,Sevnica,0.2687041378950911,8427.339534080435,1
10129397,Jarčji Vrh,Novo mesto,0.10886036731364164,Krško,0.1256370030440738,4728.779008656401,0
10129419,Jelovec,Sevnica,0.17146597525471974,Sevnica,0.2690156282013216,8596.142284774805,1
10129427,Jeperjek,Novo mesto,0.10915325567262306,Sevnica,0.138976292252448,8715.069667448568,0
10129435,Jerman Vrh,Novo mesto,0.10802530650516054,Škocjan,0.1411415805901762,3863.0154424425455,0
10129443,Kal pri Krmelju,Celje,0.050539404065450294,Ljubljana,0.1086433135415676,9664.690524707748,0
10129451,Kamenica,Sevnica,0.11033774527431879,Sevnica,0.1688978859286314,9142.925900998827,1
10129460,Kaplja vas,Sevnica,0.07516178740823001,Mokronog-Trebelno,0.1075923512861032,4519.432707243653,0
10129478,Kladje nad Blanco,Krško,0.3474847569716685,Krško,0.3873194217889542,8446.848673252438,1
10129486,Kladje pri Krmelju,Celje,0.05135069104455441,Ljubljana,0.1165964918477427,12485.844578126991,0
10129494,Koludrje,Sevnica,0.06792640423087293,Sevnica,0.105029939632154,9602.626389947907,1
10129508,Kompolje,Sevnica,0.3481448565484072,Sevnica,0.4093711994754859,5941.176504644498,1
10129516,Konjsko,Sevnica,0.3676634048466103,Sevnica,0.4711966646651935,5568.557712275278,1
10129524,Krajna Brda,Krško,0.25123158467354434,Krško,0.2945917434794169,9986.292876979487,1
10129532,Križ,Sevnica,0.10979099979407626,Sevnica,0.1694338348537263,9490.583504644364,1
10129559,Krmelj,Sevnica,0.09886681043208886,Sevnica,0.1422658278769359,6646.777900298683,1
10129567,Krsinji Vrh,Novo mesto,0.13778860064672158,Novo mesto,0.1492815563612023,7321.403812188928,1
10129575,Laze pri Boštanju,Sevnica,0.18716352401622685,Sevnica,0.308897946843179,8033.720158612553,1
10129583,Ledina,Sevnica,0.5360285124185118,Sevnica,0.6043099576900473,4187.671057576704,1
10129591,Leskovec v Podborštu,Sevnica,0.07624237970421174,Radeče,0.0963777646390906,8585.052489449643,0
10129605,Log,Sevnica,0.4606403535052142,Sevnica,0.5553902625910723,4519.81035748235,1
10129613,Loka pri Zidanem Mostu,Radeče,0.21728920629823453,Radeče,0.3542418654251963,3359.2913508157767,1
10129621,Lončarjev Dol,Sevnica,0.5467940329772282,Sevnica,0.6098531796083504,4119.1898388314985,1
10129630,Lukovec,Sevnica,0.3872966493515266,Sevnica,0.5163587650686359,5063.177851086521,1
10129648,Mala Hubajnica,Sevnica,0.13048486737770104,Sevnica,0.1985777486543474,8061.81762219883,1
10129656,Mali Cirnik pri Šentjanžu,Sevnica,0.07213687214290815,Ljubljana,0.0969272129351752,7235.31383288653,0
10129664,Malkovec,Novo mesto,0.09333795091811979,Novo mesto,0.1096903462810903,7291.100562276308,1
10129672,Metni Vrh,Sevnica,0.301316305595494,Sevnica,0.423119215184791,6436.455014727749,1
10129699,Močvirje,Novo mesto,0.09712672631331812,Krško,0.1255793451741115,6165.573847255097,0
10129702,Mrtovec,Sevnica,0.30369419984745777,Sevnica,0.3990000460541101,6404.87016303326,1
10129729,Mrzla Planina,Krško,0.09577774919826065,Krško,0.15474128631968,12423.50604627684,1
10129737,Novi Grad,Sevnica,0.13986558041876485,Sevnica,0.2155395203953928,6732.948884719447,1
10129745,Okroglice,Sevnica,0.1144770402879909,Sevnica,0.1665143806859237,10562.142343473364,1
10129753,Orehovo,Sevnica,0.6048456307361865,Sevnica,0.6631471619605086,3639.337622742184,1
10129761,Orešje nad Sevnico,Sevnica,0.3701172997662839,Sevnica,0.4795056073102552,5423.87216423968,1
10129770,Osredek pri Hubajnici,Krško,0.08965270743568016,Sevnica,0.1519792369886208,10232.906842819631,0
10129788,Osredek pri Krmelju,Radeče,0.070136134368185,Radeče,0.111156308355077,7965.882947347261,1
10129796,Otavnik,Novo mesto,0.1295901468641959,Novo mesto,0.1327855114087036,7788.692851281454,1
10129800,Pavla vas,Novo mesto,0.10001278922404191,Novo mesto,0.1157598451220307,6832.462303506182,1
10129818,Pečje,Sevnica,0.7445031524854874,Sevnica,0.7955687280362813,2627.579941287576,1
10129826,Pijavice,Mokronog-Trebelno,0.09944338807899816,Mokronog-Trebelno,0.1452083056384211,3660.014439621025,1
10129834,Podboršt,Sevnica,0.07067125071205735,Ljubljana,0.0917819044589017,8019.863596931105,0
10129842,Podgorica,Sevnica,0.23893002552295908,Sevnica,0.3205643294851561,7566.738347365809,1
10129869,Podgorje ob Sevnični,Sevnica,0.12930953488980398,Sevnica,0.2094285951192205,10519.13567645384,1
10129877,Podvrh,Sevnica,0.17146597525471974,Sevnica,0.2685199084556828,8623.457367666459,1
10129885,Poklek nad Blanco,Krško,0.16221895853380378,Krško,0.2152033555686743,11135.57958508613,1
10129893,Polje pri Tržišču,Novo mesto,0.0833100254852568,Sevnica,0.1028214294542888,5079.38045912271,0
10129907,Ponikve pri Studencu,Krško,0.21418226419455777,Krško,0.2744878504559921,11319.562418293744,1
10129915,Preska,Sevnica,0.24096911290421286,Sevnica,0.3445859629563068,7331.093779434516,1
10129923,Prešna Loka,Sevnica,0.38786669515129396,Sevnica,0.526462767601601,5002.8289297820575,1
10129931,Primož,Sevnica,0.14008963000335706,Sevnica,0.2434868029366002,9290.284005605885,1
10129940,Račica,Radeče,0.19691039191459506,Radeče,0.2759285062479894,4016.58749194366,1
10129958,Radež,Radeče,0.11500391670490767,Radeče,0.185198555753776,5648.142944746789,1
10129966,Radna,Sevnica,0.6549122398344036,Sevnica,0.6918915030369882,3394.3596925835004,1
10129974,Razbor,Sevnica,0.13785131169590836,Sevnica,0.2067379698160144,9824.839790575415,1
10129982,Rogačice,Sevnica,0.14135841147348,Sevnica,0.2615477301818586,9014.000346969824,1
10130000,Rovišče pri Studencu,Krško,0.11556589154734884,Krško,0.1837371034053624,11024.243253296769,1
10130018,Roženberk,Trebnje,0.08123113387507397,Ljubljana,0.0943096068933441,4178.055028647396,0
10130026,Selce nad Blanco,Krško,0.24562450420330645,Krško,0.2852897879767253,10481.02426767999,1
10130034,Sevnica,Sevnica,0.9932485118676572,Sevnica,0.999999961258514,0.0,1
10130042,Skrovnik,Mokronog-Trebelno,0.11453893335209347,Mokronog-Trebelno,0.2103360907452428,2970.3907323837616,1
10130069,Slančji Vrh,Novo mesto,0.10904895101316958,Sevnica,0.1307002371188648,8533.807514717628,0
10130077,Spodnje Mladetiče,Novo mesto,0.07341593981481888,Sevnica,0.1037599721190042,4655.9963690331,0
10130085,Spodnje Vodale,Novo mesto,0.07685340253195423,Sevnica,0.1030346422698409,6837.108008351456,0
10130093,Srednik,Sevnica,0.07515746374370794,Radeče,0.0895727439377159,8809.759804027808,0
10130107,Stržišče,Sevnica,0.1373281726479886,Sevnica,0.2261478162287054,9727.916321408584,1
10130115,Studenec,Krško,0.16149613133517793,Krško,0.2188934249914266,11989.969606053632,1
10130123,Svinjsko,Trebnje,0.060830600348372836,Ljubljana,0.1064817246357483,8130.077549555959,0
10130131,Šentjanž,Sevnica,0.07636888054032198,Sevnica,0.0950810631334005,9960.187345368711,1
10130140,Šentjur na Polju,Sevnica,0.17201693349506686,Sevnica,0.2244555673993574,5914.350833358584,1
10130158,Škovec,Novo mesto,0.07652042330647812,Ljubljana,0.0956833861158146,6790.391007664951,0
10130166,Šmarčna,Sevnica,0.2568077961699497,Sevnica,0.3099396113325652,7138.795958244907,1
10130174,Štajngrob,Sevnica,0.06001513669524839,Ljubljana,0.1010041512413593,10551.891143200106,0
10130182,Štrit,Novo mesto,0.12970563981665564,Novo mesto,0.1455811426003386,5858.613792499312,1
10130204,Telče,Sevnica,0.11147711479911154,Sevnica,0.1751964057386624,8058.076447643499,1
10130212,Telčice,Novo mesto,0.09965037069641884,Novo mesto,0.1215611707689755,5678.1703858422825,1
10130239,Trnovec,Sevnica,0.1373281726479886,Sevnica,0.2193644996505025,9791.463360641228,1
10130247,Trščina,Novo mesto,0.1347739244667363,Novo mesto,0.1467565007258209,6382.5962202506535,1
10130255,Tržišče,Novo mesto,0.07847683976611737,Sevnica,0.0982942253277457,5642.302385461145,0
10130263,Velika Hubajnica,Sevnica,0.11399157636916515,Sevnica,0.1831542076755631,8675.750898899,1
10130271,Veliki Cirnik,Trebnje,0.0762849760650575,Ljubljana,0.0938517158854874,6310.692078386648,0
10130280,Vranje,Sevnica,0.27765478143157624,Sevnica,0.3698737522366244,6884.541801826032,1
10130298,Vrh pri Boštanju,Sevnica,0.3893454525251529,Sevnica,0.5222104661909461,4992.120603390801,1
10130301,Vrhek,Novo mesto,0.07341593981481888,Sevnica,0.1123820217297945,6484.031875636457,0
10130310,Zaboršt,Novo mesto,0.10944725765293378,Krško,0.1232353491778678,4991.653012493669,0
10130328,Zabukovje nad Sevnico,Sevnica,0.1363196087512144,Sevnica,0.2305167529886201,9561.734512936207,1
10130336,Zavratec,Sevnica,0.10926092187484505,Sevnica,0.1695687930906715,9738.44282381105,1
10130344,Zgornje Mladetiče,Trebnje,0.0762849760650575,Mokronog-Trebelno,0.1037606577042411,4568.367872794458,0
10130352,Zgornje Vodale,Novo mesto,0.09324912245246468,Sevnica,0.1327103159016278,8715.055384976424,0
10130379,Znojile pri Studencu,Sevnica,0.13741190827564886,Sevnica,0.2382755037797533,9673.927140058697,1
10130387,Žigrski Vrh,Sevnica,0.36916142674146873,Sevnica,0.4606484119233162,5518.549331607278,1
10130395,Žirovnica,Radeče,0.07782692702795328,Radeče,0.1418433264539213,6615.91275098921,1
10130409,Žurkov Dol,Sevnica,0.3513137758239811,Sevnica,0.4519869941742052,5865.128080553263,1
10130417,Slap,Radeče,0.2884385799068319,Radeče,0.4354154044675479,2873.4901009334794,1
10130425,Artviže,Hrpelje-Kozina,0.10976276116264229,Hrpelje-Kozina,0.2154587555290322,9338.424105639097,1
10130433,Avber,Sežana,0.15932114668972747,Sežana,0.4019077960985308,11226.279751746206,1
10130441,Bač pri Materiji,Hrpelje-Kozina,0.2591889699158421,Hrpelje-Kozina,0.4139275118702342,5479.680968812926,1
10130450,Barka,Divača,0.06423667650235103,Sežana,0.1683214264806399,11718.303163047402,0
10130468,Beka,Koper,0.13323814137702303,Koper,0.2494476330841679,8099.983776330718,1
10130476,Betanja,Divača,0.2659718989116239,Divača,0.3506694373463824,4807.256182683357,1
10130484,Bogo,Sežana,0.08474851941654361,Sežana,0.220537045831616,16238.118241400402,1
10130492,Brestovica pri Komnu,Nova Gorica,0.08173118907207265,Nova Gorica,0.2170770680300509,9691.66465532304,1
10130506,Brestovica pri Povirju,Sežana,0.3221046587582849,Sežana,0.492415046318215,6140.155886250741,1
10130514,Brezovica,Hrpelje-Kozina,0.256865893623634,Hrpelje-Kozina,0.4079762938943662,5601.75402602113,1
10130522,Brezovo Brdo,Sežana,0.041758623836848995,Ilirska Bistrica,0.1351011220579915,15669.633496586845,0
10130549,Brežec pri Divači,Divača,0.38461942390146175,Divača,0.4402724077384523,3972.3249674702392,1
10130557,Brje pri Komnu,Komen,0.09143131430539295,Sežana,0.1781674798621253,6018.548539850164,0
10130565,Brje pri Koprivi,Sežana,0.12130646766479504,Sežana,0.327258837633251,11392.19139823326,1
10130573,Coljava,Komen,0.11568870173500741,Sežana,0.1997215632283122,4712.82551808574,0
10130581,Čehovini,Ajdovščina,0.14159246111424925,Ajdovščina,0.1819200686872471,10355.351012136274,1
10130590,Čipnje,Ajdovščina,0.18075574248527324,Ajdovščina,0.2106276562701867,11313.765957761236,1
10130603,Dane pri Divači,Divača,0.23827727403859522,Divača,0.2781678816691811,5543.594735579304,1
10130611,Dane pri Sežani,Sežana,0.8258950096834532,Sežana,0.932475654767831,2363.188504380799,1
10130620,Divača,Divača,0.9962857807937872,Divača,0.999999890935422,0.0,1
10130638,Divči,Komen,0.6374680801701477,Komen,0.8020487790437121,1096.4167555584845,1
10130646,Dobravlje,Sežana,0.25746585260741456,Sežana,0.51318810941341,8935.7403794876,1
10130654,Dol pri Vogljah,Sežana,0.32750480687518274,Sežana,0.6332372033790143,7649.671556190236,1
10130662,Dolanci,Ajdovščina,0.1586122665916629,Ajdovščina,0.1993964988327845,10731.04150911553,1
10130689,Dolenja vas,Divača,0.15302524856054242,Sežana,0.227286089003451,7640.508184236644,0
10130697,Dolenje,Sežana,0.10803441182514817,Sežana,0.307522489579639,14368.7005026731,1
10130719,Dolnje Ležeče,Divača,0.7520605503396932,Divača,0.8507089639743146,1311.705632827619,1
10130727,Dolnje Vreme,Divača,0.17201271426129774,Divača,0.2270110607559795,7116.194241400846,1
10130735,Dutovlje,Sežana,0.24810830763417954,Sežana,0.5146871232591761,9054.93471589676,1
10130743,Famlje,Divača,0.21942638324919378,Divača,0.2984659876841956,5697.668843134873,1
10130751,Filipčje Brdo,Sežana,0.42320999197999504,Sežana,0.6502490701402251,6789.572902478335,1
10130760,Gabrče,Divača,0.18372573463451997,Divača,0.2131327374232888,6566.831831899128,1
10130778,Gabrovica pri Komnu,Komen,0.15094548348951822,Komen,0.210225114182626,4193.934291782725,1
10130786,Godnje,Sežana,0.28049805711704107,Sežana,0.5380789222182417,8723.74502283588,1
10130794,Golac,Sežana,0.035045141834152235,Koper,0.1146045291565321,17595.644320495194,0
10130808,Gorenje pri Divači,Divača,0.5529836169094745,Divača,0.4960099028338917,2818.8807508310347,1
10130816,Goriče pri Famljah,Divača,0.26409730060963726,Divača,0.3602227748863003,4830.92194001926,1
10130824,Gorjansko,Komen,0.17054073794930472,Komen,0.2646992069245467,3860.949672582244,1
10130832,Gornje Ležeče,Divača,0.05836067231711532,Sežana,0.1474648408428398,12435.726984117842,0
10130859,Gornje Vreme,Divača,0.13824043792129317,Divača,0.1882359141175579,8115.918413748751,1
10130867,Gradišče pri Divači,Divača,0.5973409527257614,Divača,0.6418025133202755,2471.3498489407984,1
10130875,Gradišče pri Materiji,Hrpelje-Kozina,0.06465731107576157,Hrpelje-Kozina,0.1654933300670499,11258.56119238982,1
10130883,Gradišče pri Štjaku,Sežana,0.08421665279318585,Sežana,0.2406185164524189,15396.003605375514,1
10130891,Gradišica,Hrpelje-Kozina,0.1842934706285918,Hrpelje-Kozina,0.3173620860866889,7050.212797655568,1
10130905,Gradnje,Sežana,0.14119484379047353,Sežana,0.3841377000967819,11939.532980550812,1
10130913,Grahovo Brdo,Sežana,0.4198375997433954,Sežana,0.6371805953038961,6980.629432094762,1
10130921,Griže,Sežana,0.1852115003169265,Sežana,0.4320528712227596,10708.72769111584,1
10130930,Hotična,Hrpelje-Kozina,0.12577201109621333,Hrpelje-Kozina,0.2399782363362901,8824.139603877804,1
10130948,Hribi,Sežana,0.12099712959050286,Sežana,0.3461966452144319,13538.640208421491,1
10130956,Hrpelje,Hrpelje-Kozina,0.9979757923153006,Hrpelje-Kozina,0.999999937406897,0.0,1
10130964,Hruševica,Ajdovščina,0.08173096699683212,Sežana,0.1736652413373101,7508.707439719356,0
10130972,Ivanji Grad,Komen,0.18255654316524875,Komen,0.2850804970237864,3575.7588527844723,1
10130999,Jakovce,Sežana,0.11547342786650122,Sežana,0.2582297274486067,11735.49593156538,1
10131006,Javorje,Ilirska Bistrica,0.043932295482317994,Ilirska Bistrica,0.1378210952948199,15262.801681685683,1
10131014,Kačiče-Pared,Divača,0.2594389992931205,Divača,0.2876889256370771,5015.7165810016,1
10131022,Kazlje,Sežana,0.23505414529717633,Sežana,0.4648421536704599,9788.37907930104,1
10131049,Klanec pri Komnu,Komen,0.09907701170064268,Komen,0.1600750673932806,5488.472657872042,1
10131057,Klanec pri Kozini,Hrpelje-Kozina,0.44066050550541846,Hrpelje-Kozina,0.5126617286218649,3857.837636750649,1
10131065,Kobdilj,Ajdovščina,0.10376644699725533,Sežana,0.2098521717432667,9528.172327026408,0
10131073,Kobjeglava,Komen,0.09524353519939999,Sežana,0.1557115661676006,5679.042438446522,0
10131081,Koboli,Ajdovščina,0.12284655232084703,Ajdovščina,0.1731346700209848,10843.417157412452,1
10131090,Kodreti,Ajdovščina,0.14199541626174533,Ajdovščina,0.190738082248224,10195.19656400538,1
10131103,Komen,Komen,0.998117206184035,Komen,0.999999789919496,0.0,1
10131111,Kopriva,Sežana,0.12889259510359308,Sežana,0.3422307244057985,10569.4801197157,1
10131120,Kosovelje,Sežana,0.1150181225822575,Sežana,0.2847008009372535,6361.76433878241,1
10131138,Kovčice,Hrpelje-Kozina,0.04948278083257044,Hrpelje-Kozina,0.137586979598238,12961.82571798345,1
10131146,Kozina,Hrpelje-Kozina,0.8035685737408891,Hrpelje-Kozina,0.8907222277159069,1348.63402033561,1
10131154,Kozjane,Ilirska Bistrica,0.040350447129554635,Ilirska Bistrica,0.1264974151786016,17853.41192343222,1
10131162,Krajna vas,Sežana,0.13005800727996011,Sežana,0.3676397384598819,7400.464596503624,1
10131189,Kregolišče,Komen,0.1605251824270592,Komen,0.2361737219271971,4095.375052039381,1
10131197,Kreplje,Sežana,0.326774302895941,Sežana,0.5919422396100564,7806.654879784353,1
10131219,Križ,Sežana,0.5021040674328325,Sežana,0.7066678295341018,5928.911501360078,1
10131227,Krtinovica,Ajdovščina,0.06717496590012856,Sežana,0.1609192859017357,14075.082910186047,0
10131235,Krvavi Potok,Hrpelje-Kozina,0.42617754447146367,Hrpelje-Kozina,0.5207361134891926,4032.5224195661863,1
10131243,Laže,Postojna,0.08931157288172016,Postojna,0.2012440208538759,13110.009458538188,1
10131251,Lipica,Sežana,0.5803590874106328,Sežana,0.7959131362534473,4667.842261112369,1
10131260,Lisjaki,Ajdovščina,0.16398734518283895,Ajdovščina,0.1864654677345338,11961.420774744847,1
10131278,Lokev,Sežana,0.3401771660248249,Sežana,0.4799737953009397,4834.1149046339615,1
10131286,Lukovec,Ajdovščina,0.08140008435800013,Nova Gorica,0.1529625918079823,12549.72189965668,0
10131294,Mahniči,Sežana,0.12152316030589586,Sežana,0.3715888029061331,12489.38523748857,1
10131308,Majcni,Sežana,0.3306126067933729,Sežana,0.5796705866308137,7500.805131824722,1
10131316,Mali Dol,Komen,0.25970589895912743,Komen,0.3923875265118935,2859.5035464404227,1
10131324,Markovščina,Hrpelje-Kozina,0.12404540758666675,Hrpelje-Kozina,0.2334727280087955,8903.964882914679,1
10131332,Matavun,Divača,0.37712660380356056,Divača,0.4137003054332737,4068.518968581511,1
10131359,Materija,Hrpelje-Kozina,0.2906204019204669,Hrpelje-Kozina,0.4667571762460835,4844.673522659027,1
10131367,Merče,Sežana,0.6463552548501424,Sežana,0.8197200047034662,3832.295116094368,1
10131375,Mihele,Hrpelje-Kozina,0.3094441076530924,Hrpelje-Kozina,0.4505484457440091,4669.281287735177,1
10131383,Misliče,Divača,0.051976873907098486,Sežana,0.1488335456549795,13430.710429769852,0
10131391,Mrše,Hrpelje-Kozina,0.07949565899969513,Hrpelje-Kozina,0.1730335212021661,11015.703058204115,1
10131405,Nadrožica,Komen,0.09529070828756098,Komen,0.1624229861744724,5524.722818766077,1
10131413,Naklo,Divača,0.26233219854434464,Divača,0.3408332000882144,4927.846800451336,1
10131421,Nasirec,Hrpelje-Kozina,0.48548967679130617,Hrpelje-Kozina,0.5821541086342412,3499.605067869964,1
10131430,Nova vas,Koper,0.020554905040154323,Ljubljana,0.1558638413858522,163843.9145273759,0
10131448,Obrov,Hrpelje-Kozina,0.0503004052098828,Ilirska Bistrica,0.1302997481793952,13440.338838612632,0
10131456,Ocizla,Hrpelje-Kozina,0.2591889699158421,Hrpelje-Kozina,0.3387331026519751,5526.185216229882,1
10131464,Odolina,Hrpelje-Kozina,0.17963609162417551,Hrpelje-Kozina,0.3144785680762843,7101.854632188783,1
10131472,Orehek pri Materiji,Hrpelje-Kozina,0.06157564624666228,Hrpelje-Kozina,0.1564033617293872,11672.9859653025,1
10131499,Orlek,Sežana,0.7961405159566833,Sežana,0.9270408447180176,2791.991895669409,1
10131502,Ostrovica,Hrpelje-Kozina,0.06352396933326693,Hrpelje-Kozina,0.1539285410415163,11320.326683358291,1
10131529,Otošče,Postojna,0.09095193461814967,Postojna,0.1820743364325233,12705.165165877288,1
10131537,Petrinje,Hrpelje-Kozina,0.19149250346419838,Hrpelje-Kozina,0.268414215914093,6569.109123744735,1
10131545,Plešivica,Sežana,0.5069016049714391,Sežana,0.6661154710593324,5858.119473707693,1
10131553,Pliskovica,Sežana,0.11673964998559146,Sežana,0.3007268896541551,6164.499655812581,1
10131561,Podbreže,Sežana,0.44036474606639664,Sežana,0.6808091951878665,6350.095952180977,1
10131570,Podgorje,Koper,0.10118372356712454,Koper,0.2765548688301973,15154.686805269768,1
10131588,Podgrad pri Vremah,Divača,0.08808561633642403,Sežana,0.1746595061160927,10039.023368121496,0
10131596,Poljane pri Podgradu,Sežana,0.03442921173639654,Koper,0.1145241327141359,18454.33847330537,0
10131600,Poljane pri Štjaku,Sežana,0.08874934391167483,Sežana,0.2274782356367006,15294.774432594795,1
10131618,Ponikve,Sežana,0.13099003117014862,Sežana,0.3593390640257041,12012.581627735632,1
10131626,Potoče,Divača,0.1594920354632209,Sežana,0.2059781135103527,7440.308016512306,0
10131634,Povir,Sežana,0.4317163887013205,Sežana,0.5097607955904256,4290.09447459697,1
10131642,Povžane,Hrpelje-Kozina,0.2251065688509492,Hrpelje-Kozina,0.3785683167289892,5961.658256606411,1
10131669,Prelože pri Lokvi,Sežana,0.28049805711704107,Sežana,0.4199024602423096,5334.548900993492,1
10131677,Preserje pri Komnu,Komen,0.44720899271075026,Komen,0.5860323407955158,1896.293505156381,1
10131685,Prešnica,Hrpelje-Kozina,0.22739929903560063,Hrpelje-Kozina,0.3338037251890809,5911.740771450122,1
10131693,Pristava,Sežana,0.12377247105921234,Sežana,0.3493051406018273,13363.12522352436,1
10131707,Rakitovec,Koper,0.07608924777997811,Koper,0.2928071146315393,22437.7934556886,1
10131715,Raša,Sežana,0.11312256335906355,Sežana,0.328285957273114,14158.309719844076,1
10131723,Ravnje,Sežana,0.06711425260628434,Sežana,0.1808235631977166,15322.836528084192,1
10131731,Razguri,Sežana,0.11336459340090738,Sežana,0.2957978808814759,13548.402505925138,1
10131740,Ritomeče,Hrpelje-Kozina,0.055773349184211195,Hrpelje-Kozina,0.1462060608329015,12288.039169413838,1
10131758,Rodik,Hrpelje-Kozina,0.2843101038056091,Hrpelje-Kozina,0.3531484953221458,5034.668732295362,1
10131766,Rožice,Hrpelje-Kozina,0.35395965397844753,Hrpelje-Kozina,0.5015659604331661,4490.476481774443,1
10131774,Rubije,Komen,0.264385456319503,Komen,0.3905687806881419,2764.855379942564,1
10131782,Sela,Sežana,0.12313091261609975,Sežana,0.360121260276686,12364.53093182194,1
10131804,Selo,Sežana,0.08034792294714958,Sežana,0.2386659307329315,16845.44964529414,1
10131812,Senadole,Sežana,0.15822380493624577,Sežana,0.3152083984539938,7829.274006544009,1
10131839,Senadolice,Sežana,0.278305617472777,Sežana,0.4698949371783381,8827.51487088998,1
10131847,Senožeče,Divača,0.13651985591179985,Sežana,0.190937337515414,8153.6307697959455,0
10131855,Sežana,Sežana,0.9974249620261664,Sežana,0.9999999881191538,0.0,1
10131863,Skadanščina,Hrpelje-Kozina,0.08214830927496859,Hrpelje-Kozina,0.1955206039524411,10454.44555304824,1
10131871,Skopo,Sežana,0.16186957527280413,Sežana,0.3931107652659391,9105.759268727566,1
10131880,Slivje,Hrpelje-Kozina,0.09835998512059776,Hrpelje-Kozina,0.2089337011603178,9804.777414343633,1
10131898,Slope,Hrpelje-Kozina,0.28825898133260297,Hrpelje-Kozina,0.4107146195653219,4868.011348346289,1
10131901,Stomaž,Sežana,0.11261793246643577,Sežana,0.3100501419229607,14152.937895721056,1
10131910,Sveto,Komen,0.4384882239267484,Komen,0.5521526978065128,1992.9649381676704,1
10131928,Šepulje,Sežana,0.41992252959881377,Sežana,0.6670855109647277,6560.845888135999,1
10131936,Šibelji,Nova Gorica,0.11177216101996233,Nova Gorica,0.2132402837910925,4921.885385962603,1
10131944,Škocjan,Divača,0.3374033058617297,Divača,0.3762690990130327,4484.20394129991,1
10131952,Škofi,Komen,0.11291771620689577,Komen,0.187046987477822,4828.1137876407865,1
10131979,Škoflje,Divača,0.17481547370778242,Divača,0.2258452417173909,7021.112819999976,1
10131987,Škrbina,Komen,0.17881915202553184,Komen,0.2625050180488908,3619.893547357603,1
10131995,Šmarje pri Sežani,Sežana,0.7758877243028137,Sežana,0.8886584574990862,3220.6962891865555,1
10132002,Štanjel,Ajdovščina,0.12514279503999756,Sežana,0.1847490322248902,8833.515483151925,0
10132029,Štjak,Sežana,0.09197030226029321,Sežana,0.2565157144883977,15952.469901495377,1
10132037,Štorje,Sežana,0.4409672634009381,Sežana,0.6585529529403983,6309.180235232597,1
10132045,Tabor,Sežana,0.09538914016875494,Sežana,0.2492383766005596,12409.8023251466,1
10132053,Tatre,Ilirska Bistrica,0.055908430867159666,Ilirska Bistrica,0.1449547272123933,15203.931712972731,1
10132061,Tomačevica,Komen,0.26219457819727743,Komen,0.3800597658286832,2781.885205400346,1
10132070,Tomaj,Sežana,0.32756054636409265,Sežana,0.6153911258290377,7454.543601844383,1
10132088,Trebižani,Ajdovščina,0.18056257788906943,Ajdovščina,0.219569039831923,8820.342527674224,1
10132096,Tublje pri Hrpeljah,Hrpelje-Kozina,0.6467994968726336,Hrpelje-Kozina,0.7379633101065433,2536.0729357482046,1
10132100,Tublje pri Komnu,Sežana,0.08715081144424565,Sežana,0.2321316173374921,7524.367858890945,1
10132118,Tupelče,Komen,0.08200475463301743,Sežana,0.1629445420822329,6147.654824910594,0
10132126,Utovlje,Sežana,0.31639845137111217,Sežana,0.5796700209912377,7953.794651961815,1
10132134,Vale,Nova Gorica,0.06976460725903294,Nova Gorica,0.1804923673697556,7708.906416803095,1
10132142,Vareje,Divača,0.0836306887467723,Sežana,0.1697010640704233,10931.06709506044,0
10132169,Vatovlje,Sežana,0.04390930321328106,Sežana,0.1456359581965843,14529.640742771566,1
10132177,Večkoti,Ajdovščina,0.1302642315585884,Ajdovščina,0.1746062464212523,10721.418970179526,1
10132185,Velike Loče,Hrpelje-Kozina,0.08053513444387111,Hrpelje-Kozina,0.1832236653720502,10879.970083585024,1
10132193,Veliki Dol,Sežana,0.09029589382766577,Sežana,0.2538820773354394,6571.594796511494,1
10132207,Veliko Polje,Sežana,0.09197030226029321,Sežana,0.2216254009800866,13185.207647571644,1
10132215,Voglje,Sežana,0.30895068259934055,Sežana,0.6132334872030882,8043.837603156147,1
10132223,Volčji Grad,Komen,0.30126134440376773,Komen,0.5175020176438029,2194.3696799555614,1
10132231,Vrabče,Sežana,0.11547167088080776,Sežana,0.2571713587923511,11180.474009974016,1
10132240,Vremski Britof,Divača,0.18372573463451997,Divača,0.2487198910194111,6580.210145735974,1
10132258,Vrhovlje,Sežana,0.4152084237434979,Sežana,0.6652626304438023,7063.382005429896,1
10132266,Vrhpolje,Hrpelje-Kozina,0.2251065688509492,Hrpelje-Kozina,0.3581611439983868,5993.121335560248,1
10132274,Zagrajec,Komen,0.11568870173500741,Komen,0.1845703729884763,4718.78370343999,1
10132282,Zavrhek,Divača,0.17455484054662992,Divača,0.2292768598935076,7000.0280737578905,1
10132304,Zazid,Koper,0.11016699844982535,Koper,0.3382833594750344,17293.31886821737,1
10132312,Žirje,Sežana,0.578611504411033,Sežana,0.7239341676356791,4850.803278094337,1
10132339,Brda,Slovenj Gradec,0.29784663460695215,Slovenj Gradec,0.3802080223391751,6755.106472990711,1
10132347,Dovže,Slovenj Gradec,0.2563704894143876,Mislinja,0.2918003845860605,3556.9867579072256,0
10132355,Gmajna,Slovenj Gradec,0.7525416217485386,Slovenj Gradec,0.8337738991192637,2912.2557129139404,1
10132363,Golavabuka,Slovenj Gradec,0.18337664683048505,Slovenj Gradec,0.3471680771215683,11192.4625798442,1
10132371,Gornji Dolič,Mislinja,0.27361987421142525,Mislinja,0.3082184778726893,3254.114629916333,1
10132380,Gradišče,Slovenj Gradec,0.6239975073758931,Slovenj Gradec,0.7730968230387019,3802.268662948399,1
10132398,Graška Gora,Velenje,0.1883593680447203,Velenje,0.2252228651565007,10156.704301992357,1
10132401,Kozjak,Velenje,0.11188764883982116,Velenje,0.1668358868610483,7143.700435751899,1
10132410,Legen,Slovenj Gradec,0.6470597960272789,Slovenj Gradec,0.7813609027657835,3521.277063671704,1
10132428,Mala Mislinja,Mislinja,0.21694205764551197,Mislinja,0.3270979336458112,3607.1573921550535,1
10132436,Mislinja,Mislinja,0.992144203291089,Mislinja,0.9999997988966072,0.0,1
10132444,Mislinjska Dobrava,Slovenj Gradec,0.28650020481419863,Slovenj Gradec,0.2827478661976947,4478.522335584886,1
10132452,Paka - del,Velenje,0.13921159887001502,Velenje,0.1232417874724532,7631.628045207287,1
10132479,Pameče,Slovenj Gradec,0.6452193613010466,Slovenj Gradec,0.758051013517054,3560.499174336268,1
10132487,Podgorje,Slovenj Gradec,0.43439366485590436,Slovenj Gradec,0.5331426248470325,5783.340008755506,1
10132495,Raduše,Slovenj Gradec,0.4328183141817186,Slovenj Gradec,0.5689170290947712,5858.142445025044,1
10132509,Razborca,Mislinja,0.16655673336428023,Mislinja,0.2278954742145433,4519.069771658715,1
10132517,Sele,Slovenj Gradec,0.2867577966642599,Slovenj Gradec,0.3654741972346085,8019.051777603345,1
10132525,Slovenj Gradec,Slovenj Gradec,0.9975533044028007,Slovenj Gradec,0.9999999754192982,0.0,1
10132533,Spodnji Razbor,Velenje,0.1391324569361271,Slovenj Gradec,0.226336252991793,12494.246554259058,0
10132541,Srednji Dolič,Velenje,0.12424624896346546,Velenje,0.1640709713764974,5255.596966334147,1
10132550,Stari trg,Slovenj Gradec,0.7804382236399898,Slovenj Gradec,0.8734971230817274,2415.824301981781,1
10132568,Šentilj pod Turjakom,Mislinja,0.7380739303342585,Mislinja,0.8466598292041997,965.9027584405897,1
10132576,Šmartno pri Slovenj Gradcu,Slovenj Gradec,0.7255444496064355,Slovenj Gradec,0.7806997205763837,3390.40841077857,1
10132584,Šmiklavž,Slovenj Gradec,0.26607983578777356,Slovenj Gradec,0.2714128848271748,7734.2380097241,1
10132592,Tolsti Vrh pri Mislinji,Mislinja,0.25849311324146895,Mislinja,0.3301272687896765,3519.7229286039365,1
10132606,Tomaška vas,Slovenj Gradec,0.46825828717827855,Slovenj Gradec,0.5824996204097462,5235.428956205428,1
10132614,Troblje,Slovenj Gradec,0.8075275554718161,Slovenj Gradec,0.8807141375550558,2362.660787269404,1
10132622,Turiška vas,Slovenj Gradec,0.3652379871440299,Slovenj Gradec,0.4927499661760708,6156.983112709458,1
10132649,Vodriž,Slovenj Gradec,0.28710453974273376,Slovenj Gradec,0.3340171288271797,8062.408822809764,1
10132657,Vrhe,Slovenj Gradec,0.31361361893687223,Slovenj Gradec,0.4484062461615823,7128.626817776021,1
10132665,Završe,Velenje,0.11954857648931057,Velenje,0.163432465116859,5843.850835064754,1
10132673,Zgornji Razbor,Slovenj Gradec,0.07570105697357345,Slovenj Gradec,0.1675645558099042,17177.442762360493,1
10132681,Bojtina,Slovenska Bistrica,0.11652671214270649,Maribor,0.2098184353368811,12783.363946760952,0
10132690,Božje,Slovenske Konjice,0.1717271085153543,Zreče,0.1535938650677801,6678.585557964058,0
10132703,Brezje pri Oplotnici,Zreče,0.38646947975119905,Zreče,0.2745069264560206,2071.2521360725336,1
10132711,Brezje pri Poljčanah,Slovenska Bistrica,0.1430345710404671,Slovenska Bistrica,0.1474271174342812,3261.5792014026365,1
10132720,Brezje pri Slov. Bistrici,Slovenska Bistrica,0.18398278285793557,Slovenska Bistrica,0.2478318294355121,8319.215931567407,1
10132738,Bukovec,Maribor,0.3047714656854722,Maribor,0.288361506132671,5730.703482599314,1
10132746,Cezlak,Slovenske Konjice,0.22125304599447415,Slovenske Konjice,0.1355609649570756,4258.55036809752,1
10132754,Cigonca,Slovenska Bistrica,0.7126497735831561,Slovenska Bistrica,0.6485228815940223,3357.266766782732,1
10132762,Čadram,Oplotnica,0.5611974130472099,Oplotnica,0.585595843592191,1108.4209315954145,1
10132789,Čadramska vas,Poljčane,0.39240745558016227,Poljčane,0.4367307187735879,1231.8041937887403,1
10132797,Črešnjevec,Slovenska Bistrica,0.5731051451440617,Slovenska Bistrica,0.5187249190888166,4465.6580315551,1
10132819,Devina,Slovenska Bistrica,0.8004371585674123,Slovenska Bistrica,0.795516325099167,2338.916586213146,1
10132827,Dežno pri Makolah,Ptuj,0.13052108876602814,Ptuj,0.1584610605821835,2849.0496054617506,1
10132835,Dobriška vas,Slovenske Konjice,0.41313703367830895,Slovenske Konjice,0.2863407808518903,3199.667391470035,1
10132843,Dobrova pri Prihovi,Slovenske Konjice,0.3531343394873951,Slovenske Konjice,0.2910195931976459,5189.243005785033,1
10132851,Dolgi Vrh,Slovenska Bistrica,0.18444935589754188,Slovenska Bistrica,0.231384556302339,3673.9295568806656,1
10132860,Drumlažno,Slovenska Bistrica,0.18480578744024878,Slovenska Bistrica,0.2360465624396652,5291.694728398465,1
10132878,Farovec,Maribor,0.16991269419721575,Slovenska Bistrica,0.2078839748615871,5709.027641606956,0
10132886,Fošt,Slovenska Bistrica,0.18015779585750252,Slovenska Bistrica,0.2639110829221493,7531.145162229962,1
10132894,Frajhajm,Maribor,0.15699329137089044,Maribor,0.2752094672385005,15477.891499741603,1
10132908,Gabernik,Slovenska Bistrica,0.32403313352437235,Slovenska Bistrica,0.3134482271804773,6790.494202670116,1
10132916,Gaj,Maribor,0.27433544017128625,Maribor,0.1868839803935651,7989.694503383447,1
10132924,Gladomes,Slovenska Bistrica,0.2459783365809876,Slovenska Bistrica,0.285608084955005,5895.966850434587,1
10132932,Globoko ob Dravinji,Slovenska Bistrica,0.12158307505892071,Ptuj,0.1200182058536727,2416.502247255778,0
10132959,Gorica pri Oplotnici,Oplotnica,0.5462308433273454,Oplotnica,0.4829038439688937,1254.8092994840094,1
10132967,Hošnica,Slovenska Bistrica,0.14909287099271684,Slovenska Bistrica,0.1851346794244078,2335.0047740634054,1
10132975,Hrastovec pod Bočem,Ptuj,0.1013830702480457,Ptuj,0.1335999749108191,5588.181151493276,1
10132983,Jelovec pri Makolah,Makole,0.21091557902865982,Makole,0.2032736778529617,1679.5068249757387,1
10132991,Ješovec,Slovenska Bistrica,0.1482569950966286,Slovenska Bistrica,0.2086004258228736,4581.5354411208455,1
10133009,Jurišna vas,Slovenska Bistrica,0.16101505425569385,Slovenska Bistrica,0.2755459591947055,9047.187353342944,1
10133017,Kalše,Maribor,0.241174992295232,Slovenska Bistrica,0.2415403455592488,9117.288866317818,0
10133025,Kebelj,Slovenske Konjice,0.15563471107716087,Slovenska Bistrica,0.1443107303442043,6248.779486290494,0
10133033,Klopce,Slovenska Bistrica,0.7224116887860741,Slovenska Bistrica,0.6422252470446285,3263.743761966398,1
10133041,Kočno ob Ložnici,Slovenska Bistrica,0.19071860144803818,Slovenska Bistrica,0.2637191946559402,5890.922490276716,1
10133050,Kočno pri Polskavi,Maribor,0.27462157922599206,Slovenska Bistrica,0.2572148137883578,7886.431520990594,0
10133068,Koritno,Slovenske Konjice,0.2651595527384959,Zreče,0.1542732011628877,4190.09322032866,0
10133076,Korplje,Slovenska Bistrica,0.34681980391898387,Slovenska Bistrica,0.3443689396288246,6448.772567955822,1
10133084,Kostanjevec,Slovenska Bistrica,0.4952865885318188,Slovenska Bistrica,0.4324216749974739,5518.382297998624,1
10133092,Kot na Pohorju,Maribor,0.07945237684746247,Maribor,0.1779112813834435,12962.724934260554,1
10133106,Kovača vas,Slovenska Bistrica,0.7126497735831561,Slovenska Bistrica,0.6733961298201967,3366.1171299381326,1
10133114,Kovaški Vrh,Slovenske Konjice,0.2821173919861557,Zreče,0.1961380898612601,4431.906127822861,0
10133122,Krasna,Slovenska Bistrica,0.123736204331126,Slovenska Bistrica,0.1258767255984386,4537.016821999514,1
10133149,Križeča vas,Slovenska Bistrica,0.13125385488171987,Slovenska Bistrica,0.1342909765540697,3522.297718481412,1
10133157,Lačna Gora,Oplotnica,0.35764588789862556,Oplotnica,0.3969702757580032,1747.283866845229,1
10133165,Laporje,Slovenska Bistrica,0.3516142008661265,Slovenska Bistrica,0.3502572546669597,4644.354438183262,1
10133173,Leskovec,Slovenska Bistrica,0.3647299249082912,Slovenska Bistrica,0.3497538656416889,6210.88761321781,1
10133181,Levič,Slovenske Konjice,0.24296344355145108,Slovenska Bistrica,0.2719480253266026,7207.714057889543,0
10133190,Ljubično,Rogaška Slatina,0.16706328688134142,Poljčane,0.1208351067474566,3008.0032471887234,0
10133203,Lokanja vas,Slovenska Bistrica,0.7242412469501095,Slovenska Bistrica,0.6693764264823542,3231.939882767541,1
10133211,Lovnik,Rogaška Slatina,0.29660924988854676,Rogaška Slatina,0.1976626127298865,4913.602158380866,1
10133220,Ložnica,Slovenska Bistrica,0.14895669194558703,Slovenska Bistrica,0.150834304095924,3624.932274278965,1
10133238,Lukanja,Slovenske Konjice,0.08675549498397894,Maribor,0.1628088740803375,9411.025440664642,0
10133246,Lušečka vas,Poljčane,0.21663366097854062,Poljčane,0.2136903039849504,2123.2290282713725,1
10133254,Makole,Makole,0.9990074464059796,Makole,0.9999984785920822,0.0,1
10133262,Malahorna,Slovenske Konjice,0.42839948227474134,Slovenske Konjice,0.2406854677402092,2106.780759436076,1
10133289,Malo Tinje,Slovenska Bistrica,0.18444935589754188,Slovenska Bistrica,0.2654979891074431,7717.107792339357,1
10133297,Markečica,Slovenske Konjice,0.45128686835008197,Slovenske Konjice,0.3149618680173143,3172.4996994352323,1
10133319,Modraže,Slovenska Bistrica,0.12295131653439509,Slovenska Bistrica,0.1272548982625798,3572.7833317550526,1
10133327,Modrič,Slovenske Konjice,0.1918086194342645,Slovenska Bistrica,0.1569109640838026,4771.083367645058,0
10133335,Mostečno,Ptuj,0.14880634687601543,Ptuj,0.1615531698384029,2791.389550140693,1
10133343,Nadgrad,Slovenske Konjice,0.10819793861284328,Slovenska Bistrica,0.1311092606802374,7924.196841280719,0
10133351,Novake,Slovenska Bistrica,0.12366414169009009,Slovenska Bistrica,0.1226112218302315,3896.570975984532,1
10133360,Ogljenšak,Slovenska Bistrica,0.3516142008661265,Slovenska Bistrica,0.3148814695899477,6414.422408112316,1
10133378,Okoška Gora,Slovenske Konjice,0.2132824561232333,Slovenska Bistrica,0.2559678660300774,4546.108903957504,0
10133386,Oplotnica,Oplotnica,0.9927738173447004,Oplotnica,0.99999939475516,0.0,1
10133394,Ošelj,Slovenska Bistrica,0.12849501787133755,Slovenska Bistrica,0.2021553055996976,12019.756799645342,1
10133408,Pečke,Ptuj,0.14821803434144765,Ptuj,0.1572310055473065,2217.624639219045,1
10133416,Planina pod Šumikom,Slovenska Bistrica,0.123212505902596,Maribor,0.1929861034618552,12720.960148977185,0
10133424,Pobrež,Slovenske Konjice,0.46121895324941903,Slovenske Konjice,0.35276948886496,3926.034247921873,1
10133432,Podboč,Rogaška Slatina,0.1701501974918184,Poljčane,0.1930990727365624,2282.110000293755,0
10133459,Podgrad na Pohorju,Slovenske Konjice,0.1913434428224182,Slovenske Konjice,0.1253685612298524,4858.417538884127,1
10133467,Pokoše,Slovenska Bistrica,0.5416670787467827,Slovenska Bistrica,0.4403684737006049,4792.8775713591485,1
10133475,Poljčane,Poljčane,0.98966457915451,Poljčane,0.9999991218426952,0.0,1
10133483,Pragersko,Maribor,0.25588984146729876,Slovenska Bistrica,0.2221034360375547,8040.375917781801,0
10133491,Preloge,Slovenske Konjice,0.350189598097418,Slovenska Bistrica,0.2777948362721114,6875.061923149947,0
10133505,Prepuž,Slovenska Bistrica,0.3195073439402412,Slovenska Bistrica,0.3098984612972872,6964.843912955799,1
10133513,Pretrež,Slovenska Bistrica,0.18450978897395567,Slovenska Bistrica,0.2468390273919215,7067.881856549737,1
10133521,Prihova,Slovenske Konjice,0.333396682204893,Slovenske Konjice,0.1798712023893472,5092.392719083529,1
10133530,Raskovec,Slovenske Konjice,0.3405605180894397,Slovenske Konjice,0.1980920286216858,4360.249507060929,1
10133548,Razgor pri Žabljeku,Slovenska Bistrica,0.2725037556249723,Slovenska Bistrica,0.2969826301630969,4837.495934647243,1
10133556,Rep,Slovenska Bistrica,0.142907297750733,Slovenska Bistrica,0.2372491469650512,10164.292071984202,1
10133564,Ritoznoj,Slovenska Bistrica,0.6295319481218722,Slovenska Bistrica,0.5963743892368706,3868.90112068547,1
10133572,Savinsko,Ptuj,0.16938195575287449,Ptuj,0.1864889373470508,4777.344871030204,1
10133599,Sele pri Polskavi,Slovenska Bistrica,0.35774177423995007,Slovenska Bistrica,0.2861087018807374,6261.274314600345,1
10133602,Sevec,Slovenska Bistrica,0.3235959098040058,Slovenska Bistrica,0.3097547369149903,6646.750122671779,1
10133629,Slovenska Bistrica,Slovenska Bistrica,0.9963341863674238,Slovenska Bistrica,0.9999999511595684,0.0,1
10133637,Smrečno,Slovenska Bistrica,0.12890697535565324,Slovenska Bistrica,0.1990848340991858,11742.34879396262,1
10133645,Spodnja Brežnica,Slovenska Bistrica,0.1316234663492698,Slovenska Bistrica,0.1978269302810201,3320.7730017926224,1
10133653,Spodnja Ložnica,Slovenska Bistrica,0.6211964241791906,Slovenska Bistrica,0.5752296855847994,3990.144999506596,1
10133661,Spodnja Nova vas,Slovenska Bistrica,0.7534441449699331,Slovenska Bistrica,0.7094439111976786,2898.6232542052244,1
10133670,Spodnja Polskava,Maribor,0.29664586501089363,Maribor,0.2440292534320151,7785.83144199437,1
10133688,Spodnje Poljčane,Poljčane,0.7386503903111736,Poljčane,0.7558825524199767,616.7118305222817,1
10133696,Spodnje Prebukovje,Slovenska Bistrica,0.5239658656628342,Slovenska Bistrica,0.5151816913181425,4960.616733612497,1
10133700,Stanovsko,Slovenska Bistrica,0.15511634530687665,Poljčane,0.1751360266030593,2415.282519956969,0
10133718,Stari Grad,Rogaška Slatina,0.21873824574518175,Rogaška Slatina,0.1569428148587556,5041.277359130051,1
10133726,Stari Log,Slovenska Bistrica,0.20081354588556447,Slovenska Bistrica,0.2575768769549024,7805.630144740064,1
10133734,Stopno,Majšperk,0.2018840855934594,Ptuj,0.185326483739358,3991.020008390024,0
10133742,Stranske Makole,Makole,0.3756156787928757,Makole,0.3372261573868332,1152.5510370502436,1
10133769,Straža pri Oplotnici,Slovenske Konjice,0.3028548503805823,Slovenska Bistrica,0.1681619078812564,3327.744173961674,0
10133777,Strug,Ptuj,0.17021918301437275,Ptuj,0.1878021717497703,3836.633225164519,1
10133785,Studenice,Slovenska Bistrica,0.11251222009688432,Slovenska Bistrica,0.1125290788135654,3323.0158564415,1
10133793,Šentovec,Slovenska Bistrica,0.7470067709376245,Slovenska Bistrica,0.6974352951702408,3054.173142436213,1
10133807,Šmartno na Pohorju,Slovenska Bistrica,0.18405618216072617,Slovenska Bistrica,0.274465180975193,8792.024145356681,1
10133815,Štatenberg,Slovenska Bistrica,0.14459895873929432,Slovenska Bistrica,0.1595704481042015,3041.893502647684,1
10133823,Tinjska Gora,Slovenska Bistrica,0.3195073439402412,Slovenska Bistrica,0.3452145324187041,6962.544767648662,1
10133831,Trnovec pri Slovenski Bistrici,Slovenska Bistrica,0.18015779585750252,Slovenska Bistrica,0.228695443603531,7192.758548578862,1
10133840,Turiška vas na Pohorju,Slovenska Bistrica,0.19290476060919498,Slovenska Bistrica,0.3103704947328614,8054.858781790824,1
10133858,Ugovec,Slovenske Konjice,0.28322723236071434,Slovenska Bistrica,0.2084515736028638,4119.584274364535,0
10133866,Urh,Slovenska Bistrica,0.132769820762198,Slovenska Bistrica,0.2032529280781799,11545.10162441515,1
10133874,Varoš,Ptuj,0.16675787584725757,Ptuj,0.1648362082427382,2101.715741741819,1
10133882,Veliko Tinje,Slovenska Bistrica,0.20081354588556447,Slovenska Bistrica,0.3116892149837625,7817.521913123415,1
10133904,Videž,Slovenska Bistrica,0.5822121666414982,Slovenska Bistrica,0.5374559273371002,4366.877424665136,1
10133912,Vinarje,Slovenske Konjice,0.330948118400415,Slovenska Bistrica,0.2695863992930032,6142.354346780786,0
10133939,Visole,Slovenska Bistrica,0.5943569546264815,Slovenska Bistrica,0.5706680626276024,4268.601341054195,1
10133947,Vrhloga,Slovenska Bistrica,0.323502127998371,Slovenska Bistrica,0.3245294951216639,6715.040315626371,1
10133955,Vrhole pri Laporju,Slovenska Bistrica,0.1265671071675815,Slovenska Bistrica,0.1480359180791108,4732.962350997529,1
10133963,Vrhole pri Slov. Konjicah,Slovenska Bistrica,0.4975043400937774,Slovenska Bistrica,0.4129313751787575,5372.127355201849,1
10133971,Zgornja Bistrica,Slovenska Bistrica,0.7448056174215697,Slovenska Bistrica,0.7279192745528014,2975.135874174733,1
10133980,Zgornja Brežnica,Slovenska Bistrica,0.20047228160054995,Slovenska Bistrica,0.2673057702654504,3039.467947740996,1
10133998,Zgornja Ložnica,Slovenska Bistrica,0.49358159592335016,Slovenska Bistrica,0.4226720242404779,5549.646932384404,1
10134005,Zgornja Nova vas,Slovenska Bistrica,0.3195073439402412,Slovenska Bistrica,0.3765825365640504,7003.600996738686,1
10134013,Zgornja Polskava,Slovenska Bistrica,0.4971591971026982,Slovenska Bistrica,0.375860023104579,5396.338726976931,1
10134021,Zgornje Grušovje,Slovenske Konjice,0.34212233924056223,Slovenske Konjice,0.2156330019404407,5860.213343556595,1
10134030,Zgornje Poljčane,Poljčane,0.26718117907765676,Poljčane,0.2992192434957597,1662.7238160158556,1
10134048,Zgornje Prebukovje,Slovenska Bistrica,0.32403313352437235,Slovenska Bistrica,0.384814895086816,6768.904075852029,1
10134056,Zlakova,Zreče,0.6282084000335794,Zreče,0.660406202048744,2225.007137225914,1
10134064,Zlogona Gora,Oplotnica,0.33457481347476076,Oplotnica,0.3219862157230999,1981.7234874537332,1
10134072,Zlogona vas,Slovenske Konjice,0.2822688498765155,Oplotnica,0.1985828223816188,2787.2230867587623,0
10134099,Žabljek,Slovenska Bistrica,0.3561757726980144,Slovenska Bistrica,0.3583096521242511,5788.467241315641,1
10134102,Križni Vrh,Slovenska Bistrica,0.3589360915656634,Slovenska Bistrica,0.367732277530602,4925.933605287758,1
10134129,Bezina,Slovenske Konjice,0.6990580144662623,Slovenske Konjice,0.61733433376611,3074.317450374974,1
10134137,Bezovje nad Zrečami,Zreče,0.4052130017936561,Zreče,0.4141125212252621,4224.712272938129,1
10134145,Blato,Slovenske Konjice,0.8270632386025879,Slovenske Konjice,0.8357775976609859,1769.5679164719595,1
10134153,Boharina,Zreče,0.3142585273514842,Zreče,0.3602454570604005,5093.521428037752,1
10134161,Brdo,Slovenske Konjice,0.5593989309751214,Slovenske Konjice,0.478254358664476,4139.886988034998,1
10134170,Breg pri Konjicah,Slovenske Konjice,0.7197667376446907,Slovenske Konjice,0.689997072472231,2750.570089680164,1
10134188,Brezen,Velenje,0.09141240742212899,Celje,0.1053195687650681,5863.758413018552,0
10134196,Brezje pri Ločah,Slovenske Konjice,0.3267094912031821,Slovenske Konjice,0.2362867765330722,7256.413257636291,1
10134200,Bukovlje,Zreče,0.3774534086735219,Zreče,0.3053584099237553,4551.12799115268,1
10134218,Črešnova,Zreče,0.4682662186099579,Zreče,0.4884945233411057,3487.449899762168,1
10134226,Dobrava pri Konjicah,Slovenske Konjice,0.9021530802918523,Slovenske Konjice,0.8917840700577491,1230.3856855527822,1
10134234,Dobrnež,Slovenske Konjice,0.7237547238846233,Slovenske Konjice,0.6665494852499175,2789.311697294371,1
10134242,Draža vas,Slovenske Konjice,0.36604654768253525,Slovenske Konjice,0.3049040806525783,6141.039032170305,1
10134269,Gabrovlje,Slovenske Konjice,0.6669550465581053,Slovenske Konjice,0.4821204442610212,3243.338258679041,1
10134277,Gabrovnik,Slovenske Konjice,0.7105870627453281,Slovenske Konjice,0.6290131991055273,2922.617585589083,1
10134285,Gorenje pri Zrečah,Zreče,0.36446323114912516,Zreče,0.367294622347447,4736.46293386225,1
10134293,Gračič,Zreče,0.5721212695308091,Zreče,0.5207119749718241,2571.026477991135,1
10134307,Hudinja,Velenje,0.07516217397953841,Celje,0.0835343834465536,10951.920308260176,0
10134315,Sveti Jernej,Slovenske Konjice,0.28428093365729595,Slovenske Konjice,0.1525398171076875,7450.700033156266,1
10134323,Kamna Gora,Slovenske Konjice,0.32866626698277185,Slovenske Konjice,0.2828031106526199,7274.698611184036,1
10134331,Klokočovnik,Slovenske Konjice,0.350189598097418,Slovenske Konjice,0.2233514067650905,7942.323135532996,1
10134340,Koble,Slovenske Konjice,0.33246188330555687,Slovenske Konjice,0.2029467217766099,8351.153963360386,1
10134358,Kolačno,Slovenske Konjice,0.350189598097418,Slovenske Konjice,0.2170304485181282,7933.531979578059,1
10134366,Konjiška vas,Slovenske Konjice,0.6990580144662623,Slovenske Konjice,0.6350214730990489,3051.9811667724503,1
10134374,Koroška vas na Pohorju,Zreče,0.306750060200274,Zreče,0.3148190823871029,5327.072087292867,1
10134382,Kraberk,Slovenske Konjice,0.35908181008796736,Slovenske Konjice,0.2485984535277048,7007.602700788062,1
10134404,Spodnji Jernej,Slovenske Konjice,0.2628457026133845,Slovenske Konjice,0.1480651994789691,8306.643349595819,1
10134412,Križevec,Zreče,0.4806406811566508,Zreče,0.4110998194265156,3433.6727368017546,1
10134439,Ličenca,Slovenske Konjice,0.295248960811921,Slovenska Bistrica,0.2385452313141409,8156.397888943024,0
10134447,Lipoglav,Slovenske Konjice,0.30173240066741835,Slovenske Konjice,0.1853206607488836,9252.393486184495,1
10134455,Ljubnica,Slovenske Konjice,0.23474615218018513,Zreče,0.1821572576767951,3986.303812255028,0
10134463,Loče,Slovenske Konjice,0.3398328842726779,Slovenske Konjice,0.2081492640343381,7593.081790015803,1
10134471,Loška gora pri Zrečah,Slovenske Konjice,0.17773174077855586,Zreče,0.1878952042728266,8327.672459166284,0
10134480,Mali Breg,Slovenske Konjice,0.3028548503805823,Slovenske Konjice,0.17744296592567,8954.536301592007,1
10134498,Mlače,Slovenske Konjice,0.3045642536147716,Slovenske Konjice,0.1735266907618048,7285.057331115053,1
10134501,Nova vas pri Konjicah,Slovenske Konjice,0.5181234830176928,Slovenske Konjice,0.4126829240283164,4729.755402755111,1
10134510,Novo Tepanje,Slovenske Konjice,0.4470910584620117,Slovenske Konjice,0.331220822273595,5475.95699356009,1
10134528,Ostrožno pri Ločah,Slovenske Konjice,0.2505881241301561,Slovenske Konjice,0.1396102293297881,10642.839200942914,1
10134536,Padeški Vrh,Slovenske Konjice,0.1910878052482228,Zreče,0.2010631510088187,8073.1971030887025,0
10134544,Paka,Velenje,0.09867261806702889,Velenje,0.0962743728425693,7699.57532050866,1
10134552,Penoje,Slovenske Konjice,0.29564023509970044,Slovenske Konjice,0.1634707701994595,7991.530606878785,1
10134579,Perovec,Slovenske Konjice,0.3642114086777738,Slovenske Konjice,0.2996951424364098,6146.169464270556,1
10134587,Petelinjek pri Ločah,Slovenske Konjice,0.3028548503805823,Slovenske Konjice,0.1712997743810268,9225.09798857952,1
10134595,Planina na Pohorju,Slovenske Konjice,0.10809433395191981,Zreče,0.1417605707336496,10381.869745727325,0
10134609,Podob,Slovenske Konjice,0.34891344363446697,Slovenske Konjice,0.2342648942308288,7673.229241566609,1
10134617,Podpeč ob Dravinji,Slovenske Konjice,0.1823448817253775,Slovenske Konjice,0.1033075484863521,4652.250432502227,1
10134625,Polene,Slovenske Konjice,0.7070562616214967,Slovenske Konjice,0.6595206425258783,2937.9299796190044,1
10134633,Preloge pri Konjicah,Slovenske Konjice,0.7342338559280435,Slovenske Konjice,0.7298599205573151,2533.0082794969767,1
10134641,Prežigal,Slovenske Konjice,0.5687967117586625,Slovenske Konjice,0.5334856356790062,3718.270206649781,1
10134650,Radana vas,Zreče,0.6636666790451784,Zreče,0.5654967133669224,2054.4013621614217,1
10134668,Resnik,Zreče,0.10957074622414067,Zreče,0.1414537229915279,10648.866774626633,1
10134676,Selski Vrh,Slovenske Konjice,0.21426929299321215,Slovenske Konjice,0.1181851878559616,6659.518689505505,1
10134684,Vitanjsko Skomarje,Slovenske Konjice,0.1504331329555188,Zreče,0.1578006079224863,8139.144123654407,0
10134692,Slovenske Konjice,Slovenske Konjice,0.9939148500032199,Slovenske Konjice,0.9999999309232918,0.0,1
10134706,Sojek,Slovenske Konjice,0.330948118400415,Slovenske Konjice,0.2091072257898807,8657.7446678821,1
10134714,Spodnja Pristava,Slovenske Konjice,0.43135505756003284,Slovenske Konjice,0.3410299742934983,5678.984316226797,1
10134722,Spodnje Grušovje,Slovenske Konjice,0.350189598097418,Slovenska Bistrica,0.2071825910748877,7913.073315766561,0
10134749,Spodnje Laže,Slovenske Konjice,0.18187973445435532,Slovenska Bistrica,0.102425053013585,3613.380224197776,0
10134757,Spodnje Preloge,Slovenske Konjice,0.8311908366569337,Slovenske Konjice,0.8118904022523815,1676.3774928955972,1
10134765,Spodnji Dolič,Velenje,0.13844860729043407,Velenje,0.1068505384208168,5045.599503894153,1
10134773,Stare Slemene,Slovenske Konjice,0.22095279802991274,Celje,0.1436059320165541,11223.042925786736,0
10134781,Stenica,Vitanje,0.1984652252505011,Vitanje,0.1616447000298514,1948.1988474493487,1
10134790,Stranice,Zreče,0.501355375215376,Zreče,0.4379117825397385,3320.177397470685,1
10134803,Strtenik,Slovenske Konjice,0.5455947064142683,Slovenske Konjice,0.4363512611756179,4406.260032150039,1
10134811,Suhadol,Slovenske Konjice,0.35028403949743153,Slovenske Konjice,0.2285521413707069,7780.235462346886,1
10134820,Škalce,Slovenske Konjice,0.8127287568352637,Slovenske Konjice,0.8063428186289779,1984.2159979626797,1
10134838,Škedenj,Slovenske Konjice,0.3586279636846879,Slovenske Konjice,0.2555441388170998,7033.49574647582,1
10134846,Špitalič pri Slov. Konjicah,Slovenske Konjice,0.3016451752391592,Slovenske Konjice,0.1874206420624662,9300.6456826365,1
10134854,Tepanje,Slovenske Konjice,0.5429282773091552,Slovenske Konjice,0.434770995413997,4456.772380411999,1
10134862,Tepanjski Vrh,Slovenske Konjice,0.6669550465581053,Slovenske Konjice,0.598888659911215,3249.93856353898,1
10134889,Tolsti Vrh,Slovenske Konjice,0.3319654240342987,Slovenske Konjice,0.2108432520226952,8567.00563353673,1
10134897,Vešenik,Slovenske Konjice,0.8044364753551513,Slovenske Konjice,0.7764393078142829,2143.4198896704825,1
10134919,Vitanje,Vitanje,0.9958165504326085,Vitanje,0.9999984299399554,0.0,1
10134927,Zbelovo,Slovenske Konjice,0.24660453268549698,Slovenske Konjice,0.1344795038105323,5265.525086452366,1
10134935,Zbelovska Gora,Rogaška Slatina,0.22210379608207997,Rogaška Slatina,0.1282432420345303,6287.613103140422,1
10134943,Zeče,Slovenske Konjice,0.7168454387266273,Slovenske Konjice,0.5787883891948922,2871.072051578557,1
10134951,Zgornja Pristava,Slovenske Konjice,0.8681605475515483,Slovenske Konjice,0.8881042314744183,1341.5527476241307,1
10134960,Zgornje Laže,Slovenske Konjice,0.1792222855137969,Slovenska Bistrica,0.1482691088471242,4785.853622826953,0
10134978,Žiče,Slovenske Konjice,0.35654145642751994,Slovenske Konjice,0.2999407294267199,6352.64020914584,1
10134986,Zreče,Zreče,0.9930269057765776,Zreče,0.9999998741801036,0.0,1
10134994,Rogla,Maribor,0.059762625338142195,Maribor,0.1434792291769168,16155.27183668158,1
10135001,Bezovje pri Šentjurju,Šentjur,0.7128225956227026,Šentjur,0.7447478392900175,2198.3378796702973,1
10135010,Bobovo pri Ponikvi,Šentjur,0.1261510009908506,Celje,0.1118756915494689,9895.780823293217,0
10135028,Boletina,Šentjur,0.22045628677232776,Šentjur,0.154335464477388,7755.205662490146,1
10135036,Botričnica,Šentjur,0.855068146530957,Šentjur,0.8941430477058289,1275.3673526527714,1
10135044,Brdo,Celje,0.06614529868123017,Celje,0.118753160746773,5499.489471660054,1
10135052,Brezje ob Slomu,Šentjur,0.3915407554240047,Šentjur,0.320838637993925,5745.11874999386,1
10135079,Brezje pri Dobjem,Dobje,0.3658480789651042,Dobje,0.1495799364077255,1160.1307091372707,1
10135087,Bukovje pri Slivnici,Šentjur,0.23430721376505187,Šentjur,0.2252868184594792,8298.747103221982,1
10135095,Cerovec,Šentjur,0.33184956592671455,Celje,0.333476366686602,6536.635068966637,0
10135109,Črnolica,Šentjur,0.5488924179753735,Šentjur,0.5567735326062281,3469.111242025754,1
10135117,Dobje pri Lesičnem,Celje,0.0640196300697514,Celje,0.1032141160098031,10598.261964935553,1
10135125,Dobje pri Planini,Dobje,0.9974832955249799,Dobje,0.999995687849886,0.0,1
10135133,Dobovec pri Ponikvi,Slovenske Konjice,0.18494353048676235,Celje,0.1140920629707794,9860.676203965651,0
10135141,Dobrina,Šentjur,0.08783099718579346,Celje,0.1199745350119131,13912.693795096377,0
10135150,Dolga Gora,Slovenske Konjice,0.17310869479392085,Rogaška Slatina,0.117988028291217,9771.238266778257,0
10135168,Doropolje,Celje,0.06625810406655804,Celje,0.1054343046102825,7089.687211246959,1
10135176,Dramlje,Šentjur,0.3004302597633395,Celje,0.2066078557398834,7494.968259878472,0
10135184,Drobinsko,Šentjur,0.19582904308715068,Šentjur,0.1803648589375582,9298.323143539055,1
10135192,Golobinjek pri Planini,Sevnica,0.07474545342184684,Celje,0.1029683463848758,9918.010186793106,0
10135206,Gorica pri Dobjem,Šentjur,0.1129520638229578,Celje,0.1270724996425668,2304.623087060986,0
10135214,Gorica pri Slivnici,Šentjur,0.3915407554240047,Šentjur,0.3504713930655384,5743.526754614851,1
10135222,Goričica,Šentjur,0.520321816576332,Šentjur,0.4237408238784572,3924.597697199621,1
10135249,Grobelno - del,Šentjur,0.4959277529583001,Šentjur,0.4525107670116562,4389.862346984265,1
10135257,Grušce,Slovenske Konjice,0.22166637257740052,Celje,0.1664908800234603,10350.88978905233,0
10135265,Hotunje,Šentjur,0.4149354442159773,Šentjur,0.3418290508293412,5350.271938830592,1
10135273,Hrastje,Šentjur,0.10920523780826312,Celje,0.1184007481123645,8991.820816076051,0
10135281,Hruševec,Šentjur,0.6240473950315742,Šentjur,0.6276303604591542,2937.499244065017,1
10135290,Hrušovje,Šentjur,0.09133692392074291,Celje,0.1225372843704703,5956.233428217288,0
10135303,Jakob pri Šentjurju,Šentjur,0.520321816576332,Šentjur,0.5113719392006019,3924.379255875464,1
10135311,Jarmovec,Celje,0.2781313709091616,Celje,0.3109992908735112,8328.787902876318,1
10135320,Javorje,Šentjur,0.18967284509800017,Šentjur,0.1797739745771157,9764.01006642976,1
10135338,Jazbin Vrh,Šentjur,0.2966149476321637,Šentjur,0.2648450926245017,5810.678320001649,1
10135346,Jazbine,Slovenske Konjice,0.17275061499204344,Celje,0.1667922647778373,11049.753088645542,0
10135354,Jelce,Šentjur,0.1436050760260909,Šentjur,0.1553781059596178,4995.243942390242,1
10135362,Jezerce pri Dobjem,Šentjur,0.1863590460431094,Šentjur,0.1856399893937864,3741.905535691438,1
10135389,Kalobje,Šentjur,0.2972067252804861,Šentjur,0.2684869706340722,6286.212366666517,1
10135397,Kameno,Šentjur,0.7128225956227026,Šentjur,0.749731608578616,2199.3203993091174,1
10135419,Kostrivnica,Šentjur,0.18021072950120598,Celje,0.1777701475063382,4242.663363524716,0
10135427,Košnica,Šentjur,0.12407490616906353,Šentjur,0.1328310771273617,8617.357031106614,1
10135435,Krajnčica,Šentjur,0.6004232273576027,Šentjur,0.5388448703439106,3329.2131724787137,1
10135443,Krivica,Celje,0.05480188637440474,Celje,0.0964886204205129,9106.161519171,1
10135451,Laze pri Dramljah,Šentjur,0.2507320105061865,Celje,0.2095627167090014,7915.555034235347,0
10135460,Lažiše,Šentjur,0.08794769575391154,Celje,0.1407300292709921,4468.409872292178,0
10135478,Loka pri Žusmu,Šentjur,0.08705891061226832,Šmarje pri Jelšah,0.12507954307076,9934.845023092968,0
10135486,Lokarje,Šentjur,0.7810738443266578,Šentjur,0.7434203253469317,2084.9090493289345,1
10135494,Loke pri Planini,Celje,0.0731041976761082,Celje,0.110515608853666,6641.117419640869,1
10135508,Lopaca,Celje,0.07016523333183042,Celje,0.107452721738868,9749.328639233652,1
10135516,Lutrje,Šentjur,0.22975505072919003,Šentjur,0.1553060970269781,8887.314280037253,1
10135524,Marija Dobje,Celje,0.2849199400659161,Celje,0.2829127394755404,7973.549389084665,1
10135532,Okrog,Šentjur,0.18432943327852397,Šmarje pri Jelšah,0.219637324044729,6121.43594654507,0
10135559,Osredek,Šentjur,0.37298291194175975,Šentjur,0.3304652581622829,6019.539989335028,1
10135567,Ostrožno pri Ponikvi - del,Šentjur,0.1836519968468128,Šentjur,0.1238587020594267,8805.893765763481,1
10135575,Paridol,Šentjur,0.18248394404179025,Šentjur,0.18518890151238,6370.935522857814,1
10135583,Planina pri Sevnici,Celje,0.06417375213210665,Celje,0.1078023100354211,7271.719572346167,1
10135591,Planinca,Šentjur,0.45895187863773357,Šentjur,0.4219196375294978,4858.98751631218,1
10135605,Planinska vas,Celje,0.06359206804501706,Celje,0.1046445809085185,7516.857252648884,1
10135613,Planinski Vrh,Celje,0.055677692341624896,Celje,0.0992733600550946,8574.15794439402,1
10135621,Pletovarje,Slovenske Konjice,0.30747940959630654,Slovenske Konjice,0.1609768408415506,9053.044971076077,1
10135630,Podgaj,Šentjur,0.2421806077577617,Šmarje pri Jelšah,0.1987072835269886,6162.914641272233,0
10135648,Podgrad,Šentjur,0.7963302259672477,Šentjur,0.7601179707232055,1920.7323076795808,1
10135656,Podlešje,Šentjur,0.24266064561484751,Šentjur,0.2263126475456129,4861.603344823363,1
10135664,Podlog pod Bohorjem,Celje,0.06443869034278692,Celje,0.0863567854217055,10141.426386848234,1
10135672,Podpeč nad Marofom,Celje,0.06948740530212921,Celje,0.1217233882447355,4851.053616221963,1
10135699,Podpeč pri Šentvidu,Celje,0.058064238286132726,Celje,0.0995743439044049,9291.809581505831,1
10135702,Podvine,Celje,0.054200460679311654,Celje,0.0998052785803551,8509.336761916318,1
10135729,Ponikva,Šentjur,0.30165598364316315,Šentjur,0.2028955575176922,7481.877057318798,1
10135737,Ponkvica,Šentjur,0.23415238905360167,Šmarje pri Jelšah,0.216026645209423,5907.175494421557,0
10135745,Prapretno,Sevnica,0.07307364217645765,Sevnica,0.1162076962163651,11411.56548101724,1
10135753,Presečno,Šentjur,0.12142649869811965,Šentjur,0.129712737970686,3504.8534028636527,1
10135761,Primož pri Šentjurju,Šentjur,0.5135751591016744,Šentjur,0.4363028745630397,4112.073846844543,1
10135770,Proseniško,Celje,0.373472303210611,Celje,0.426462087954315,5723.924301476747,1
10135788,Rakitovec,Šentjur,0.326781940724415,Šentjur,0.2629357412632801,7015.647897182061,1
10135796,Ravno,Dobje,0.19349093268493273,Celje,0.127418504479443,1684.5570957523485,0
10135800,Razbor,Šentjur,0.33167074822395404,Šentjur,0.2340984396966255,6771.356997011515,1
10135818,Repno,Šentjur,0.6454819879067379,Šentjur,0.6210026675792226,2737.45864687258,1
10135826,Repuš,Dobje,0.19349093268493273,Celje,0.1250839851664802,1702.32975448647,0
10135834,Rifnik,Šentjur,0.6553598124002238,Šentjur,0.6722911537394634,2681.028939993264,1
10135842,Sele,Šentjur,0.2461505040051488,Šentjur,0.2340349858073695,7249.819066328955,1
10135869,Slatina pri Dobjem,Šentjur,0.10570303020306582,Celje,0.126019593056249,2570.9200984779272,0
10135877,Slatina pri Ponikvi,Slovenske Konjice,0.17805566639658152,Celje,0.1277407441768883,11911.83028669526,0
10135885,Slivnica pri Celju,Šentjur,0.2930534363328831,Šentjur,0.2601193178501704,7528.804945833045,1
10135893,Sotensko pod Kalobjem,Šentjur,0.5307746984355647,Šentjur,0.5321384793582165,3776.157266880323,1
10135907,Spodnje Slemene,Celje,0.17672466603783515,Celje,0.2097405088459116,10943.508142906372,1
10135915,Srževica,Šentjur,0.1814594397735891,Šmarje pri Jelšah,0.1938691681905668,6668.500139461436,0
10135923,Stopče,Šentjur,0.6573758628210951,Šentjur,0.6680528263940099,2628.2355051926866,1
10135931,Straška Gorca,Celje,0.06417375213210665,Celje,0.1023823211610307,9568.411002751252,1
10135940,Straža na Gori,Slovenske Konjice,0.18976936664356575,Celje,0.1744075733195848,10458.491807785167,0
10135958,Suho,Šentjur,0.1285207441098976,Šentjur,0.1394276761516,2706.885229123867,1
10135966,Svetelka,Šentjur,0.2582247386315277,Celje,0.2091660511663282,7738.102348378789,0
10135974,Šedina,Šentjur,0.2459917895300286,Celje,0.2035222065150471,8176.150189743161,0
10135982,Šentjur,Šentjur,0.991711150316228,Šentjur,0.9999999191176754,0.0,1
10136008,Šentvid pri Planini,Celje,0.05510710068864572,Celje,0.1020559376377674,8376.873534516852,1
10136016,Šibenik,Šentjur,0.6362247737829392,Šentjur,0.6423333454316713,2863.001513838696,1
10136024,Škarnice,Dobje,0.19349093268493273,Celje,0.1423220436366482,1638.8067710487553,0
10136032,Tajhte,Celje,0.07633249328267473,Celje,0.114282967771413,5366.105447889703,1
10136059,Tratna ob Voglajni,Šentjur,0.33184956592671455,Šentjur,0.290819593155061,6545.703710626372,1
10136067,Tratna pri Grobelnem,Šentjur,0.4047624379361202,Šentjur,0.3356768892960167,5579.000916010763,1
10136075,Trno,Šentjur,0.33184956592671455,Šentjur,0.3013846310213379,6566.847224516674,1
10136083,Trnovec pri Dramljah,Šentjur,0.41608717170899134,Šentjur,0.3066175427178606,5366.72511635168,1
10136091,Trška Gorca,Šentjur,0.3315988379366066,Šentjur,0.28249690174116,5681.581596869655,1
10136105,Turno,Šentjur,0.32700291864746467,Šentjur,0.3094577087354019,6468.968950608859,1
10136113,Uniše,Šentjur,0.3284614032633905,Šentjur,0.2261720266612959,6978.865482995301,1
10136121,Večje Brdo,Šentjur,0.10116779620479305,Celje,0.1312955882165103,3133.899100570512,0
10136130,Vejice,Sevnica,0.07621669976452017,Sevnica,0.1021733109265102,9531.684937692582,1
10136148,Vezovje,Šentjur,0.383865320137135,Šentjur,0.341727343006495,5806.989613666494,1
10136156,Visoče,Sevnica,0.07180616916704283,Celje,0.111706121145406,9386.402401461197,0
10136164,Vodice pri Kalobju,Šentjur,0.10920523780826312,Celje,0.1476563844488989,3633.482715385248,0
10136172,Vodice pri Slivnici,Šentjur,0.3322333636578897,Šentjur,0.2845011015660049,5925.842819799728,1
10136199,Vodruž,Šentjur,0.43559642322478437,Šentjur,0.4100785689618711,4991.240228819798,1
10136202,Voduce,Šentjur,0.17698429091361415,Šentjur,0.1859443399703874,8054.747004174241,1
10136229,Vodule,Šentjur,0.18200975311561599,Celje,0.19336593922543,10044.702400991757,0
10136237,Voglajna,Šentjur,0.3549352478590218,Šentjur,0.3265706596046366,6132.483298730013,1
10136245,Vrbno,Šentjur,0.7963302259672477,Šentjur,0.741009633869351,1922.5732833946024,1
10136253,Zagaj pri Ponikvi,Slovenske Konjice,0.25979514634116185,Celje,0.1424084944525719,10349.102270955698,0
10136261,Zalog pod Uršulo,Šentjur,0.2318117086408096,Celje,0.1845457481615894,8839.935373806265,0
10136270,Završe pri Dobjem,Šentjur,0.11413420645197168,Celje,0.1449871033859995,3106.7936822077027,0
10136288,Zgornje Selce,Šentjur,0.30003029714736373,Šentjur,0.2218886303090796,7206.9056197316495,1
10136296,Zgornje Slemene,Slovenske Konjice,0.24814132688819288,Celje,0.1762459736001366,9833.679208573709,0
10136300,Zlateče pri Šentjurju,Šentjur,0.504873607405135,Šentjur,0.3773581438783785,4234.506184528579,1
10136318,Žegar,Šentjur,0.11717807844608684,Šentjur,0.1300886494024065,7051.215490971015,1
10136326,Sv. Andrej,Kranj,0.1911401705438755,Ljubljana,0.3198450393018681,8838.900413756219,0
10136334,Bačne,Gorenja vas-Poljane,0.12112808874688351,Ljubljana,0.2528830497060985,5717.901521500172,0
10136342,Binkelj,Škofja Loka,0.880455864432763,Škofja Loka,0.8700939352444222,1234.7564615944702,1
10136369,Bodovlje,Škofja Loka,0.5164068302776649,Škofja Loka,0.3889288730819773,4273.5397664441325,1
10136377,Brebovnica,Gorenja vas-Poljane,0.13855539358781707,Ljubljana,0.2738488319288527,5072.885420333125,0
10136385,Brekovice,Žiri,0.17501310886143595,Žiri,0.3273736179760083,2472.2832913196503,1
10136393,Breznica pod Lubnikom,Kranj,0.18822388063493584,Ljubljana,0.31256534941693,8929.745311584931,0
10136407,Breznica pri Žireh,Žiri,0.13597342717377328,Žiri,0.2258167199595482,3306.5466779503554,1
10136415,Brode,Škofja Loka,0.23994434209863016,Ljubljana,0.2899097548787246,7076.742861134492,0
10136423,Bukov Vrh,Kranj,0.08803727813744006,Ljubljana,0.3007156207179076,7787.851485149094,0
10136431,Bukovica,Kranj,0.18964847144152494,Ljubljana,0.2523080822730747,8000.040100427776,0
10136440,Bukovščica,Kranj,0.2671057112620783,Kranj,0.3263125571747785,10443.637666889805,1
10136458,Crngrob,Škofja Loka,0.5902607427111259,Škofja Loka,0.3810392374818535,3739.6498607274207,1
10136466,Čabrače,Gorenja vas-Poljane,0.09731714962513563,Ljubljana,0.2313001293681395,6438.215907857662,0
10136474,Četena Ravan,Kranj,0.10243896242123318,Ljubljana,0.2709152062492149,11748.51870873102,0
10136482,Davča,Kranj,0.043794507840705536,Ljubljana,0.2066765376448606,13402.01360343765,0
10136504,Debeni,Gorenja vas-Poljane,0.09684342068682293,Ljubljana,0.2282584499121173,6602.138578673321,0
10136512,Delnice,Kranj,0.09438265391465929,Ljubljana,0.2810193656409729,7958.6507751474865,0
10136539,Dobje,Gorenja vas-Poljane,0.3020736439852331,Gorenja vas-Poljane,0.2833261995180737,3157.1987146780966,1
10136547,Dobravšce,Gorenja vas-Poljane,0.4405008936031466,Gorenja vas-Poljane,0.4463474083899468,2389.414414627734,1
10136555,Dolenčice,Kranj,0.08952793980515177,Ljubljana,0.2739046212339679,8993.74723960637,0
10136563,Dolenja Dobrava,Gorenja vas-Poljane,0.6719487900981782,Gorenja vas-Poljane,0.7092245328970866,1333.205456022365,1
10136571,Dolenja Ravan,Kranj,0.0848471150143035,Ljubljana,0.2664621362790225,8012.922978679388,0
10136580,Dolenja vas,Kranj,0.1989084348696927,Ljubljana,0.2472840521577809,6123.671511397729,0
10136598,Dolenja Žetina,Kranj,0.07604452098794395,Ljubljana,0.2665667196288707,9543.825128066848,0
10136601,Dolenje Brdo,Gorenja vas-Poljane,0.2043856759020288,Ljubljana,0.2334599808974444,4351.931938603329,0
10136610,Dolge Njive,Ljubljana,0.09558700450555518,Ljubljana,0.358850445361438,9465.351978769062,1
10136628,Dorfarje,Škofja Loka,0.5798302479643442,Kranj,0.3219932696468391,3892.510158178616,0
10136636,Draga,Škofja Loka,0.44711434171610165,Ljubljana,0.3637817128419683,4924.774221910732,0
10136644,Dražgoše,Kranj,0.19124217705854604,Ljubljana,0.2190502845537524,7426.174598918518,0
10136652,Sveti Florijan nad Škofjo Loko,Kranj,0.16859198863063754,Ljubljana,0.317522816862224,10895.12328583319,0
10136679,Forme,Škofja Loka,0.6020675115424244,Škofja Loka,0.3874554635545011,3445.252955585602,1
10136687,Fužine,Gorenja vas-Poljane,0.11462384561129983,Ljubljana,0.2035218036769714,6045.74980838565,0
10136695,Gabrk,Kranj,0.21234712914523432,Ljubljana,0.2950804130139114,7807.288671503789,0
10136709,Gabrovo,Kranj,0.21317825923584943,Ljubljana,0.3012267721601684,7745.619505834466,0
10136717,Gabrška Gora,Kranj,0.14231004502062797,Ljubljana,0.3100063077340827,10155.088078351748,0
10136725,Godešič,Škofja Loka,0.48462585621389953,Ljubljana,0.3135198181322766,4955.231428923515,0
10136733,Goli Vrh,Ljubljana,0.06555006620031728,Ljubljana,0.3279098254290674,7808.34406233661,1
10136741,Golica,Kranj,0.14606492101643828,Ljubljana,0.2619719556325519,6488.782359685023,0
10136750,Gorenja Dobrava,Gorenja vas-Poljane,0.49121033457806673,Gorenja vas-Poljane,0.4797356643841032,2186.600890650401,1
10136768,Gorenja Ravan,Koper,0.020554905040154323,Ljubljana,0.1558638413858522,163843.9145273759,0
10136776,Gorenja vas,Gorenja vas-Poljane,0.9977650462766812,Gorenja vas-Poljane,0.9999997677108232,0.0,1
10136784,Gorenja vas - Reteče,Medvode,0.4369587035157035,Ljubljana,0.3718921174857851,4532.020580651824,0
10136792,Gorenja Žetina,Kranj,0.07513660108406522,Ljubljana,0.2663754920373747,13472.440701131618,0
10136806,Gorenje Brdo,Gorenja vas-Poljane,0.15490260961843338,Ljubljana,0.2395832698556007,4842.61132847145,0
10136814,Goropeke,Žiri,0.29632865017206994,Žiri,0.4291549499084733,2000.9899082388347,1
10136822,Gosteče,Škofja Loka,0.5086497340319207,Ljubljana,0.3009053627308012,4308.080173236902,0
10136849,Grenc,Škofja Loka,0.7451091962117664,Škofja Loka,0.635028000567984,2196.071596573895,1
10136857,Hlavče Njive,Gorenja vas-Poljane,0.1290972700123171,Ljubljana,0.2427410918433326,5390.166994660623,0
10136865,Hobovše pri Stari Oselici,Gorenja vas-Poljane,0.06367314086880026,Ljubljana,0.2145418810774648,8787.425139327053,0
10136873,Hosta,Škofja Loka,0.6862093045499581,Škofja Loka,0.5305034916686415,2778.5258061575573,1
10136881,Hotavlje,Gorenja vas-Poljane,0.29645407637850396,Gorenja vas-Poljane,0.3074424686150355,3261.2929221224654,1
10136890,Hotovlja,Gorenja vas-Poljane,0.21993047266818574,Ljubljana,0.2485695509897572,4176.310453359837,0
10136903,Sv. Petra Hrib,Kranj,0.19511752562577114,Ljubljana,0.3115519564579917,8262.299088764486,0
10136911,Izgorje,Ljubljana,0.05729819225057367,Ljubljana,0.2562746056492931,6917.214991395056,1
10136920,Jarčja Dolina,Žiri,0.06030657694495579,Ljubljana,0.2169564977326849,5045.607097911333,0
10136938,Jarčje Brdo,Kranj,0.1474495904553178,Ljubljana,0.286049104962353,12396.21718807358,0
10136946,Javorje,Kranj,0.09797935090405226,Ljubljana,0.2684565528947665,10107.590664388395,0
10136954,Javorjev Dol,Idrija,0.06786881549348985,Ljubljana,0.2005936519481264,9177.09141344053,0
10136962,Jazbine,Gorenja vas-Poljane,0.0821065794026471,Ljubljana,0.2670444295100466,7371.408002929858,0
10136989,Jelovica,Kranj,0.06430603688825179,Ljubljana,0.2629629396507407,10296.2196381932,0
10136997,Kališe,Kranj,0.1707350422194711,Ljubljana,0.2405590259846021,6467.613523193944,0
10137004,Kladje,Gorenja vas-Poljane,0.08889098925684925,Ljubljana,0.2256203502821025,6800.459544732633,0
10137012,Knape,Kranj,0.22367267419877204,Kranj,0.2844255288817686,9559.700950950208,1
10137039,Kopačnica,Gorenja vas-Poljane,0.06518548480331131,Ljubljana,0.2264805657675316,8539.985812854795,0
10137047,Koprivnik,Kranj,0.04314752798917919,Ljubljana,0.224982310423065,11837.264367389387,0
10137055,Kovski Vrh,Kranj,0.11567145288798876,Ljubljana,0.3117852083226398,10759.63005360515,0
10137063,Kremenik,Kranj,0.09929799809329236,Ljubljana,0.3390810252590915,8848.923067080646,0
10137071,Krivo Brdo,Kranj,0.14066458956520392,Ljubljana,0.2935110829038357,12859.581245088835,0
10137080,Križna Gora,Škofja Loka,0.4480273308617649,Škofja Loka,0.3306475158223761,5505.209604089579,1
10137098,Krnice pri Novakih,Cerkno,0.09695877972550265,Ljubljana,0.2123529911993474,9162.50573570505,0
10137101,Lajše,Cerkno,0.08522610869655153,Ljubljana,0.2147407369199271,9707.306732499592,0
10137110,Laniše,Kranj,0.04060304371170008,Ljubljana,0.2089651547861622,13581.28144049658,0
10137128,Laze,Cerkno,0.08660281881538551,Ljubljana,0.2145534735824185,9683.48307213423,0
10137136,Ledinica,Žiri,0.3308766439517417,Žiri,0.4879590417477387,1800.4160604005356,1
10137152,Leskovica,Cerkno,0.06605695211121199,Ljubljana,0.2216367588221094,9759.427003975516,0
10137179,Lipica,Škofja Loka,0.5894811520588533,Škofja Loka,0.3664209387727042,3767.0374925897327,1
10137187,Log nad Škofjo Loko,Kranj,0.1865989701056952,Ljubljana,0.2961043533132269,7422.179198981245,0
10137195,Lom nad Volčo,Kranj,0.09731287063534129,Ljubljana,0.280825917650314,7519.355815598025,0
10137209,Lovsko Brdo,Kranj,0.1012771726701795,Ljubljana,0.2765695554269393,7319.861628115142,0
10137217,Lučine,Ljubljana,0.09476406649278948,Ljubljana,0.3502131753496574,8777.649523102325,1
10137225,Malenski Vrh,Kranj,0.09969939887312705,Ljubljana,0.2641072111496148,6837.372737621334,0
10137233,Martinj Vrh,Kranj,0.08009936483725853,Ljubljana,0.2480628113972539,6784.517269606989,0
10137241,Mlaka nad Lušo,Kranj,0.14687289691085284,Ljubljana,0.2836144173611205,12925.431910112738,0
10137250,Moškrin,Škofja Loka,0.6981216695038978,Škofja Loka,0.6572438015584797,2450.7571772633128,1
10137268,Mrzli Vrh,Idrija,0.07473055831149726,Ljubljana,0.2088342269447441,5712.091981815514,0
10137276,Murave,Kranj,0.1080299954560925,Ljubljana,0.2674193573180323,10459.460706043665,0
10137284,Na Logu,Kranj,0.1531468966626469,Ljubljana,0.3014873016387341,8004.305156701091,0
10137292,Nova Oselica,Cerkno,0.05494208649427546,Ljubljana,0.2071789828120226,11533.611448663769,0
10137306,Ojstri Vrh,Železniki,0.15397744528307775,Ljubljana,0.2405868986674675,4395.755996826491,0
10137314,Opale,Ljubljana,0.054429288936766504,Ljubljana,0.2743593669955237,5922.377093987428,1
10137322,Osojnica,Žiri,0.24119475577980282,Žiri,0.3963538563800989,2139.480423568413,1
10137349,Osojnik,Kranj,0.08088313927917284,Ljubljana,0.2400757428479781,8149.306155315724,0
10137357,Sv. Ožbolt,Kranj,0.17131463467489574,Ljubljana,0.33463609372088,11259.42533087306,0
10137365,Papirnica,Škofja Loka,0.7481556179151271,Škofja Loka,0.672731960143329,2161.170748047855,1
10137373,Pevno,Škofja Loka,0.6801447934404472,Škofja Loka,0.5764538999627206,2802.48175772243,1
10137381,Podgora,Gorenja vas-Poljane,0.29270557434070904,Gorenja vas-Poljane,0.2815950431470619,3452.982762735421,1
10137390,Podjelovo Brdo,Cerkno,0.05234365476207076,Ljubljana,0.2085215244080124,11661.068371770054,0
10137403,Podklanec,Idrija,0.06868444719642416,Ljubljana,0.2411288170888162,5430.981701906796,0
10137411,Podlonk,Kranj,0.1011616774894147,Ljubljana,0.2487377054662686,6007.475740711476,0
10137420,Podobeno,Kranj,0.09947905022860759,Ljubljana,0.2754882157571691,6782.8792674917495,0
10137438,Podporezen,Kranj,0.03859628953650609,Ljubljana,0.2134146083132906,19741.61632505652,0
10137446,Podpulfrca,Škofja Loka,0.6586683734338348,Škofja Loka,0.552132533397896,2962.504161827761,1
10137454,Podvrh,Kranj,0.10423953258611855,Ljubljana,0.2706759154794595,12222.945495265409,0
10137462,Poljane nad Škofjo Loko,Gorenja vas-Poljane,0.23894890020633514,Ljubljana,0.2394539188207252,3722.382459617577,0
10137489,Potok,Kranj,0.08310017164868609,Ljubljana,0.2428404761306548,9143.180737948636,0
10137497,Pozirno,Kranj,0.20035148809413644,Kranj,0.28178653226848,12956.9672643561,1
10137519,Praprotno,Škofja Loka,0.37864671997466254,Škofja Loka,0.2828919013035929,6219.603957421736,1
10137527,Predmost,Gorenja vas-Poljane,0.23409648252791565,Ljubljana,0.2417836630679649,3846.188694775462,0
10137535,Prelesje,Ljubljana,0.08683861993945005,Ljubljana,0.3424843601694944,8950.771648178019,1
10137543,Prtovč,Kranj,0.09917446233311537,Ljubljana,0.2554436641682069,7142.189049210334,0
10137551,Pungert,Škofja Loka,0.590898541796366,Škofja Loka,0.3909047507345677,3624.161184820105,1
10137560,Puštal,Škofja Loka,0.8373606920173995,Škofja Loka,0.7472823741972892,1780.4140392322183,1
10137578,Račeva,Žiri,0.13050965305711068,Ljubljana,0.2397092656922246,3426.4373956636045,0
10137586,Ravne,Kranj,0.06223429547489183,Ljubljana,0.2432295206633797,11239.250584482725,0
10137594,Ravne pri Žireh,Idrija,0.08675911778316685,Ljubljana,0.2379232715783304,6954.621621086225,0
10137608,Reteče,Medvode,0.4218506704322104,Ljubljana,0.3569303264712474,4896.756061092518,0
10137616,Robidnica,Cerkno,0.0939411721510036,Ljubljana,0.211620773373403,9390.03090114362,0
10137624,Rovte v Selški dolini,Kranj,0.11381130562529877,Ljubljana,0.2667666191363159,6961.509594863187,0
10137632,Rudno,Železniki,0.18890665284453145,Ljubljana,0.21310663995334,3583.577626089292,0
10137659,Selca,Kranj,0.18839190076002424,Ljubljana,0.2230154138922127,3652.94395034389,0
10137667,Selo,Žiri,0.17437640828814796,Žiri,0.324399813890831,2497.743147257806,1
10137675,Lajše,Kranj,0.18693599593796345,Ljubljana,0.2327473067786241,7238.666070199738,0
10137683,Smoldno,Kranj,0.14258101041030946,Ljubljana,0.2863803963981665,6336.927191813046,0
10137691,Smoleva,Železniki,0.25302253108072764,Železniki,0.3488764166324696,2484.896576493048,1
10137705,Sopotnica,Kranj,0.1807035324749936,Ljubljana,0.3187197165501951,9490.155349866334,0
10137713,Sovodenj,Cerkno,0.05241986729222714,Ljubljana,0.2050661518651256,10841.471697227646,0
10137721,Sovra,Žiri,0.13050965305711068,Ljubljana,0.2131103588780059,3427.404997720697,0
10137730,Spodnja Luša,Kranj,0.18935312675795887,Ljubljana,0.2818561885384413,9638.08634365879,0
10137748,Spodnja Sorica,Kranj,0.047842863964295594,Ljubljana,0.2277017917259804,12293.62331404585,0
10137756,Spodnje Danje,Kranj,0.04439904089994818,Ljubljana,0.2220401244924589,15543.606672468848,0
10137764,Srednja vas-Poljane,Gorenja vas-Poljane,0.5295568922977485,Gorenja vas-Poljane,0.5874451870102698,1696.5222893238388,1
10137772,Srednje Brdo,Gorenja vas-Poljane,0.17306871886010705,Ljubljana,0.2119081180387875,4549.582483140423,0
10137799,Staniše,Kranj,0.19446297624033385,Ljubljana,0.312853276842795,8402.686577123797,0
10137802,Stara Loka,Škofja Loka,0.9727110608329619,Škofja Loka,0.9420580302622624,776.6209321463814,1
10137829,Stara Oselica,Gorenja vas-Poljane,0.0721063949324896,Ljubljana,0.2281803473613717,7688.734115627029,0
10137837,Stirpnik,Kranj,0.18623666922826454,Ljubljana,0.2751894652089672,8652.62970779769,0
10137845,Strmica,Kranj,0.27974963528032676,Kranj,0.4039135863041407,10026.17085873556,1
10137853,Studor,Gorenja vas-Poljane,0.06818862084633706,Ljubljana,0.2274514976886876,8107.743864695135,0
10137861,Suha,Škofja Loka,0.764383772775044,Škofja Loka,0.7034085077320761,1937.8203789374768,1
10137870,Suša,Gorenja vas-Poljane,0.09588093905421019,Ljubljana,0.2523131649426579,6741.275215052732,0
10137888,Sv. Barbara,Kranj,0.19491314200826174,Ljubljana,0.3153065313606522,8561.148343696948,0
10137896,Sv. Duh,Škofja Loka,0.6167553839470611,Škofja Loka,0.4220077088242729,3278.7250511260754,1
10137900,Ševlje,Kranj,0.20531737311182685,Ljubljana,0.2437128636958243,7811.466483350006,0
10137918,Škofja Loka,Škofja Loka,0.9981318621296711,Škofja Loka,0.9999998978793172,0.0,1
10137926,Todraž,Gorenja vas-Poljane,0.2976709467484093,Gorenja vas-Poljane,0.2948031645605064,3232.137360621071,1
10137934,Sv. Tomaž,Kranj,0.189063560653418,Ljubljana,0.2812172708485383,8592.267220803751,0
10137942,Topolje,Kranj,0.2061812251227025,Ljubljana,0.2305544541901283,6538.130851082558,0
10137969,Torka,Kranj,0.049940183195902925,Ljubljana,0.2405559317540334,12689.84875196806,0
10137977,Trata,Škofja Loka,0.4556044624669895,Ljubljana,0.2713358365682617,5324.658758793856,0
10137985,Trebija,Gorenja vas-Poljane,0.16596203608110183,Ljubljana,0.2016888642156783,4646.606854062771,0
10137993,Trnje,Škofja Loka,0.8373606920173995,Škofja Loka,0.7975229966198156,1655.7363771952926,1
10138019,Valterski Vrh,Kranj,0.1142542756576011,Ljubljana,0.3270313622276247,12424.35107481252,0
10138027,Vešter,Škofja Loka,0.8373606920173995,Škofja Loka,0.7863758941361301,1717.2538735975393,1
10138035,Vincarje,Škofja Loka,0.9325354882590134,Škofja Loka,0.9116287630707895,998.7083975527069,1
10138043,Vinharje,Kranj,0.09951664158036776,Ljubljana,0.3132590600611772,8888.100050144694,0
10138051,Virlog,Škofja Loka,0.8613870767685263,Škofja Loka,0.8618494368656615,1274.6736211810755,1
10138060,Virmaše,Škofja Loka,0.6679462242278181,Škofja Loka,0.4951446407269551,2884.0347712993157,1
10138078,Visoko pri Poljanah,Kranj,0.17113883956118578,Ljubljana,0.2940543877982833,7068.004156172676,0
10138086,Volaka,Gorenja vas-Poljane,0.13540415228437355,Ljubljana,0.2188404432961662,5219.653282113587,0
10138094,Volča,Gorenja vas-Poljane,0.13315359892766646,Ljubljana,0.2642831038461451,5256.475563566778,0
10138108,Zabrdo,Koper,0.020554905040154323,Ljubljana,0.1558638413858522,163843.9145273759,0
10138116,Zabrekve,Kranj,0.187825849475857,Ljubljana,0.2400069665931892,9296.179126218754,0
10138124,Zabrežnik,Gorenja vas-Poljane,0.07494929426489381,Ljubljana,0.2176293213735024,4891.345576973683,0
10138132,Zadobje,Ljubljana,0.0662954858789759,Ljubljana,0.3479612097860331,10904.945480045,1
10138159,Zakobiljek,Kranj,0.08952793980515177,Ljubljana,0.2818857838682063,7761.944376917942,0
10138167,Zala,Kranj,0.06242446152074486,Ljubljana,0.2466977361051491,11384.258454202218,0
10138175,Zali Log,Železniki,0.1017960863515588,Ljubljana,0.2266791159686387,5260.153358007365,0
10138183,Zapreval,Kranj,0.10515687410292511,Ljubljana,0.2751213225203457,10329.61221190419,0
10138191,Zgornja Luša,Kranj,0.17073758856831933,Ljubljana,0.2848769975549194,10454.344852057711,0
10138205,Zgornja Sorica,Kranj,0.05346619317876499,Ljubljana,0.2227234416989256,13240.069943929617,0
10138213,Zgornje Danje,Kranj,0.04339978858458966,Ljubljana,0.2223602682190378,15771.064869113863,0
10138221,Zminec,Škofja Loka,0.490180827479043,Škofja Loka,0.3735687207727718,4478.27556164878,1
10138230,Žabja vas,Gorenja vas-Poljane,0.4405008936031466,Gorenja vas-Poljane,0.4271820261002611,2362.813014247966,1
10138248,Železniki,Železniki,0.997661864850934,Železniki,0.9999996600989084,0.0,1
10138256,Žiri,Žiri,0.9945924825092887,Žiri,0.999999656354994,0.0,1
10138264,Žirovski Vrh,Žiri,0.10206818547438737,Ljubljana,0.2106647315221129,4059.026753391347,0
10138272,Žirovski Vrh Sv. Antona,Gorenja vas-Poljane,0.21023270694312024,Gorenja vas-Poljane,0.2018058135438454,4323.589486203095,1
10138299,Žirovski Vrh Sv. Urbana,Gorenja vas-Poljane,0.07106667325168164,Ljubljana,0.2607056316849703,6507.962780334468,0
10138302,Studeno,Železniki,0.33576939970374675,Železniki,0.3701125070184844,2112.722600049796,1
10138329,Babna Brda,Šentjur,0.12626233911820728,Šentjur,0.1291336497280809,9952.599257744532,1
10138337,Babna Gora,Šentjur,0.12757797572220825,Šentjur,0.1226342018631544,10460.616377495531,1
10138345,Babna Reka,Šmarje pri Jelšah,0.10439866891387943,Šmarje pri Jelšah,0.1907774321056458,7682.472252468845,1
10138353,Beli Potok pri Lembergu,Rogaška Slatina,0.3004512645947315,Rogaška Slatina,0.2027987527904714,7511.336685736812,1
10138361,Belo,Šmarje pri Jelšah,0.4838800765233718,Šmarje pri Jelšah,0.5525595588151759,2800.560131729824,1
10138370,Bezgovica,Rogaška Slatina,0.21568880290052383,Rogaška Slatina,0.1576021379965754,6994.866568718294,1
10138388,Bistrica,Celje,0.05560231772202148,Celje,0.0909677623634525,9172.272743325177,1
10138396,Bistrica ob Sotli,Bistrica ob Sotli,0.9921385123284284,Bistrica ob Sotli,0.9999980393328188,0.0,1
10138400,Bobovo pri Šmarju,Šmarje pri Jelšah,0.5055934000764709,Šmarje pri Jelšah,0.6176396887901748,2578.91326667488,1
10138418,Bodrež,Šmarje pri Jelšah,0.2424149040675819,Šmarje pri Jelšah,0.3056723030254676,4881.5379162504505,1
10138426,Bodrišna vas,Šentjur,0.3023186048210198,Šmarje pri Jelšah,0.2562489504111482,5192.773475729134,0
10138434,Brecljevo,Šmarje pri Jelšah,0.5364166184586054,Šmarje pri Jelšah,0.6669922015305009,2424.4684706565176,1
10138442,Brestovec,Rogaška Slatina,0.7554921901824249,Rogaška Slatina,0.8607258971491885,2323.7673402928804,1
10138469,Brezje pri Lekmarju,Šmarje pri Jelšah,0.20627235888019982,Šmarje pri Jelšah,0.313665497054887,5273.985684827533,1
10138477,Brezje pri Podplatu,Rogaška Slatina,0.37709640157833535,Rogaška Slatina,0.3394810121493729,7206.724216935464,1
10138485,Brezovec pri Polju,Kozje,0.11391727113302774,Kozje,0.1388305178542763,5268.871685472654,1
10138493,Brezovec pri Rogatcu,Rogaška Slatina,0.5805989675680676,Rogaška Slatina,0.4967924361717756,1893.620726429869,1
10138507,Buče,Kozje,0.11531676633446411,Kozje,0.1293152358933657,5181.154087811575,1
10138515,Bukovje v Babni Gori,Šentjur,0.18593150940103947,Šentjur,0.1604602207860465,10183.322705338627,1
10138523,Cerovec pod Bočem,Rogaška Slatina,0.7083887342650397,Rogaška Slatina,0.7749467663358913,3236.933459500218,1
10138531,Cerovec pri Šmarju,Šmarje pri Jelšah,0.49641251293068434,Šmarje pri Jelšah,0.6329949173037273,2662.335985541267,1
10138540,Ceste,Rogaška Slatina,0.7148300718167206,Rogaška Slatina,0.7679359901612073,3105.1013440795778,1
10138558,Cmereška Gorca,Rogaška Slatina,0.25605193621206923,Rogaška Slatina,0.2165318435255338,5351.14217057754,1
10138566,Čača vas,Rogaška Slatina,0.5763577844331964,Rogaška Slatina,0.5983548305495661,4768.231675041963,1
10138574,Črešnjevec ob Bistrici,Krško,0.05735526459502303,Krško,0.089306075113801,3213.925525809448,1
10138582,Dekmanca,Celje,0.054871056259229355,Rogaška Slatina,0.0925421077928613,5101.020531684142,0
10138604,Dobležiče,Podčetrtek,0.0724853607266711,Podčetrtek,0.1073756284085334,8420.39608616693,1
10138612,Dobovec pri Rogatcu,Rogaška Slatina,0.22288032227511242,Rogaška Slatina,0.2293642974175242,6594.298629901179,1
10138639,Dol pri Pristavi,Rogaška Slatina,0.3372176949960181,Rogaška Slatina,0.2603727486040715,6764.377071707116,1
10138647,Dol pri Šmarju,Šmarje pri Jelšah,0.2783883412220997,Šmarje pri Jelšah,0.3947375737967724,4402.131429036464,1
10138655,Donačka Gora,Rogaška Slatina,0.26321236047043,Rogaška Slatina,0.2527483399877114,5861.6472487358,1
10138663,Dragomilo,Šmarje pri Jelšah,0.28949881459208765,Šmarje pri Jelšah,0.3922905696099011,4273.860818346656,1
10138671,Drensko Rebro,Celje,0.06899881243403082,Kozje,0.0855930277469309,6849.563188955602,0
10138680,Drevenik,Rogaška Slatina,0.3699532110397567,Rogaška Slatina,0.3679435454135782,7494.461869269902,1
10138698,Dvor,Šmarje pri Jelšah,0.5901092609793337,Šmarje pri Jelšah,0.7295226646721554,2024.163450164671,1
10138701,Gabrce,Rogaška Slatina,0.506193209267703,Rogaška Slatina,0.497604269537661,5684.715954039516,1
10138710,Gabrovec pri Kostrivnici,Rogaška Slatina,0.44115088582101264,Rogaška Slatina,0.4321867561760655,6210.748182835012,1
10138728,Gaj,Šmarje pri Jelšah,0.37147136649334456,Šmarje pri Jelšah,0.4634251096630185,3502.4119101263195,1
10138736,Globoko pri Šmarju,Šmarje pri Jelšah,0.5671826672332382,Šmarje pri Jelšah,0.6908632962366954,2201.700562597397,1
10138744,Golobinjek ob Sotli,Podčetrtek,0.2040415483142098,Podčetrtek,0.2909806615576111,4438.247661170954,1
10138752,Gorjane,Krško,0.1044738615708707,Krško,0.1846616181770365,7380.870693868905,1
10138779,Gornja vas,Šentjur,0.2900404247888826,Šmarje pri Jelšah,0.3262562940396664,4436.88885485107,0
10138787,Gostinca,Podčetrtek,0.10671344163928116,Podčetrtek,0.1324819715023572,7436.564185618977,1
10138795,Gradišče,Kozje,0.10964791178038055,Kozje,0.1449803121306735,5398.426617476083,1
10138809,Gradiški Dol,Rogaška Slatina,0.6002261661305319,Rogaška Slatina,0.6395808480033445,4355.932280942966,1
10138817,Grliče,Rogaška Slatina,0.36449897016587635,Rogaška Slatina,0.2850604333983277,4951.94989215273,1
10138825,Grobelce,Šentjur,0.22975505072919003,Šentjur,0.173845702279601,7520.41976260807,1
10138833,Grobelno - del,Šentjur,0.4665091270995537,Šentjur,0.3925276608133282,4733.963883399088,1
10138841,Gubno,Podčetrtek,0.049922649054880475,Celje,0.0823181727589866,8249.786061713756,0
10138850,Hajnsko,Rogaška Slatina,0.40431818557708593,Rogaška Slatina,0.3530326008788607,6878.048832827873,1
10138868,Hrastje ob Bistrici,Bistrica ob Sotli,0.18294741165661088,Bistrica ob Sotli,0.1128625574724038,1979.442327405782,1
10138876,Imeno,Podčetrtek,0.308571895562416,Podčetrtek,0.4329136018169158,3220.3265082172256,1
10138884,Imenska Gorca,Podčetrtek,0.2481338174560305,Podčetrtek,0.339118454122593,4004.708983979721,1
10138892,Irje,Rogaška Slatina,0.6940609841567412,Rogaška Slatina,0.7565674755942692,3358.1526751420315,1
10138906,Jazbina,Šmarje pri Jelšah,0.42834265329441523,Šmarje pri Jelšah,0.5002281128941243,3350.73083032882,1
10138914,Jerčin,Rogaška Slatina,0.5089520163056818,Rogaška Slatina,0.5105746731874861,5663.75845699856,1
10138922,Jerovska vas,Rogaška Slatina,0.2575768699835805,Rogaška Slatina,0.1768283839188465,7280.911939414543,1
10138949,Ješovec pri Kozjem,Kozje,0.4947007232533878,Kozje,0.6138888977380664,1670.1897648251645,1
10138957,Ješovec pri Šmarju,Šmarje pri Jelšah,0.5672751941610631,Šmarje pri Jelšah,0.705820632387274,2213.970709316512,1
10138965,Kačji Dol,Rogaška Slatina,0.538027289517431,Rogaška Slatina,0.537857082313046,5202.692159941339,1
10138973,Kamence,Rogaška Slatina,0.6178084662629536,Rogaška Slatina,0.6854147036458685,3958.6755446804927,1
10138981,Kamenik,Šmarje pri Jelšah,0.1587717224164204,Šmarje pri Jelšah,0.251500572533847,6153.037295232109,1
10138990,Kamna Gorca,Rogaška Slatina,0.6002261661305319,Rogaška Slatina,0.6109870660065211,4354.866226799036,1
10139007,Klake,Kozje,0.10784016348498915,Kozje,0.1233071218600742,5483.344421501248,1
10139015,Konuško,Rogaška Slatina,0.2699076955848784,Šmarje pri Jelšah,0.2535063710625745,5813.864157039939,0
10139023,Koretno,Rogaška Slatina,0.2713383855241466,Šmarje pri Jelšah,0.2551275419175692,5831.767909363133,0
10139031,Korpule,Šmarje pri Jelšah,0.6975430261532429,Šmarje pri Jelšah,0.8241552759917296,1492.4171258956355,1
10139040,Kozje,Kozje,0.9976252945599964,Kozje,0.9999997795625134,0.0,1
10139058,Kristan Vrh,Rogaška Slatina,0.49073646906617296,Rogaška Slatina,0.4477542655047298,5736.830107038371,1
10139066,Križan Vrh,Brežice,0.04915014835734208,Krško,0.0853619575016745,5676.433678730252,0
10139074,Krtince,Rogaška Slatina,0.4103508138616412,Rogaška Slatina,0.3756009628206151,6558.078231276766,1
10139082,Kunšperk,Bistrica ob Sotli,0.08974562884428995,Bistrica ob Sotli,0.0832545422933582,2521.1651800447094,1
10139104,Lastnič,Podčetrtek,0.056447880183782946,Rogaška Slatina,0.096122488910734,6511.435075417029,0
10139112,Laše,Rogaška Slatina,0.40431818557708593,Rogaška Slatina,0.3038564680027035,5002.166966157449,1
10139139,Lekmarje,Šmarje pri Jelšah,0.1798869852669829,Šmarje pri Jelšah,0.2713329784086605,5941.907036074346,1
10139147,Lemberg pri Šmarju,Rogaška Slatina,0.2884653833237969,Šmarje pri Jelšah,0.1998722483736228,6315.861429496418,0
10139155,Lesično,Kozje,0.061056929593194316,Kozje,0.0860907639907831,6735.932065360511,1
10139163,Lipovec,Šentjur,0.25057679376650993,Šentjur,0.2119962848624587,8024.013102169152,1
10139171,Log,Rogaška Slatina,0.12470659228036167,Rogaška Slatina,0.182489379483468,8852.948502480598,1
10139180,Mala Pristava,Šmarje pri Jelšah,0.5639749151413622,Šmarje pri Jelšah,0.6852798357658045,2262.0519061863365,1
10139198,Male Rodne,Rogaška Slatina,0.6410006354920555,Rogaška Slatina,0.7206959866972288,3610.892984700281,1
10139201,Mestinje,Rogaška Slatina,0.36580456468241757,Rogaška Slatina,0.2836779793427555,4824.093161067358,1
10139210,Močle,Šmarje pri Jelšah,0.34824562197639863,Šmarje pri Jelšah,0.4451002663779015,3631.388508540588,1
10139228,Nezbiše,Rogaška Slatina,0.44386250897519214,Rogaška Slatina,0.4390386059048629,5700.4813371116215,1
10139236,Nimno,Rogaška Slatina,0.42772445838221307,Rogaška Slatina,0.4826247468487765,6404.805131990607,1
10139244,Nova vas pri Šmarju,Šmarje pri Jelšah,0.22526782184458544,Šmarje pri Jelšah,0.3122221494112941,4986.387130525099,1
10139252,Orehovec,Rogaška Slatina,0.12225700340147809,Šmarje pri Jelšah,0.1848117457097549,7768.987108320063,0
10139279,Ortnice,Podčetrtek,0.07242077135112285,Podčetrtek,0.104768300949697,6826.238113299214,1
10139287,Osredek pri Podsredi,Krško,0.1336793301893006,Krško,0.2168508427030797,12232.212637826826,1
10139295,Pecelj,Podčetrtek,0.11304578898800866,Podčetrtek,0.1438828589743735,7101.028461755867,1
10139309,Pečica,Rogaška Slatina,0.2422564259867077,Rogaška Slatina,0.1458717054015973,8013.295224408834,1
10139317,Pijovci,Šmarje pri Jelšah,0.3336447452249186,Šmarje pri Jelšah,0.4265249168370352,3837.181888610711,1
10139325,Pilštanj,Kozje,0.12089160925206949,Kozje,0.1476320906396557,4969.94760096507,1
10139333,Plat,Rogaška Slatina,0.567771257945013,Rogaška Slatina,0.5510304278805191,4902.276153745657,1
10139341,Platinovec,Šentjur,0.3322333636578897,Šentjur,0.2414730033279364,6694.57708629923,1
10139350,Ples,Bistrica ob Sotli,0.05286182463470095,Rogaška Slatina,0.0819501006921733,3190.453732733969,0
10139368,Podčetrtek,Podčetrtek,0.98816249187928,Podčetrtek,0.9999998545174296,0.0,1
10139376,Podplat,Rogaška Slatina,0.49207384940024346,Rogaška Slatina,0.4206920711535115,5754.325445024463,1
10139384,Podsreda,Kozje,0.13815251802923584,Kozje,0.1782947171165048,4676.248368417939,1
10139392,Podturn,Rogaška Slatina,0.40682309327899235,Rogaška Slatina,0.3812665838961221,6943.85695915172,1
10139406,Poklek pri Podsredi,Krško,0.1048382874614817,Krško,0.1824249674624124,7562.89660808319,1
10139414,Polje ob Sotli,Podčetrtek,0.0724853607266711,Podčetrtek,0.1111159984740998,7050.686245410499,1
10139422,Polje pri Bistrici,Bistrica ob Sotli,0.22801047239265246,Bistrica ob Sotli,0.1579685504587189,1650.3389081464077,1
10139449,Polžanska Gorca,Rogaška Slatina,0.16706328688134142,Šmarje pri Jelšah,0.1387417024271153,8096.8660391039075,0
10139457,Polžanska vas,Rogaška Slatina,0.21049338047144175,Šmarje pri Jelšah,0.1711766142768647,7117.713238231685,0
10139465,Predel,Šmarje pri Jelšah,0.33796452849444747,Šmarje pri Jelšah,0.4249964344422154,3780.8198132593934,1
10139473,Predenca,Šmarje pri Jelšah,0.7422004819476398,Šmarje pri Jelšah,0.8782460607942103,1251.1581623639245,1
10139481,Prelasko,Podčetrtek,0.14411723563438605,Podčetrtek,0.2002038823495363,5747.964690130113,1
10139490,Preloge pri Šmarju,Šmarje pri Jelšah,0.47729623127683224,Šmarje pri Jelšah,0.5394949051659612,2888.271016233517,1
10139503,Pristava pri Lesičnem,Podčetrtek,0.06904513493339386,Podčetrtek,0.0997950723208101,8684.16575904517,1
10139511,Pristava pri Mestinju,Rogaška Slatina,0.37544260116564215,Rogaška Slatina,0.3210110408952115,5554.215880562483,1
10139520,Pristavica,Rogaška Slatina,0.6593809673027973,Rogaška Slatina,0.7496471171477144,3473.560203566427,1
10139538,Prnek,Rogaška Slatina,0.7620048833265706,Rogaška Slatina,0.8780242294518159,2171.8536301599406,1
10139546,Pustike,Rogaška Slatina,0.2707640136481331,Šmarje pri Jelšah,0.2273999982164294,6392.043229911042,0
10139554,Rajnkovec,Rogaška Slatina,0.7413890592930553,Rogaška Slatina,0.8445380149224094,2568.870762620575,1
10139562,Rakovec,Šentjur,0.20103177392224267,Šmarje pri Jelšah,0.2307846223269937,6196.004452139997,0
10139589,Ratanska vas,Rogaška Slatina,0.74704909803922,Rogaška Slatina,0.8435166123135581,2490.169694920085,1
10139597,Rjavica,Rogaška Slatina,0.7148300718167206,Rogaška Slatina,0.7741001947986587,3076.6385204331214,1
10139619,Rogaška Slatina,Rogaška Slatina,0.9957433895829051,Rogaška Slatina,0.9999999701830332,0.0,1
10139627,Rogatec,Rogatec,0.9935295574866209,Rogatec,0.9999993654173168,0.0,1
10139635,Roginska Gorca,Rogaška Slatina,0.26182560949978567,Rogaška Slatina,0.182887334650328,5382.729737677671,1
10139643,Rudnica,Podčetrtek,0.06530838495234578,Podčetrtek,0.0930266856933123,9215.63454450114,1
10139651,Sedlarjevo,Podčetrtek,0.08185927090462865,Podčetrtek,0.1279850719967969,6974.997374499416,1
10139660,Sela,Podčetrtek,0.1540575689740864,Podčetrtek,0.2168204526357469,5480.738188861955,1
10139678,Senovica,Šmarje pri Jelšah,0.5851824398886046,Šmarje pri Jelšah,0.7035810743788385,2108.8900846284723,1
10139686,Sladka Gora,Rogaška Slatina,0.2618384370710281,Šmarje pri Jelšah,0.1849635730417702,6676.31645491943,0
10139708,Sodna vas,Podčetrtek,0.35285869953535914,Podčetrtek,0.3987121794253979,2935.10341638046,1
10139716,Olimje,Podčetrtek,0.21470264854203416,Podčetrtek,0.3141815753731697,4340.86577723146,1
10139724,Sotensko pri Šmarju,Šmarje pri Jelšah,0.5082892195309694,Šmarje pri Jelšah,0.6381614944888945,2527.763533616934,1
10139732,Spodnja Kostrivnica,Rogaška Slatina,0.4099863368452896,Rogaška Slatina,0.3777807001993136,6600.577264854956,1
10139759,Spodnja Ponkvica,Šentjur,0.2324697975620838,Šmarje pri Jelšah,0.2661338932719419,5253.173032278953,0
10139767,Spodnje Mestinje,Rogaška Slatina,0.2949289523753081,Rogaška Slatina,0.2169771807349745,6769.395730318412,1
10139775,Spodnje Negonje,Rogaška Slatina,0.7308854409308145,Rogaška Slatina,0.8043494607583432,2834.400627104508,1
10139783,Spodnje Sečovo,Rogaška Slatina,0.7197122051314427,Rogaška Slatina,0.7945769669293153,2945.0432487505163,1
10139791,Spodnje Selce,Šentjur,0.3312763814494209,Šentjur,0.2371467081049987,6093.350501422361,1
10139805,Spodnje Tinsko,Rogaška Slatina,0.16657808057670354,Rogaška Slatina,0.1432232187862878,7647.475266483421,1
10139813,Spodnji Gabernik,Rogaška Slatina,0.3421982059013367,Rogaška Slatina,0.2749949625757576,8006.663655166942,1
10139821,Srebrnik,Bistrica ob Sotli,0.05540171584530531,Rogaška Slatina,0.084226189856354,3079.087416999988,0
10139830,Sv. Florijan,Rogaška Slatina,0.4744194938246732,Rogaška Slatina,0.5001326899849926,5699.383331246268,1
10139848,Stranje,Rogaška Slatina,0.3374673727478911,Šmarje pri Jelšah,0.3483395949079209,4273.8255779994615,0
10139856,Strmec pri Sv. Florijanu,Rogaška Slatina,0.40682309327899235,Rogaška Slatina,0.4070691009126861,4870.491691171164,1
10139864,Strtenica,Šmarje pri Jelšah,0.19444046188933675,Šmarje pri Jelšah,0.2839908486697689,5616.941889405217,1
10139872,Sv. Ema,Rogaška Slatina,0.3800584953981345,Rogaška Slatina,0.3459160235009531,5074.189217765533,1
10139899,Sv. Jurij,Rogaška Slatina,0.2681178847515691,Rogaška Slatina,0.2490691143948998,5268.353892067846,1
10139902,Šentvid pri Grobelnem,Šentjur,0.3249252670915228,Šmarje pri Jelšah,0.2509493511894366,5006.06113480896,0
10139929,Šerovo,Rogaška Slatina,0.3103385954574799,Šmarje pri Jelšah,0.3485782744861761,4464.446078784225,0
10139937,Škofija,Rogaška Slatina,0.2705111783135761,Šmarje pri Jelšah,0.237395045257688,6174.599011885774,0
10139945,Šmarje pri Jelšah,Šmarje pri Jelšah,0.9934791814426519,Šmarje pri Jelšah,0.999999905203931,0.0,1
10139953,Tekačevo,Rogaška Slatina,0.7554921901824249,Rogaška Slatina,0.8551951506617463,2318.9398388603777,1
10139961,Tlake,Rogaška Slatina,0.3283556101577731,Rogaška Slatina,0.299916758955912,3820.200380248656,1
10139970,Topole,Rogaška Slatina,0.7712059657176138,Rogaška Slatina,0.8927335688089508,1998.4916278120863,1
10139988,Topolovec,Rogaška Slatina,0.3103385954574799,Rogaška Slatina,0.2200331566945863,7704.419360680866,1
10139996,Topolovo,Celje,0.05798146132745925,Celje,0.0852024284419942,8804.55972517289,1
10140005,Trebče,Krško,0.06416490991511996,Krško,0.0994856369981632,3478.3458444719563,1
10140013,Trlično,Rogaška Slatina,0.16924946121970985,Rogaška Slatina,0.2119441816428466,7668.544911229019,1
10140021,Tržišče,Rogaška Slatina,0.7139153916968037,Rogaška Slatina,0.7656005800603802,3148.473602783166,1
10140030,Tuncovec,Rogaška Slatina,0.6969995921027374,Rogaška Slatina,0.7432114025426935,3339.5344543080632,1
10140048,Velike Rodne,Rogaška Slatina,0.717855207467791,Rogaška Slatina,0.7940807823510311,2991.126211899887,1
10140056,Verače,Podčetrtek,0.11289081700769951,Podčetrtek,0.1398407129023553,7118.179300713232,1
10140064,Vetrnik,Kozje,0.10084179897663981,Krško,0.1482352370937115,5732.96775045263,0
10140072,Vidovica,Rogaška Slatina,0.40540244058861896,Rogaška Slatina,0.4546609078013343,6928.066438564826,1
10140099,Vinec,Rogaška Slatina,0.6164576326239004,Rogaška Slatina,0.6961921831751926,3988.418906290805,1
10140102,Sveti Štefan,Šentjur,0.12716606913927903,Šmarje pri Jelšah,0.2082771790455489,6976.155811990572,0
10140129,Vinski Vrh pri Šmarju,Šmarje pri Jelšah,0.6291376494626514,Šmarje pri Jelšah,0.7876961897796877,1793.5233295618907,1
10140137,Virštanj,Podčetrtek,0.15441593768819162,Podčetrtek,0.2098633818265867,5473.866201293545,1
10140145,Vodenovo,Šmarje pri Jelšah,0.33796452849444747,Šmarje pri Jelšah,0.4336988637329378,3788.536756978261,1
10140153,Vojsko,Krško,0.15209218402700647,Krško,0.2141697271202082,8219.505243412514,1
10140161,Vonarje,Rogaška Slatina,0.3504811288417333,Rogaška Slatina,0.3126334185236307,4755.657773653487,1
10140170,Vrenska Gorca,Kozje,0.12525784364263381,Kozje,0.1496444467438475,4871.58989257616,1
10140188,Vrh,Šmarje pri Jelšah,0.37147136649334456,Šmarje pri Jelšah,0.4674768217693225,3498.947991906675,1
10140196,Vršna vas,Rogaška Slatina,0.17845486117941664,Šmarje pri Jelšah,0.2370755357163188,6450.851558286504,0
10140200,Zadrže,Šmarje pri Jelšah,0.7410900732127003,Šmarje pri Jelšah,0.8718707699632365,1269.424270487446,1
10140218,Zagaj,Bistrica ob Sotli,0.3445594077181955,Bistrica ob Sotli,0.1833293429300598,1515.6932463787705,1
10140226,Zagaj pod Bočem,Rogaška Slatina,0.6177559619538138,Rogaška Slatina,0.6757847436255939,3893.809538243811,1
10140234,Zagorje,Celje,0.06930129182214775,Celje,0.0812082551683149,8605.353067201791,1
10140242,Zastranje,Šmarje pri Jelšah,0.6241902572692434,Šmarje pri Jelšah,0.754882607986124,1913.7210125653244,1
10140269,Završe pri Grobelnem,Šentjur,0.383865320137135,Šentjur,0.2968971999596368,5809.758792246562,1
10140277,Zdole,Kozje,0.2640163108554415,Kozje,0.3192683253584761,3049.382745667929,1
10140285,Zeče pri Bučah,Kozje,0.15758425721329922,Kozje,0.1841872592051515,4318.841058686375,1
10140293,Zgornja Kostrivnica,Rogaška Slatina,0.48169059859049485,Rogaška Slatina,0.4599203651833491,5868.0419854893125,1
10140307,Zgornje Negonje,Rogaška Slatina,0.3783985482497718,Rogaška Slatina,0.4321488118354963,7161.704000668957,1
10140315,Zgornje Sečovo,Rogaška Slatina,0.6080996985782583,Rogaška Slatina,0.665624312958422,4277.385411928601,1
10140323,Zgornje Tinsko,Rogaška Slatina,0.12302195949525134,Rogaška Slatina,0.1300370632187924,8839.564449373629,1
10140331,Zgornji Gabernik,Rogaška Slatina,0.3800584953981345,Rogaška Slatina,0.3203539206708282,7555.113972386282,1
10140340,Zibika,Rogaška Slatina,0.20754979143255745,Šmarje pri Jelšah,0.1627359704445439,8063.254067811757,0
10140358,Zibiška vas,Rogaška Slatina,0.2514876785397941,Rogaška Slatina,0.1726092751074152,7612.8656096077375,1
10140366,Žahenberc,Rogaška Slatina,0.2561841979265295,Rogaška Slatina,0.2453444643424656,4169.496553829024,1
10140374,Avsa,Kobarid,0.11775641050198106,Kobarid,0.2253497975547973,8784.221873598233,1
10140382,Bača pri Modreju,Tolmin,0.44028455629385443,Tolmin,0.5947758339946138,6753.254452932418,1
10140404,Bača pri Podbrdu,Ljubljana,0.03361318815481374,Ljubljana,0.2008403038063126,24050.05842810657,1
10140412,Bavšica,Bovec,0.14878966292759627,Bovec,0.4069417113630311,8201.551756164048,1
10140439,Borjana,Kobarid,0.12420901083297156,Kobarid,0.2726643417666523,8407.970059702278,1
10140447,Bovec,Bovec,0.9955920347470864,Bovec,0.9999999739189752,0.0,1
10140455,Breginj,Kobarid,0.03886080582994613,Kobarid,0.1298479410253978,14673.356222938768,1
10140463,Bukovski Vrh,Tolmin,0.05474576382464826,Ljubljana,0.149690365063322,14665.31836033404,0
10140471,Čadrg,Tolmin,0.34217528410442294,Tolmin,0.6127693860651462,7896.672454105252,1
10140480,Čezsoča,Bovec,0.3359257087887583,Bovec,0.6864350077776341,4247.569042493928,1
10140498,Čiginj,Tolmin,0.5419188789434055,Tolmin,0.7254199620019591,5168.809660710019,1
10140501,Daber,Tolmin,0.05209114009892621,Tolmin,0.1561699409644646,20594.913096407112,1
10140510,Dolenja Trebuša,Tolmin,0.08427749728837952,Tolmin,0.1922222899138962,15618.33318054521,1
10140528,Dolgi Laz,Tolmin,0.11149939933850458,Tolmin,0.2577501083747896,13850.59067870523,1
10140536,Dolje,Tolmin,0.7808378864999223,Tolmin,0.9256061006878448,2521.7707848277,1
10140544,Drežnica,Kobarid,0.21870227789156954,Kobarid,0.3763893058312407,6160.223276540865,1
10140552,Drežniške Ravne,Kobarid,0.13110686627925364,Kobarid,0.2746694322492793,8090.641791897044,1
10140579,Drobočnik,Tolmin,0.36060149512785367,Tolmin,0.5556093702961337,7656.0684380470575,1
10140587,Gabrje,Tolmin,0.6323820693007044,Tolmin,0.848093478517044,3789.538913070565,1
10140595,Gorenja Trebuša,Nova Gorica,0.04221063431486291,Nova Gorica,0.147789676394034,21722.58136102436,1
10140609,Gorenji Log,Tolmin,0.2575752353747186,Tolmin,0.4694497985120869,9507.495958884285,1
10140617,Gorski Vrh,Tolmin,0.05860613808089807,Tolmin,0.152409790386999,16250.246322765845,1
10140625,Grahovo ob Bači,Tolmin,0.08958115116082731,Tolmin,0.228934433660148,15212.913222581625,1
10140633,Grant,Tolmin,0.03019719238218559,Ljubljana,0.1595635263341097,24980.39958984183,0
10140641,Grudnica,Nova Gorica,0.06282759641654685,Nova Gorica,0.2104183347030072,18972.073272370184,1
10140650,Homec,Kobarid,0.055916098941093895,Kobarid,0.1797660110815787,11578.693681769895,1
10140668,Hudajužna,Tolmin,0.04768795308368177,Ljubljana,0.1622384688656065,15331.77456733811,0
10140676,Idrija pri Bači,Tolmin,0.34238339642136245,Tolmin,0.5106581882109693,8012.472322136668,1
10140684,Idrsko,Kobarid,0.5006725689882853,Kobarid,0.7377969473304162,2429.1169941290686,1
10140692,Jevšček,Kobarid,0.07399663984726065,Kobarid,0.1829667277049238,10330.94548307978,1
10140706,Jezerca,Kobarid,0.13230827748226948,Kobarid,0.2754373122661163,8072.189596561682,1
10140714,Kal,Ljubljana,0.02071403218267952,Ljubljana,0.1797268064652091,21932.86932287167,1
10140722,Kal-Koritnica,Bovec,0.39883189350330556,Bovec,0.7633283214975871,3537.6013456646724,1
10140749,Kamno,Tolmin,0.27491127752647904,Tolmin,0.4574911363177895,7278.010915767121,1
10140757,Kanalski Lom,Tolmin,0.1466875614884814,Tolmin,0.3179295361820134,12386.987954188406,1
10140765,Klavže,Tolmin,0.2275774748809997,Tolmin,0.4038611722973748,10292.745361165746,1
10140773,Kneške Ravne,Tolmin,0.05509604643737176,Tolmin,0.1748185804475063,21625.60378162441,1
10140781,Kneža,Tolmin,0.1958180885801377,Tolmin,0.3643745014276727,11175.52487465684,1
10140790,Kobarid,Kobarid,0.9983129158245277,Kobarid,0.9999999460505888,0.0,1
10140803,Koritnica,Tolmin,0.0733315492448188,Tolmin,0.1965042784111567,16741.30813182229,1
10140811,Koseč,Kobarid,0.15585247741731023,Kobarid,0.2971056813674861,7581.691275834667,1
10140820,Kozaršče,Tolmin,0.48264390189901474,Tolmin,0.671155802342069,5794.453394755414,1
10140838,Kozmerice,Tolmin,0.45785044303095945,Tolmin,0.6362139913664001,6256.456650973195,1
10140846,Kred,Kobarid,0.22174926891585606,Kobarid,0.4217228470205791,5736.083562500217,1
10140854,Krn,Tolmin,0.07394530347450597,Tolmin,0.2577454089105832,12023.073120470744,1
10140862,Kuk,Tolmin,0.030869478246612205,Ljubljana,0.1816951824213789,18834.19082509282,0
10140889,Ladra,Kobarid,0.47364913145466603,Kobarid,0.6281853090160582,3084.0110595069928,1
10140897,Lepena,Bovec,0.044005651223913575,Bovec,0.1842312422691159,14246.860096794062,1
10140919,Libušnje,Kobarid,0.2216418120370912,Kobarid,0.3338237488230149,5992.527683927294,1
10140927,Lisec,Tolmin,0.08970311636387414,Tolmin,0.2621202848717223,15183.895054158813,1
10140935,Livek,Kobarid,0.1613336464187839,Kobarid,0.2833696797990144,7289.391119620558,1
10140943,Livške Ravne,Tolmin,0.07025436983443184,Tolmin,0.234994979924118,11375.398771241376,1
10140951,Ljubinj,Tolmin,0.5242067077948724,Tolmin,0.725127831336215,5414.627017344138,1
10140960,Log Čezsoški,Bovec,0.2325574349177148,Bovec,0.4566275156669279,6331.956295914388,1
10140978,Log pod Mangartom,Bovec,0.08673711646706096,Bovec,0.3109808205098147,10355.415099417827,1
10140986,Logaršče,Tolmin,0.1384729758518009,Tolmin,0.3068780623685321,13254.317959728896,1
10140994,Logje,Kobarid,0.02266061940853437,Tolmin,0.1195114864905589,17393.502957459565,0
10141001,Loje,Tolmin,0.11542002337274335,Tolmin,0.2888666931453815,14055.653887200717,1
10141010,Magozd,Kobarid,0.12043568362051392,Kobarid,0.2572807812675803,8530.822697283693,1
10141028,Mlinsko,Kobarid,0.6168850117567558,Kobarid,0.8925799300929254,1435.2559205237085,1
10141036,Modrej,Tolmin,0.5886256203218317,Tolmin,0.7709088481475743,4560.587058820436,1
10141044,Modrejce,Tolmin,0.4376792222061464,Tolmin,0.6003102264622957,6832.048974015921,1
10141052,Most na Soči,Tolmin,0.48236413459037053,Tolmin,0.6744112426475202,5770.725527972481,1
10141079,Obloke,Tolmin,0.0538893496077422,Ljubljana,0.1614899861400979,16020.997999535562,0
10141087,Pečine,Tolmin,0.07422445979202402,Tolmin,0.2197519412050465,16596.447180532163,1
10141095,Petrovo Brdo,Kranj,0.03991452294987264,Ljubljana,0.2100896844526301,17023.949709661647,0
10141109,Plužna,Bovec,0.46744654467292035,Bovec,0.8101873345525397,2964.3101159447083,1
10141117,Podbela,Kobarid,0.07157117345433403,Kobarid,0.194769048511281,10907.98020501632,1
10141125,Podbrdo,Kranj,0.03505357983374693,Ljubljana,0.1983717232953795,21661.770150024768,0
10141133,Podmelec,Tolmin,0.25569284762980876,Tolmin,0.4427971380178628,9564.569181573226,1
10141141,Polje,Tolmin,0.058305798845863975,Tolmin,0.1781356229617296,18980.308989286143,1
10141150,Poljubinj,Tolmin,0.7548372564358863,Tolmin,0.8967112256129982,2989.08525343529,1
10141168,Ponikve,Tolmin,0.11690821834939906,Tolmin,0.2948221792125626,13556.302482209245,1
10141176,Porezen,Ljubljana,0.02685647734793049,Ljubljana,0.2049110491655003,30935.760526518137,1
10141184,Postaja,Tolmin,0.35858525672631036,Tolmin,0.52609331303979,7829.352116105894,1
10141192,Potoki,Kobarid,0.21197901765942467,Kobarid,0.3771681498887538,6373.816281433774,1
10141206,Prapetno,Tolmin,0.6498975521478687,Tolmin,0.8520631586482167,3586.219674548611,1
10141214,Prapetno Brdo,Tolmin,0.07502074459590555,Tolmin,0.2081795007522755,17073.586258055726,1
10141222,Robič,Kobarid,0.24671217900190487,Kobarid,0.4610076245630294,5244.289633083786,1
10141249,Robidišče,Kobarid,0.022881993522051957,Tolmin,0.1192365794495314,17484.461449744453,0
10141257,Roče,Tolmin,0.1438833513708558,Tolmin,0.3090827472606549,12666.569504159505,1
10141265,Rut,Tolmin,0.03860941904948923,Ljubljana,0.1566675951851245,23243.6868512177,0
10141273,Sedlo,Kobarid,0.04683437700786184,Kobarid,0.1572472181350025,12774.76620801592,1
10141281,Sela nad Podmelcem,Tolmin,0.16928515343869413,Tolmin,0.4074573854679669,11765.869872945015,1
10141290,Sela pri Volčah,Tolmin,0.3311372647084433,Tolmin,0.4963882562836569,8233.980813734017,1
10141303,Selce,Tolmin,0.19468234191718634,Tolmin,0.3926800223425333,9475.710992251466,1
10141311,Selišče,Tolmin,0.37019223405282675,Tolmin,0.5822953305709229,7346.342600563431,1
10141320,Slap ob Idrijci,Tolmin,0.19935876893628893,Tolmin,0.3586601698050369,10976.404232743696,1
10141338,Smast,Kobarid,0.32290781236852945,Kobarid,0.4689983590330748,4356.797211980515,1
10141346,Soča,Bovec,0.06667757540618181,Bovec,0.2368268773508695,11512.348814508428,1
10141354,Srpenica,Bovec,0.1158256290615834,Bovec,0.2226613366459533,9769.92257898477,1
10141362,Stanovišče,Kobarid,0.06084203805875983,Kobarid,0.1883794314145869,11183.15589860128,1
10141389,Staro selo,Kobarid,0.34298178665964424,Kobarid,0.5864139685365156,3963.76719979872,1
10141397,Stopnik,Tolmin,0.06177369667015177,Ljubljana,0.13600751371109,13732.594602878082,0
10141419,Strmec na Predelu,Bovec,0.045166655180242425,Bovec,0.2144628466189119,13797.58787615742,1
10141427,Stržišče,Ljubljana,0.02524156335633421,Ljubljana,0.1772592811491316,20182.30696266482,1
10141435,Sužid,Kobarid,0.48886193354561724,Kobarid,0.7244253529621515,2809.114113599359,1
10141443,Svino,Kobarid,0.5182196655829687,Kobarid,0.8510466116599302,1860.2112243946915,1
10141451,Šentviška Gora,Tolmin,0.059378556033970215,Tolmin,0.1691937541850893,19140.348632451667,1
10141460,Temljine,Tolmin,0.11543092130611553,Tolmin,0.2709367515453189,14186.116429952704,1
10141478,Tolmin,Tolmin,0.9967449821837725,Tolmin,0.9999999870749752,0.0,1
10141486,Tolminske Ravne,Tolmin,0.1464591976102781,Tolmin,0.3938581636299911,13102.45105188447,1
10141494,Tolminski Lom,Tolmin,0.22821533298573346,Tolmin,0.4102353960644371,10269.823948203655,1
10141508,Trenta,Kranjska Gora,0.01899347581654856,Ljubljana,0.1435780831725979,20308.580339037573,0
10141516,Trnovo ob Soči,Kobarid,0.22262753426911377,Kobarid,0.3557253686473864,6201.640021503439,1
10141524,Trtnik,Kranj,0.036049951378689764,Ljubljana,0.1989994005115586,22299.15699754437,0
10141532,Volarje,Tolmin,0.45958117740984883,Tolmin,0.6730783117445339,6109.319532896916,1
10141559,Volčanski Ruti,Tolmin,0.20726765977173997,Tolmin,0.375511008813659,10769.590573032378,1
10141567,Volče,Tolmin,0.6216257511331574,Tolmin,0.8227359575585842,3965.063811390827,1
10141575,Vrsno,Kobarid,0.13162220404053915,Tolmin,0.3103130557298193,8079.875258732636,0
10141583,Zadlaz-Čadrg,Tolmin,0.5707933378671582,Tolmin,0.791031499865744,4853.219861186206,1
10141591,Zadlaz-Žabče,Tolmin,0.5321288498678416,Tolmin,0.7567492555683606,5326.777625819994,1
10141605,Zakraj,Tolmin,0.055362065885252255,Tolmin,0.1621686072878037,19898.039783068165,1
10141613,Zatolmin,Tolmin,0.839699205945588,Tolmin,0.9567065414866192,1899.200128969707,1
10141621,Znojile,Tolmin,0.03019719238218559,Ljubljana,0.175842613983562,19310.479619705053,0
10141630,Žabče,Tolmin,0.8152410147606328,Tolmin,0.945977120326752,2118.4344253331888,1
10141648,Žaga,Bovec,0.13471734020834134,Bovec,0.2738089802957764,9000.831273509411,1
10141656,Čebine,Trbovlje,0.33949677434790365,Trbovlje,0.3014245758889847,7358.911401206574,1
10141664,Čeče - del,Trbovlje,0.5520074330660119,Trbovlje,0.5052597997262896,4810.198186826387,1
10141672,Dobovec,Trbovlje,0.3432694588171408,Trbovlje,0.3492749499908234,7767.762709576424,1
10141699,Gabrsko,Trbovlje,0.716960890104129,Trbovlje,0.7067583384022327,3311.750066890788,1
10141702,Ključevica,Trbovlje,0.14154318238755637,Trbovlje,0.1732333943594383,12093.62637426347,1
10141729,Knezdol,Trbovlje,0.31616818634547206,Trbovlje,0.3426490948564787,7301.805769157998,1
10141737,Ojstro,Trbovlje,0.8327762262151255,Trbovlje,0.8714012964499059,1846.552479260972,1
10141745,Ostenk,Trbovlje,0.615928688149065,Trbovlje,0.5598326472153095,4023.307209070167,1
10141753,Sveta Planina,Trbovlje,0.34648196845761503,Trbovlje,0.3535389305045357,5928.1950931844585,1
10141761,Planinska vas,Trbovlje,0.3809461530531976,Trbovlje,0.4690173182077265,6208.891837097737,1
10141770,Prapreče - del,Trbovlje,0.5107116312288317,Trbovlje,0.4004197992572604,4209.870719189931,1
10141796,Škofja Riža,Trbovlje,0.3436091265362633,Trbovlje,0.3537556261694172,7726.446448423986,1
10141800,Trbovlje,Trbovlje,0.994898916674605,Trbovlje,0.9999999449433604,0.0,1
10141818,Vrhe - del,Trbovlje,0.23020443582636535,Trbovlje,0.1760682299218503,7270.515011383416,1
10141826,Završje,Trbovlje,0.22313179370145442,Trbovlje,0.2400693895434521,11498.690104531946,1
10141834,Župa,Trbovlje,0.2543717277014516,Trbovlje,0.2556647157521161,10335.391445205152,1
10141842,Arčelca,Žužemberk,0.12517635493885448,Ljubljana,0.1747012313781378,6673.375918672992,0
10141869,Artmanja vas,Trebnje,0.22469166446125197,Trebnje,0.2947494203022153,6655.631606558319,1
10141877,Babna Gora,Trebnje,0.15239824955810433,Trebnje,0.1870727852325251,8788.312472441492,1
10141885,Beli Grič,Mokronog-Trebelno,0.1386680154675875,Mokronog-Trebelno,0.2836011191104567,2356.377967562316,1
10141893,Belšinja vas,Trebnje,0.5426253437129185,Trebnje,0.6404168864953306,3228.3397560132235,1
10141907,Benečija,Trebnje,0.6988345467811306,Trebnje,0.7782690812974256,2348.226157808594,1
10141915,Bič,Ivančna Gorica,0.18882149126349146,Ivančna Gorica,0.2173622335271665,7282.9120489495235,1
10141923,Bistrica,Šentrupert,0.12121617684594996,Mokronog-Trebelno,0.1252140695401632,2763.2683693083127,0
10141931,Bitnja vas,Novo mesto,0.17212189360170574,Novo mesto,0.2336509556967516,7611.341731108344,1
10141940,Blato,Trebnje,0.6105129174260624,Trebnje,0.6988770614988399,2916.7488412412904,1
10141958,Bogneča vas,Novo mesto,0.1814760588732788,Novo mesto,0.2166438047195784,9579.786945585283,1
10141966,Breza,Trebnje,0.5865376046970027,Trebnje,0.6567791806682736,3113.5047292725267,1
10141974,Brezje pri Trebelnem,Novo mesto,0.23262084334776323,Novo mesto,0.3310996687801986,5548.360009254202,1
10141982,Brezovica pri Mirni,Trebnje,0.28782324767542206,Trebnje,0.3757459972038726,3186.688035355912,1
10142008,Brezovica pri Trebelnem,Novo mesto,0.14620108823399178,Mokronog-Trebelno,0.1833446273082394,3141.3619534112145,0
10142016,Brinje,Šentrupert,0.36750072545594054,Šentrupert,0.5082770351113373,1058.076957760175,1
10142024,Bruna vas,Mokronog-Trebelno,0.368985857379654,Mokronog-Trebelno,0.3790144798509824,1959.0742408337808,1
10142032,Cerovec pri Trebelnem,Novo mesto,0.17043501115648205,Novo mesto,0.2347302674336473,6156.271516345043,1
10142059,Cesta,Ivančna Gorica,0.1694102057348334,Ivančna Gorica,0.2013429372904161,7645.71079164913,1
10142067,Cikava,Novo mesto,0.16012933544989696,Novo mesto,0.1803543080028218,7861.633374406872,1
10142075,Cirnik,Trebnje,0.0600803049730081,Ljubljana,0.1397847677680622,5134.085031928291,0
10142083,Čatež,Trebnje,0.13095017009546842,Trebnje,0.1814905085446677,9543.339427659645,1
10142091,Češnjevek,Trebnje,0.3007665937816634,Trebnje,0.4156664219955804,5093.258240335116,1
10142105,Češnjice pri Trebelnem,Novo mesto,0.17876167226765635,Novo mesto,0.2446688643788803,7953.875511795456,1
10142113,Čilpah,Novo mesto,0.19223850389278116,Novo mesto,0.2207877946757522,8013.396871287603,1
10142121,Čužnja vas,Novo mesto,0.14512143899767618,Novo mesto,0.1620187181183736,6891.552233505394,1
10142130,Debenec,Novo mesto,0.1297134440040462,Trebnje,0.1520880905506435,5790.462569066531,0
10142148,Dečja vas,Trebnje,0.23121720762098782,Trebnje,0.300953075725156,5571.182536029258,1
10142156,Dobrava,Žužemberk,0.2177810432869844,Žužemberk,0.2367615003386568,4521.952632006666,1
10142164,Dobravica pri Vel. Gabru,Ivančna Gorica,0.22547911359019687,Ivančna Gorica,0.2381868443187006,6856.604728926896,1
10142172,Dobrnič,Trebnje,0.2796151130952109,Trebnje,0.3667888316194417,5611.672428822506,1
10142199,Dol pri Trebnjem,Trebnje,0.47659736599517627,Trebnje,0.5436968866511607,4022.0568448366594,1
10142202,Dolenja Dobrava,Trebnje,0.25627095590428245,Trebnje,0.3316189134676882,5951.285566231615,1
10142229,Dolenja Nemška vas,Trebnje,0.629602740839974,Trebnje,0.6959601954277955,2778.274168984425,1
10142237,Dolenja vas pri Čatežu,Trebnje,0.15231702383829168,Trebnje,0.217200028208073,8582.305794513044,1
10142245,Dolenje Jesenice,Mokronog-Trebelno,0.09344907306285663,Mokronog-Trebelno,0.1257801391729746,3920.2952213391873,1
10142253,Dolenje Kamenje pri Dobrniču,Trebnje,0.16221500813397116,Trebnje,0.2326540128787659,8273.30292996001,1
10142261,Dolenje Laknice,Novo mesto,0.14554774387974068,Novo mesto,0.1476311662992458,6052.455100839032,1
10142270,Dolenje Medvedje selo,Trebnje,0.8040763618577854,Trebnje,0.8646179109011612,1695.683221592776,1
10142288,Dolenje Ponikve,Trebnje,0.47659736599517627,Trebnje,0.5188503226343442,3977.960019510434,1
10142296,Dolenje Selce,Trebnje,0.15491867671643286,Trebnje,0.2582221547582557,7409.2708183978575,1
10142300,Dolenje Zabukovje,Novo mesto,0.15997961018746923,Novo mesto,0.1690379501166894,6508.192360345255,1
10142318,Dolenji Podboršt pri Treb.,Trebnje,0.6343606090569824,Trebnje,0.7100762925229807,2702.084801764709,1
10142326,Dolenji Podšumberk,Žužemberk,0.08913418244361201,Ljubljana,0.1836560298398808,7713.511669448888,0
10142334,Dolenji Vrh,Trebnje,0.2320265083546544,Trebnje,0.3357463217061608,6171.310240291073,1
10142342,Dolga Njiva pri Šentlovren.,Trebnje,0.13598696960231982,Trebnje,0.1830064487902174,9278.427743659688,1
10142369,Dolnje Prapreče,Trebnje,0.1546661848298042,Trebnje,0.1984381907527293,8483.523882598014,1
10142377,Draga pri Šentrupertu,Šentrupert,0.30702823405332136,Šentrupert,0.3321988621302856,1630.8767772650294,1
10142385,Drečji Vrh,Novo mesto,0.12521612190979614,Novo mesto,0.1425546907958609,6185.928015195684,1
10142393,Glinek,Trebnje,0.10196139613389976,Trebnje,0.1490296781126814,3721.634793656358,1
10142407,Goljek,Trebnje,0.22514712552718946,Trebnje,0.3169042361037184,6704.864745738376,1
10142415,Gombišče,Ivančna Gorica,0.09457057172547682,Ljubljana,0.190219304446371,10125.695038705218,0
10142423,Gomila,Trebnje,0.2889190153516567,Trebnje,0.3767298052745818,2959.909605704237,1
10142431,Gorenja Dobrava,Trebnje,0.43755992101366836,Trebnje,0.5155170374293283,4187.722068720887,1
10142440,Gorenja Nemška vas,Trebnje,0.6255594791640998,Trebnje,0.696293466128204,2873.2052508427128,1
10142458,Gorenja vas,Trebnje,0.2950321778612694,Trebnje,0.4072508610975764,5200.990987438802,1
10142466,Gorenja vas pri Čatežu,Trebnje,0.15496961666040857,Trebnje,0.2227903949191892,8478.60449811905,1
10142474,Gorenja vas pri Mirni,Trebnje,0.15491867671643286,Trebnje,0.2560324646158517,3252.231250954775,1
10142482,Gorenja vas pri Mokronogu,Mokronog-Trebelno,0.1147032663771499,Mokronog-Trebelno,0.2002921853577228,3001.27078301378,1
10142504,Gorenje Jesenice,Novo mesto,0.08467354279598771,Mokronog-Trebelno,0.1056029307781784,4347.538576240935,0
10142512,Gorenje Kamenje pri Dobrniču,Trebnje,0.1593735383207923,Trebnje,0.250343715185595,7766.382302339501,1
10142539,Gorenje Laknice,Mokronog-Trebelno,0.13909114699783093,Mokronog-Trebelno,0.2893099784684796,2457.103171011934,1
10142547,Gorenje Medvedje selo,Trebnje,0.7021134407461622,Trebnje,0.8064395105035969,2129.485812333523,1
10142555,Gorenje Ponikve,Trebnje,0.49910658759237186,Trebnje,0.5670480052880559,3650.1291177729313,1
10142563,Gorenje Selce,Trebnje,0.19346254463471976,Trebnje,0.2673702398094384,7204.915813583788,1
10142571,Gorenje Zabukovje,Novo mesto,0.1621309799101361,Novo mesto,0.1583072961574903,5347.408693788892,1
10142580,Gorenji Mokronog,Novo mesto,0.1657006890025508,Mokronog-Trebelno,0.1769456959921047,3268.1893681493066,0
10142598,Gorenji Podboršt pri V. Loki,Trebnje,0.24787205711417376,Trebnje,0.3557267721519441,6011.657560412789,1
10142601,Gorenji Podšumberk,Žužemberk,0.08309857787399226,Ljubljana,0.1877457110484272,8000.740500699075,0
10142610,Gorenji Vrh pri Dobrniču,Trebnje,0.2840875966499457,Trebnje,0.3752667638997132,5554.769076488941,1
10142628,Gornje Prapreče,Trebnje,0.12985262479301393,Ljubljana,0.1832872971458246,9709.877802856194,0
10142636,Gradišče pri Trebnjem,Trebnje,0.22452987959376144,Trebnje,0.2972826994980174,6897.823737582092,1
10142644,Grič pri Trebnjem,Trebnje,0.47943277727160977,Trebnje,0.5572917562429289,3819.717833524513,1
10142652,Grm,Trebnje,0.4283041689650186,Trebnje,0.4840932587925001,4368.1189458443805,1
10142679,Grmada,Trebnje,0.5942047096468999,Trebnje,0.6850271904548172,2943.5692732468888,1
10142687,Hom,Šentrupert,0.12394025939261745,Šentrupert,0.1781140018323179,2533.3689210708267,1
10142695,Hrastno,Šentrupert,0.08821373576385834,Ljubljana,0.1028534742081443,3978.219076450423,0
10142709,Hrastovica,Mokronog-Trebelno,0.08460992616301562,Mokronog-Trebelno,0.1125552671854249,4235.1912053767455,1
10142717,Hudeje,Trebnje,0.37449704415791535,Trebnje,0.4967010941595089,4513.629045118831,1
10142725,Iglenik pri Veliki Loki,Trebnje,0.38909446549362947,Trebnje,0.4949763318197617,4475.5893791009385,1
10142733,Jelševec,Novo mesto,0.16506878889761875,Novo mesto,0.1758541887482696,7968.117526637583,1
10142741,Jezero,Trebnje,0.2889190153516567,Trebnje,0.3795121339281176,5445.298134764017,1
10142750,Kamni Potok,Trebnje,0.4861953051233367,Trebnje,0.5755918062843506,3783.755726489873,1
10142768,Kamnje,Šentrupert,0.36750072545594054,Šentrupert,0.5376598823414549,1042.9986907229052,1
10142776,Knežja vas,Trebnje,0.2287631602016697,Trebnje,0.3056839615714384,6557.363532434897,1
10142784,Korenitka,Trebnje,0.2508081179024124,Trebnje,0.3348536940421809,5970.36282504908,1
10142792,Korita,Trebnje,0.16845005407336452,Trebnje,0.2444852904604912,6685.127921570429,1
10142806,Kriška Reber,Trebnje,0.269475413869262,Trebnje,0.3805129777780252,5833.085797036535,1
10142814,Križ,Trebnje,0.2738055127374853,Trebnje,0.3811965456229522,5807.616222325384,1
10142822,Križni Vrh,Mokronog-Trebelno,0.09944338807899816,Mokronog-Trebelno,0.1487209255983485,3679.416406770192,1
10142849,Krtina,Trebnje,0.2269528631547602,Trebnje,0.2963829111051919,6600.8701874593935,1
10142857,Krušni Vrh,Trebnje,0.15587517117398086,Trebnje,0.2624485970754769,7453.7052957422575,1
10142865,Kukenberk,Trebnje,0.21590941317321394,Trebnje,0.2681573145649878,7081.732655145546,1
10142873,Lipnik,Trebnje,0.2235937766215661,Trebnje,0.2878137129634162,7023.939614950418,1
10142881,Lisec,Žužemberk,0.23068162114001098,Žužemberk,0.2772379988277494,4258.113652798896,1
10142890,Log,Mokronog-Trebelno,0.09794054046033468,Mokronog-Trebelno,0.1366795903864606,3700.707576614264,1
10142903,Log pri Žužemberku,Žužemberk,0.12128482515341243,Ljubljana,0.1762042262262926,6892.379311806721,0
10142911,Lokve pri Dobrniču,Trebnje,0.24919048441037295,Trebnje,0.3409889942608533,5993.655719382356,1
10142920,Lukovek,Trebnje,0.2859572261141181,Trebnje,0.3647697332454023,5548.659568266428,1
10142938,Luža,Trebnje,0.29391932523815173,Trebnje,0.4041835060446122,5229.900673540692,1
10142946,Mačji Dol,Trebnje,0.1308538635416205,Ljubljana,0.1756284293549452,9524.422902869352,0
10142954,Mačkovec,Trebnje,0.15774489836715572,Trebnje,0.2440945003596248,7910.345416139317,1
10142962,Mala Loka,Trebnje,0.22434655563144554,Trebnje,0.2928196913334045,6797.320303044997,1
10142989,Mala Ševnica,Trebnje,0.37449704415791535,Trebnje,0.4960012878158724,4502.642247859256,1
10142997,Male Dole pri Stehanji vasi,Trebnje,0.10083964337764834,Ljubljana,0.1892441458711974,10840.215712046203,0
10143004,Mali Gaber,Ivančna Gorica,0.15199889437394637,Ljubljana,0.1900613444994815,8717.343958585428,0
10143012,Mali Videm,Trebnje,0.16845005407336452,Trebnje,0.2473896517050518,7497.614853511481,1
10143039,Maline,Novo mesto,0.1621309799101361,Novo mesto,0.1814087787107434,6196.503278427564,1
10143047,Martinja vas,Trebnje,0.1511782536608747,Trebnje,0.1847470544507246,8819.428304532788,1
10143055,Martinja vas pri Mokronogu,Mokronog-Trebelno,0.2908416002411909,Mokronog-Trebelno,0.3476625165934128,2029.610672888296,1
10143063,Meglenik,Trebnje,0.3611764081703123,Trebnje,0.4726210666088701,4629.598513688408,1
10143071,Migolica,Trebnje,0.118333693997962,Trebnje,0.1513452506372648,2530.1733297767923,1
10143080,Migolska Gora,Trebnje,0.06598742577673422,Trebnje,0.1329387409321298,4163.111287158264,1
10143098,Mirna,Mirna,0.9998097907056441,Mirna,0.9999985393969972,0.0,1
10143101,Mirna vas,Novo mesto,0.15698754716231003,Novo mesto,0.1791554914922545,8077.850450507834,1
10143110,Mokronog,Mokronog-Trebelno,0.9999995046034914,Mokronog-Trebelno,0.9999995599535816,0.0,1
10143128,Most,Trebnje,0.0750206343147621,Ljubljana,0.0952673855375607,4763.615214900953,0
10143136,Mrzla Luža,Trebnje,0.47943277727160977,Trebnje,0.5657025332662182,3814.684055330108,1
10143144,Muhabran,Trebnje,0.1591824914875704,Trebnje,0.2281840621122998,7978.536105208112,1
10143152,Občine,Trebnje,0.35330236059339193,Trebnje,0.4490288442082212,4728.395839324958,1
10143179,Odrga,Trebnje,0.81083467271484,Trebnje,0.888374876612366,1511.6729180952962,1
10143187,Okrog,Šentrupert,0.09062282510440045,Ljubljana,0.1136988034011119,3780.932077117967,0
10143195,Orlaka,Žužemberk,0.07042253437434189,Ljubljana,0.1983554942932597,8806.03846155599,0
10143209,Ornuška vas,Novo mesto,0.1955544904718985,Novo mesto,0.2751585381335438,7282.4876263390115,1
10143217,Ostrožnik,Mokronog-Trebelno,0.12412277735335996,Mokronog-Trebelno,0.2258108910714165,2738.429736154945,1
10143225,Pekel,Trebnje,0.8241131846866031,Trebnje,0.9601743655268214,893.1944192251067,1
10143233,Pluska,Trebnje,0.43755992101366836,Trebnje,0.4971842441081621,4248.457833385606,1
10143241,Podlisec,Trebnje,0.23321740551833298,Trebnje,0.3340708393233608,6119.562819877088,1
10143250,Podturn,Novo mesto,0.17321865599379124,Novo mesto,0.2643517400202377,8090.25567652931,1
10143268,Potok,Trebnje,0.1431773915641615,Trebnje,0.1887253299652981,8957.241582681752,1
10143276,Praprotnica,Trebnje,0.16117916628027218,Trebnje,0.2219625000178088,4069.1052387810673,1
10143284,Prelesje,Šentrupert,0.22301911599917632,Šentrupert,0.2066509636236802,2090.930299373464,1
10143292,Preska pri Dobrniču,Trebnje,0.23259047527042181,Trebnje,0.3202652398561414,6247.9520397253145,1
10143306,Primštal,Trebnje,0.5871100314834398,Trebnje,0.6634368621728977,3096.016919590001,1
10143314,Pristavica pri Vel. Gabru,Ivančna Gorica,0.22547911359019687,Ivančna Gorica,0.2374461857057583,6870.868634149385,1
10143322,Pugled pri Mokronogu,Mokronog-Trebelno,0.44119367755388467,Mokronog-Trebelno,0.5158350578896497,1447.173684205206,1
10143349,Puščava,Mokronog-Trebelno,0.1281180524062928,Mokronog-Trebelno,0.2232831184096678,2665.875464389876,1
10143357,Račje selo,Trebnje,0.7074780534881032,Trebnje,0.8139501837559326,2082.533894899668,1
10143365,Radna vas,Novo mesto,0.1879423337040343,Novo mesto,0.2150510361489044,7493.438883581304,1
10143373,Rakovnik pri Šentrupertu,Šentrupert,0.22562281838082357,Šentrupert,0.2020666857516538,2070.1636828722158,1
10143381,Ravne,Trebnje,0.06428485317564678,Ljubljana,0.1432233923767234,5519.181979173438,0
10143390,Ravnik,Šentrupert,0.10712629171519096,Trebnje,0.1226762840976613,3123.5676453532938,0
10143403,Razbore,Trebnje,0.10096581545193574,Ljubljana,0.1689920897481253,10827.381580813508,0
10143411,Rdeči Kal,Novo mesto,0.18628994082033515,Trebnje,0.2258763504166742,7098.48742969729,0
10143420,Repče,Trebnje,0.47659736599517627,Trebnje,0.5435289599981401,4028.841638802429,1
10143438,Replje,Žužemberk,0.15785675393433934,Ljubljana,0.1684770120097395,5978.216507882962,0
10143446,Reva,Trebnje,0.2244605915591087,Trebnje,0.2929034805920843,6724.339163479365,1
10143454,Ribjek,Mokronog-Trebelno,0.37291273542641845,Mokronog-Trebelno,0.382959758837409,1897.083013837704,1
10143462,Rihpovec,Novo mesto,0.1832818664782629,Trebnje,0.2607743457019436,7341.270696823669,0
10143489,Rodine pri Trebnjem,Trebnje,0.43755992101366836,Trebnje,0.5080039298846571,4257.618330291026,1
10143497,Roje pri Čatežu,Trebnje,0.2244605915591087,Trebnje,0.3103652655016063,6717.3018673567885,1
10143519,Roje pri Trebelnem,Novo mesto,0.18120215990736357,Novo mesto,0.2169418852954262,9739.519530540843,1
10143527,Roženpelj,Trebnje,0.1940300101820846,Trebnje,0.2737846754818133,7130.419459473778,1
10143535,Rožni Vrh,Trebnje,0.7626564592323847,Trebnje,0.8232815234279719,2003.2700832662035,1
10143543,Sajenice,Novo mesto,0.07323739634955477,Trebnje,0.1382012298487656,3619.665078887519,0
10143551,Sejenice,Trebnje,0.15491867671643286,Trebnje,0.2798324303472276,7413.490118348768,1
10143560,Sela pri Šumberku,Ivančna Gorica,0.09888776670774783,Ljubljana,0.1989078790679821,9384.590912403257,0
10143578,Selo pri Mirni,Novo mesto,0.06291132717277748,Ljubljana,0.1300193306865895,4749.085338947697,0
10143586,Selska Gora,Novo mesto,0.06291132717277748,Ljubljana,0.131770095895054,4746.302674230792,0
10143594,Slepšek,Mokronog-Trebelno,0.37291273542641845,Mokronog-Trebelno,0.3760927620081704,1904.6070176278035,1
10143608,Slovenska vas,Šentrupert,0.10840591018320665,Trebnje,0.1342306727783028,3067.5464483601354,0
10143616,Srednje Laknice,Novo mesto,0.10522449902906118,Mokronog-Trebelno,0.1348881445336041,3959.592451807065,0
10143624,Stan,Novo mesto,0.10950075324162327,Trebnje,0.1524845107971688,3942.179152784488,0
10143632,Stara Gora,Trebnje,0.158928402202691,Trebnje,0.2457903651098209,5114.700456613584,1
10143659,Stehanja vas,Trebnje,0.11988247588677454,Ljubljana,0.1861428726439247,10109.840115289246,0
10143667,Stranje pri Dobrniču,Trebnje,0.23541363836003046,Trebnje,0.3537536062119099,6046.531074842997,1
10143675,Stranje pri Velikem Gabru,Ivančna Gorica,0.1279844250710157,Ljubljana,0.1878086754332432,9587.12553452415,0
10143683,Straža,Šentrupert,0.29632831492043726,Šentrupert,0.2523917959082527,1733.0949416523656,1
10143691,Studenec,Trebnje,0.81083467271484,Trebnje,0.8878246359740177,1538.256694687165,1
10143705,Svetinja,Trebnje,0.22833796208226853,Trebnje,0.3035292361373847,6573.718606093937,1
10143713,Šahovec,Trebnje,0.19209045230433955,Trebnje,0.2673762129289303,7232.878530997284,1
10143721,Šentlovrenc,Trebnje,0.16815833102382347,Trebnje,0.2380408151224813,7579.160599068108,1
10143730,Šentrupert,Šentrupert,0.9998113641486239,Šentrupert,0.9999991565061592,0.0,1
10143748,Ševnica,Trebnje,0.1940300101820846,Trebnje,0.2743027229813257,3607.628508063588,1
10143756,Škovec,Trebnje,0.2958966634163223,Trebnje,0.4189010469449167,5167.830057896697,1
10143764,Škrjanče,Trebnje,0.24919048441037295,Trebnje,0.3585270925623909,4780.74503583921,1
10143772,Škrljevo,Šentrupert,0.36750072545594054,Šentrupert,0.5264224641823937,1055.6074004623017,1
10143799,Šmaver,Trebnje,0.22452987959376144,Trebnje,0.2736872686861026,6304.234751798118,1
10143802,Štatenberk,Novo mesto,0.17876167226765635,Novo mesto,0.2541043743511161,8804.021822791277,1
10143829,Štefan pri Trebnjem,Trebnje,0.7805037638848136,Trebnje,0.8391190269497664,1876.679415239502,1
10143837,Trbinc,Trebnje,0.1687480757097273,Trebnje,0.213939692114018,1768.032145492114,1
10143845,Trebanjski Vrh,Trebnje,0.1687480757097273,Trebnje,0.2705035858274942,7554.513506155386,1
10143853,Trebelno,Novo mesto,0.17943482193778448,Novo mesto,0.1755056027201905,4940.908167959901,1
10143861,Trebnje,Trebnje,0.9999998897079457,Trebnje,0.9999999455686406,0.0,1
10143870,Trnje,Trebnje,0.28162779891508044,Trebnje,0.3745205989735283,5581.11079314534,1
10143888,Trstenik,Mirna,0.16468198839438267,Mirna,0.1788166287543088,1770.3908905494122,1
10143896,Vavpča vas pri Dobrniču,Trebnje,0.23388258408417864,Trebnje,0.3483434500222106,6139.413185633683,1
10143900,Velika Loka,Trebnje,0.29975122898128204,Trebnje,0.4149833876909464,5112.807456438373,1
10143918,Velika Strmica,Novo mesto,0.15623019579025763,Novo mesto,0.1698394982916292,6490.518198008508,1
10143926,Velika Ševnica,Trebnje,0.43663591704425675,Trebnje,0.5227988976609268,4261.115418191741,1
10143934,Velike Dole,Ivančna Gorica,0.133408636292597,Ljubljana,0.1991051694066686,9340.055445824575,0
10143942,Veliki Gaber,Ivančna Gorica,0.12953933821311053,Ljubljana,0.1869325734975628,9465.748022650472,0
10143969,Veliki Videm,Trebnje,0.1431773915641615,Trebnje,0.1918704711657161,8955.38074994884,1
10143977,Volčja Jama,Žužemberk,0.14850209685579688,Ljubljana,0.1635153797247388,6115.927950750742,0
10143985,Volčje Njive,Trebnje,0.1300896226028665,Trebnje,0.1604386870187322,3260.093083010314,1
10143993,Vrbovec,Trebnje,0.1593735383207923,Trebnje,0.2375969783948398,7774.839985983979,1
10144019,Vrh,Šentrupert,0.36051707897282653,Šentrupert,0.4509931624182681,1240.2694202274445,1
10144027,Sv. Vrh,Mokronog-Trebelno,0.1147032663771499,Mokronog-Trebelno,0.2177722918152751,2991.6205586878623,1
10144035,Vrh pri Trebelnem,Novo mesto,0.18120215990736357,Novo mesto,0.195774262685771,6632.874723300471,1
10144043,Vrhovo pri Šentlovrencu,Trebnje,0.1358068897189535,Ljubljana,0.179314111002417,9158.119984332385,0
10144051,Vrhtrebnje,Trebnje,0.30614068822850177,Trebnje,0.4477410922886674,4970.625544802472,1
10144060,Vrtače,Žužemberk,0.13691403777096509,Ljubljana,0.17242897239649,6348.228375862611,0
10144078,Zabrdje,Trebnje,0.19346254463471976,Trebnje,0.2355845952579783,1941.00860163064,1
10144086,Zabukovje,Trebnje,0.06015110419656856,Trebnje,0.1223487576115473,5252.620186996951,1
10144094,Zagorica,Trebnje,0.22434655563144554,Trebnje,0.3076947504629169,4999.675007942103,1
10144108,Zagorica pri Čatežu,Trebnje,0.12386800003944912,Trebnje,0.1722184884883791,10035.255192546254,1
10144116,Zagorica pri Dobrniču,Žužemberk,0.17486391014142208,Trebnje,0.2334383337241838,5567.831220007667,0
10144124,Zagorica pri Velikem Gabru,Ivančna Gorica,0.16426586132335783,Ivančna Gorica,0.2105804435389166,7428.395116198687,1
10144132,Zaloka,Trebnje,0.07734790820825442,Ljubljana,0.1350713122789674,5711.396628448574,0
10144159,Zavrh,Trebnje,0.07640436636056125,Ljubljana,0.2029753954894168,9967.151096613425,0
10144167,Zidani Most,Trebnje,0.6320098277070663,Trebnje,0.7337944651027473,2597.908883668808,1
10144175,Žabjek,Trebnje,0.1940300101820846,Trebnje,0.2719795240884863,7121.412124906092,1
10144183,Železno,Trebnje,0.16120466731715324,Trebnje,0.2611297517154173,7346.408751621557,1
10144191,Žubina,Ivančna Gorica,0.11704784549282886,Ljubljana,0.1938864111202134,10443.693409102309,0
10144205,Vesela Gora,Šentrupert,0.28459886271655044,Šentrupert,0.2582328036632802,1813.3844240827016,1
10144213,Bistrica pri Tržiču,Tržič,0.7034334283595115,Tržič,0.6225258833180769,2308.241901630412,1
10144221,Brdo,Radovljica,0.3549641494538017,Radovljica,0.2208964864518643,7112.946256173351,1
10144230,Breg ob Bistrici,Tržič,0.30990962067517575,Kranj,0.2779119231651179,5494.974547076306,0
10144248,Brezje pri Tržiču,Tržič,0.3954636058995728,Tržič,0.3417970978174383,4245.47762355484,1
10144256,Čadovlje pri Tržiču,Tržič,0.6244124813163995,Tržič,0.5913470681540651,2814.251679836832,1
10144264,Dolina,Tržič,0.34192084633716435,Tržič,0.3532860537958274,4908.87613976136,1
10144272,Gozd,Kranj,0.18830922031915212,Kranj,0.2256649945561607,7879.612754115868,1
10144299,Grahovše,Tržič,0.3768376124267677,Tržič,0.3805606206230701,4581.689985260366,1
10144302,Hudi Graben,Tržič,0.3199902855654279,Tržič,0.260991470794077,5153.777403930769,1
10144329,Hudo,Tržič,0.34192084633716435,Tržič,0.2534213597156365,4912.031742896841,1
10144337,Hušica,Tržič,0.3910151750722461,Tržič,0.3043184329994096,4295.105066119419,1
10144345,Jelendol,Tržič,0.20561461556930513,Tržič,0.2520555773147776,6564.409514554036,1
10144353,Kovor,Tržič,0.49578924946771497,Tržič,0.36903398160627,3674.024104772408,1
10144361,Križe,Tržič,0.5046717502595572,Tržič,0.3969692587760793,3457.307019155005,1
10144370,Leše,Radovljica,0.2853758837153661,Radovljica,0.1954389476403896,6855.363652754162,1
10144388,Loka,Tržič,0.499637083453646,Tržič,0.38649016302025,3571.5329582225013,1
10144396,Lom pod Storžičem,Tržič,0.5956419466908447,Tržič,0.5488511402059163,3100.146523532291,1
10144400,Novake,Kranj,0.2638277416886813,Kranj,0.3167218178206177,8183.689930726359,1
10144418,Paloviče,Radovljica,0.2838345894309848,Radovljica,0.1858190138547792,7630.813661877795,1
10144426,Podljubelj,Tržič,0.3898268249572125,Tržič,0.4051683659856649,4371.26177113904,1
10144434,Popovo,Tržič,0.2565170234775351,Tržič,0.2068060274161096,6059.826300844304,1
10144442,Potarje,Tržič,0.499637083453646,Tržič,0.483138014841138,3597.182629764696,1
10144469,Pristava,Tržič,0.6359460710301803,Tržič,0.5479509741376657,2580.997660276132,1
10144477,Retnje,Tržič,0.3857224236753675,Tržič,0.2572521245784104,4509.101618174605,1
10144485,Sebenje,Tržič,0.3833910723037187,Tržič,0.258373873049813,4527.660259476988,1
10144493,Senično,Tržič,0.30993527909134494,Kranj,0.2724839914536096,5315.346842477295,0
10144507,Slap,Tržič,0.8691195197960453,Tržič,0.823321074169781,1493.5303445585607,1
10144515,Spodnje Vetrno,Tržič,0.2619366528045274,Kranj,0.2645116571467868,6036.859079175992,0
10144523,Tržič,Tržič,0.9963874438897419,Tržič,0.9999998980110965,0.0,1
10144531,Vadiče,Radovljica,0.2814667719452422,Tržič,0.1938410402306817,6136.872125220393,0
10144540,Visoče,Tržič,0.2912543338996324,Tržič,0.2348072507458181,5661.290283119576,1
10144558,Zgornje Vetrno,Tržič,0.3069032104149629,Kranj,0.2317930828592422,5556.959026792858,0
10144566,Zvirče,Tržič,0.33235506849920926,Kranj,0.2293744229572864,5116.376970889544,0
10144574,Žiganja vas,Tržič,0.30989178576881415,Kranj,0.2716669573735195,5344.144694675461,0
10144582,Ročevnica,Tržič,0.6300547189582102,Tržič,0.53837314251618,2758.432632156876,1
10144604,Arnače,Velenje,0.4693041386323554,Velenje,0.5908280694329221,4901.449472665569,1
10144612,Bele Vode,Velenje,0.12623182969888902,Velenje,0.1388326097330863,13543.747046288736,1
10144639,Bevče,Velenje,0.6777963010125667,Velenje,0.7666207790262232,3297.8456371529205,1
10144647,Družmirje,Šoštanj,0.5515222873588528,Šoštanj,0.4691325663017821,2118.3599509533688,1
10144655,Gaberke,Šoštanj,0.36229563232498735,Šoštanj,0.3686793695164045,3350.458938429885,1
10144663,Gavce,Velenje,0.21162137500906525,Velenje,0.1865465758333109,2087.7226124088565,1
10144671,Gorenje,Velenje,0.23838520575597694,Velenje,0.2092376395459188,2944.3234395472305,1
10144680,Hrastovec,Velenje,0.5853898702954587,Velenje,0.7574792620998687,3459.812492818083,1
10144698,Kavče,Velenje,0.7074184512900382,Velenje,0.7853571519103267,3041.186238709948,1
10144701,Laze,Velenje,0.4542328783828094,Velenje,0.5657413907098023,5190.265878719013,1
10144710,Lokovica,Velenje,0.4562659523526761,Šoštanj,0.3859890522718632,2806.1325331769635,0
10144728,Ložnica,Velenje,0.49722128191692705,Velenje,0.6280612776872965,4476.169348778605,1
10144736,Mali Vrh,Šmartno ob Paki,0.3088499442275295,Šmartno ob Paki,0.2909820863489821,1489.9597920474616,1
10144744,Paka pri Velenju,Velenje,0.5380755291016026,Velenje,0.7078961628807973,4059.29015086481,1
10144752,Paška vas,Velenje,0.2021857004818906,Velenje,0.1779157009674515,2062.0411325038867,1
10144779,Paški Kozjak,Velenje,0.3396801088710978,Velenje,0.4361948347156321,7730.840876254659,1
10144787,Plešivec,Velenje,0.3332988052301433,Velenje,0.3814234409231164,7142.130107324203,1
10144795,Podgora,Velenje,0.19654181358945594,Velenje,0.1732999338083296,3080.0257110602133,1
10144809,Podgorje,Velenje,0.5853898702954587,Velenje,0.6654011055723875,3487.6726834126,1
10144817,Podkraj pri Velenju,Velenje,0.45536055671692416,Velenje,0.5591220707762922,5032.359029649272,1
10144825,Ravne,Šoštanj,0.43441646997205524,Šoštanj,0.5826859659366005,2526.6673890902803,1
10144833,Rečica ob Paki,Šmartno ob Paki,0.3319198397664645,Šmartno ob Paki,0.3020240890473847,1419.0291261826508,1
10144841,Silova,Velenje,0.3950345890727245,Velenje,0.498586828741708,5841.707129138577,1
10144850,Skorno,Velenje,0.27069717424662115,Velenje,0.2557242947327662,4686.675431256472,1
10144868,Skorno pri Šoštanju,Velenje,0.19701487353128933,Šoštanj,0.2540664366190057,5703.517423668726,0
10144876,Slatina,Velenje,0.16789155930199823,Velenje,0.1630777860790466,3363.022294793118,1
10144884,Šentvid pri Zavodnju,Velenje,0.10050567816737495,Velenje,0.1320311214591425,13967.237569587716,1
10144892,Škale,Velenje,0.5394179855237673,Velenje,0.6973879081931984,3987.1833957095423,1
10144906,Škalske Cirkovce,Velenje,0.4243393698456539,Velenje,0.5801045601598844,5422.216732018843,1
10144914,Šmartinske Cirkovce,Velenje,0.34588106615271674,Velenje,0.4981670220540556,6825.205364650039,1
10144922,Šmartno ob Paki,Šmartno ob Paki,0.9947167218003954,Šmartno ob Paki,0.9999988617662628,0.0,1
10144949,Šoštanj,Šoštanj,0.9921811640245346,Šoštanj,0.9999998475870776,0.0,1
10144957,Topolšica,Šoštanj,0.2883330677663521,Šoštanj,0.4062726419718724,3996.465613996792,1
10144965,Velenje,Velenje,0.9946140044360363,Velenje,0.9999999690582844,0.0,1
10144973,Veliki Vrh,Velenje,0.333135616614072,Velenje,0.303347552870613,2726.481097063151,1
10144981,Zavodnje,Velenje,0.1243451127716459,Velenje,0.2014210187874459,8030.59994063327,1
10144990,Šenbric,Velenje,0.7074184512900382,Velenje,0.8059689065247913,3094.374044413992,1
10145007,Lopatnik pri Velenju,Velenje,0.34209655319542115,Velenje,0.506995973206098,6413.181761641381,1
10145015,Florjan,Velenje,0.20193447893456828,Šoštanj,0.3279523430266309,4766.673909918832,0
10145023,Bevke,Ljubljana,0.3477971384978329,Ljubljana,0.4797663720609569,5256.725039231935,1
10145031,Bistra,Vrhnika,0.5775439979060706,Vrhnika,0.4388267976132909,4404.388644279395,1
10145040,Blatna Brezovica,Vrhnika,0.5673732854061247,Vrhnika,0.4244124145527436,4668.28304221431,1
10145058,Borovnica,Borovnica,0.9987794553035987,Borovnica,0.9999996827222158,0.0,1
10145066,Breg pri Borovnici,Borovnica,0.31829091412189936,Borovnica,0.3452245634772859,2359.376170162479,1
10145074,Brezovica pri Borovnici,Borovnica,0.2775925810184938,Borovnica,0.3607874730881265,2606.287052394437,1
10145082,Dol pri Borovnici,Borovnica,0.45216254001277906,Borovnica,0.4952643719207816,1717.5975974501985,1
10145104,Dragomer,Log-Dragomer,0.9989732062354797,Log-Dragomer,0.9999971942130396,0.0,1
10145112,Dražica,Borovnica,0.45216254001277906,Borovnica,0.5493200458670817,1728.818396001176,1
10145139,Drenov Grič,Vrhnika,0.5478570934563326,Ljubljana,0.4037869460553162,5383.519805703109,0
10145147,Lašče,Vrhnika,0.17054146142487242,Ljubljana,0.31512044965181,4517.912162631944,0
10145155,Laze pri Borovnici,Borovnica,0.44009967595260924,Borovnica,0.4572642794227636,1922.6649581152983,1
10145163,Lesno Brdo,Vrhnika,0.4950075798430633,Ljubljana,0.447058062999456,5084.261978351403,0
10145171,Log pri Brezovici,Ljubljana,0.4454997704319279,Ljubljana,0.5074333132617754,3067.235718792142,1
10145180,Lukovica pri Brezovici,Brezovica,0.5750332539506813,Ljubljana,0.4267034257504243,1049.5852064053556,0
10145198,Mala Ligojna,Vrhnika,0.569256308716006,Vrhnika,0.4482411583609252,4519.583886402607,1
10145201,Mirke,Vrhnika,0.9496826873533578,Vrhnika,0.9579587416962722,919.4481722182948,1
10145210,Niževec,Borovnica,0.24141999892250918,Borovnica,0.2954155456967909,3086.8964093482973,1
10145228,Ohonica,Borovnica,0.2873462862444539,Borovnica,0.3806646322333419,2511.893125147736,1
10145236,Padež,Vrhnika,0.15598086779168083,Ljubljana,0.2930517163607541,5442.144188089385,0
10145244,Pako,Vrhnika,0.21916856499241813,Ljubljana,0.3609395803459331,3298.794087558821,0
10145252,Podlipa,Vrhnika,0.2349587149111414,Ljubljana,0.3295930969484341,8618.634364572465,0
10145279,Pokojišče,Vrhnika,0.17949954651089256,Ljubljana,0.2832184196159429,4296.086154524398,0
10145287,Pristava,Vrhnika,0.16873821237323847,Ljubljana,0.3114570347651136,4352.562721607767,0
10145295,Sinja Gorica,Vrhnika,0.7263878059979489,Vrhnika,0.6485557309608144,3107.715739558196,1
10145309,Smrečje,Vrhnika,0.21164380009269965,Ljubljana,0.341973253323076,8954.072880074862,0
10145317,Stara Vrhnika,Vrhnika,0.760236084155451,Vrhnika,0.7374254336617879,2667.704439414083,1
10145325,Velika Ligojna,Vrhnika,0.6046959914956996,Vrhnika,0.4908409824295002,4258.111241600882,1
10145333,Verd,Vrhnika,0.7643419846195788,Vrhnika,0.7517530478947759,2488.6801646315826,1
10145341,Vrhnika,Vrhnika,0.9982157901786347,Vrhnika,0.999999945311315,0.0,1
10145350,Zabočevo,Vrhnika,0.17829781133656442,Ljubljana,0.2953238755709215,3892.712866884471,0
10145368,Zaplana,Vrhnika,0.21339994766543263,Ljubljana,0.2764424485025121,7926.832710564277,0
10145376,Zavrh pri Borovnici,Vrhnika,0.1945084746083491,Ljubljana,0.2933680855767417,5499.009609236015,0
10145384,Blodnik,Kamnik,0.07113701962492108,Ljubljana,0.1885054489087251,10543.771515869912,0
10145392,Borje,Litija,0.1755861315834645,Zagorje ob Savi,0.2231360418256633,7008.335653187758,0
10145406,Borje pri Mlinšah,Kamnik,0.12247361491595042,Ljubljana,0.2545518077584669,12399.930575200256,0
10145414,Borovak pri Podkumu,Trbovlje,0.06638659344896011,Ljubljana,0.1228742983679779,13194.571813547009,0
10145422,Brezje,Trbovlje,0.06957791012968569,Ljubljana,0.1764504939869967,12422.109441255345,0
10145449,Breznik,Litija,0.07234867144065739,Ljubljana,0.1929559817056378,10516.429931014109,0
10145457,Briše,Trbovlje,0.10459263296480092,Ljubljana,0.1815525222716795,9459.919516168116,0
10145465,Čemšenik,Trbovlje,0.13497908539223302,Ljubljana,0.160216415106602,10873.872441867636,0
10145473,Čolnišče,Zagorje ob Savi,0.400761248492681,Zagorje ob Savi,0.4923654710586106,3641.1267506882778,1
10145481,Dobrljevo,Trbovlje,0.10308869257473935,Ljubljana,0.1707601862221298,11884.33029802716,0
10145490,Dolenja vas,Zagorje ob Savi,0.8040175052712596,Zagorje ob Savi,0.8047538620307204,1571.597292335204,1
10145503,Dolgo Brdo pri Mlinšah,Litija,0.08576453722823085,Ljubljana,0.2277714144757333,10160.891710471864,0
10145511,Družina,Zagorje ob Savi,0.520092670305209,Zagorje ob Savi,0.4949482188836341,3320.978834497834,1
10145520,Golče,Litija,0.20897139203279938,Ljubljana,0.1593771610426924,10167.27510365586,0
10145538,Gorenja vas,Trbovlje,0.1513355864579569,Trbovlje,0.154392418514115,11077.850096215918,1
10145546,Hrastnik pri Trojanah,Kamnik,0.07678715778330505,Ljubljana,0.1871889317800733,9944.971120709371,0
10145554,Izlake,Trbovlje,0.18051327426179445,Zagorje ob Savi,0.2287434586524144,6789.625583633158,0
10145562,Jablana,Zagorje ob Savi,0.19633264824437177,Zagorje ob Savi,0.2727959487700843,6194.944873972066,1
10145589,Jarše,Litija,0.17845945981830966,Zagorje ob Savi,0.2119000778923106,7259.312877027688,0
10145597,Jelenk,Trbovlje,0.06090152881168197,Ljubljana,0.1817907343888248,12016.306641360656,0
10145619,Jelševica,Kamnik,0.09776823030652397,Ljubljana,0.1761268405622545,7347.301277786135,0
10145627,Jesenovo,Trbovlje,0.1401737084858265,Ljubljana,0.1487883530488399,10168.704363228282,0
10145635,Kandrše - del,Litija,0.207155802294029,Ljubljana,0.2299518532589742,9586.196908043308,0
10145643,Kisovec,Zagorje ob Savi,0.60319974362441,Zagorje ob Savi,0.6494338338042892,2514.861044689582,1
10145651,Kolk,Litija,0.0925618883142543,Ljubljana,0.1527462230698415,9983.19749205368,0
10145660,Kolovrat,Kamnik,0.07318436643646252,Ljubljana,0.198117731573761,11909.102784163097,0
10145678,Konjšica - del,Koper,0.020554905040154323,Ljubljana,0.1558638413858522,163843.9145273759,0
10145686,Kostrevnica,Litija,0.07957931360880557,Ljubljana,0.2002553779277087,11080.592184377389,0
10145694,Kotredež,Zagorje ob Savi,0.41675796099600376,Zagorje ob Savi,0.4603813789115565,3459.3195862388247,1
10145708,Log pri Mlinšah,Litija,0.12043780295508683,Ljubljana,0.2099166452026548,11548.685843431318,0
10145716,Loke pri Zagorju,Zagorje ob Savi,0.5506603487341334,Zagorje ob Savi,0.5708071746269153,3021.1402872013578,1
10145724,Mali Kum,Trbovlje,0.049361982322887694,Ljubljana,0.1273660834857264,14571.471152726888,0
10145732,Medija,Kamnik,0.0927210680782719,Ljubljana,0.2264940778016606,13407.61184074923,0
10145759,Mlinše,Litija,0.07882875502809031,Ljubljana,0.1948282113418031,10325.73066819715,0
10145767,Mošenik,Litija,0.2567807489645638,Litija,0.2156328377345385,10907.673576380905,1
10145775,Orehovica,Zagorje ob Savi,0.11160322966605347,Zagorje ob Savi,0.1618494825444203,8477.273028359476,1
10145783,Osredek,Litija,0.06445793921226502,Ljubljana,0.1433494029429271,14757.534432167124,0
10145791,Padež,Trbovlje,0.06200011406813477,Ljubljana,0.1410719825530552,13822.68745601178,0
10145805,Podkraj pri Zagorju,Zagorje ob Savi,0.7594199554021739,Zagorje ob Savi,0.7755024242031363,1793.3175415990745,1
10145813,Podkum,Trbovlje,0.13247314182630887,Trbovlje,0.1374358432845887,11378.49365921368,1
10145821,Podlipovica,Trbovlje,0.10203790867060433,Ljubljana,0.1585032068261752,9052.568681735576,0
10145830,Polšina,Kamnik,0.07002455198692548,Ljubljana,0.1794892364032136,10490.736730107285,0
10145848,Potoška vas,Zagorje ob Savi,0.39022607875404375,Zagorje ob Savi,0.3822718943415046,3838.780553258363,1
10145856,Požarje,Zagorje ob Savi,0.1900330838002998,Zagorje ob Savi,0.263795136596901,6276.531816232667,1
10145864,Prapreče - del,Trbovlje,0.5565573826177571,Trbovlje,0.4110346271051084,3885.711098360898,1
10145872,Zgornji Prhovec,Trbovlje,0.1576801619810246,Zagorje ob Savi,0.1864127889459099,7830.083450803668,0
10145899,Ravenska vas,Trbovlje,0.6135178398737575,Trbovlje,0.4286910637744048,3285.2602580478238,1
10145902,Ravne pri Mlinšah,Zagorje ob Savi,0.08525928212964441,Ljubljana,0.1824562525415927,9795.520870289502,0
10145929,Razbor pri Čemšeniku,Trbovlje,0.15055825817668134,Ljubljana,0.1496936354653731,9849.466556284133,0
10145937,Razpotje,Trbovlje,0.11300155017804439,Ljubljana,0.1683886709479237,8663.556656531671,0
10145945,Rodež,Litija,0.13430017167678251,Ljubljana,0.1565568132633101,11574.436192022737,0
10145953,Rove,Trbovlje,0.27847098100697015,Zagorje ob Savi,0.306071046570656,5314.332645862673,0
10145961,Rovišče,Litija,0.21241892860855788,Ljubljana,0.1785921056879615,11012.228687320716,0
10145970,Rtiče,Trbovlje,0.09510753512496667,Ljubljana,0.1416672725756057,12936.515910181182,0
10145988,Ržiše,Trbovlje,0.1757501882705219,Zagorje ob Savi,0.1857423173741859,8194.968351222404,0
10145996,Selo pri Zagorju,Zagorje ob Savi,0.7104549782818838,Zagorje ob Savi,0.6456833399904717,2056.6744294579166,1
10146003,Senožeti,Litija,0.2001195005729742,Zagorje ob Savi,0.1907182073378001,7759.801331789259,0
10146011,Šemnik,Zagorje ob Savi,0.23373418806808646,Zagorje ob Savi,0.2843688944008625,5846.128302875344,1
10146020,Šentgotard,Kamnik,0.08269260809513634,Ljubljana,0.1896923923038425,9735.64487056504,0
10146038,Šentlambert,Litija,0.20681041955575377,Zagorje ob Savi,0.2100133072741478,7139.122627608068,0
10146046,Šklendrovec,Zagorje ob Savi,0.5736792064755144,Zagorje ob Savi,0.5468821952024421,2880.940969176147,1
10146054,Tirna,Litija,0.20647110736698956,Ljubljana,0.1659630771858657,10614.417571783606,0
10146062,Vine,Zagorje ob Savi,0.756118386934055,Zagorje ob Savi,0.7537589907234337,1881.0067137496508,1
10146089,Vrh,Zagorje ob Savi,0.3126439134055587,Zagorje ob Savi,0.4007447811464033,4563.359499846587,1
10146097,Vrh pri Mlinšah,Litija,0.11487656032946031,Ljubljana,0.234381310398791,9910.089307831482,0
10146119,Vrhe - del,Trbovlje,0.12158430734190721,Ljubljana,0.150529890619579,11117.274195469696,0
10146127,Zabava,Litija,0.07460642782189436,Ljubljana,0.1984055397137579,10881.8532321427,0
10146135,Zabreznik,Trbovlje,0.12412688327386759,Zagorje ob Savi,0.1782290635856973,8390.041409740123,0
10146143,Zagorje ob Savi,Zagorje ob Savi,0.9945038743987186,Zagorje ob Savi,0.9999999000035084,0.0,1
10146151,Zavine,Zagorje ob Savi,0.3126439134055587,Zagorje ob Savi,0.4004422813799437,4561.1231480591705,1
10146160,Znojile,Trbovlje,0.1915340665250717,Zagorje ob Savi,0.1728247885417078,8703.415167695375,0
10146178,Žvarulje,Kamnik,0.08462056231249887,Ljubljana,0.2143592943306388,11712.76079957688,0
10146186,Andraž nad Polzelo,Velenje,0.336039481971951,Velenje,0.3583093909917091,5280.839967153539,1
10146194,Arja vas,Žalec,0.674127082660733,Žalec,0.4731958233937236,3135.390673257923,1
10146208,Braslovče,Braslovče,0.9878775122189309,Braslovče,0.9999988326992124,0.0,1
10146216,Breg pri Polzeli,Polzela,0.3260886763906591,Polzela,0.2662753471692208,1554.1918534323895,1
10146224,Brnica,Žalec,0.2580578522802303,Celje,0.3381472798033884,7650.725152554131,0
10146232,Brode,Vransko,0.6956718007790207,Vransko,0.7088728288769733,1194.6011229954754,1
10146259,Čeplje,Vransko,0.4058796031675678,Vransko,0.3611709215666605,2423.365059194742,1
10146267,Čreta,Velenje,0.07166037778623259,Ljubljana,0.110105466060823,7315.389077097296,0
10146275,Črni Vrh,Celje,0.06680028669570706,Ljubljana,0.1010922984511268,6080.227310364256,0
10146283,Črnova,Velenje,0.30980766044393265,Velenje,0.2817034920834477,5113.365403261654,1
10146291,Dobrič,Velenje,0.2669240820245867,Velenje,0.27644375877924,5291.605460320763,1
10146305,Dobriša vas,Žalec,0.823973081363533,Žalec,0.771394774177873,1954.3284956574264,1
10146313,Dobrovlje,Velenje,0.11693718236070323,Velenje,0.1020237088113302,10210.172771557718,1
10146330,Dolenja vas,Prebold,0.6538287004476439,Prebold,0.774929655519001,810.5979066159035,1
10146348,Drešinja vas,Celje,0.5962887048787524,Celje,0.4570828044319806,3515.1775968996985,1
10146356,Galicija,Celje,0.3117393756938614,Celje,0.4421099653138481,8115.788431414871,1
10146364,Glinje,Žalec,0.1457464086947472,Celje,0.1049568127840628,3033.43237812244,0
10146372,Gomilsko,Žalec,0.17719518034494086,Celje,0.1160957517405604,3374.405102573005,0
10146399,Sv. Lovrenc,Prebold,0.5266199708877196,Prebold,0.453627879081822,1536.4386781820738,1
10146402,Gotovlje,Žalec,0.816061238595363,Žalec,0.7417664318011878,2029.2170073494872,1
10146429,Grajska vas,Žalec,0.1822026036001491,Prebold,0.1491463839718939,3777.304720793552,0
10146437,Griže,Žalec,0.31078115681857377,Celje,0.3188366306461984,5917.8289245220885,0
10146445,Hramše,Celje,0.20928603329827059,Celje,0.2553449285395704,6278.4672585104,1
10146453,Janškovo selo,Velenje,0.3164136204377873,Velenje,0.4070484710409578,5533.921655105639,1
10146461,Jeronim,Vransko,0.21514762354193273,Vransko,0.2330859464611666,3805.7448916516537,1
10146470,Kale,Žalec,0.2453054324785175,Velenje,0.1857742421321898,8120.741914148139,0
10146488,Kamenče,Braslovče,0.14379899241279373,Braslovče,0.1527855856312223,2196.931244360935,1
10146496,Kapla,Tabor,0.15060346180732373,Tabor,0.1072283855073302,1773.2242751345414,1
10146500,Kaplja vas,Prebold,0.5018856967543612,Prebold,0.4620134482622176,1662.4097612485089,1
10146518,Kasaze,Žalec,0.41212459213630603,Celje,0.3690281499708186,5293.341805125296,0
10146526,Latkova vas,Prebold,0.562870935319561,Prebold,0.5142156693506039,1386.337150321694,1
10146534,Letuš,Velenje,0.1868119260720505,Velenje,0.1618887429009938,2466.333687270486,1
10146542,Levec,Celje,0.6622126378725451,Celje,0.6622628008864723,4129.031335147551,1
10146569,Liboje,Celje,0.31230305903264044,Celje,0.4139269930743822,6852.507412770445,1
10146577,Limovce,Celje,0.06662056634141593,Ljubljana,0.1878351003966568,10767.20710366239,0
10146585,Lipje,Velenje,0.4482918420138916,Velenje,0.5734392711176458,5289.009172069685,1
10146593,Ločica ob Savinji,Žalec,0.39314293279338974,Žalec,0.2538609177109376,2893.8001913423527,1
10146607,Ločica pri Vranskem,Vransko,0.3842909369285077,Vransko,0.3817748333450642,2466.4767790846718,1
10146615,Loke,Tabor,0.15342753936325804,Tabor,0.1255403496964277,1767.0419547305885,1
10146623,Lopatnik,Velenje,0.3258222280170593,Velenje,0.37354279890838,6934.849080561072,1
10146631,Ložnica pri Žalcu,Žalec,0.8134211572253076,Žalec,0.7132054024850897,2106.402342443945,1
10146640,Mala Pirešica,Žalec,0.513159875356457,Žalec,0.3482158311050717,4310.06692425261,1
10146658,Male Braslovče,Braslovče,0.352426203947723,Braslovče,0.331563212469687,1320.9799760297158,1
10146666,Marija Reka,Trbovlje,0.1966565547546262,Celje,0.1223823651022104,5064.630689634138,0
10146674,Matke,Žalec,0.29318219190666783,Žalec,0.2136874343226457,3881.765790417625,1
10146682,Migojnice,Žalec,0.3100295024443321,Celje,0.3277809120253025,6394.541510921942,0
10146704,Miklavž pri Taboru,Celje,0.07780398230750069,Celje,0.1068564009248909,3708.831781248986,1
10146712,Ojstriška vas,Tabor,0.4774414025175666,Tabor,0.3453062010156219,855.4255815216806,1
10146739,Orla vas,Žalec,0.28541061000102474,Žalec,0.1836846842646347,3575.1195530767463,1
10146747,Orova vas,Polzela,0.37486216301171216,Polzela,0.3500069946538247,1323.8439587116118,1
10146755,Parižlje,Polzela,0.3507729790905191,Polzela,0.3061340860989354,1467.9111327937712,1
10146763,Pernovo,Žalec,0.37218312009893495,Celje,0.299606294403646,5693.500264111766,0
10146771,Petrovče,Žalec,0.7273852153552801,Žalec,0.538864740457974,2555.938764653756,1
10146780,Pirešica,Velenje,0.4542328783828094,Velenje,0.553026326477177,5199.493260596217,1
10146798,Podgorje pri Letušu,Velenje,0.13717459849129032,Velenje,0.1564923288269998,3859.561320317182,1
10146801,Podkraj,Velenje,0.3448976682260481,Velenje,0.3999690390599024,6929.6442202063945,1
10146810,Podlog v Savinjski dolini,Žalec,0.5752018911119188,Žalec,0.4897314278731211,3588.1215505082987,1
10146828,Podvin pri Polzeli,Velenje,0.15963430544013385,Velenje,0.1432764472310962,3368.41550242154,1
10146836,Podvrh,Velenje,0.13226984205591022,Velenje,0.1388381782804382,3193.24756921251,1
10146844,Poljče,Žalec,0.17527362969255986,Žalec,0.1109784475730508,3118.282382280484,1
10146852,Polzela,Polzela,0.9945452061638013,Polzela,0.9999989489875925,0.0,1
10146879,Pondor,Vransko,0.16386824276147427,Vransko,0.1213645049176948,1918.7561457826928,1
10146887,Pongrac,Celje,0.23283409185846818,Celje,0.259959382072,6774.383861069589,1
10146895,Ponikva pri Žalcu,Velenje,0.23356849222648177,Velenje,0.2365164172152821,9889.378765297484,1
10146909,Prapreče,Vransko,0.45766440689866955,Vransko,0.4551411555734339,2188.742259819191,1
10146917,Prebold,Prebold,0.993804090572928,Prebold,0.9999995531136716,0.0,1
10146925,Prekopa,Vransko,0.27043236478032173,Vransko,0.2229302549139903,3340.927359647299,1
10146933,Prelska,Velenje,0.33242308847283375,Velenje,0.3652400731714545,4524.490917936257,1
10146941,Preserje,Braslovče,0.3706516982249534,Braslovče,0.3704589912732106,1145.1853060046626,1
10146950,Rakovlje,Braslovče,0.9094084927237143,Braslovče,0.7952378155688601,457.5477756198295,1
10146968,Ruše,Žalec,0.5086198508868062,Žalec,0.3444324650441013,4404.681537270184,1
10146976,Selo pri Vranskem,Vransko,0.4350047533895991,Vransko,0.4271551368354689,2223.90387515889,1
10146984,Spodnje Gorče,Braslovče,0.22764093426795293,Braslovče,0.227167633837406,1682.286445602503,1
10146992,Spodnje Grušovlje,Žalec,0.475826979203171,Žalec,0.3567981197493681,4585.962857770252,1
10147000,Spodnje Roje,Žalec,0.7327118620254951,Žalec,0.6564474890279448,2476.09186075532,1
10147018,Stopnik,Vransko,0.2968737351095434,Vransko,0.2591899817449644,3119.284826628659,1
10147026,Studence,Žalec,0.25305563008519005,Celje,0.2024681439333842,7933.441217452975,0
10147034,Šempeter v Savinj. dolini,Žalec,0.5536516533365067,Žalec,0.4535183106635975,3718.035554596345,1
10147042,Šentrupert,Prebold,0.2940260421983214,Prebold,0.2117397020209157,2808.830652162608,1
10147069,Šešče pri Preboldu,Žalec,0.45490659411520107,Žalec,0.318283498100248,3035.734264998133,1
10147077,Šmatevž,Žalec,0.17582912729454023,Celje,0.1154834342688075,3793.415467450472,0
10147085,Tabor,Tabor,0.9957922457015731,Tabor,0.9999975334190484,0.0,1
10147093,Tešova,Vransko,0.5078193987778756,Vransko,0.4969978444596896,1957.598784049058,1
10147107,Topovlje,Žalec,0.22261875813709042,Žalec,0.1251382977205428,2681.198781429298,1
10147115,Trnava,Žalec,0.23801871880339107,Žalec,0.1551127697038579,3928.424690293216,1
10147123,Velika Pirešica,Žalec,0.3960159130307529,Žalec,0.2980974150361639,5437.476505608768,1
10147131,Vinska Gora,Velenje,0.38530828607163264,Velenje,0.4910168542853906,5993.941901400703,1
10147140,Vologa,Vransko,0.2079223075550194,Vransko,0.2151889024156635,3956.077888943666,1
10147158,Vransko,Vransko,0.9874492687573381,Vransko,0.9999997221178852,0.0,1
10147166,Vrbje,Žalec,0.8682549248841874,Žalec,0.871191481203078,1289.5230910988005,1
10147174,Zabukovica,Celje,0.2681941258388843,Celje,0.2932140378206707,8074.6199947602045,1
10147182,Zahomce,Vransko,0.5263178250998302,Vransko,0.5222304364747636,1847.216712224793,1
10147204,Zajasovnik - del,Vransko,0.14312437655022137,Ljubljana,0.1499038345637542,4793.43284206676,0
10147212,Zakl,Žalec,0.20110344317992213,Žalec,0.1330729458421389,3931.292006093021,1
10147239,Zalog pri Šempetru,Žalec,0.43294743494411475,Žalec,0.3376531528526303,5054.845646839771,1
10147247,Zaloška Gorica,Žalec,0.42294595902429355,Celje,0.4215998014090218,5207.097316928842,0
10147255,Založe,Žalec,0.23599416828343173,Žalec,0.1682259631618178,3746.780566072208,1
10147263,Zaplanina,Celje,0.069283941335395,Ljubljana,0.1735474260275297,8141.545298239921,0
10147271,Zavrh pri Galiciji,Celje,0.28393274261085616,Celje,0.3090158488003795,8709.559773563024,1
10147280,Zgornje Gorče,Braslovče,0.18764114617889963,Braslovče,0.1921260692914075,1960.67995658245,1
10147298,Zgornje Grušovlje,Žalec,0.36080364250418157,Žalec,0.2646047772708882,4270.650762676109,1
10147301,Zgornje Roje,Žalec,0.6571127494899323,Žalec,0.5282520251392268,3223.486902409454,1
10147310,Žalec,Žalec,0.9964959079671512,Žalec,0.9999999019738722,0.0,1
10147328,Železno,Žalec,0.3090374631372298,Celje,0.308185286019685,6594.068592304413,0
10147336,Novo Celje,Žalec,0.855313463733207,Žalec,0.7860287695675626,1592.4676518886174,1
10147344,Podvin,Žalec,0.8676631523027115,Žalec,0.8627310601526681,1330.8728815228883,1
10147352,Bohova,Hoče-Slivnica,0.570011765670015,Hoče-Slivnica,0.4324517714936719,1672.94852137933,1
10147379,Bresternica,Maribor,0.5236300554955963,Maribor,0.8517239409626322,6034.047291318911,1
10147387,Brezula,Rače-Fram,0.5526095512806468,Rače-Fram,0.4711975776365115,1803.177996089998,1
10147395,Brunšvik,Maribor,0.3122273856517662,Ptuj,0.2297441862100282,4104.233540726528,0
10147409,Celestrina,Maribor,0.517928149283261,Maribor,0.8106096427978937,6131.567510059246,1
10147417,Ciglence,Maribor,0.3167214730291593,Maribor,0.3276377345687433,4199.97383774937,1
10147425,Čreta,Maribor,0.4548563450715555,Maribor,0.4045945288161755,3481.7992769684547,1
10147433,Dobrovce,Maribor,0.3805729698501141,Maribor,0.3752350615773474,3377.666765177777,1
10147441,Dogoše,Maribor,0.5472852905598514,Maribor,0.6450657247182939,3151.817218632332,1
10147450,Dragučova,Maribor,0.5122420489154406,Maribor,0.7880924826733964,6504.126287805989,1
10147468,Dravski Dvor,Rače-Fram,0.35105687587589424,Maribor,0.2891013728065897,3041.5628191263486,0
10147476,Dvorjane,Maribor,0.31344230691359243,Maribor,0.3488467544901025,3300.3672587564165,1
10147484,Fram,Maribor,0.31887580923325237,Maribor,0.3315339784638899,4317.037415173896,1
10147492,Gaj nad Mariborom,Maribor,0.46031410956658425,Maribor,0.6343786808679235,3211.087230941231,1
10147506,Grušova,Maribor,0.45356593071067636,Maribor,0.5476506694326442,7619.543406944564,1
10147514,Hočko Pohorje,Maribor,0.303177408636189,Maribor,0.4521805977660044,10155.331774885894,1
10147522,Hotinja vas,Maribor,0.4016790221732374,Maribor,0.321496008142019,2750.082704906521,1
10147549,Hrastje,Maribor,0.5087584121003735,Maribor,0.8114746098236953,6617.222410602053,1
10147557,Hrenca,Maribor,0.47589218318027393,Maribor,0.8058953200769661,6430.367183620315,1
10147565,Jablance,Maribor,0.3398486306661698,Maribor,0.4240007818849227,7153.507828204776,1
10147573,Jelovec,Maribor,0.5110541515022383,Maribor,0.8111403938710671,5985.724776366455,1
10147581,Ješenca,Maribor,0.318887975054909,Maribor,0.2879716461605888,3298.7726709063013,1
10147590,Kamnica,Maribor,0.6741919194288442,Maribor,0.9518600467911116,3172.3300688803056,1
10147603,Kopivnik,Maribor,0.30838354927531664,Maribor,0.3349980711667081,6398.427828142614,1
10147638,Laznica,Maribor,0.5101601752393219,Maribor,0.7604990010421637,4692.523902820769,1
10147646,Limbuš,Maribor,0.4822362516912775,Maribor,0.8126858350686936,5679.886041639463,1
10147654,Loka,Maribor,0.3828224223100174,Maribor,0.3943430783629852,3531.7904022017137,1
10147662,Loka pri Framu,Maribor,0.29785912845621554,Maribor,0.2787717609002771,8528.085353846485,1
10147689,Ložane,Maribor,0.4239532310926331,Maribor,0.6081792012298843,8096.224939285829,1
10147697,Malečnik,Maribor,0.5678067014536411,Maribor,0.8707069552255398,4768.382796599519,1
10147719,Maribor,Maribor,0.995680598847352,Maribor,0.9999999938057774,0.0,1
10147727,Marjeta na Dravskem polju,Maribor,0.31038042140863203,Maribor,0.2493035926850897,3858.231078987127,1
10147735,Meljski Hrib,Maribor,0.7003024404699404,Maribor,0.9600893156623778,2621.508681293104,1
10147743,Metava,Maribor,0.5493023491761578,Maribor,0.7041299945697713,5592.492763509922,1
10147751,Miklavž na Dravskem polju,Miklavž na Dravskem polju,0.990781142670692,Miklavž na Dravskem polju,0.9999992113227528,0.0,1
10147760,Morje,Maribor,0.3008414342350203,Maribor,0.3193623984879256,5519.105689699965,1
10147778,Nebova,Maribor,0.5472852905598514,Maribor,0.7511735633904407,7302.18619659938,1
10147786,Orehova vas,Maribor,0.39020190207262806,Maribor,0.3608882271045193,3337.2819080040763,1
10147794,Pekel,Maribor,0.5080389220250303,Maribor,0.7670022392851608,4424.0631545881015,1
10147808,Pekre,Maribor,0.5350069806991118,Maribor,0.8451919237616027,5680.966305551664,1
10147816,Pernica,Maribor,0.4358000426435744,Maribor,0.669417568185851,8034.32769137557,1
10147824,Pivola,Hoče-Slivnica,0.4882849021289036,Hoče-Slivnica,0.4212458438241522,2083.905707007495,1
10147832,Planica,Maribor,0.3022779375512853,Maribor,0.3227509642809665,9503.201994409852,1
10147859,Počehova,Maribor,0.6790275215787851,Maribor,0.9257377994350492,3666.1232946435534,1
10147867,Podova,Rače-Fram,0.37200940474235294,Rače-Fram,0.2898477990437599,2662.208452118956,1
10147875,Polana,Maribor,0.39234081328989767,Maribor,0.4471810363432053,4226.593997960234,1
10147883,Požeg,Maribor,0.3103701772147808,Maribor,0.2912505951528619,4592.983371601698,1
10147891,Prepolje,Maribor,0.30459049711513336,Ptuj,0.2909788841023843,2532.1246250301942,0
10147905,Rače,Rače-Fram,0.9967788114320223,Rače-Fram,0.999999616559228,0.0,1
10147913,Radizel,Maribor,0.4580410309919419,Maribor,0.3783933417523871,3391.621474554135,1
10147921,Ranče,Maribor,0.30797390808697805,Maribor,0.3631391280468913,8098.710168033355,1
10147930,Razvanje,Maribor,0.5090157063080238,Maribor,0.5035965624787779,1994.19434605894,1
10147948,Ribniško selo,Maribor,0.7371074274718872,Maribor,0.975756469031714,2129.66516192187,1
10147956,Rogoza,Maribor,0.424005299764158,Maribor,0.39315858486796,2449.9408672381087,1
10147964,Rošnja,Maribor,0.34710101668562393,Maribor,0.3115541521852181,2250.7601102054173,1
10147972,Rošpoh - del,Maribor,0.5674008178379214,Maribor,0.912306502732858,4515.464655894526,1
10147999,Ruperče,Maribor,0.4250460779135539,Maribor,0.6313511391442166,7687.394532031547,1
10148006,Skoke,Maribor,0.3787306020492386,Maribor,0.3808258810535833,3243.312916391472,1
10148014,Slivnica pri Mariboru,Maribor,0.44568925821274374,Maribor,0.3697872817671066,3027.87708775735,1
10148022,Slivniško Pohorje,Maribor,0.2963021068939867,Maribor,0.4329964030993437,8400.841671768121,1
10148049,Spodnja Gorica,Maribor,0.29958465912077825,Maribor,0.2082412848933845,5049.665274126711,1
10148057,Spodnja Korena,Maribor,0.31711218789244794,Maribor,0.3747641675857293,3129.124899892254,1
10148065,Spodnje Hoče,Hoče-Slivnica,0.9994931093474535,Hoče-Slivnica,0.999999602394078,0.0,1
10148073,Spodnji Duplek,Duplek,0.9931681135094119,Duplek,0.9999987211940772,0.0,1
10148081,Srednje,Maribor,0.4358000426435744,Maribor,0.7459656820061973,7760.916012406805,1
10148090,Starše,Starše,0.986583948326128,Starše,0.9999986132189448,0.0,1
10148103,Šober,Maribor,0.34375663620340224,Maribor,0.6334291182301954,7834.203107565028,1
10148111,Trčova,Maribor,0.5479201061051854,Maribor,0.7385605659499465,5844.816277701482,1
10148120,Trniče,Maribor,0.3079124608617782,Ptuj,0.2284110516293913,3122.8398247965483,0
10148138,Vinarje,Maribor,0.6773692085243375,Maribor,0.956085616403657,2996.782845263266,1
10148146,Vodole,Maribor,0.5347216534459255,Maribor,0.8339395755896087,5643.423972210578,1
10148154,Vosek,Maribor,0.4250460779135539,Maribor,0.6736425991175172,6408.2388756530345,1
10148162,Vrhov Dol,Maribor,0.549541155667209,Maribor,0.7643101843136964,8335.925271121261,1
10148189,Vukovje,Maribor,0.38960603833782204,Maribor,0.5400711031695653,6278.535436238772,1
10148197,Vurberk,Maribor,0.31054406050997135,Ptuj,0.3701769359865114,4904.858658371002,0
10148219,Za Kalvarijo,Maribor,0.8508708970673533,Maribor,0.9918008260363074,1229.1268031842892,1
10148227,Zgornja Gorica,Maribor,0.299255720711274,Maribor,0.2228952347964723,4038.5588259287306,1
10148235,Zgornja Korena,Maribor,0.3226642429045218,Maribor,0.3582976348470157,4614.394419987794,1
10148243,Zgornje Hoče,Hoče-Slivnica,0.4506958891235026,Hoče-Slivnica,0.4356108124445259,2192.7806213552576,1
10148251,Zgornji Duplek,Maribor,0.41780855907106657,Maribor,0.4681929860707146,1916.524956871058,1
10148260,Zgornji Slemen - del,Maribor,0.30398820674887,Maribor,0.547476718982776,11392.370696115622,1
10148278,Zimica,Maribor,0.37983653364294345,Maribor,0.4982379719130838,6350.847227976286,1
10148286,Zlatoličje,Maribor,0.30459049711513336,Ptuj,0.3716325423241354,2682.6811426855093,0
10148294,Zrkovci,Maribor,0.47887913574412494,Maribor,0.7789261934180802,5382.004914463827,1
10148308,Žikarce,Maribor,0.3079124608617782,Maribor,0.3197785025829594,6379.95533442147,1
10148316,Ceršak,Maribor,0.2999676289509361,Šentilj,0.3667323026021384,3102.077067848063,0
10148324,Ciringa,Maribor,0.30844781095297036,Maribor,0.4853446716811841,4870.624898868303,1
10148332,Cirknica,Maribor,0.39234081328989767,Maribor,0.5470496609204059,4837.291337734842,1
10148359,Dolnja Počehova,Maribor,0.5347216534459255,Maribor,0.8206915332498554,3532.1133568433147,1
10148367,Drankovec,Maribor,0.3437204178856198,Maribor,0.5444763082099218,5858.518165962905,1
10148375,Zgornji Dražen Vrh,Maribor,0.1609112911850772,Maribor,0.2957517223952967,6325.679985162275,1
10148383,Flekušek,Maribor,0.347684552544077,Maribor,0.5429934321285608,6063.618990905904,1
10148391,Gačnik,Maribor,0.423727007286461,Maribor,0.6013851638089049,3537.232372335328,1
10148405,Gradiška,Maribor,0.5496236888939847,Maribor,0.7321198602302843,4701.177738044613,1
10148413,Grušena,Maribor,0.2953210629571984,Maribor,0.5163051758361009,4495.405766546561,1
10148421,Jareninski Dol,Maribor,0.4314740758095932,Maribor,0.6038282681212979,5237.518400282675,1
10148430,Jareninski Vrh,Maribor,0.4032786663713891,Maribor,0.5640074128991341,6409.919225907736,1
10148448,Jedlovnik,Maribor,0.31877605374832035,Maribor,0.4909257732426746,2974.431910851817,1
10148456,Jelenče,Maribor,0.42016933088936964,Maribor,0.585501925383346,3716.017064149668,1
10148464,Jurjevski Dol,Maribor,0.30459049711513336,Maribor,0.4037521868926054,4221.361349709831,1
10148472,Jurski Vrh,Maribor,0.3036480732229835,Maribor,0.512748708643725,4033.4357874789903,1
10148499,Kaniža,Maribor,0.4035757188842834,Maribor,0.5519610238764769,5002.227899106161,1
10148502,Kozjak nad Pesnico,Maribor,0.5706879070795242,Maribor,0.7636785580259327,5045.32833449321,1
10148529,Kozjak pri Ceršaku,Maribor,0.30214318970635534,Maribor,0.3465531102191196,3636.7334942800167,1
10148537,Kresnica,Maribor,0.3142970185775144,Maribor,0.4072050534113076,3303.4210291444065,1
10148545,Kušernik,Maribor,0.39061707608570545,Maribor,0.6065349822533556,6953.08488016192,1
10148553,Mali Dol,Maribor,0.316020534144157,Maribor,0.5241283222446741,6334.415187185512,1
10148561,Pesnica,Maribor,0.3018881701821606,Maribor,0.5167150088296069,4587.144855267033,1
10148570,Pesnica pri Mariboru,Pesnica,0.992762987977151,Pesnica,0.999999202154516,0.0,1
10148588,Pesniški Dvor,Maribor,0.5102395213126133,Maribor,0.690038556589087,3968.1338365115703,1
10148596,Plač,Maribor,0.30101071524837886,Maribor,0.5019759075771258,3804.0920184993984,1
10148600,Plintovec,Kungota,0.4504758071236178,Kungota,0.6357928428881595,939.406332713996,1
10148618,Plodršnica,Maribor,0.301565974904771,Maribor,0.3875638681197592,4866.197054784134,1
10148626,Počenik,Maribor,0.27552924910647336,Maribor,0.4010839214915599,7050.715125807768,1
10148634,Podigrac,Maribor,0.3018881701821606,Maribor,0.4501258786329576,4544.162621450079,1
10148642,Polička vas,Maribor,0.3163969164668027,Maribor,0.4518084375542157,4085.6509345355385,1
10148669,Polički Vrh,Maribor,0.3919937894079324,Maribor,0.5551142056383505,5485.201386924855,1
10148677,Ranca,Maribor,0.43978029265799057,Maribor,0.5802955836826161,2429.3278494841275,1
10148685,Ročica,Maribor,0.3093344421553384,Maribor,0.4693371218818598,6311.998340070919,1
10148693,Selnica ob Muri,Maribor,0.3159739351144194,Maribor,0.3811763245353072,3750.651435923593,1
10148707,Sladki Vrh,Maribor,0.25630383729113576,Maribor,0.3876272861841869,7427.840249257074,1
10148715,Slatenik,Maribor,0.34275985993520597,Maribor,0.5471447613730556,5468.416710245199,1
10148723,Slatina,Maribor,0.30975253984329415,Maribor,0.5051643611504031,5786.490146111384,1
10148731,Slatinski Dol,Kungota,0.35305034613068415,Maribor,0.4201309918142457,1972.982836597874,0
10148740,Spodnja Velka,Maribor,0.24267593297379508,Maribor,0.333344428865893,7460.485874294591,1
10148758,Spodnje Dobrenje,Maribor,0.5101784564490695,Maribor,0.6297939525738102,2684.578933604732,1
10148766,Spodnje Hlapje,Maribor,0.3079765314777607,Maribor,0.4580681044334733,7220.1319881477075,1
10148774,Spodnje Vrtiče,Kungota,0.4218561661863365,Kungota,0.4493019539239864,1418.5008602645494,1
10148782,Spodnji Jakobski Dol,Maribor,0.3176279373485941,Maribor,0.5205203660302261,5751.206022809643,1
10148804,Srebotje,Maribor,0.30635710736753063,Maribor,0.4350715635515388,5702.709775735264,1
10148812,Stara Gora pri Šentilju,Maribor,0.3690971953409592,Maribor,0.5381260705878202,5155.8236331792505,1
10148839,Svečane,Maribor,0.25439717636831277,Maribor,0.3661056773252878,8748.461262850167,1
10148847,Svečina,Maribor,0.3096373979313249,Maribor,0.4927603989075493,5535.909087693468,1
10148855,Šentilj v Slov. goricah,Šentilj,0.9916545264693868,Šentilj,0.999999772738018,0.0,1
10148863,Šomat,Maribor,0.2743477517638943,Maribor,0.3987269605223884,8272.492207153191,1
10148871,Špičnik,Maribor,0.3165760955903354,Maribor,0.5072992760017555,6007.672751220997,1
10148880,Štrihovec,Maribor,0.3160941485287844,Maribor,0.4222444045167099,3095.373126542715,1
10148898,Trate,Maribor,0.16356203447515077,Maribor,0.308599222547697,8899.853554463334,1
10148901,Vajgen,Maribor,0.347240082637582,Maribor,0.5611031159265667,6078.852606803504,1
10148910,Vranji Vrh,Maribor,0.2765917745111136,Maribor,0.4017382030228794,7706.490450533866,1
10148928,Vršnik,Maribor,0.3018867962366523,Maribor,0.5099087179278873,3908.4811775931935,1
10148936,Vukovski Dol,Maribor,0.46003260341853514,Maribor,0.6342897948423565,7227.197470755017,1
10148944,Vukovski Vrh,Maribor,0.4086764873107836,Maribor,0.6159556014792702,5711.927009675901,1
10148952,Zgornja Kungota,Kungota,0.9947432750614668,Kungota,0.9999992803686508,0.0,1
10148979,Zgornja Velka,Maribor,0.17186991494219211,Maribor,0.3216719897487461,8397.472898737267,1
10148987,Zgornje Dobrenje,Maribor,0.3893692956879884,Maribor,0.5494115669493148,4028.433945500105,1
10148995,Zgornje Gradišče,Maribor,0.25946168015585913,Maribor,0.3786403602874192,9366.363430939346,1
10149002,Zgornje Hlapje,Maribor,0.3032608378048141,Maribor,0.4908166226534479,7617.086177522129,1
10149029,Zgornje Vrtiče,Maribor,0.3226642429045218,Maribor,0.4742524004138578,3086.321882770825,1
10149037,Zgornji Jakobski Dol,Maribor,0.30101071524837886,Maribor,0.493064768330346,6560.217116879993,1
10149045,Rošpoh - del,Maribor,0.555073308411486,Maribor,0.7654684138284754,4958.1067598051495,1
10149053,Bezena,Ruše,0.45387762554492217,Ruše,0.4714879809505098,1833.0434035312408,1
10149061,Činžat,Maribor,0.30357814584063514,Maribor,0.36264375297628,5503.72844105133,1
10149070,Črešnjevec ob Dravi,Selnica ob Dravi,0.39108650246072435,Selnica ob Dravi,0.3534650076903854,2132.931405475967,1
10149088,Fala,Maribor,0.3111513082773426,Maribor,0.4162039020492205,3437.858744171724,1
10149096,Gradišče na Kozjaku,Maribor,0.08886656608684187,Maribor,0.3043864177368905,15059.026538314936,1
10149100,Janževa Gora,Maribor,0.3169577013965537,Maribor,0.3840481911207377,2777.8116568697897,1
10149118,Kumen,Lovrenc na Pohorju,0.3579310474849943,Lovrenc na Pohorju,0.3198034307428645,3241.6992618577347,1
10149126,Lobnica,Ruše,0.3866107562994493,Ruše,0.4914993550355258,2207.838656665882,1
10149134,Log,Maribor,0.46031410956658425,Maribor,0.6363337074160902,5679.546217158065,1
10149142,Lovrenc na Pohorju,Lovrenc na Pohorju,0.9937362143183077,Lovrenc na Pohorju,0.99999978443023,0.0,1
10149169,Puščava,Lovrenc na Pohorju,0.45950748221102444,Lovrenc na Pohorju,0.3663072213941581,2727.4408391465386,1
10149177,Rdeči Breg - del,Lovrenc na Pohorju,0.36933000909468533,Lovrenc na Pohorju,0.3400193598802155,3153.577095060574,1
10149185,Recenjak,Lovrenc na Pohorju,0.46116016467555093,Lovrenc na Pohorju,0.4307930506101554,2583.721950286975,1
10149193,Ruše,Ruše,0.9956789776597448,Ruše,0.999999699708794,0.0,1
10149207,Ruta,Maribor,0.27552924910647336,Maribor,0.3866477173328013,7833.707056621531,1
10149215,Selnica ob Dravi,Selnica ob Dravi,0.9961160747229708,Selnica ob Dravi,0.9999994048625168,0.0,1
10149223,Smolnik,Ruše,0.3788972017338401,Ruše,0.4608545207113402,2280.10700928772,1
10149231,Spodnja Selnica,Selnica ob Dravi,0.4738351074019043,Maribor,0.3625379620996355,1661.8093497307227,0
10149240,Spodnji Boč,Maribor,0.3029226264002649,Maribor,0.4622732853558785,7079.697176782668,1
10149258,Spodnji Slemen,Maribor,0.42614153805786187,Maribor,0.5524069107098675,2653.914223542075,1
10149266,Veliki Boč,Maribor,0.2352426397416911,Maribor,0.4240012228912908,11565.187057748064,1
10149274,Vurmat - del,Maribor,0.13550646501435362,Maribor,0.3782792404080999,17835.168927132607,1
10149282,Zgornja Selnica,Selnica ob Dravi,0.529031135797149,Selnica ob Dravi,0.3991040889960187,1521.2639859479768,1
10149304,Zgornji Boč,Maribor,0.3112214737009565,Maribor,0.419538455026695,3382.442472538668,1
10149312,Zgornji Slemen - del,Maribor,0.3172353416084108,Maribor,0.5179799012370823,5204.057491836739,1
10149339,Bistrica ob Dravi,Maribor,0.5491358319303545,Maribor,0.642528361933914,3376.6282961706306,1
11023843,Ravne,Kamnik,0.266831817657436,Ljubljana,0.2181391522885483,4547.52240684548,0
11023851,Osredek pri Zrečah,Zreče,0.7526724296033903,Zreče,0.7824675980360564,1579.8950329308843,1
11023860,Dobrovlje,Slovenske Konjice,0.7137288816116435,Slovenske Konjice,0.4494532718994087,2489.1114351536608,1
11023967,Dilce,Postojna,0.36932048269965057,Postojna,0.5468057398393282,7258.601623256511,1
11023991,Ribnica,Ilirska Bistrica,0.14299016973261833,Ilirska Bistrica,0.2054846916716275,10358.81071315979,1
11024033,Lohača,Postojna,0.3615891075087811,Postojna,0.4463395740491687,8104.612631077497,1
11024114,Zgornji Janževski Vrh,Ribnica na Pohorju,0.10993903688129962,Maribor,0.2074518077418654,6026.234306586834,0
11024122,Zgornji Kozji Vrh,Radlje ob Dravi,0.40894520933775896,Radlje ob Dravi,0.5260177856058499,3946.802433771083,1
11024149,Zgornji Lehen na Pohorju,Ribnica na Pohorju,0.14775800122086075,Maribor,0.2007362188423963,4576.193508961733,0
11024157,Zgornja Orlica,Ribnica na Pohorju,0.18303448270016773,Ribnica na Pohorju,0.2030712606764646,3433.002563431106,1
11024165,Spodnja Orlica,Radlje ob Dravi,0.09294765335709836,Radlje ob Dravi,0.1709614446859058,8977.906262057968,1
11024173,Dole,Šentjur,0.6393763010413529,Šentjur,0.6028251627445335,2788.502589830679,1
11024181,Fala,Maribor,0.3165760955903354,Maribor,0.4001454312404134,5285.603784525999,1
11024190,Brdo,Rečica ob Savinji,0.08258826268465466,Ljubljana,0.1071578666236042,6019.443122987363,0
11024483,Medvedjek,Trebnje,0.1407364605244627,Ljubljana,0.1800552904060616,8971.241822748734,0
11025056,Setnica - del,Ljubljana,0.26953223498656936,Ljubljana,0.553120582666504,10451.989928248007,1
16150991,Obrežje,Radeče,0.5360455911416948,Radeče,0.6802173056273946,1693.3635439277452,1
16151106,Sv. Duh na Ostrem vrhu,Maribor,0.17911031454078766,Maribor,0.4169705439652186,14700.139674050337,1
16358312,Tolsti Vrh,Litija,0.30405002826620275,Litija,0.2874247389366962,9063.590577550256,1
16358363,Bogenšperk,Litija,0.4470488968091891,Litija,0.4510573648294517,4164.710710540043,1
16361291,Magolnik,Celje,0.05053935983285943,Ljubljana,0.1238605779013047,13346.36012465656,0
16361399,Sopota,Celje,0.0559488178548621,Ljubljana,0.1223075317813385,12336.972073700206,0
16366161,Kumpolje,Trebnje,0.06007506890641562,Ljubljana,0.1498490592040888,10237.698972098287,0
16366200,Pogonik,Litija,0.5147981153226965,Litija,0.5179665853876134,5190.08338854583,1
16366242,Dobje,Trebnje,0.044647730785040037,Ljubljana,0.1274163352801844,9132.297549127215,0
16366471,Berinjek,Litija,0.03824480879910665,Ljubljana,0.1450658039564352,11176.36761384126,0
16366668,Bistrica,Trebnje,0.054848773821909405,Ljubljana,0.1542755461846242,11249.520580659004,0
16366897,Jelenska Reber,Litija,0.045195869800007143,Ljubljana,0.1468689160605077,11587.68617907761,0
16367087,Zagorica,Litija,0.8110937647945781,Litija,0.7932489534644926,1686.724118233316,1
16391565,Laznica,Cerkno,0.39749561502516606,Cerkno,0.608990064555821,3200.1794996526164,1
16505919,Koglo,Novo mesto,0.17585415492759018,Novo mesto,0.2794312426452154,2867.912117492118,1
16506273,Travnik,Idrija,0.13772150404716416,Idrija,0.2093872479019182,10379.296143846132,1
16515442,Galantiči,Koper,0.21842744165026917,Koper,0.4810673345171171,16246.625585130598,1
16567361,Spodnje Stranice,Slovenske Konjice,0.350189598097418,Zreče,0.2137225336774243,6070.163502277482,0
16567400,Mala gora,Slovenske Konjice,0.33047621144771333,Zreče,0.2441906556722921,5126.6388474586765,0
16567485,Polajna,Slovenske Konjice,0.3408767143421748,Zreče,0.2683656370323077,4579.010187538466,0
16567515,Lipa,Zreče,0.37434586249732993,Zreče,0.3201407916541696,4666.4068460096805,1
16567540,Zabork,Slovenske Konjice,0.29756065782279345,Zreče,0.2209885862779945,6742.3845490792255,0
16567574,Gornja vas,Slovenske Konjice,0.3629871663329841,Zreče,0.2807392102694773,4972.926494110601,0
16567639,Čretvež,Slovenske Konjice,0.33054782986202796,Zreče,0.2393989427301274,5660.955993806326,0
16568457,Štajerska vas,Slovenske Konjice,0.2851345091041491,Slovenske Konjice,0.1579647287863915,8155.287348888441,1
16925209,Zalči,Ilirska Bistrica,0.3140394156412136,Ilirska Bistrica,0.4871067870327295,8139.486406155939,1
17028073,Nožed,Koper,0.3424998814820102,Koper,0.3342384711970956,6944.583200174297,1
17357751,Koroška Bela,Jesenice,0.5822096052143853,Jesenice,0.6529735777565294,4132.117881388141,1
17357808,Slovenski Javornik,Jesenice,0.8076016676753496,Jesenice,0.8704172790151532,2245.976441971687,1
17577662,Log v Bohinju,Bohinj,0.6185898426610396,Bohinj,0.6709917405724972,3405.636429521205,1
17603612,Zatrnik,Radovljica,0.115529544743477,Bled,0.1520669831072786,5513.874000433239,0
17687786,Bukov Vrh nad Visokim,Kranj,0.13709050809617884,Ljubljana,0.3204630415288216,10369.629968470235,0
17691490,Sv. Lenart,Kranj,0.10956313944276827,Ljubljana,0.2871809458074367,10502.20810213396,0
17910329,Praproče pri Grosupljem,Grosuplje,0.7318170552979822,Grosuplje,0.7323148842730728,2008.0838961302627,1
18039877,Poslovna cona Žeje pri Komendi,Kamnik,0.3241249647697339,Ljubljana,0.2816824201507023,2806.511556658804,0
18129876,Male Vinice,Ribnica,0.37267319032503815,Ribnica,0.3366618307172124,3902.1759725665465,1
18129914,Travna Gora,Ribnica,0.13187799668017028,Ljubljana,0.1996718329709539,7908.301556275435,0
18139570,Griček pri Željnah,Kočevje,0.7146545504870491,Kočevje,0.8035861974991326,3423.664786634978,1
18139847,Podjetniško naselje Kočevje,Kočevje,0.8329148394930125,Kočevje,0.9177991429153588,1992.348555924626,1
18575655,Sveta Ana pri Ložu,Loška dolina,0.36178698267946324,Cerknica,0.2338985157189301,2866.959618872996,0
18679850,Vidrga,Litija,0.17495195708919212,Ljubljana,0.2157590618755117,10690.311882030026,0
18681137,Sopota,Celje,0.056484921984127745,Ljubljana,0.122541250409841,12440.468508593807,0
18688387,Kal,Zagorje ob Savi,0.2508879144354592,Zagorje ob Savi,0.3046026635192778,5548.890982974124,1
18688638,Špital,Trbovlje,0.14404552994001396,Zagorje ob Savi,0.2083977691912271,7580.099394852701,0
18696690,Strahovlje,Zagorje ob Savi,0.2533485574216671,Zagorje ob Savi,0.3165662120597926,5466.298272154206,1
18696738,Spodnji Šemnik,Zagorje ob Savi,0.23682836297317536,Zagorje ob Savi,0.2898933070058052,5801.38959053934,1
18700450,Retje nad Trbovljami,Trbovlje,0.5178968033355195,Trbovlje,0.540997428022858,4997.220254517958,1
18700514,Klek,Trbovlje,0.7646089202075517,Trbovlje,0.7737818606837089,2641.330314816028,1
18800837,Jamnik,Vrhnika,0.23808958518934994,Ljubljana,0.3108396965726831,8618.865928396928,0
18800900,Jerinov Grič,Vrhnika,0.3918731009661645,Vrhnika,0.3149316219070207,5017.399415692233,1
18800942,Marinčev Grič,Vrhnika,0.2276995060578717,Ljubljana,0.2527261433529179,7420.145441086622,0
18800985,Trčkov Grič,Vrhnika,0.3817619651880317,Vrhnika,0.3498196214566161,7018.442841945018,1
18801027,Mizni Dol,Vrhnika,0.21116515435997957,Ljubljana,0.3160583685703053,10270.624678173546,0
18801051,Prezid,Logatec,0.34367084438623985,Logatec,0.2703913281994,4653.442152142675,1
18801086,Strmica,Vrhnika,0.5670794626929866,Vrhnika,0.4351773936012817,5254.412517355963,1
19022587,Nova Gora nad Slovensko Bistrico,Slovenska Bistrica,0.5082684212783711,Slovenska Bistrica,0.4960588491011122,5190.571160474323,1
19022650,Radkovec,Slovenske Konjice,0.18826456146355552,Slovenska Bistrica,0.1885200764152412,5924.310204526406,0
19466779,Pušča,Murska Sobota,0.708826440255643,Murska Sobota,0.8826157502472818,2964.704014116985,1
19676498,Rejcov Grič,Idrija,0.25368864369802135,Idrija,0.395972495272147,7404.195382330687,1
19676811,Razpotje,Idrija,0.25375421881933485,Idrija,0.3790600054123451,7311.31417382697,1
19678725,Ledinsko Razpotje,Idrija,0.2510350684833484,Idrija,0.3020149015278545,6318.018223160941,1
19777863,Podgozd,Nova Gorica,0.26257439873174326,Nova Gorica,0.5999134396670474,10845.602711371555,1
19807258,Dragovica,Nova Gorica,0.22943991500345148,Nova Gorica,0.518837097120136,13832.552334332382,1
19810925,Sveta Gora,Nova Gorica,0.3693557444451238,Nova Gorica,0.7240155473675102,7818.071240017065,1
19812111,Goljevica,Nova Gorica,0.18263023681899315,Nova Gorica,0.3754576964602993,8211.638493706443,1
19812600,Kamenca nad Ložicami,Nova Gorica,0.1531020799170398,Nova Gorica,0.3626319791074606,10179.16407096488,1
19813169,Zagomila,Nova Gorica,0.1900415162911918,Nova Gorica,0.4798572494930728,13745.991261360165,1
19813207,Zagora,Nova Gorica,0.24436451318068567,Nova Gorica,0.5416378184863737,10606.194550330823,1
19813240,Paljevo,Nova Gorica,0.19699810268901508,Nova Gorica,0.4463579650691529,10546.787232016348,1
19813274,Prilesje pri Plavah,Nova Gorica,0.2279682850565645,Nova Gorica,0.4591575941037634,8512.259184233975,1
19813436,Ravna,Kanal,0.06744246215994606,Nova Gorica,0.246527486170829,10860.340095824144,0
19813479,Jesen,Kanal,0.3335105126257018,Kanal,0.437601500299992,3960.006029474372,1
19813509,Krstenica,Kanal,0.46370929309365805,Kanal,0.6750647507728189,2285.0045725846035,1
19813606,Čolnica,Kanal,0.17633072252188137,Kanal,0.2469484266416214,6978.670619254408,1
19814726,Ložice,Kanal,0.2276714628367175,Nova Gorica,0.375842174940659,5626.768356037842,0
19814831,Močila,Kanal,0.24612367191547974,Kanal,0.3188487328814077,4709.81119869563,1
19814874,Robidni Breg,Kanal,0.3060213688227013,Kanal,0.3324149713258888,4451.861252550345,1
19815285,Gorenje Nekovo,Kanal,0.11589653050102623,Nova Gorica,0.2135928610033377,8162.664904129582,0
19815323,Gorenje Polje,Kanal,0.25293087408679144,Kanal,0.3299273295336761,4566.022483408567,1
19815625,Dolenje Nekovo,Kanal,0.2276714628367175,Kanal,0.3338411035895056,5547.050265244506,1
19821846,Pedrovo,Nova Gorica,0.09947149161378452,Nova Gorica,0.1976346116017545,7949.730856662696,1
19887936,Perati,Kobarid,0.11689423302147313,Kobarid,0.2233189667068507,8847.445188768641,1
20006927,Kot pri Damlju,Črnomelj,0.0498805931745567,Črnomelj,0.1553601081295166,22211.000496404264,1
20007117,Selce pri Špeharjih,Črnomelj,0.03965724828711174,Ljubljana,0.1421828676780149,23953.213413684876,0
20007141,Hrib,Črnomelj,0.049014014319769934,Ljubljana,0.1394973810061776,22343.789211221098,0
20007478,Sovinek,Semič,0.13180661695425022,Semič,0.2481104622180888,2815.1535613977057,1
20021683,Rim,Črnomelj,0.1193109677087098,Črnomelj,0.3582754280272006,10820.65695530332,1
20021721,Pavičiči,Črnomelj,0.33963330283153353,Črnomelj,0.605902546858603,6269.340985302446,1
20225432,Jagodnik,Novo mesto,0.1888706564858525,Novo mesto,0.3124254747373319,11113.763944379938,1
20239107,Gorica na Medvedjeku,Trebnje,0.12386800003944912,Ljubljana,0.1894520440050706,10042.696252695068,0
20240229,Vejar,Trebnje,0.628876696063029,Trebnje,0.7119048514761976,2804.6318010967257,1
20460423,Kerinov Grm,Krško,0.34709419879670944,Krško,0.3766551900060704,8737.12680233419,1
20547898,Hinje,Sevnica,0.07527819959886645,Ljubljana,0.0888161049471676,8948.662762480742,0
20553995,Kamenško,Sevnica,0.08868558840917798,Sevnica,0.1395268338660023,9609.95797613026,1
20556951,Hinjce,Sevnica,0.10604521126613045,Sevnica,0.1575236714751325,7037.20941860053,1
20557427,Brezje,Sevnica,0.10979099979407626,Sevnica,0.1656588900455702,8071.679497137537,1
20557532,Križišče,Sevnica,0.12947065578577957,Sevnica,0.1970063664451086,8974.316689490139,1
20559233,Marendol,Sevnica,0.08868558840917798,Sevnica,0.1363737358697887,8920.281468443329,1
20662069,Stražišče,Prevalje,0.37664137357568267,Prevalje,0.3441058068953445,2469.206967620627,1
20785241,Bukovje,Dravograd,0.4455489540755855,Dravograd,0.6482156123581427,3012.5747509216026,1
20885645,Svetinje,Ormož,0.2615728049200883,Ormož,0.292548396605405,7856.6643855833245,1
20886951,Trstenik,Ormož,0.26443082948587265,Ormož,0.3065797395697107,7685.166751161118,1
21107620,Nova Štifta,Gornji Grad,0.2349282142308096,Gornji Grad,0.260869786092835,3269.979633309151,1
21222623,Grče,Žalec,0.25448107383822327,Žalec,0.2106351546170618,7607.196175501364,1
23771098,Dedni Vrh pri Vojniku,Celje,0.2343468992077209,Celje,0.281136391168745,4326.595793327031,1
24031837,Draga,Ljubljana,0.3687342532001908,Ljubljana,0.5653636552484778,3247.6436689652965,1
24032698,Podgozd,Ljubljana,0.3177680405174586,Ljubljana,0.5894353486084938,4508.6078283529805,1
24034160,Podkraj,Ljubljana,0.44588867696795903,Ljubljana,0.6509685106900601,7613.928761988565,1
24034313,Suša,Ljubljana,0.2144892928420542,Ljubljana,0.5542309730712197,8399.649657083362,1
24267245,Šestdobe,Maribor,0.3057389551737197,Maribor,0.3987485939192529,8537.341046458741,1
