Village_ID,Village_Name,ml_dominant_muni,ml_dominant_Pij,huff_dominant_muni,huff_dominant_Pij,agreement,agreement_label
10083931,Ajdovščina,Ajdovščina,0.99790775170762,Ajdovščina,1.0,1,Huff and ML agree
10083940,Batuje,Ajdovščina,0.21066330670483668,Nova Gorica,0.2815038657589581,0,Huff and ML disagree
10083958,Bela,Ajdovščina,0.13818231308407575,Ajdovščina,0.180690757778924,1,Huff and ML agree
10083966,Brje,Ajdovščina,0.22073485218508598,Ajdovščina,0.2673588509932716,1,Huff and ML agree
10083974,Budanje,Ajdovščina,0.47609700693685936,Ajdovščina,0.4723059065858466,1,Huff and ML agree
10083982,Cesta,Ajdovščina,0.7360084425656324,Ajdovščina,0.8322344880345601,1,Huff and ML agree
10084008,Col,Ajdovščina,0.2488385832721748,Ajdovščina,0.2800361241391946,1,Huff and ML agree
10084016,Črniče,Nova Gorica,0.2028442558450453,Nova Gorica,0.3705736534005866,1,Huff and ML agree
10084024,Dobravlje,Ajdovščina,0.5191127518562721,Ajdovščina,0.5939355194378868,1,Huff and ML agree
10084032,Dolenje,Ajdovščina,0.7100690754350398,Ajdovščina,0.787466511103919,1,Huff and ML agree
10084059,Dolga Poljana,Ajdovščina,0.6153748748255693,Ajdovščina,0.6721866391660499,1,Huff and ML agree
10084067,Duplje,Ajdovščina,0.5025751390123608,Ajdovščina,0.4815781918980943,1,Huff and ML agree
10084075,Erzelj,Ajdovščina,0.28009508557609447,Ajdovščina,0.33694741561796,1,Huff and ML agree
10084083,Gaberje,Ajdovščina,0.2846472440764694,Ajdovščina,0.3391122036694935,1,Huff and ML agree
10084091,Goče,Ajdovščina,0.18542686537019434,Ajdovščina,0.2349490499591292,1,Huff and ML agree
10084105,Gojače,Ajdovščina,0.24782666224013436,Nova Gorica,0.2773526595593789,0,Huff and ML disagree
10084113,Gozd,Ajdovščina,0.13818231308407575,Ajdovščina,0.1995355435415187,1,Huff and ML agree
10084121,Gradišče pri Vipavi,Vipava,0.34263591494829426,Vipava,0.5438120936244747,1,Huff and ML agree
10084130,Grivče,Ajdovščina,0.8111837022733094,Ajdovščina,0.9072537252960192,1,Huff and ML agree
10084148,Kamnje,Ajdovščina,0.37067647255651776,Ajdovščina,0.4103311002304789,1,Huff and ML agree
10084156,Kovk,Ajdovščina,0.0722163972702153,Ljubljana,0.1459072059146966,0,Huff and ML disagree
10084164,Križna Gora,Ajdovščina,0.13889328028798154,Ajdovščina,0.1865973279548101,1,Huff and ML agree
10084172,Lokavec,Ajdovščina,0.7103969399779347,Ajdovščina,0.8199013101752002,1,Huff and ML agree
10084199,Lozice,Ajdovščina,0.08174810337770494,Postojna,0.139314277094969,0,Huff and ML disagree
10084202,Lože,Ajdovščina,0.2523965786430942,Vipava,0.2484492290418568,0,Huff and ML disagree
10084229,Male Žablje,Ajdovščina,0.5674672206785698,Ajdovščina,0.6528835236603463,1,Huff and ML agree
10084237,Malo Polje,Ajdovščina,0.18822265030287685,Ajdovščina,0.2271680433688538,1,Huff and ML agree
10084245,Manče,Ajdovščina,0.2130273598157291,Ajdovščina,0.2304053817121785,1,Huff and ML agree
10084253,Nanos,Ajdovščina,0.05483975112158332,Ljubljana,0.1579817598354913,0,Huff and ML disagree
10084261,Orehovica,Ajdovščina,0.1368877859437406,Ajdovščina,0.1584413147385188,1,Huff and ML agree
10084270,Otlica,Ajdovščina,0.06323845636653795,Ljubljana,0.1427545140374808,0,Huff and ML disagree
10084288,Plače,Ajdovščina,0.5878785955073106,Ajdovščina,0.6703938846760503,1,Huff and ML agree
10084296,Planina,Ajdovščina,0.48524349612925627,Ajdovščina,0.5833459519761984,1,Huff and ML agree
10084300,Podbreg,Ajdovščina,0.1165001380888762,Ajdovščina,0.1447804914875715,1,Huff and ML agree
10084318,Podgrič,Ajdovščina,0.1066635202849817,Postojna,0.1340300172776961,0,Huff and ML disagree
10084326,Podkraj,Ajdovščina,0.11356984468531793,Ljubljana,0.1640235153759426,0,Huff and ML disagree
10084334,Podnanos,Ajdovščina,0.15200335021457084,Ajdovščina,0.1704709643903895,1,Huff and ML agree
10084342,Podraga,Ajdovščina,0.17016145574998884,Ajdovščina,0.1929258592605741,1,Huff and ML agree
10084369,Poreče,Ajdovščina,0.15267110563197775,Ajdovščina,0.172171506969541,1,Huff and ML agree
10084377,Predmeja,Ajdovščina,0.10629651276481342,Ajdovščina,0.1872662274788529,1,Huff and ML agree
10084385,Ravne,Nova Gorica,0.21108736964915828,Nova Gorica,0.3583686046204674,1,Huff and ML agree
10084393,Sanabor,Ajdovščina,0.23883170977629342,Ajdovščina,0.2553607741994927,1,Huff and ML agree
10084407,Selo,Ajdovščina,0.2388614203518883,Nova Gorica,0.2658984114497772,0,Huff and ML disagree
10084415,Skrilje,Ajdovščina,0.5041332123614438,Ajdovščina,0.5836640810494695,1,Huff and ML agree
10084423,Slap,Ajdovščina,0.33110130561960227,Ajdovščina,0.3213699566186543,1,Huff and ML agree
10084431,Šmarje,Ajdovščina,0.2885591847908126,Ajdovščina,0.3309366919853196,1,Huff and ML agree
10084440,Stomaž,Ajdovščina,0.4303658734481442,Ajdovščina,0.5553893496520934,1,Huff and ML agree
10084458,Tevče,Ajdovščina,0.5191127518562721,Ajdovščina,0.6221513298125888,1,Huff and ML agree
10084466,Ustje,Ajdovščina,0.7411400335028939,Ajdovščina,0.8404036212107425,1,Huff and ML agree
10084474,Velike Žablje,Ajdovščina,0.4066990194693619,Ajdovščina,0.4837373520459376,1,Huff and ML agree
10084482,Vipava,Vipava,0.996650931508017,Vipava,1.0,1,Huff and ML agree
10084504,Vipavski Križ,Ajdovščina,0.6078449171482707,Ajdovščina,0.7082349328453325,1,Huff and ML agree
10084512,Višnje,Ajdovščina,0.19287398477284234,Ajdovščina,0.2108737037938271,1,Huff and ML agree
10084539,Vodice,Ajdovščina,0.07098380439990847,Ljubljana,0.1651268361341596,0,Huff and ML disagree
10084547,Vrhpolje,Ajdovščina,0.3718187331608997,Vipava,0.4560982181976007,0,Huff and ML disagree
10084555,Vrtovče,Ajdovščina,0.3728464259998918,Ajdovščina,0.4338876762703874,1,Huff and ML agree
10084563,Vrtovin,Ajdovščina,0.2872073879288839,Ajdovščina,0.3039624424111818,1,Huff and ML agree
10084571,Zavino,Ajdovščina,0.20888731375785313,Ajdovščina,0.2533168734348968,1,Huff and ML agree
10084580,Zemono,Vipava,0.4203669908724636,Vipava,0.6288585938593021,1,Huff and ML agree
10084598,Žapuže,Ajdovščina,0.8133873348900558,Ajdovščina,0.904143243749042,1,Huff and ML agree
10084601,Potoče,Ajdovščina,0.3736510946739356,Ajdovščina,0.4127703582548285,1,Huff and ML agree
10084610,Malovše,Ajdovščina,0.2303957278881232,Nova Gorica,0.2957906502054684,0,Huff and ML disagree
10084628,Hrašče,Ajdovščina,0.13687036256659835,Ajdovščina,0.1574601205004533,1,Huff and ML agree
10084636,Žagolič,Ajdovščina,0.2110528922329215,Ajdovščina,0.2465997039203452,1,Huff and ML agree
10084644,Kožmani,Ajdovščina,0.7854410097672643,Ajdovščina,0.8513731826262729,1,Huff and ML agree
10084652,Arnovo selo,Brežice,0.4827016927021085,Brežice,0.4636636147867191,1,Huff and ML agree
10084679,Artiče,Brežice,0.5213526785115227,Brežice,0.5331216829698944,1,Huff and ML agree
10084687,Bizeljska vas,Brežice,0.07393603124554177,Brežice,0.1348903917051234,1,Huff and ML agree
10084695,Bizeljsko,Brežice,0.0853703419480643,Brežice,0.1909336009878944,1,Huff and ML agree
10084709,Blatno,Brežice,0.26268316731122154,Brežice,0.3880975392362524,1,Huff and ML agree
10084717,Bojsno,Brežice,0.19058169410850007,Brežice,0.3383632428347997,1,Huff and ML agree
10084725,Boršt,Brežice,0.642451278422189,Brežice,0.7100097611896715,1,Huff and ML agree
10084733,Bračna vas,Brežice,0.08838842695983805,Brežice,0.1954806999258534,1,Huff and ML agree
10084741,Slovenska vas,Brežice,0.16159644234734927,Brežice,0.3926630283575494,1,Huff and ML agree
10084750,Brezje pri Bojsnem,Brežice,0.16836724787485768,Brežice,0.3255287232283458,1,Huff and ML agree
10084768,Brezje pri Veliki Dolini,Brežice,0.17361153105931348,Brežice,0.4183679002691538,1,Huff and ML agree
10084776,Brezovica na Bizeljskem,Brežice,0.06613867548761349,Brežice,0.2295368902541097,1,Huff and ML agree
10084784,Brežice,Brežice,0.9934373994037804,Brežice,1.0,1,Huff and ML agree
10084792,Brvi,Brežice,0.4060485842249067,Brežice,0.4992385391839992,1,Huff and ML agree
10084806,Bukošek,Brežice,0.675418719568561,Brežice,0.776649536599752,1,Huff and ML agree
10084814,Bukovje,Brežice,0.07358372868002434,Brežice,0.1479916048455897,1,Huff and ML agree
10084822,Bušeča vas,Brežice,0.35794597129206296,Brežice,0.4565196273104291,1,Huff and ML agree
10084849,Cerina,Brežice,0.6517776967195072,Brežice,0.7869423670460721,1,Huff and ML agree
10084857,Cerklje ob Krki,Brežice,0.4909223693610306,Brežice,0.5168596632325461,1,Huff and ML agree
10084865,Cirnik,Brežice,0.30386973667104317,Brežice,0.4985503210505936,1,Huff and ML agree
10084873,Cundrovec,Brežice,0.8365978372592967,Brežice,0.8886397532728106,1,Huff and ML agree
10084881,Curnovec,Brežice,0.42059694985606977,Brežice,0.4917452689645082,1,Huff and ML agree
10084890,Čatež ob Savi,Brežice,0.8665260430765561,Brežice,0.9106367071184244,1,Huff and ML agree
10084903,Čedem,Brežice,0.1611472873099249,Brežice,0.3469929693183223,1,Huff and ML agree
10084911,Črešnjice pri Cerkljah,Brežice,0.3989491397165309,Brežice,0.4188280583344501,1,Huff and ML agree
10084920,Dečno selo,Brežice,0.5694633218020799,Brežice,0.5921596352212083,1,Huff and ML agree
10084938,Dednja vas,Brežice,0.18349070535637985,Brežice,0.3369510593686198,1,Huff and ML agree
10084946,Dobeno,Brežice,0.5197576855745834,Brežice,0.6669154595316906,1,Huff and ML agree
10084954,Dobova,Brežice,0.5556668371501008,Brežice,0.6753708591275998,1,Huff and ML agree
10084962,Dolenja Pirošica,Brežice,0.4895940895365326,Brežice,0.5340448730995897,1,Huff and ML agree
10084989,Dolenje Skopice,Brežice,0.642451278422189,Brežice,0.6752909835357747,1,Huff and ML agree
10084997,Dramlja,Brežice,0.16770400704940125,Brežice,0.3342735140314282,1,Huff and ML agree
10085004,Drenovec pri Bukovju,Brežice,0.07616024878606606,Brežice,0.1780810639386307,1,Huff and ML agree
10085012,Dvorce,Brežice,0.8149312190881425,Brežice,0.8721612828262586,1,Huff and ML agree
10085039,Gabrje pri Dobovi,Brežice,0.6348451788661804,Brežice,0.7130470455085097,1,Huff and ML agree
10085047,Gaj,Brežice,0.31385922394273125,Brežice,0.5199146788926369,1,Huff and ML agree
10085055,Gazice,Brežice,0.31457496860025297,Brežice,0.402168914728756,1,Huff and ML agree
10085063,Globočice,Brežice,0.4990608246518294,Brežice,0.6320002285852756,1,Huff and ML agree
10085071,Globoko,Brežice,0.42059694985606977,Brežice,0.5008368191012751,1,Huff and ML agree
10085080,Glogov Brod,Brežice,0.642451278422189,Brežice,0.689742966705751,1,Huff and ML agree
10085098,Gorenja Pirošica,Brežice,0.44179133541883153,Brežice,0.5372054336805829,1,Huff and ML agree
10085101,Gorenje Skopice,Brežice,0.6368983905739379,Brežice,0.6309028639965741,1,Huff and ML agree
10085110,Gornji Lenart,Brežice,0.7168613110847191,Brežice,0.7481822203343826,1,Huff and ML agree
10085128,Gregovce,Brežice,0.10451751788431381,Brežice,0.2598690942624902,1,Huff and ML agree
10085136,Hrastje pri Cerkljah,Krško,0.3119506718650278,Brežice,0.325085542295049,0,Huff and ML disagree
10085144,Izvir,Brežice,0.2621769497267722,Brežice,0.4200669603094283,1,Huff and ML agree
10085152,Jereslavec,Brežice,0.1995043922318948,Brežice,0.3855056178426437,1,Huff and ML agree
10085179,Jesenice,Brežice,0.26551534766334745,Brežice,0.4815441385674126,1,Huff and ML agree
10085187,Kamence,Brežice,0.16990546188178002,Brežice,0.3670314988310147,1,Huff and ML agree
10085195,Kapele,Brežice,0.3142232730030926,Brežice,0.4710999009573768,1,Huff and ML agree
10085209,Koritno,Brežice,0.16693326134801448,Brežice,0.4142398066687303,1,Huff and ML agree
10085217,Kraška vas,Brežice,0.4239824291884409,Brežice,0.5416103940199853,1,Huff and ML agree
10085225,Križe,Krško,0.15255001881247593,Krško,0.2309505710586757,1,Huff and ML agree
10085233,Krška vas,Brežice,0.8199286170521225,Brežice,0.8700290136044271,1,Huff and ML agree
10085241,Laze,Brežice,0.16727660306726977,Brežice,0.4077414614137929,1,Huff and ML agree
10085250,Loče,Brežice,0.42880322750050354,Brežice,0.5969144634604888,1,Huff and ML agree
10085268,Mala Dolina,Brežice,0.3087480095367066,Brežice,0.5087358614072558,1,Huff and ML agree
10085276,Mali Cirnik,Brežice,0.08536112002293597,Brežice,0.2916729104709767,1,Huff and ML agree
10085284,Mali Obrež,Brežice,0.5095506684384595,Brežice,0.6493888367722842,1,Huff and ML agree
10085292,Mali Vrh,Brežice,0.35096812952485723,Brežice,0.4608112420153025,1,Huff and ML agree
10085306,Mihalovec,Brežice,0.5213526785115227,Brežice,0.6649076849476427,1,Huff and ML agree
10085314,Mostec,Brežice,0.7629814682131432,Brežice,0.8456635580743079,1,Huff and ML agree
10085322,Mrzlava vas,Brežice,0.6396505959071892,Brežice,0.7303912415778784,1,Huff and ML agree
10085349,Nova vas ob Sotli,Brežice,0.0665249828874114,Brežice,0.2154763275783326,1,Huff and ML agree
10085357,Nova vas pri Mokricah,Brežice,0.23242000429506898,Brežice,0.4556195614663801,1,Huff and ML agree
10085365,Obrežje,Brežice,0.20229635348937922,Brežice,0.4413734543234888,1,Huff and ML agree
10085373,Oklukova Gora,Krško,0.3142971245622703,Krško,0.3386036676442104,1,Huff and ML agree
10085381,Orešje na Bizeljskem,Brežice,0.06733230607566439,Brežice,0.123651784519313,1,Huff and ML agree
10085390,Pavlova vas,Brežice,0.15067371812131977,Brežice,0.2618440832541422,1,Huff and ML agree
10085403,Pečice,Krško,0.15143627741626184,Krško,0.2291852336543728,1,Huff and ML agree
10085411,Perišče,Brežice,0.1953322669361893,Brežice,0.4321870472564649,1,Huff and ML agree
10085420,Piršenbreg,Brežice,0.23242000429506898,Brežice,0.3761970906180453,1,Huff and ML agree
10085438,Pišece,Brežice,0.1461132119175389,Brežice,0.2696096908678344,1,Huff and ML agree
10085446,Podgorje pri Pišecah,Brežice,0.11119996336570077,Brežice,0.2522252739007547,1,Huff and ML agree
10085454,Podgračeno,Brežice,0.4895940895365326,Brežice,0.6280039754200012,1,Huff and ML agree
10085462,Podvinje,Brežice,0.34364028693742665,Brežice,0.49054617843774,1,Huff and ML agree
10085489,Ponikve,Brežice,0.1553866116111407,Brežice,0.3875679380248415,1,Huff and ML agree
10085497,Poštena vas,Brežice,0.34630641190426,Brežice,0.4487003202447003,1,Huff and ML agree
10085519,Prilipe,Brežice,0.6396505959071892,Brežice,0.7513167389616242,1,Huff and ML agree
10085527,Račja vas,Brežice,0.6273106479640203,Brežice,0.6537819695591411,1,Huff and ML agree
10085535,Rajec,Brežice,0.1947494084187781,Brežice,0.4320280662534105,1,Huff and ML agree
10085543,Rakovec,Brežice,0.2116902968035499,Brežice,0.4057184904189622,1,Huff and ML agree
10085551,Ribnica,Brežice,0.35096812952485723,Brežice,0.5427340620925919,1,Huff and ML agree
10085560,Rigonce,Brežice,0.3632980339202712,Brežice,0.5517083161760445,1,Huff and ML agree
10085578,Sela pri Dobovi,Brežice,0.7959785804331415,Brežice,0.8536372162057014,1,Huff and ML agree
10085586,Silovec,Brežice,0.2013780160010544,Brežice,0.3019982462775399,1,Huff and ML agree
10085594,Slogonsko,Brežice,0.17359527451807935,Brežice,0.3612916038401342,1,Huff and ML agree
10085608,Sobenja vas,Brežice,0.49380543258432785,Brežice,0.6117344198180764,1,Huff and ML agree
10085616,Spodnja Pohanca,Brežice,0.6117100515689683,Brežice,0.5167284341272014,1,Huff and ML agree
10085624,Sromlje,Brežice,0.22760644085813142,Brežice,0.3030043086424993,1,Huff and ML agree
10085632,Stankovo,Brežice,0.4990608246518294,Brežice,0.6176729170840942,1,Huff and ML agree
10085659,Stara vas-Bizeljsko,Brežice,0.14187902243347952,Brežice,0.2814958064530332,1,Huff and ML agree
10085667,Stojanski Vrh,Brežice,0.35096812952485723,Brežice,0.4687301808709678,1,Huff and ML agree
10085675,Trebež,Brežice,0.700261427151051,Brežice,0.7174398227475561,1,Huff and ML agree
10085683,Velika Dolina,Brežice,0.2477411026601136,Brežice,0.4669928854306798,1,Huff and ML agree
10085691,Velike Malence,Brežice,0.7637960000689682,Brežice,0.8305812442975045,1,Huff and ML agree
10085705,Veliki Obrež,Brežice,0.4737988612585955,Brežice,0.6076982840903081,1,Huff and ML agree
10085713,Vinji Vrh,Brežice,0.2384313340779795,Brežice,0.3732776995137019,1,Huff and ML agree
10085721,Vitna vas,Brežice,0.08980739050438409,Brežice,0.2429259828051657,1,Huff and ML agree
10085730,Volčje,Brežice,0.30386973667104317,Brežice,0.3195192991726124,1,Huff and ML agree
10085748,Vrhje,Brežice,0.20311657499232877,Brežice,0.3818901023276261,1,Huff and ML agree
10085756,Vrhovska vas,Brežice,0.2856132599607439,Brežice,0.3935853345867221,1,Huff and ML agree
10085764,Zasap,Brežice,0.3512098384515008,Brežice,0.3834153894628618,1,Huff and ML agree
10085772,Zgornja Pohanca,Krško,0.2612297282067416,Krško,0.3177622354738093,1,Huff and ML agree
10085799,Zgornji Obrež,Brežice,0.6368983905739379,Brežice,0.564133398477095,1,Huff and ML agree
10085802,Žejno,Brežice,0.5694633218020799,Brežice,0.6720274822178962,1,Huff and ML agree
10085829,Župeča vas,Brežice,0.5162860326002577,Brežice,0.5788170532724078,1,Huff and ML agree
10085837,Župelevec,Brežice,0.2527500300160516,Brežice,0.3995620823033268,1,Huff and ML agree
10085845,Dolenja vas pri Artičah,Brežice,0.4990608246518294,Brežice,0.4422850485043418,1,Huff and ML agree
10085853,Arclin,Celje,0.44967951725378447,Celje,0.5244197268540176,1,Huff and ML agree
10085861,Beli Potok pri Frankolovem,Slovenske Konjice,0.29240405792636204,Celje,0.1692392658662715,0,Huff and ML disagree
10085870,Bezenškovo Bukovje,Celje,0.19926405327401006,Celje,0.2193879577344655,1,Huff and ML agree
10085888,Bezovica,Celje,0.26675185772645954,Celje,0.2940045078713869,1,Huff and ML agree
10085896,Bovše,Celje,0.24997338763975488,Celje,0.3404859117051775,1,Huff and ML agree
10085900,Brdce,Slovenske Konjice,0.2560336460157941,Celje,0.1924355590075809,0,Huff and ML disagree
10085918,Brdce nad Dobrno,Velenje,0.13850032783606858,Celje,0.1308439415844796,0,Huff and ML disagree
10085926,Brezova,Celje,0.2875108023618103,Celje,0.4326079555638689,1,Huff and ML agree
10085934,Bukovžlak,Celje,0.6384427128732341,Celje,0.6622810078890948,1,Huff and ML agree
10085942,Celje,Celje,0.995336702433478,Celje,1.0,1,Huff and ML agree
10085969,Čreškova,Celje,0.1679306897678208,Celje,0.1920888849428215,1,Huff and ML agree
10085977,Črešnjevec,Celje,0.21054272080620698,Celje,0.2572675390945743,1,Huff and ML agree
10085985,Črešnjice,Slovenske Konjice,0.23898439463804877,Celje,0.1848714843703359,0,Huff and ML disagree
10085993,Dobrna,Dobrna,0.998146789742586,Dobrna,1.0,1,Huff and ML agree
10086019,Dol pod Gojko,Slovenske Konjice,0.2114251044016362,Celje,0.2079750242854995,0,Huff and ML disagree
10086027,Frankolovo,Celje,0.2367881668266259,Celje,0.261923743652103,1,Huff and ML agree
10086035,Gabrovec pri Dramljah,Celje,0.2183201627381894,Celje,0.2706864245331878,1,Huff and ML agree
10086043,Glinsko,Celje,0.2479687142542425,Celje,0.3469863678132497,1,Huff and ML agree
10086051,Globoče,Celje,0.27282587123541535,Celje,0.2903985816401286,1,Huff and ML agree
10086060,Gorica pri Šmartnem,Celje,0.478323610870102,Celje,0.5744398468159838,1,Huff and ML agree
10086078,Gradišče pri Vojniku,Celje,0.2759878066818613,Celje,0.3253340852494248,1,Huff and ML agree
10086086,Homec,Celje,0.1930775423653078,Celje,0.2268532122509292,1,Huff and ML agree
10086094,Hrastnik,Celje,0.17872306592766893,Celje,0.2061915394174222,1,Huff and ML agree
10086108,Hrenova,Celje,0.2150657019076291,Celje,0.2392459720234831,1,Huff and ML agree
10086116,Ilovca,Celje,0.2559029264415073,Celje,0.2876282781592723,1,Huff and ML agree
10086124,Ivenca,Celje,0.23890056471401924,Celje,0.2906851977218701,1,Huff and ML agree
10086132,Jankova,Celje,0.26852903587041205,Celje,0.281133700642457,1,Huff and ML agree
10086159,Javornik,Celje,0.2386578728779413,Celje,0.3719445260233391,1,Huff and ML agree
10086167,Jezerce pri Šmartnem,Celje,0.24926941641940703,Celje,0.3794043434627523,1,Huff and ML agree
10086175,Kanjuce,Celje,0.19693327474290956,Celje,0.263147089770152,1,Huff and ML agree
10086183,Kladnart,Celje,0.1970225805272321,Celje,0.2442311331220081,1,Huff and ML agree
10086191,Klanc,Celje,0.148449278447009,Velenje,0.1523168226553682,0,Huff and ML disagree
10086205,Koblek,Celje,0.23815588918864125,Celje,0.3719835637345455,1,Huff and ML agree
10086213,Kompole,Celje,0.39506875185758766,Celje,0.4351638171330151,1,Huff and ML agree
10086221,Konjsko,Celje,0.24518578520254902,Celje,0.3452888122238174,1,Huff and ML agree
10086230,Košnica pri Celju,Celje,0.6512416231410597,Celje,0.8033605536098972,1,Huff and ML agree
10086248,Lahovna,Celje,0.6272708196050101,Celje,0.7434647011468649,1,Huff and ML agree
10086256,Landek,Celje,0.15987477658726268,Celje,0.2204839986003235,1,Huff and ML agree
10086264,Laška vas pri Štorah,Celje,0.45279637624841174,Celje,0.4692483823770227,1,Huff and ML agree
10086272,Lemberg pri Novi Cerkvi,Celje,0.20021242819560026,Celje,0.2231075643114754,1,Huff and ML agree
10086299,Leskovec,Celje,0.5420257020920498,Celje,0.5857874052334155,1,Huff and ML agree
10086302,Lešje,Celje,0.36838630745757056,Celje,0.4952134775039121,1,Huff and ML agree
10086329,Lindek,Slovenske Konjice,0.24041840658300032,Slovenske Konjice,0.1522930584448469,1,Huff and ML agree
10086337,Lipa pri Frankolovem,Slovenske Konjice,0.2188682843485068,Celje,0.1639146846621396,0,Huff and ML disagree
10086345,Lipovec pri Škofji vasi,Celje,0.32046737009872495,Celje,0.4593902308570798,1,Huff and ML agree
10086353,Ljubečna,Celje,0.4000540995667311,Celje,0.5183631855471282,1,Huff and ML agree
10086361,Loče,Celje,0.37062822507078863,Celje,0.535389428474247,1,Huff and ML agree
10086370,Loka pri Dobrni,Celje,0.14559277838693988,Velenje,0.1782856925858114,0,Huff and ML disagree
10086388,Lokovina,Velenje,0.25987929250819475,Velenje,0.2353223833188434,1,Huff and ML agree
10086396,Lokrovec,Celje,0.6465023921903891,Celje,0.777824342323574,1,Huff and ML agree
10086400,Lopata,Celje,0.5807727933325275,Celje,0.649627284766312,1,Huff and ML agree
10086418,Male Dole,Celje,0.19873569227151955,Celje,0.2568779925365069,1,Huff and ML agree
10086426,Medlog,Celje,0.6465023921903891,Celje,0.7499246231351389,1,Huff and ML agree
10086434,Novake,Celje,0.16932136378342366,Celje,0.2116751413427865,1,Huff and ML agree
10086442,Ogorevc,Šentjur,0.4695917137770909,Celje,0.395943098607106,0,Huff and ML disagree
10086469,Osenca,Celje,0.5815701143582825,Celje,0.668187803887404,1,Huff and ML agree
10086477,Otemna,Celje,0.2618118418515147,Celje,0.428811709034095,1,Huff and ML agree
10086485,Parož,Velenje,0.12713480823289572,Velenje,0.1456455311055207,1,Huff and ML agree
10086493,Pečovje,Celje,0.4627305732958146,Celje,0.5131883521245283,1,Huff and ML agree
10086507,Pečovnik,Celje,0.6272708196050101,Celje,0.7618873241165587,1,Huff and ML agree
10086515,Pepelno,Celje,0.24683041513722886,Celje,0.3829471403450559,1,Huff and ML agree
10086523,Podgorje pod Čerinom,Slovenske Konjice,0.2121337105718709,Celje,0.1983721826729553,0,Huff and ML disagree
10086531,Polže,Celje,0.22885113539149085,Celje,0.2761684975860824,1,Huff and ML agree
10086540,Prekorje,Celje,0.5824519919143767,Celje,0.6787459731817261,1,Huff and ML agree
10086558,Pristava,Celje,0.2575023947141476,Celje,0.3960057346574488,1,Huff and ML agree
10086566,Pristova,Velenje,0.20442661901005543,Velenje,0.1920286297057739,1,Huff and ML agree
10086574,Prožinska vas,Šentjur,0.33283122722683556,Celje,0.4091404972764853,0,Huff and ML disagree
10086582,Rakova Steza,Celje,0.21086527314307538,Celje,0.2368225010263351,1,Huff and ML agree
10086604,Razdelj,Celje,0.22866363804441137,Celje,0.2777346801328965,1,Huff and ML agree
10086612,Razgor,Celje,0.24518578520254902,Celje,0.3841399258449797,1,Huff and ML agree
10086639,Razgorce,Celje,0.20199827823928168,Celje,0.2465651905691237,1,Huff and ML agree
10086647,Rove,Celje,0.2081843224351928,Celje,0.232974863760626,1,Huff and ML agree
10086655,Rožni Vrh,Celje,0.238379907927944,Celje,0.4151724078246345,1,Huff and ML agree
10086663,Runtole,Celje,0.5451842436271158,Celje,0.6216569568384593,1,Huff and ML agree
10086671,Rupe,Celje,0.24885200788077783,Celje,0.3711028468829735,1,Huff and ML agree
10086680,Selce,Celje,0.15333952945153256,Celje,0.1774356451722011,1,Huff and ML agree
10086698,Slance,Celje,0.6731458599895374,Celje,0.6769945741715439,1,Huff and ML agree
10086701,Slatina v Rožni dolini,Celje,0.3676460419655607,Celje,0.5245926378083742,1,Huff and ML agree
10086710,Socka,Celje,0.17370672650803892,Celje,0.2026481948365074,1,Huff and ML agree
10086728,Straža pri Dolu,Celje,0.16034159160836964,Celje,0.1826261307269085,1,Huff and ML agree
10086736,Straža pri Novi Cerkvi,Celje,0.176071501843803,Celje,0.20113820252184,1,Huff and ML agree
10086744,Stražica,Celje,0.21426825233017954,Celje,0.2328492905568996,1,Huff and ML agree
10086752,Strmec nad Dobrno,Velenje,0.12712040631776889,Velenje,0.1788435766391968,1,Huff and ML agree
10086779,Nova Cerkev,Celje,0.25749013126646014,Celje,0.2960886500325444,1,Huff and ML agree
10086787,Svetina,Celje,0.26744690093278745,Celje,0.295980568657299,1,Huff and ML agree
10086795,Svetli Dol,Celje,0.26675185772645954,Celje,0.3235802319408216,1,Huff and ML agree
10086809,Šentjanž nad Štorami,Celje,0.313045791677343,Celje,0.4293920955267258,1,Huff and ML agree
10086817,Škofja vas,Celje,0.5824519919143767,Celje,0.6577805092762191,1,Huff and ML agree
10086825,Šmarjeta pri Celju,Celje,0.647502305999813,Celje,0.7548385521161999,1,Huff and ML agree
10086833,Šmartno v Rožni dolini,Celje,0.30590740776757847,Celje,0.4706073014808633,1,Huff and ML agree
10086841,Šmiklavž pri Škofji vasi,Celje,0.30940936841926175,Celje,0.4620491702178897,1,Huff and ML agree
10086850,Štore,Štore,0.9930935843294213,Štore,1.0,1,Huff and ML agree
10086868,Teharje,Celje,0.7345431305055985,Celje,0.6418397450796868,1,Huff and ML agree
10086876,Tomaž nad Vojnikom,Celje,0.23815588918864125,Celje,0.347739125447305,1,Huff and ML agree
10086884,Tremerje,Celje,0.5786228838384327,Celje,0.660389804564486,1,Huff and ML agree
10086892,Trnovlje pri Celju,Celje,0.6492167489470801,Celje,0.7564904482677628,1,Huff and ML agree
10086906,Trnovlje pri Socki,Celje,0.17583060235501424,Celje,0.1940052552671835,1,Huff and ML agree
10086914,Velika Raven,Celje,0.15582915042684095,Celje,0.1900628201520923,1,Huff and ML agree
10086922,Verpete,Slovenske Konjice,0.2766837726793404,Celje,0.1941637229797986,0,Huff and ML disagree
10086949,Vine,Celje,0.175293249490387,Celje,0.1971472320088147,1,Huff and ML agree
10086957,Vinska Gorica,Dobrna,0.1870059959442751,Velenje,0.1714387739959348,0,Huff and ML disagree
10086965,Višnja vas,Celje,0.24512136261541229,Celje,0.299325443543414,1,Huff and ML agree
10086973,Vizore,Celje,0.21651745917843213,Celje,0.2639346442762602,1,Huff and ML agree
10086981,Vojnik,Vojnik,0.9933532052167987,Vojnik,1.0,1,Huff and ML agree
10086990,Vrba,Dobrna,0.3766119883981359,Dobrna,0.2827700534373956,1,Huff and ML agree
10087007,Vrhe,Celje,0.6421570916854268,Štore,0.4388458048811474,0,Huff and ML disagree
10087015,Zabukovje,Celje,0.17676469856389737,Celje,0.1877455810827678,1,Huff and ML agree
10087023,Začret,Celje,0.5432955499246052,Celje,0.572075189727086,1,Huff and ML agree
10087031,Zadobrova,Celje,0.5800502431714472,Celje,0.6490519299308207,1,Huff and ML agree
10087040,Zavrh nad Dobrno,Celje,0.15616308434788032,Celje,0.1529083490762348,1,Huff and ML agree
10087058,Dobrova,Celje,0.6350825195814588,Celje,0.7461226720291538,1,Huff and ML agree
10087066,Zlateče,Celje,0.1983772427910244,Celje,0.240745346582907,1,Huff and ML agree
10087074,Zvodno,Celje,0.6236074387167655,Celje,0.7220837287099746,1,Huff and ML agree
10087082,Želče,Celje,0.22863478885616217,Celje,0.2853753496762737,1,Huff and ML agree
10087104,Žepina,Celje,0.36751433939546385,Celje,0.4544297088339267,1,Huff and ML agree
10087112,Šentjungert,Celje,0.2623414947206207,Celje,0.3745369123040402,1,Huff and ML agree
10087139,Draga,Šentjur,0.39891698276236603,Celje,0.4167378561941379,0,Huff and ML disagree
10087147,Andrejčje,Ljubljana,0.05986999940718806,Ljubljana,0.2751389314745274,1,Huff and ML agree
10087155,Babna Polica,Postojna,0.04095532725797898,Ljubljana,0.1924328126170322,0,Huff and ML disagree
10087163,Babno Polje,Postojna,0.03072875462112308,Ljubljana,0.2001948732627333,0,Huff and ML disagree
10087171,Beč,Cerknica,0.17565894321355302,Ljubljana,0.2893331727022077,0,Huff and ML disagree
10087180,Bečaje,Cerknica,0.1698270969582447,Ljubljana,0.2309686286931203,0,Huff and ML disagree
10087198,Begunje pri Cerknici,Cerknica,0.8166716971701611,Cerknica,0.8182990708643112,1,Huff and ML agree
10087201,Benete,Bloke,0.047071906650752664,Ljubljana,0.2302730662143842,0,Huff and ML disagree
10087210,Bezuljak,Cerknica,0.4905937291922723,Cerknica,0.4940170206420033,1,Huff and ML agree
10087228,Bločice,Cerknica,0.22088284383509307,Cerknica,0.3265922930036961,1,Huff and ML agree
10087236,Bloška Polica,Cerknica,0.1853442028791221,Cerknica,0.2621207982473472,1,Huff and ML agree
10087244,Bočkovo,Cerknica,0.11211022243401647,Ljubljana,0.2480898732808125,0,Huff and ML disagree
10087252,Brezje,Cerknica,0.8137532996342439,Cerknica,0.8105756887837701,1,Huff and ML agree
10087279,Cajnarje,Cerknica,0.183057742474158,Cerknica,0.2453590353868517,1,Huff and ML agree
10087287,Cerknica,Cerknica,0.9946959202302486,Cerknica,1.0,1,Huff and ML agree
10087295,Čohovo,Cerknica,0.0878808552923932,Ljubljana,0.2880165396407225,0,Huff and ML disagree
10087309,Dane,Loška dolina,0.2748055938841158,Cerknica,0.1710562868572926,0,Huff and ML disagree
10087317,Dobec,Cerknica,0.28804071689351796,Cerknica,0.354198792028467,1,Huff and ML agree
10087325,Dolenja vas,Cerknica,0.8690997565771592,Cerknica,0.9160013592944796,1,Huff and ML agree
10087333,Dolenje Jezero,Cerknica,0.8186861621714491,Cerknica,0.8426363548620499,1,Huff and ML agree
10087341,Dolenje Otave,Cerknica,0.22105110758638102,Cerknica,0.271728168282741,1,Huff and ML agree
10087350,Dolenje Poljane,Postojna,0.0378870611184913,Ljubljana,0.1971879990620549,0,Huff and ML disagree
10087368,Fara,Bloke,0.6711648302797676,Bloke,0.7777615424103113,1,Huff and ML agree
10087376,Glina,Bloke,0.30343652695465356,Bloke,0.3560135631247137,1,Huff and ML agree
10087384,Godičevo,Bloke,0.07384940695302537,Ljubljana,0.2562443982294645,0,Huff and ML disagree
10087392,Gora,Cerknica,0.20428553000067406,Cerknica,0.3016397942258182,1,Huff and ML agree
10087406,Gorenje Jezero,Cerknica,0.17460602178382878,Cerknica,0.2608032465163519,1,Huff and ML agree
10087414,Gorenje Otave,Cerknica,0.19528032881182514,Ljubljana,0.2561988198025162,0,Huff and ML disagree
10087422,Gradiško,Ljubljana,0.05769404187795873,Ljubljana,0.2793648478800825,1,Huff and ML agree
10087449,Grahovo,Cerknica,0.46434330127969675,Cerknica,0.5134741185481811,1,Huff and ML agree
10087457,Hiteno,Cerknica,0.0846927348235061,Ljubljana,0.2586220353111719,0,Huff and ML disagree
10087465,Hribarjevo,Cerknica,0.18433320821856825,Cerknica,0.2555631327590395,1,Huff and ML agree
10087473,Hribljane,Cerknica,0.15153864627043304,Ljubljana,0.2351460734049753,0,Huff and ML disagree
10087481,Hruškarje,Cerknica,0.169545667242498,Ljubljana,0.2393494898254249,0,Huff and ML disagree
10087490,Hudi Vrh,Bloke,0.1640793620242268,Bloke,0.2072009946957884,1,Huff and ML agree
10087503,Iga vas,Loška dolina,0.22205361493933082,Ljubljana,0.1736063261663793,0,Huff and ML disagree
10087511,Ivanje selo,Cerknica,0.3170085460929428,Cerknica,0.2938195628542652,1,Huff and ML agree
10087520,Jeršanovo,Cerknica,0.11256182186416724,Ljubljana,0.2357059948118132,0,Huff and ML disagree
10087538,Jeršiče,Cerknica,0.07986447772604212,Ljubljana,0.2842896281719889,0,Huff and ML disagree
10087546,Knežja Njiva,Loška dolina,0.06204095075335994,Ljubljana,0.173102200516148,0,Huff and ML disagree
10087554,Korošče,Cerknica,0.145497534455519,Ljubljana,0.2879105661035908,0,Huff and ML disagree
10087562,Koščake,Cerknica,0.15206160223306825,Ljubljana,0.2789257206478752,0,Huff and ML disagree
10087589,Kozarišče,Loška dolina,0.06152778300565566,Ljubljana,0.1784137688279412,0,Huff and ML disagree
10087597,Kožljek,Cerknica,0.38848366504999965,Cerknica,0.3902353708996166,1,Huff and ML agree
10087619,Sveti Duh,Bloke,0.11166555541608927,Ljubljana,0.2394998484801516,0,Huff and ML disagree
10087627,Kramplje,Bloke,0.1289421826341404,Ljubljana,0.232095369152776,0,Huff and ML disagree
10087635,Kranjče,Cerknica,0.20428553000067406,Cerknica,0.3016397942258182,1,Huff and ML agree
10087643,Kremenca,Cerknica,0.17837066923066464,Cerknica,0.2312643262060091,1,Huff and ML agree
10087651,Krušče,Cerknica,0.18674464292714887,Cerknica,0.2627731060289905,1,Huff and ML agree
10087660,Kržišče,Cerknica,0.17565894321355302,Ljubljana,0.2893331727022077,0,Huff and ML disagree
10087678,Lahovo,Bloke,0.08765682433761794,Ljubljana,0.2580934510931434,0,Huff and ML disagree
10087686,Laze pri Gorenjem Jezeru,Cerknica,0.18314897742430677,Cerknica,0.2748902281853705,1,Huff and ML agree
10087694,Lepi Vrh,Ljubljana,0.05852885618471074,Ljubljana,0.2833154486244516,1,Huff and ML agree
10087708,Lešnjake,Ljubljana,0.06437530155950508,Ljubljana,0.2904050457925186,1,Huff and ML agree
10087716,Lipsenj,Cerknica,0.2158979561573986,Cerknica,0.3266958255471748,1,Huff and ML agree
10087724,Lovranovo,Cerknica,0.12481543787439615,Ljubljana,0.2332168701291348,0,Huff and ML disagree
10087732,Lož,Loška dolina,1.0,Loška dolina,1.0,1,Huff and ML agree
10087759,Mahneti,Cerknica,0.24377999650186832,Cerknica,0.3366073336252874,1,Huff and ML agree
10087767,Malni,Cerknica,0.129220973962175,Ljubljana,0.2229055904034613,0,Huff and ML disagree
10087775,Markovec,Loška dolina,0.3643679753600379,Ljubljana,0.1570034287829227,0,Huff and ML disagree
10087783,Martinjak,Cerknica,0.6292296964217026,Cerknica,0.6772025426885737,1,Huff and ML agree
10087791,Metulje,Bloke,0.10635924594376263,Ljubljana,0.2098143668246018,0,Huff and ML disagree
10087805,Milava,Cerknica,0.18654229209158013,Cerknica,0.2660721052711241,1,Huff and ML agree
10087813,Mramorovo pri Lužarjih,Ljubljana,0.06385586379283276,Ljubljana,0.2773319446298476,1,Huff and ML agree
10087821,Mramorovo pri Pajkovem,Cerknica,0.07781734388544974,Ljubljana,0.2703522393949737,0,Huff and ML disagree
10087830,Nadlesk,Loška dolina,0.3718470818674638,Loška dolina,0.1884723823147504,1,Huff and ML agree
10087848,Nemška vas na Blokah,Bloke,0.6596668035309147,Bloke,0.720012087909613,1,Huff and ML agree
10087856,Nova vas,Bloke,1.0,Bloke,1.0,1,Huff and ML agree
10087864,Ograda,Cerknica,0.1248680172297497,Ljubljana,0.2360098597271493,0,Huff and ML disagree
10087872,Osredek,Ljubljana,0.051747841071294244,Ljubljana,0.2925492748016645,1,Huff and ML agree
10087899,Otok,Cerknica,0.27471113191476076,Cerknica,0.4248152756843203,1,Huff and ML agree
10087902,Otonica,Cerknica,0.3146949638754685,Cerknica,0.4158742058721714,1,Huff and ML agree
10087929,Pikovnik,Cerknica,0.15471870172120838,Ljubljana,0.3095980373315485,0,Huff and ML disagree
10087937,Pirmane,Cerknica,0.14444781933200743,Ljubljana,0.2358133360274691,0,Huff and ML disagree
10087945,Podcerkev,Loška dolina,0.37577271812874985,Loška dolina,0.1981315216293345,1,Huff and ML agree
10087953,Podgora pri Ložu,Loška dolina,0.06152778300565566,Ljubljana,0.1789510689278695,0,Huff and ML disagree
10087961,Podlož,Loška dolina,0.3798187517641675,Loška dolina,0.2140266294192758,1,Huff and ML agree
10087970,Podskrajnik,Cerknica,0.8780332301477581,Cerknica,0.9395675002778988,1,Huff and ML agree
10087988,Podslivnica,Cerknica,0.22088268902700903,Cerknica,0.3129476317286633,1,Huff and ML agree
10087996,Polšeče,Ljubljana,0.06592504305796033,Ljubljana,0.2919990288414708,1,Huff and ML agree
10088003,Ponikve,Cerknica,0.19597849836615824,Cerknica,0.2882344611651295,1,Huff and ML agree
10088011,Pudob,Loška dolina,0.28486830974575816,Ljubljana,0.163380533277867,0,Huff and ML disagree
10088020,Radlek,Cerknica,0.186883185568109,Cerknica,0.2661401622650097,1,Huff and ML agree
10088038,Rakek,Cerknica,0.6182475640092574,Cerknica,0.5442367548139405,1,Huff and ML agree
10088046,Ravne,Ljubljana,0.05769404187795873,Ljubljana,0.2913312977335854,1,Huff and ML agree
10088054,Ravne na Blokah,Bloke,0.06023634620665768,Ljubljana,0.2117358929846977,0,Huff and ML disagree
10088062,Ravnik,Ljubljana,0.06349554763519967,Ljubljana,0.2782419232224667,1,Huff and ML agree
10088089,Reparje,Cerknica,0.19302531381927795,Cerknica,0.2700314962630091,1,Huff and ML agree
10088097,Rožanče,Cerknica,0.17275278019313198,Cerknica,0.2288900969531752,1,Huff and ML agree
10088119,Rudolfovo,Cerknica,0.08531151497170794,Ljubljana,0.288612409199089,0,Huff and ML disagree
10088127,Runarsko,Bloke,0.1359154757931951,Ljubljana,0.2086132429971604,0,Huff and ML disagree
10088135,Selšček,Cerknica,0.6067252776077942,Cerknica,0.5898598629355939,1,Huff and ML agree
10088143,Sleme,Cerknica,0.14444781933200743,Cerknica,0.2094044888129742,1,Huff and ML agree
10088151,Slivice,Cerknica,0.4692521887075295,Cerknica,0.3545520320836146,1,Huff and ML agree
10088160,Slugovo,Cerknica,0.14615303473910138,Ljubljana,0.2257915942604338,0,Huff and ML disagree
10088178,Stari trg pri Ložu,Loška dolina,0.3946224273658679,Loška dolina,0.3304027409346469,1,Huff and ML agree
10088186,Stražišče,Cerknica,0.2505709752750043,Cerknica,0.3086446641888036,1,Huff and ML agree
10088194,Strmca,Ljubljana,0.05641517638388319,Ljubljana,0.2782539152550844,1,Huff and ML agree
10088208,Studenec na Blokah,Bloke,0.16433746836135352,Bloke,0.191655237340565,1,Huff and ML agree
10088216,Studeno na Blokah,Bloke,0.15808748955031057,Cerknica,0.1830626217951044,0,Huff and ML disagree
10088224,Ščurkovo,Ljubljana,0.06517439286495147,Ljubljana,0.2858103368041966,1,Huff and ML agree
10088232,Sveta Trojica,Cerknica,0.1290958325323184,Ljubljana,0.2238360047644449,0,Huff and ML disagree
10088259,Škrabče,Bloke,0.09135287237589744,Ljubljana,0.2487858060334849,0,Huff and ML disagree
10088267,Škufče,Ljubljana,0.055790804586910124,Ljubljana,0.2658580727199248,1,Huff and ML agree
10088275,Šmarata,Loška dolina,0.04607875584299906,Ljubljana,0.1825509679992114,0,Huff and ML disagree
10088283,Štorovo,Ljubljana,0.05301777013860961,Ljubljana,0.3012024641560904,1,Huff and ML agree
10088291,Štrukljeva vas,Cerknica,0.145497534455519,Ljubljana,0.2384034613102852,0,Huff and ML disagree
10088305,Tavžlje,Ljubljana,0.057211849945484776,Ljubljana,0.2903420627035255,1,Huff and ML agree
10088313,Topol,Bloke,0.12397502890377365,Ljubljana,0.1987544015805136,0,Huff and ML disagree
10088321,Topol pri Begunjah,Cerknica,0.47414969971765314,Cerknica,0.4914463672433638,1,Huff and ML agree
10088330,Ulaka,Cerknica,0.14615303473910138,Ljubljana,0.197030772329779,0,Huff and ML disagree
10088348,Unec,Cerknica,0.4546668783705931,Cerknica,0.3431568396696219,1,Huff and ML agree
10088356,Velike Bloke,Bloke,0.1560260974387112,Ljubljana,0.1797087472969224,0,Huff and ML disagree
10088364,Veliki Vrh,Bloke,0.3239236958619609,Bloke,0.4157793090366463,1,Huff and ML agree
10088372,Viševek,Loška dolina,0.2690114314157862,Ljubljana,0.1681487890722523,0,Huff and ML disagree
10088399,Volčje,Bloke,0.32195157638396005,Bloke,0.4014306393353594,1,Huff and ML agree
10088402,Vrh,Loška dolina,0.045478519222484116,Ljubljana,0.1841108087553496,0,Huff and ML disagree
10088429,Vrhnika pri Ložu,Loška dolina,0.12272536546714624,Ljubljana,0.1758163907739443,0,Huff and ML disagree
10088437,Zahrib,Ljubljana,0.053302514280283944,Ljubljana,0.2920135662348792,1,Huff and ML agree
10088445,Zakraj,Ljubljana,0.06496779684718533,Ljubljana,0.2787402244054725,1,Huff and ML agree
10088453,Zala,Cerknica,0.07986447772604212,Ljubljana,0.2893834458662205,0,Huff and ML disagree
10088461,Zales,Cerknica,0.10003700047639941,Ljubljana,0.2500779446199276,0,Huff and ML disagree
10088470,Zavrh,Ljubljana,0.055738718236340495,Ljubljana,0.3031630910459569,1,Huff and ML agree
10088488,Zelše,Cerknica,0.8186861621714491,Cerknica,0.8223664911343733,1,Huff and ML agree
10088496,Žerovnica,Cerknica,0.28226518613576995,Cerknica,0.4267653186116662,1,Huff and ML agree
10088500,Zibovnik,Cerknica,0.2294271519892036,Cerknica,0.290021134898303,1,Huff and ML agree
10088518,Sveti Vid,Cerknica,0.1064021909309356,Ljubljana,0.287060459781211,0,Huff and ML disagree
10088526,Župeno,Cerknica,0.183057742474158,Ljubljana,0.2744613336756569,0,Huff and ML disagree
10088534,Klance,Cerknica,0.11739865511283078,Cerknica,0.201548251019126,1,Huff and ML agree
10088542,Rakov Škocjan,Cerknica,0.48612268100808587,Cerknica,0.414831955111158,1,Huff and ML agree
10088569,Goričice,Cerknica,0.18654229209158013,Cerknica,0.3085744427157659,1,Huff and ML agree
10088577,Adlešiči,Črnomelj,0.0772766102440146,Črnomelj,0.3202448306025933,1,Huff and ML agree
10088585,Balkovci,Črnomelj,0.06327047920184911,Črnomelj,0.1668420713222925,1,Huff and ML agree
10088593,Bedenj,Črnomelj,0.19525452860363718,Črnomelj,0.4576674697653808,1,Huff and ML agree
10088607,Belčji Vrh,Črnomelj,0.07458645972358924,Črnomelj,0.3197944405984826,1,Huff and ML agree
10088615,Bistrica,Črnomelj,0.15914126071252913,Črnomelj,0.4061897393210003,1,Huff and ML agree
10088623,Blatnik pri Črmošnjicah,Novo mesto,0.1384579962822711,Črnomelj,0.210658760472702,0,Huff and ML disagree
10088631,Blatnik pri Črnomlju,Črnomelj,0.5477220885177349,Črnomelj,0.7694043365854814,1,Huff and ML agree
10088640,Bojanci,Črnomelj,0.0913038848131004,Črnomelj,0.3600141547816579,1,Huff and ML agree
10088658,Brdarci,Črnomelj,0.2848844984922231,Črnomelj,0.5768026924621635,1,Huff and ML agree
10088666,Breg pri Sinjem Vrhu,Črnomelj,0.047387514901499866,Ljubljana,0.1419077795386051,0,Huff and ML disagree
10088674,Brezje pri Rožnem Dolu,Novo mesto,0.19055525462124073,Novo mesto,0.2352570737558333,1,Huff and ML agree
10088682,Brezje pri Vinjem Vrhu,Črnomelj,0.19038202616041125,Črnomelj,0.3042409811391947,1,Huff and ML agree
10088704,Breznik,Črnomelj,0.207028457980377,Črnomelj,0.4792255241289147,1,Huff and ML agree
10088712,Brezova Reber,Novo mesto,0.17394531096728832,Novo mesto,0.2143533455613379,1,Huff and ML agree
10088739,Brezovica pri Črmošnjicah,Novo mesto,0.13613934380051793,Črnomelj,0.1860529407266649,0,Huff and ML disagree
10088747,Brstovec,Črnomelj,0.1563429209103353,Črnomelj,0.2999079301708905,1,Huff and ML agree
10088755,Butoraj,Črnomelj,0.5569698216974024,Črnomelj,0.7897028276426911,1,Huff and ML agree
10088763,Cerkvišče,Črnomelj,0.20929133905725056,Črnomelj,0.4413825422037595,1,Huff and ML agree
10088771,Cerovec pri Črešnjevcu,Metlika,0.2820074152512233,Metlika,0.2598837326657083,1,Huff and ML agree
10088798,Črešnjevec pri Dragatušu,Črnomelj,0.0776418660861327,Črnomelj,0.3291412555651878,1,Huff and ML agree
10088801,Črešnjevec pri Semiču,Metlika,0.2049014122170168,Črnomelj,0.2107490329397757,0,Huff and ML disagree
10088810,Črmošnjice,Novo mesto,0.13664715102053995,Novo mesto,0.1639205790794691,1,Huff and ML agree
10088828,Črnomelj,Črnomelj,1.0,Črnomelj,1.0,1,Huff and ML agree
10088836,Čudno selo,Črnomelj,0.5655839335965582,Črnomelj,0.8067295373765155,1,Huff and ML agree
10088844,Dalnje Njive,Črnomelj,0.06186641398215756,Črnomelj,0.1544094328674657,1,Huff and ML agree
10088852,Damelj,Črnomelj,0.06055572114801891,Črnomelj,0.1715295329949213,1,Huff and ML agree
10088879,Dečina,Črnomelj,0.0632951186983035,Črnomelj,0.1420673281147733,1,Huff and ML agree
10088887,Desinec,Črnomelj,0.46135132149656954,Črnomelj,0.7235509034219897,1,Huff and ML agree
10088895,Deskova vas,Črnomelj,0.08097328995759984,Črnomelj,0.1799880046862992,1,Huff and ML agree
10088909,Dobliče,Črnomelj,0.3997483074546117,Črnomelj,0.6780536563939723,1,Huff and ML agree
10088917,Doblička Gora,Črnomelj,0.3068470318589102,Črnomelj,0.5746146975771557,1,Huff and ML agree
10088925,Dolenja Podgora,Črnomelj,0.0648462227553721,Ljubljana,0.142591838889466,0,Huff and ML disagree
10088933,Dolenja vas pri Črnomlju,Črnomelj,0.7804938406391906,Črnomelj,0.9530506542685696,1,Huff and ML agree
10088941,Dolenjci,Črnomelj,0.11837251664009972,Črnomelj,0.3718843702446108,1,Huff and ML agree
10088950,Dolenji Radenci,Črnomelj,0.06957156438208693,Črnomelj,0.1627158600164859,1,Huff and ML agree
10088968,Dolenji Suhor pri Vinici,Črnomelj,0.09116423320514327,Črnomelj,0.3471037904326963,1,Huff and ML agree
10088976,Dolnja Paka,Črnomelj,0.6325955898487519,Črnomelj,0.8492763496626424,1,Huff and ML agree
10088984,Draga pri Sinjem Vrhu,Črnomelj,0.06604354485185712,Črnomelj,0.155796454128166,1,Huff and ML agree
10088992,Dragatuš,Črnomelj,0.19624474799434355,Črnomelj,0.4640377692936791,1,Huff and ML agree
10089000,Dragoši,Črnomelj,0.0913038848131004,Črnomelj,0.3164575337674116,1,Huff and ML agree
10089018,Dragovanja vas,Črnomelj,0.37876719511306367,Črnomelj,0.6456479478014838,1,Huff and ML agree
10089026,Drenovec,Črnomelj,0.07903312577558905,Črnomelj,0.222947531218753,1,Huff and ML agree
10089034,Drežnik,Črnomelj,0.07749984741024714,Črnomelj,0.2444223676536327,1,Huff and ML agree
10089042,Fučkovci,Črnomelj,0.10353665252118831,Črnomelj,0.3398493285401749,1,Huff and ML agree
10089069,Gaber pri Črmošnjicah,Novo mesto,0.13796927079166907,Črnomelj,0.2141361767751977,0,Huff and ML disagree
10089085,Golek,Črnomelj,0.20036273119612788,Črnomelj,0.4756213696950568,1,Huff and ML agree
10089093,Golek pri Vinici,Črnomelj,0.08115308832259226,Črnomelj,0.2178720239054981,1,Huff and ML agree
10089107,Gorenja Podgora,Črnomelj,0.06223111507337085,Ljubljana,0.1409909426944349,0,Huff and ML disagree
10089115,Gorenjci pri Adlešičih,Črnomelj,0.07205095100470416,Črnomelj,0.2912203611073798,1,Huff and ML agree
10089123,Gorenji Radenci,Črnomelj,0.06816917009888639,Črnomelj,0.159406020866201,1,Huff and ML agree
10089131,Gorica,Črnomelj,0.06190133224153802,Črnomelj,0.1688002909357392,1,Huff and ML agree
10089140,Gornja Paka,Črnomelj,0.3964739112004531,Črnomelj,0.6040888427010357,1,Huff and ML agree
10089158,Gornje Laze,Novo mesto,0.20238829810254896,Novo mesto,0.2808340074177152,1,Huff and ML agree
10089166,Gornji Suhor pri Vinici,Črnomelj,0.08011400617356251,Črnomelj,0.3349708558596326,1,Huff and ML agree
10089174,Gradnik,Metlika,0.20103973984459766,Metlika,0.2043281915025514,1,Huff and ML agree
10089182,Griblje,Črnomelj,0.1424277502487218,Črnomelj,0.349549762626167,1,Huff and ML agree
10089204,Grič pri Dobličah,Črnomelj,0.3328973483512813,Črnomelj,0.5899180673469814,1,Huff and ML agree
10089212,Hrast pri Vinici,Črnomelj,0.07339186214267306,Črnomelj,0.2370447024732951,1,Huff and ML agree
10089239,Hrib pri Cerovcu,Metlika,0.2536650206871075,Metlika,0.2379901596208542,1,Huff and ML agree
10089247,Hrib pri Rožnem Dolu,Novo mesto,0.2120662567786681,Novo mesto,0.2688370068079098,1,Huff and ML agree
10089255,Jankoviči,Črnomelj,0.152179452035083,Črnomelj,0.4074551718266828,1,Huff and ML agree
10089263,Jelševnik,Črnomelj,0.46135132149656954,Črnomelj,0.7054556700378762,1,Huff and ML agree
10089271,Jerneja vas,Črnomelj,0.40702782157920125,Črnomelj,0.7000991138122422,1,Huff and ML agree
10089280,Kal,Novo mesto,0.13778524916378385,Črnomelj,0.1596555758842966,0,Huff and ML disagree
10089298,Kanižarica,Črnomelj,0.6345559256120473,Črnomelj,0.8552253816918396,1,Huff and ML agree
10089310,Knežina,Črnomelj,0.07342097416944199,Črnomelj,0.3017752271097346,1,Huff and ML agree
10089336,Komarna vas,Novo mesto,0.10229119497823914,Novo mesto,0.1595071324031528,1,Huff and ML agree
10089344,Kot ob Kolpi,Črnomelj,0.06263816887364539,Črnomelj,0.1481655772622256,1,Huff and ML agree
10089379,Kovača vas,Črnomelj,0.07829568956628542,Črnomelj,0.167114102437588,1,Huff and ML agree
10089387,Kovačji Grad,Črnomelj,0.062269557576322174,Črnomelj,0.1708901407393884,1,Huff and ML agree
10089395,Krupa,Črnomelj,0.1970566535519317,Črnomelj,0.3277682765888938,1,Huff and ML agree
10089409,Krvavčji Vrh,Metlika,0.34713363250226564,Metlika,0.3308667159736757,1,Huff and ML agree
10089417,Kvasica,Črnomelj,0.3877779753982331,Črnomelj,0.6665321543599665,1,Huff and ML agree
10089425,Lipovec,Črnomelj,0.1911679133875832,Semič,0.2696337178970806,0,Huff and ML disagree
10089433,Lokve,Črnomelj,0.5993380421334535,Črnomelj,0.800955396257218,1,Huff and ML agree
10089441,Mala Lahinja,Črnomelj,0.0817525339226399,Črnomelj,0.3380945971314933,1,Huff and ML agree
10089450,Mala sela,Črnomelj,0.07029223881595414,Črnomelj,0.2980031185635603,1,Huff and ML agree
10089468,Mali Nerajec,Črnomelj,0.11901030179456953,Črnomelj,0.3751542552082653,1,Huff and ML agree
10089476,Maline pri Štrekljevcu,Novo mesto,0.18295885598638179,Novo mesto,0.238051849853661,1,Huff and ML agree
10089484,Marindol,Črnomelj,0.06985317118014361,Črnomelj,0.2561159357473911,1,Huff and ML agree
10089492,Mašelj,Novo mesto,0.1347445325756328,Novo mesto,0.1643310523854414,1,Huff and ML agree
10089506,Mavrlen,Črnomelj,0.3380345826272982,Črnomelj,0.5883526641621468,1,Huff and ML agree
10089514,Mihelja vas,Črnomelj,0.3423283909062125,Črnomelj,0.5247932570992879,1,Huff and ML agree
10089522,Miklarji,Črnomelj,0.081637012706197,Črnomelj,0.2930617001859035,1,Huff and ML agree
10089549,Miliči,Črnomelj,0.07705694376344416,Črnomelj,0.2040312868393059,1,Huff and ML agree
10089565,Močile,Črnomelj,0.07798028239677614,Črnomelj,0.1910542518005803,1,Huff and ML agree
10089573,Moverna vas,Črnomelj,0.16516458607127218,Črnomelj,0.318721647274259,1,Huff and ML agree
10089581,Naklo,Črnomelj,0.3423283909062125,Črnomelj,0.5823084559096564,1,Huff and ML agree
10089590,Nestoplja vas,Črnomelj,0.19667381123674751,Črnomelj,0.313371234421223,1,Huff and ML agree
10089603,Nova Lipa,Črnomelj,0.06350783118015403,Črnomelj,0.2631082639573891,1,Huff and ML agree
10089611,Obrh pri Dragatušu,Črnomelj,0.16451639759925893,Črnomelj,0.4486302188730264,1,Huff and ML agree
10089620,Ogulin,Črnomelj,0.07907814212425542,Črnomelj,0.2285923695759266,1,Huff and ML agree
10089638,Omota,Novo mesto,0.1319230449225233,Črnomelj,0.198189847849706,0,Huff and ML disagree
10089646,Oskoršnica,Novo mesto,0.1319230449225233,Semič,0.2489508166695427,0,Huff and ML disagree
10089654,Osojnik,Novo mesto,0.14653036600581443,Novo mesto,0.1823912413039488,1,Huff and ML agree
10089662,Otovec,Črnomelj,0.526270192461193,Črnomelj,0.7108628541566822,1,Huff and ML agree
10089689,Paunoviči,Črnomelj,0.06206596434183951,Črnomelj,0.1801817339696091,1,Huff and ML agree
10089697,Perudina,Črnomelj,0.07380765059828626,Črnomelj,0.2416138685009481,1,Huff and ML agree
10089719,Petrova vas,Črnomelj,0.37876719511306367,Črnomelj,0.5564858434957597,1,Huff and ML agree
10089727,Planina,Novo mesto,0.09352643296631383,Črnomelj,0.1525254146846568,0,Huff and ML disagree
10089735,Pobrežje,Črnomelj,0.07207851945466717,Črnomelj,0.3017495757345528,1,Huff and ML agree
10089743,Podklanec,Črnomelj,0.07705694376344416,Črnomelj,0.2074230045056624,1,Huff and ML agree
10089751,Podlog,Črnomelj,0.2232298755596794,Črnomelj,0.515578210331448,1,Huff and ML agree
10089760,Podreber,Novo mesto,0.13794433847405813,Semič,0.2611882181938363,0,Huff and ML disagree
10089778,Potoki,Novo mesto,0.16742841249689216,Novo mesto,0.1934448008645114,1,Huff and ML agree
10089786,Praproče,Metlika,0.15246467921577447,Metlika,0.1717208994489866,1,Huff and ML agree
10089794,Praprot,Črnomelj,0.20689331934453828,Črnomelj,0.3218917950197741,1,Huff and ML agree
10089808,Prelesje,Črnomelj,0.06206596434183951,Črnomelj,0.148726829933926,1,Huff and ML agree
10089816,Preloge,Novo mesto,0.18096307953121296,Novo mesto,0.1963230592058552,1,Huff and ML agree
10089824,Preloka,Črnomelj,0.07163484094267235,Črnomelj,0.1902210176904243,1,Huff and ML agree
10089832,Pribinci,Črnomelj,0.21273538673934134,Črnomelj,0.4969960300898853,1,Huff and ML agree
10089859,Pribišje,Novo mesto,0.1975442420396674,Novo mesto,0.2265060037338113,1,Huff and ML agree
10089867,Pugled,Črnomelj,0.12003042402315321,Črnomelj,0.2321394107985485,1,Huff and ML agree
10089875,Purga,Črnomelj,0.0905460793624252,Črnomelj,0.338312906768602,1,Huff and ML agree
10089883,Pusti Gradec,Črnomelj,0.12021641643054397,Črnomelj,0.3919308233776346,1,Huff and ML agree
10089891,Rodine,Črnomelj,0.2848844984922231,Črnomelj,0.5225494137298272,1,Huff and ML agree
10089905,Rožanec,Črnomelj,0.40059139743930794,Črnomelj,0.6371245135954914,1,Huff and ML agree
10089913,Rožič Vrh,Črnomelj,0.38483772492689816,Črnomelj,0.619293142622732,1,Huff and ML agree
10089921,Rožni Dol,Novo mesto,0.18749262202046965,Novo mesto,0.2348135687034526,1,Huff and ML agree
10089930,Ručetna vas,Črnomelj,0.3035263337624769,Črnomelj,0.4705280714995111,1,Huff and ML agree
10089956,Sečje selo,Črnomelj,0.08053525062950931,Črnomelj,0.2114767816443382,1,Huff and ML agree
10089964,Sela pri Dragatušu,Črnomelj,0.2836800243400737,Črnomelj,0.5527436726245862,1,Huff and ML agree
10089972,Sela pri Otovcu,Črnomelj,0.466529258132766,Črnomelj,0.696139800628864,1,Huff and ML agree
10090008,Sela pri Vrčicah,Novo mesto,0.15463558796045185,Črnomelj,0.2144723541589842,0,Huff and ML disagree
10090016,Semič,Semič,1.0,Semič,1.0,1,Huff and ML agree
10090024,Sinji Vrh,Črnomelj,0.06055572114801891,Črnomelj,0.1637726379315212,1,Huff and ML agree
10090032,Sodevci,Črnomelj,0.06507668815761711,Ljubljana,0.1420701471277332,0,Huff and ML disagree
10090059,Sodji Vrh,Metlika,0.19441229379306177,Metlika,0.1828507936937108,1,Huff and ML agree
10090067,Sredgora,Črnomelj,0.08011400617356251,Črnomelj,0.2484259068027317,1,Huff and ML agree
10090075,Srednja vas,Novo mesto,0.15170080610639683,Novo mesto,0.174227679744127,1,Huff and ML agree
10090083,Srednji Radenci,Črnomelj,0.0678699006206656,Črnomelj,0.1606150833422053,1,Huff and ML agree
10090091,Stara Lipa,Črnomelj,0.07254577345253681,Črnomelj,0.2977059309202732,1,Huff and ML agree
10090105,Stari trg ob Kolpi,Črnomelj,0.07908764911676552,Črnomelj,0.1853976573034772,1,Huff and ML agree
10090113,Starihov Vrh,Črnomelj,0.2232298755596794,Črnomelj,0.3493808545456151,1,Huff and ML agree
10090121,Stranska vas pri Semiču,Črnomelj,0.2663303008224581,Črnomelj,0.4248030196827849,1,Huff and ML agree
10090130,Stražnji Vrh,Črnomelj,0.39020900414426224,Črnomelj,0.6524131862523534,1,Huff and ML agree
10090148,Svibnik,Črnomelj,0.7580105577022954,Črnomelj,0.9338321966893824,1,Huff and ML agree
10090156,Šipek,Črnomelj,0.2859980355093111,Črnomelj,0.5668184362511135,1,Huff and ML agree
10090164,Špeharji,Črnomelj,0.058104056871841746,Ljubljana,0.1400352657951813,0,Huff and ML disagree
10090172,Štrekljevec,Novo mesto,0.1414936915473359,Črnomelj,0.1725156924604096,0,Huff and ML disagree
10090199,Talčji Vrh,Črnomelj,0.3997483074546117,Črnomelj,0.64761456865393,1,Huff and ML agree
10090202,Tanča Gora,Črnomelj,0.33538670927214703,Črnomelj,0.6042029102669938,1,Huff and ML agree
10090237,Trebnji Vrh,Črnomelj,0.16019980679945184,Črnomelj,0.2677572670067156,1,Huff and ML agree
10090245,Tribuče,Črnomelj,0.3628196711728433,Črnomelj,0.6388737193348032,1,Huff and ML agree
10090253,Tušev Dol,Črnomelj,0.5156563366370901,Črnomelj,0.7246686026897455,1,Huff and ML agree
10090261,Učakovci,Črnomelj,0.06402018092653147,Črnomelj,0.1786463528630849,1,Huff and ML agree
10090288,Velika Lahinja,Črnomelj,0.40059139743930794,Črnomelj,0.7094376798120727,1,Huff and ML agree
10090296,Velika sela,Črnomelj,0.0716958658393536,Črnomelj,0.3045521010462692,1,Huff and ML agree
10090300,Veliki Nerajec,Črnomelj,0.14535339946010523,Črnomelj,0.4047167071693993,1,Huff and ML agree
10090318,Vinica,Črnomelj,0.07847008851913385,Črnomelj,0.2233948547853694,1,Huff and ML agree
10090326,Vinji Vrh pri Semiču,Črnomelj,0.20388547530390533,Črnomelj,0.3482610983645948,1,Huff and ML agree
10090334,Vojna vas,Črnomelj,0.8129785089523547,Črnomelj,0.9857752116704016,1,Huff and ML agree
10090342,Vranoviči,Črnomelj,0.40059139743930794,Črnomelj,0.6496309206493205,1,Huff and ML agree
10090369,Vrčice,Novo mesto,0.1398760623232889,Črnomelj,0.2155214885192547,0,Huff and ML disagree
10090377,Vrhovci,Črnomelj,0.0644132257377438,Črnomelj,0.2730720278939457,1,Huff and ML agree
10090393,Vukovci,Črnomelj,0.06344357087400747,Črnomelj,0.1650449824726668,1,Huff and ML agree
10090407,Zagozdac,Črnomelj,0.0635718979475944,Ljubljana,0.143705118534725,0,Huff and ML disagree
10090415,Zajčji Vrh,Črnomelj,0.5854661211749214,Črnomelj,0.8161864947056061,1,Huff and ML agree
10090423,Zapudje,Črnomelj,0.0917720534394046,Črnomelj,0.353283293986284,1,Huff and ML agree
10090431,Zastava,Črnomelj,0.3964739112004531,Črnomelj,0.6693987296711479,1,Huff and ML agree
10090440,Zilje,Črnomelj,0.06309019812252921,Črnomelj,0.1670646442868785,1,Huff and ML agree
10090458,Zorenci,Črnomelj,0.4478939986926455,Črnomelj,0.7276329829514832,1,Huff and ML agree
10090466,Žuniči,Črnomelj,0.07111974970928053,Črnomelj,0.1928447052911071,1,Huff and ML agree
10090474,Bišče,Ljubljana,0.47626900663444643,Ljubljana,0.5642474011260885,1,Huff and ML agree
10090482,Blagovica,Kamnik,0.16115686811952634,Ljubljana,0.2789872582759944,0,Huff and ML disagree
10090504,Brdo,Domžale,0.4813497171618147,Ljubljana,0.4104486512986813,0,Huff and ML disagree
10090512,Brdo pri Lukovici,Lukovica,0.9001004758730037,Lukovica,0.8314791575637824,1,Huff and ML agree
10090539,Brezje pri Dobu,Domžale,0.45044885562823517,Ljubljana,0.3213545470884513,0,Huff and ML disagree
10090547,Brezovica pri Dobu,Domžale,0.5081922583706292,Domžale,0.3402274529984336,1,Huff and ML agree
10090555,Brezovica pri Zlatem Polju,Kamnik,0.24025159573914773,Ljubljana,0.3014710113448203,0,Huff and ML disagree
10090563,Bršlenovica,Kamnik,0.10161027929904312,Ljubljana,0.2268298763536094,0,Huff and ML disagree
10090571,Čeplje,Lukovica,0.4096485234660881,Ljubljana,0.2573498941744424,0,Huff and ML disagree
10090580,Češenik,Domžale,0.735888494600531,Domžale,0.5665340585154875,1,Huff and ML agree
10090598,Češnjice,Kamnik,0.20866565497612743,Ljubljana,0.2805596818422803,0,Huff and ML disagree
10090601,Češnjice pri Moravčah,Moravče,0.4601974737360555,Moravče,0.3611715802678611,1,Huff and ML agree
10090610,Depala vas,Domžale,0.6857686979813832,Ljubljana,0.3110910319325304,0,Huff and ML disagree
10090628,Dešen,Litija,0.22698040045879658,Ljubljana,0.2997006213007167,0,Huff and ML disagree
10090636,Dob,Domžale,0.7959294897165191,Domžale,0.6836087066014838,1,Huff and ML agree
10090644,Dobeno,Ljubljana,0.3056376436351293,Ljubljana,0.4761886790714117,1,Huff and ML agree
10090652,Dole pod Sv. Trojico,Domžale,0.26365549444953124,Ljubljana,0.3484552203562104,0,Huff and ML disagree
10090679,Dole pri Krašcah,Domžale,0.19673615359643354,Ljubljana,0.3106814021006376,0,Huff and ML disagree
10090687,Dolenje,Kamnik,0.32101245908068626,Ljubljana,0.2893609028778934,0,Huff and ML disagree
10090695,Domžale,Domžale,0.9979515948330311,Domžale,1.0,1,Huff and ML agree
10090709,Dragomelj,Domžale,0.5484391148952507,Ljubljana,0.5072843869344936,0,Huff and ML disagree
10090717,Drtija,Moravče,0.2962991281754192,Moravče,0.2492470129861696,1,Huff and ML agree
10090725,Dupeljne,Kamnik,0.2787351321557914,Ljubljana,0.3068842507512817,0,Huff and ML disagree
10090733,Gabrje pod Limbarsko Goro,Kamnik,0.1331626521614302,Ljubljana,0.2888411995669442,0,Huff and ML disagree
10090741,Gabrje pod Špilkom,Kamnik,0.15129120488728376,Ljubljana,0.2714587318196493,0,Huff and ML disagree
10090750,Golčaj,Kamnik,0.1489173198605527,Ljubljana,0.2778439194033379,0,Huff and ML disagree
10090768,Gora pri Pečah,Litija,0.11537555472125381,Ljubljana,0.2768605744754845,0,Huff and ML disagree
10090776,Gorenje,Kamnik,0.09147678377569507,Ljubljana,0.2669745686495325,0,Huff and ML disagree
10090784,Gorica,Moravče,0.27238860736932413,Ljubljana,0.2698035835925101,0,Huff and ML disagree
10090792,Goričica pri Ihanu,Domžale,0.5402648951740989,Ljubljana,0.3776161947896561,0,Huff and ML disagree
10090806,Goričica pri Moravčah,Domžale,0.30162793827727097,Ljubljana,0.3431948944420682,0,Huff and ML disagree
10090814,Gorjuša,Domžale,0.6196319212733296,Domžale,0.4417707072741912,1,Huff and ML agree
10090822,Gradišče pri Lukovici,Lukovica,0.5035195133233165,Lukovica,0.3796668731759491,1,Huff and ML agree
10090849,Homec,Domžale,0.5328978495958419,Domžale,0.3260295806216011,1,Huff and ML agree
10090857,Hrastnik,Kamnik,0.09574854744336822,Ljubljana,0.297858632571043,0,Huff and ML disagree
10090865,Hrib nad Ribčami,Litija,0.19322258961930444,Ljubljana,0.3567857263745987,0,Huff and ML disagree
10090873,Hribi,Kamnik,0.07240199404560425,Ljubljana,0.197760505688326,0,Huff and ML disagree
10090881,Hudo,Kamnik,0.558967019505701,Domžale,0.2821960173580395,0,Huff and ML disagree
10090890,Ihan,Domžale,0.6800071445287602,Domžale,0.4372076713377595,1,Huff and ML agree
10090903,Imenje,Domžale,0.2505326825183245,Ljubljana,0.3136653536823336,0,Huff and ML disagree
10090911,Imovica,Lukovica,0.43300969186689314,Ljubljana,0.2791359046333418,0,Huff and ML disagree
10090920,Jasen,Kamnik,0.2941657269832135,Ljubljana,0.3105634081296837,0,Huff and ML disagree
10090938,Javorje pri Blagovici,Kamnik,0.11015184133447083,Ljubljana,0.2669238348949144,0,Huff and ML disagree
10090946,Jelša,Kamnik,0.1532664529643556,Ljubljana,0.276784100432519,0,Huff and ML disagree
10090954,Katarija,Litija,0.12447168151852757,Ljubljana,0.335677739729,0,Huff and ML disagree
10090962,Kokošnje,Domžale,0.28938189149275323,Ljubljana,0.3528585092369761,0,Huff and ML disagree
10090989,Količevo,Domžale,0.8466718392804482,Domžale,0.7514045012725306,1,Huff and ML agree
10090997,Kolovec,Kamnik,0.3359294234643715,Ljubljana,0.3132201176482516,0,Huff and ML disagree
10091004,Kompolje,Lukovica,0.26027445198867505,Ljubljana,0.2870330904345947,0,Huff and ML disagree
10091012,Koreno,Kamnik,0.1852427535075347,Ljubljana,0.3133485973524295,0,Huff and ML disagree
10091039,Korpe,Kamnik,0.13690502288547057,Ljubljana,0.292272051391571,0,Huff and ML disagree
10091047,Krajno Brdo,Kamnik,0.1795369248434552,Ljubljana,0.3048865936268872,0,Huff and ML disagree
10091055,Krašce,Kamnik,0.19016183426876362,Ljubljana,0.3040271157138975,0,Huff and ML disagree
10091063,Krašnja,Kamnik,0.1799119370334816,Ljubljana,0.3026220741405639,0,Huff and ML disagree
10091071,Križate,Litija,0.1193748667066062,Ljubljana,0.2499133345843158,0,Huff and ML disagree
10091080,Krtina,Domžale,0.5552391764519669,Domžale,0.4127747263162978,1,Huff and ML agree
10091098,Laze pri Domžalah,Domžale,0.5079611633372246,Domžale,0.3428293500733505,1,Huff and ML agree
10091101,Limbarska Gora,Kamnik,0.1006859805326928,Ljubljana,0.3015164472858182,0,Huff and ML disagree
10091110,Lipa,Kamnik,0.2002283048574765,Ljubljana,0.2918453418128633,0,Huff and ML disagree
10091128,Log,Kamnik,0.09575900270515192,Ljubljana,0.2669847605858914,0,Huff and ML disagree
10091136,Loka pri Mengšu,Mengeš,0.6064050651457294,Ljubljana,0.2999240379239855,0,Huff and ML disagree
10091144,Lukovica pri Domžalah,Lukovica,0.997101055324902,Lukovica,1.0,1,Huff and ML agree
10091152,Mala Lašna,Kamnik,0.24885644408505356,Ljubljana,0.3099042343309894,0,Huff and ML disagree
10091179,Mala Loka,Domžale,0.532510332104588,Ljubljana,0.5094143444118528,0,Huff and ML disagree
10091187,Mali Jelnik,Kamnik,0.16398182943787518,Ljubljana,0.2833428039400558,0,Huff and ML disagree
10091195,Mengeš,Mengeš,0.9946609816990336,Mengeš,1.0,1,Huff and ML agree
10091209,Moravče,Moravče,0.9895561689591057,Moravče,1.0,1,Huff and ML agree
10091217,Mošenik,Kamnik,0.1344504538464887,Ljubljana,0.2891022392205263,0,Huff and ML disagree
10091225,Negastrn,Kamnik,0.1774212091210534,Ljubljana,0.2899480627263238,0,Huff and ML disagree
10091233,Nožice,Kamnik,0.643774873422324,Kamnik,0.2928513826006206,1,Huff and ML agree
10091241,Obrše,Kamnik,0.30246470909719814,Ljubljana,0.2872193517213378,0,Huff and ML disagree
10091250,Peče,Litija,0.11849212477755333,Ljubljana,0.2695959260785164,0,Huff and ML disagree
10091268,Ples,Kamnik,0.1133472705511067,Ljubljana,0.2934898071046582,0,Huff and ML disagree
10091276,Podgora pri Zlatem Polju,Kamnik,0.2544517884857182,Ljubljana,0.3006323148081904,0,Huff and ML disagree
10091284,Podgorica pri Pečah,Litija,0.1130865409138591,Ljubljana,0.2596680940902996,0,Huff and ML disagree
10091292,Podmilj,Kamnik,0.11055165255970714,Ljubljana,0.248470838594391,0,Huff and ML disagree
10091306,Podrečje,Domžale,0.8603513857453434,Domžale,0.819219922499074,1,Huff and ML agree
10091314,Podsmrečje,Kamnik,0.13990633496102053,Ljubljana,0.2906699774776767,0,Huff and ML disagree
10091322,Podstran,Moravče,0.2979458607180599,Ljubljana,0.2581238461987726,0,Huff and ML disagree
10091349,Pogled,Moravče,0.18032484720912964,Ljubljana,0.2744266861206688,0,Huff and ML disagree
10091357,Poljane nad Blagovico,Kamnik,0.1950171955784874,Ljubljana,0.2770416810648407,0,Huff and ML disagree
10091365,Prelog,Domžale,0.7703419929679001,Domžale,0.6204643884206651,1,Huff and ML agree
10091373,Preserje pri Lukovici,Lukovica,0.2974930236087702,Ljubljana,0.3007907608601018,0,Huff and ML disagree
10091381,Preserje pri Radomljah,Domžale,0.7361529769251145,Domžale,0.5146469985161465,1,Huff and ML agree
10091390,Preserje pri Zlatem Polju,Kamnik,0.3297211188865423,Ljubljana,0.2801786721693788,0,Huff and ML disagree
10091403,Pretrž,Litija,0.11877891484556752,Ljubljana,0.2607114168481939,0,Huff and ML disagree
10091411,Prevalje,Domžale,0.35976702666776,Ljubljana,0.3005218902142391,0,Huff and ML disagree
10091420,Prevoje,Kamnik,0.14867475366113014,Ljubljana,0.2678273754589405,0,Huff and ML disagree
10091438,Prevoje pri Šentvidu,Domžale,0.532510332104588,Domžale,0.3238784699484073,1,Huff and ML agree
10091446,Prikrnica,Kamnik,0.18926024953004844,Ljubljana,0.3248288607097973,0,Huff and ML disagree
10091454,Prilesje,Kamnik,0.1552643026044028,Ljubljana,0.2715457365825863,0,Huff and ML disagree
10091462,Prvine,Kamnik,0.09053218217168318,Ljubljana,0.2378796724258676,0,Huff and ML disagree
10091489,Pšata,Ljubljana,0.48812257277473664,Ljubljana,0.5943463412286965,1,Huff and ML agree
10091497,Rača,Domžale,0.3318270478246356,Ljubljana,0.350110958615746,0,Huff and ML disagree
10091519,Račni Vrh,Domžale,0.3596793898988608,Ljubljana,0.3497718102587834,0,Huff and ML disagree
10091527,Radomlje,Domžale,0.5556835447863443,Domžale,0.3526349950487104,1,Huff and ML agree
10091535,Rafolče,Lukovica,0.446805094867855,Ljubljana,0.253471683515999,0,Huff and ML disagree
10091543,Rodica,Domžale,0.9755439578320536,Domžale,0.9350098459021852,1,Huff and ML agree
10091551,Rova,Domžale,0.47669836695168494,Domžale,0.2884327052593103,1,Huff and ML agree
10091560,Rudnik pri Moravčah,Moravče,0.8682613126308225,Moravče,0.878786113441579,1,Huff and ML agree
10091578,Selce,Kamnik,0.18926024953004844,Ljubljana,0.2765946755869746,0,Huff and ML disagree
10091586,Selce pri Moravčah,Kamnik,0.13502417724308968,Ljubljana,0.2914102871081085,0,Huff and ML disagree
10091594,Selo pri Ihanu,Domžale,0.533511463450671,Ljubljana,0.4758525178951291,0,Huff and ML disagree
10091608,Selo pri Moravčah,Domžale,0.27146222989566887,Ljubljana,0.3416950879123934,0,Huff and ML disagree
10091616,Serjuče,Moravče,0.26395230577720463,Ljubljana,0.2558030300518911,0,Huff and ML disagree
10091624,Soteska pri Moravčah,Moravče,0.45639138857915784,Moravče,0.3398288823622092,1,Huff and ML agree
10091632,Spodnja Dobrava,Kamnik,0.138040601490774,Ljubljana,0.2961339171584745,0,Huff and ML disagree
10091659,Spodnja Javoršica,Kamnik,0.18926024953004844,Ljubljana,0.3997697222317025,0,Huff and ML disagree
10091667,Spodnje Jarše,Domžale,0.9462377199069756,Domžale,0.9106011204614832,1,Huff and ML agree
10091675,Spodnje Koseze,Domžale,0.25426734244928517,Ljubljana,0.3202676345066358,0,Huff and ML disagree
10091683,Spodnje Loke,Kamnik,0.1577603317798096,Ljubljana,0.2998460423094968,0,Huff and ML disagree
10091691,Spodnje Prapreče,Lukovica,0.6018849337328295,Lukovica,0.5090576816320014,1,Huff and ML agree
10091705,Spodnji Petelinjek,Kamnik,0.138040601490774,Ljubljana,0.2624157184498043,0,Huff and ML disagree
10091713,Spodnji Prekar,Litija,0.20725833919717368,Ljubljana,0.3628512844439249,0,Huff and ML disagree
10091721,Spodnji Tuštanj,Kamnik,0.18676787202459533,Ljubljana,0.323337214561919,0,Huff and ML disagree
10091730,Srednje Jarše,Domžale,0.8466718392804482,Domžale,0.7698082075419542,1,Huff and ML agree
10091748,Stegne,Domžale,0.2523662674147271,Ljubljana,0.3497331262020033,0,Huff and ML disagree
10091756,Straža,Kamnik,0.28635636831416544,Ljubljana,0.3043926709328955,0,Huff and ML disagree
10091764,Studenec pri Krtini,Domžale,0.37387497146697657,Ljubljana,0.3293475857248442,0,Huff and ML disagree
10091772,Suša,Kamnik,0.09567058982833367,Ljubljana,0.2669893853439929,0,Huff and ML disagree
10091799,Šentožbolt,Kamnik,0.10237477961121254,Ljubljana,0.2266185954627781,0,Huff and ML disagree
10091802,Šentpavel pri Domžalah,Domžale,0.5378493631671953,Ljubljana,0.4898764047116863,0,Huff and ML disagree
10091829,Šentvid pri Lukovici,Lukovica,0.5146529716102243,Lukovica,0.3488446807732154,1,Huff and ML agree
10091837,Škocjan,Domžale,0.37518876248446553,Ljubljana,0.3162470979168471,0,Huff and ML disagree
10091845,Škrjančevo,Domžale,0.7333649278098343,Domžale,0.5314649966295618,1,Huff and ML agree
10091853,Topole,Kamnik,0.4710238176162685,Ljubljana,0.2961737206712612,0,Huff and ML disagree
10091861,Trnjava,Lukovica,0.4737059339982755,Lukovica,0.2844691102327292,1,Huff and ML agree
10091870,Trnovče,Kamnik,0.2787351321557914,Ljubljana,0.2956200857304433,0,Huff and ML disagree
10091888,Trojane,Kamnik,0.09355744135823942,Ljubljana,0.2038180136914931,0,Huff and ML disagree
10091896,Sv. Trojica,Domžale,0.3052406604760096,Ljubljana,0.3608582249522768,0,Huff and ML disagree
10091900,Trzin,Trzin,0.994615895581968,Trzin,1.0,1,Huff and ML agree
10091918,Turnše,Domžale,0.6435415413352135,Domžale,0.4504048938028015,1,Huff and ML agree
10091926,Učak,Kamnik,0.10114453703081691,Ljubljana,0.2197642343284501,0,Huff and ML disagree
10091934,V Zideh,Kamnik,0.08468252355288815,Ljubljana,0.1924593357784415,0,Huff and ML disagree
10091942,Velika vas,Ljubljana,0.18810961553042108,Ljubljana,0.4240796590414197,1,Huff and ML agree
10091969,Veliki Jelnik,Kamnik,0.14610355213306273,Ljubljana,0.2785078663899574,0,Huff and ML disagree
10091977,Videm pri Lukovici,Lukovica,0.3243437041286614,Ljubljana,0.3016180065899572,0,Huff and ML disagree
10091985,Vinje pri Moravčah,Kamnik,0.1782154633409772,Ljubljana,0.301527940452125,0,Huff and ML disagree
10091993,Vir,Domžale,0.9739197229503876,Domžale,0.9355890640537914,1,Huff and ML agree
10092019,Vošce,Kamnik,0.17916037202586654,Ljubljana,0.2953584048797287,0,Huff and ML disagree
10092027,Vranke,Kamnik,0.13405405796455735,Ljubljana,0.2652504884887936,0,Huff and ML disagree
10092035,Vrba,Domžale,0.42132989604283483,Ljubljana,0.2797548753306197,0,Huff and ML disagree
10092043,Vrh nad Krašnjo,Kamnik,0.21287653204020418,Ljubljana,0.3004655364426639,0,Huff and ML disagree
10092051,Vrhovlje,Kamnik,0.2986131250085965,Ljubljana,0.2841838206596174,0,Huff and ML disagree
10092060,Vrhpolje pri Moravčah,Domžale,0.20870916039563994,Ljubljana,0.3440422655218016,0,Huff and ML disagree
10092078,Zaboršt,Domžale,0.7965353072959056,Domžale,0.6786795046346591,1,Huff and ML agree
10092086,Zagorica pri Rovah,Kamnik,0.337195591807296,Ljubljana,0.298386662024494,0,Huff and ML disagree
10092094,Zalog pod Sv. Trojico,Domžale,0.31299648457740403,Ljubljana,0.3430778280504469,0,Huff and ML disagree
10092108,Zalog pri Kresnicah,Litija,0.18425029282665392,Ljubljana,0.383612169879075,0,Huff and ML disagree
10092116,Zalog pri Moravčah,Moravče,0.6001917857125233,Moravče,0.557074478887157,1,Huff and ML agree
10092124,Zavrh pri Trojanah,Kamnik,0.09606208107461478,Ljubljana,0.205485954703285,0,Huff and ML disagree
10092132,Zgornja Dobrava,Kamnik,0.14003724541347987,Ljubljana,0.2922283239081491,0,Huff and ML disagree
10092159,Zgornja Javoršica,Ljubljana,0.20697322892007886,Ljubljana,0.406004991418385,1,Huff and ML agree
10092167,Zgornje Jarše,Domžale,0.7643872819105311,Domžale,0.5509156952231692,1,Huff and ML agree
10092175,Zgornje Koseze,Litija,0.11814694554917271,Ljubljana,0.2792516304661641,0,Huff and ML disagree
10092183,Zgornje Loke,Kamnik,0.13943873088279954,Ljubljana,0.2952415555245684,0,Huff and ML disagree
10092191,Zgornje Prapreče,Lukovica,0.5104815995193994,Lukovica,0.3987645838687453,1,Huff and ML agree
10092205,Zgornji Petelinjek,Kamnik,0.13956699792338745,Ljubljana,0.264043158430469,0,Huff and ML disagree
10092213,Zgornji Prekar,Litija,0.21155365124992911,Ljubljana,0.3296775654896471,0,Huff and ML disagree
10092221,Zgornji Tuštanj,Kamnik,0.172779050196314,Ljubljana,0.3167303089975888,0,Huff and ML disagree
10092230,Zlatenek,Kamnik,0.15665656219601076,Ljubljana,0.2771977547681863,0,Huff and ML disagree
10092248,Zlato Polje,Kamnik,0.2477266364959815,Ljubljana,0.3021907210292958,0,Huff and ML disagree
10092256,Žeje,Domžale,0.31698820790409243,Ljubljana,0.3615026263977849,0,Huff and ML disagree
10092264,Želodnik,Domžale,0.7307698399896638,Domžale,0.544575691943974,1,Huff and ML agree
10092272,Žiče,Kamnik,0.3429528814257917,Ljubljana,0.2944324550238684,0,Huff and ML disagree
10092299,Žirovše,Kamnik,0.14982403910342695,Ljubljana,0.2997032314711549,0,Huff and ML disagree
10092302,Straža pri Moravčah,Moravče,0.1510205379082975,Ljubljana,0.2813183208524262,0,Huff and ML disagree
10092329,Dvorje,Domžale,0.2443066757766344,Ljubljana,0.3312030613460178,0,Huff and ML disagree
10092337,Sveti Andrej,Domžale,0.2129842108633538,Ljubljana,0.3228865455394462,0,Huff and ML disagree
10092345,Dobovlje,Domžale,0.36244934889377695,Ljubljana,0.4341402874036595,0,Huff and ML disagree
10092353,Bukovska vas,Slovenj Gradec,0.42685726527641615,Slovenj Gradec,0.4580420839024546,1,Huff and ML agree
10092361,Črneče,Dravograd,0.41771957314523517,Dravograd,0.6184896604662035,1,Huff and ML agree
10092370,Črneška Gora,Dravograd,0.16452523552613627,Dravograd,0.379902696184388,1,Huff and ML agree
10092388,Dobrova pri Dravogradu,Dravograd,0.4086376744226577,Dravograd,0.5646197525091236,1,Huff and ML agree
10092396,Dravograd,Dravograd,0.9924946460427789,Dravograd,1.0,1,Huff and ML agree
10092400,Gorče,Dravograd,0.10190177600121997,Dravograd,0.2500322341570016,1,Huff and ML agree
10092418,Goriški Vrh,Dravograd,0.13115479010386352,Dravograd,0.2738096297831475,1,Huff and ML agree
10092426,Kozji Vrh nad Dravogradom,Dravograd,0.14980734398911522,Dravograd,0.2926392727404899,1,Huff and ML agree
10092434,Libeliče,Dravograd,0.09775529106977648,Dravograd,0.2302201546817416,1,Huff and ML agree
10092442,Libeliška Gora,Dravograd,0.07528897842653565,Dravograd,0.1940812393977609,1,Huff and ML agree
10092469,Ojstrica,Dravograd,0.10191225357459954,Dravograd,0.255911245139946,1,Huff and ML agree
10092477,Otiški Vrh,Dravograd,0.420861841317563,Dravograd,0.5552204038752825,1,Huff and ML agree
10092485,Podklanc,Dravograd,0.46651137944867843,Dravograd,0.6340043564239618,1,Huff and ML agree
10092493,Selovec,Slovenj Gradec,0.3460896012786975,Slovenj Gradec,0.4514499310300587,1,Huff and ML agree
10092507,Sv. Boštjan,Dravograd,0.47164894879979,Dravograd,0.6899919051364071,1,Huff and ML agree
10092515,Sv. Danijel,Slovenj Gradec,0.15713055146404847,Slovenj Gradec,0.2199968849827077,1,Huff and ML agree
10092523,Sv. Duh,Dravograd,0.16428275743381376,Dravograd,0.4003078737944575,1,Huff and ML agree
10092531,Šentjanž pri Dravogradu,Slovenj Gradec,0.3064252833983981,Dravograd,0.3441080467293559,0,Huff and ML disagree
10092540,Tolsti Vrh p. R. na K. - del,Dravograd,0.2367920408610085,Dravograd,0.4509419099346748,1,Huff and ML agree
10092558,Trbonje,Muta,0.2568575893749532,Muta,0.2153915256107053,1,Huff and ML agree
10092566,Tribej,Dravograd,0.16177896444206394,Dravograd,0.3833912339808429,1,Huff and ML agree
10092574,Velka,Dravograd,0.18836567528235043,Dravograd,0.390005531858231,1,Huff and ML agree
10092582,Vič,Dravograd,0.4114175419341869,Dravograd,0.6369701043015938,1,Huff and ML agree
10092604,Vrata,Muta,0.25411988508366123,Dravograd,0.2174689656502546,0,Huff and ML disagree
10092612,Apače,Apače,0.9946238612638457,Apače,1.0,1,Huff and ML agree
10092639,Aženski Vrh,Gornja Radgona,0.22581546359272175,Gornja Radgona,0.3093305191483794,1,Huff and ML agree
10092647,Biserjane,Sveti Jurij ob Ščavnici,0.6736040834307218,Sveti Jurij ob Ščavnici,0.7451178136142627,1,Huff and ML agree
10092655,Blaguš,Sveti Jurij ob Ščavnici,0.44946180752738657,Sveti Jurij ob Ščavnici,0.528958904089278,1,Huff and ML agree
10092663,Boračeva,Radenci,0.47221830871829396,Radenci,0.5615549806523731,1,Huff and ML agree
10092671,Brezje,Sveti Jurij ob Ščavnici,0.5097252140869886,Sveti Jurij ob Ščavnici,0.5658869788979373,1,Huff and ML agree
10092680,Čakova,Sveti Jurij ob Ščavnici,0.5119603559789361,Sveti Jurij ob Ščavnici,0.5898225960925689,1,Huff and ML agree
10092698,Črešnjevci,Gornja Radgona,0.5452896397190884,Gornja Radgona,0.6413932407376697,1,Huff and ML agree
10092701,Črnci,Apače,0.36950611750372536,Apače,0.4029477939252466,1,Huff and ML agree
10092710,Dragotinci,Sveti Jurij ob Ščavnici,0.3465002553869097,Sveti Jurij ob Ščavnici,0.3959607872495012,1,Huff and ML agree
10092728,Drobtinci,Maribor,0.13518675609384648,Maribor,0.2007009238265538,1,Huff and ML agree
10092736,Gabrc,Murska Sobota,0.16387551025811875,Ptuj,0.160279145557038,0,Huff and ML disagree
10092744,Galušak,Murska Sobota,0.16088766420577583,Ptuj,0.146107853213622,0,Huff and ML disagree
10092752,Gornja Radgona,Gornja Radgona,0.9986878700016462,Gornja Radgona,1.0,1,Huff and ML agree
10092779,Gornji Ivanjci,Murska Sobota,0.1695467868353053,Maribor,0.1403786582245024,0,Huff and ML disagree
10092787,Grabe,Maribor,0.1192089040784101,Maribor,0.2160332512495407,1,Huff and ML agree
10092795,Grabonoš,Sveti Jurij ob Ščavnici,0.2810967154765893,Sveti Jurij ob Ščavnici,0.2722212491839937,1,Huff and ML agree
10092809,Grabšinci,Ptuj,0.17622420204986877,Ptuj,0.1746879032857302,1,Huff and ML agree
10092817,Hercegovščak,Gornja Radgona,0.6902071958804951,Gornja Radgona,0.8142155591209003,1,Huff and ML agree
10092825,Hrastje-Mota,Murska Sobota,0.17159074988519707,Murska Sobota,0.2087665814878206,1,Huff and ML agree
10092833,Hrašenski Vrh,Murska Sobota,0.14905973173302306,Murska Sobota,0.1770885935750413,1,Huff and ML agree
10092841,Ivanjski Vrh,Murska Sobota,0.1590094637859503,Cerkvenjak,0.1585692340059397,0,Huff and ML disagree
10092850,Ivanjševci ob Ščavnici,Murska Sobota,0.17040517345708195,Maribor,0.1447504465059615,0,Huff and ML disagree
10092868,Ivanjševski Vrh,Murska Sobota,0.16956092823180272,Gornja Radgona,0.1537307280809459,0,Huff and ML disagree
10092876,Jamna,Sveti Jurij ob Ščavnici,0.6784399510751797,Sveti Jurij ob Ščavnici,0.8104913341226462,1,Huff and ML agree
10092884,Janhova,Maribor,0.12944713881629813,Maribor,0.2032135443949724,1,Huff and ML agree
10092892,Janžev Vrh,Gornja Radgona,0.21860559158532578,Gornja Radgona,0.2321117986456397,1,Huff and ML agree
10092906,Kapelski Vrh,Radenci,0.21839344336596284,Radenci,0.2574181988494599,1,Huff and ML agree
10092914,Kobilščak,Radenci,0.2928516865048879,Radenci,0.344251265013642,1,Huff and ML agree
10092922,Kocjan,Murska Sobota,0.15997683108411204,Radenci,0.1489545550731966,0,Huff and ML disagree
10092949,Kočki Vrh,Cerkvenjak,0.30840587175694156,Cerkvenjak,0.304266619534866,1,Huff and ML agree
10092957,Kokolajnščak,Ptuj,0.1730944217595109,Ptuj,0.1756240267151876,1,Huff and ML agree
10092965,Kraljevci,Sveti Jurij ob Ščavnici,0.2624916850093505,Sveti Jurij ob Ščavnici,0.2090106898838511,1,Huff and ML agree
10092973,Kunova,Maribor,0.16258057446147867,Maribor,0.1452534268431695,1,Huff and ML agree
10092981,Kupetinci,Murska Sobota,0.17372240692077448,Murska Sobota,0.2223901627339565,1,Huff and ML agree
10092990,Kutinci,Sveti Jurij ob Ščavnici,0.1712226653557531,Sveti Jurij ob Ščavnici,0.1718515094391056,1,Huff and ML agree
10093007,Lastomerci,Gornja Radgona,0.1832851831824604,Gornja Radgona,0.2212918647427885,1,Huff and ML agree
10093015,Lešane,Maribor,0.1205209022900648,Maribor,0.1644606295128039,1,Huff and ML agree
10093023,Lokavci,Maribor,0.18135852649689363,Maribor,0.1788274036877079,1,Huff and ML agree
10093031,Lomanoše,Gornja Radgona,0.3346839366625957,Gornja Radgona,0.4122681868092976,1,Huff and ML agree
10093040,Lutverci,Gornja Radgona,0.3437074384582421,Gornja Radgona,0.4256788538788346,1,Huff and ML agree
10093058,Mahovci,Apače,0.16134031572996438,Apače,0.1887041809927517,1,Huff and ML agree
10093066,Mali Moravščak,Ptuj,0.1735123297282191,Ptuj,0.1826629316434355,1,Huff and ML agree
10093074,Melanjski Vrh,Murska Sobota,0.16030940884524558,Radenci,0.1603552922803538,0,Huff and ML disagree
10093082,Mele,Gornja Radgona,0.42145149155398653,Gornja Radgona,0.4217564504421232,1,Huff and ML agree
10093104,Murski Vrh,Murska Sobota,0.1356657283923913,Murska Sobota,0.1892251500565308,1,Huff and ML agree
10093112,Murščak,Murska Sobota,0.15232828525103975,Murska Sobota,0.1993150408528204,1,Huff and ML agree
10093139,Nasova,Maribor,0.11920920678286347,Maribor,0.1942323095908413,1,Huff and ML agree
10093147,Negova,Maribor,0.17880698063756018,Maribor,0.1677404806919143,1,Huff and ML agree
10093155,Norički Vrh,Gornja Radgona,0.8433344082908221,Gornja Radgona,0.8885316356934568,1,Huff and ML agree
10093163,Novi Vrh,Maribor,0.18311101987111889,Maribor,0.2779528813025381,1,Huff and ML agree
10093171,Očeslavci,Murska Sobota,0.1880682761959206,Sveti Jurij ob Ščavnici,0.1237184997467128,0,Huff and ML disagree
10093180,Okoslavci,Murska Sobota,0.19356192645938197,Sveti Jurij ob Ščavnici,0.1536508448423401,0,Huff and ML disagree
10093198,Orehovci,Gornja Radgona,0.3429550668250463,Gornja Radgona,0.3917733399284062,1,Huff and ML agree
10093201,Orehovski Vrh,Gornja Radgona,0.3437074384582421,Gornja Radgona,0.3978516384237965,1,Huff and ML agree
10093210,Paričjak,Radenci,0.3862141291014787,Radenci,0.5025562045790886,1,Huff and ML agree
10093228,Plitvica,Gornja Radgona,0.18068276835735875,Gornja Radgona,0.2258914598968334,1,Huff and ML agree
10093236,Plitvički Vrh,Gornja Radgona,0.17447706359914048,Gornja Radgona,0.2245792947342168,1,Huff and ML agree
10093244,Podgorje,Maribor,0.1383428768043765,Maribor,0.2379746265214069,1,Huff and ML agree
10093252,Podgrad,Gornja Radgona,0.5273015776643729,Gornja Radgona,0.638882930069312,1,Huff and ML agree
10093279,Pogled,Maribor,0.13332888689366654,Maribor,0.2603887984520422,1,Huff and ML agree
10093287,Police,Gornja Radgona,0.34362064667530695,Gornja Radgona,0.4434000401103786,1,Huff and ML agree
10093295,Ptujska Cesta,Gornja Radgona,0.22061743316156301,Gornja Radgona,0.2491604993845517,1,Huff and ML agree
10093309,Rački Vrh,Radenci,0.20906937175688597,Radenci,0.2268914240335393,1,Huff and ML agree
10093317,Radenci,Radenci,0.9985688814085759,Radenci,1.0,1,Huff and ML agree
10093325,Radenski Vrh,Radenci,0.22830573787177857,Radenci,0.2890025265571069,1,Huff and ML agree
10093333,Radvenci,Murska Sobota,0.15753211507769785,Maribor,0.1696231268517992,0,Huff and ML disagree
10093341,Rihtarovci,Radenci,0.43003819667906745,Radenci,0.5326570252380572,1,Huff and ML agree
10093350,Rodmošci,Murska Sobota,0.19199029133350254,Gornja Radgona,0.2143759486309074,0,Huff and ML disagree
10093368,Rožički Vrh,Murska Sobota,0.16255352387553942,Sveti Jurij ob Ščavnici,0.1627309571374416,0,Huff and ML disagree
10093376,Segovci,Apače,0.5233543819656098,Apače,0.5873193782035723,1,Huff and ML agree
10093384,Selišči,Sveti Jurij ob Ščavnici,0.1683508337622949,Murska Sobota,0.1850038490832896,0,Huff and ML disagree
10093392,Slaptinci,Sveti Jurij ob Ščavnici,0.3419001141264989,Sveti Jurij ob Ščavnici,0.3789776060798593,1,Huff and ML agree
10093406,Sovjak,Sveti Jurij ob Ščavnici,0.30800533447178247,Sveti Jurij ob Ščavnici,0.3154519603057287,1,Huff and ML agree
10093414,Spodnja Ščavnica,Gornja Radgona,0.15932209488895954,Gornja Radgona,0.1950799881741614,1,Huff and ML agree
10093422,Spodnje Konjišče,Maribor,0.10626263431710385,Maribor,0.1910974573353502,1,Huff and ML agree
10093449,Spodnji Ivanjci,Murska Sobota,0.1708615996471476,Sveti Jurij ob Ščavnici,0.1231394986478371,0,Huff and ML disagree
10093457,Spodnji Kocjan,Murska Sobota,0.15965964181629114,Radenci,0.1810103358292734,0,Huff and ML disagree
10093465,Stanetinci,Murska Sobota,0.14458103396585703,Murska Sobota,0.1836156870182663,1,Huff and ML agree
10093473,Stara Gora,Murska Sobota,0.18444975107505995,Sveti Jurij ob Ščavnici,0.158582854893608,0,Huff and ML disagree
10093481,Stavešinci,Murska Sobota,0.19493429469420057,Maribor,0.1326176801630072,0,Huff and ML disagree
10093490,Stavešinski Vrh,Murska Sobota,0.19356192645938197,Gornja Radgona,0.1501056596163844,0,Huff and ML disagree
10093503,Stogovci,Maribor,0.10332096724029315,Maribor,0.2026267774851104,1,Huff and ML agree
10093511,Šratovci,Radenci,0.4409301766049632,Radenci,0.4714274130339638,1,Huff and ML agree
10093520,Terbegovci,Murska Sobota,0.1950042660275486,Ptuj,0.1422198376739105,0,Huff and ML disagree
10093538,Turjanci,Radenci,0.3281688199501579,Radenci,0.4601191577620804,1,Huff and ML agree
10093546,Turjanski Vrh,Radenci,0.21016531639429156,Radenci,0.2437181806674091,1,Huff and ML agree
10093554,Sveti Jurij ob Ščavnici,Sveti Jurij ob Ščavnici,0.9867409766616457,Sveti Jurij ob Ščavnici,1.0,1,Huff and ML agree
10093562,Vratja vas,Maribor,0.11946263762130892,Maribor,0.2670522707414495,1,Huff and ML agree
10093589,Vratji Vrh,Maribor,0.17671248999882458,Maribor,0.2915451367983746,1,Huff and ML agree
10093597,Zagajski Vrh,Maribor,0.1436047526374365,Maribor,0.1805873408023975,1,Huff and ML agree
10093619,Zbigovci,Gornja Radgona,0.2528328509458916,Gornja Radgona,0.3411741436278048,1,Huff and ML agree
10093627,Zgornje Konjišče,Maribor,0.12610282237760131,Maribor,0.2568780661544713,1,Huff and ML agree
10093635,Zgornji Kocjan,Radenci,0.21697820012031013,Radenci,0.2752258873901245,1,Huff and ML agree
10093643,Ženik,Sveti Jurij ob Ščavnici,0.2962793116972551,Sveti Jurij ob Ščavnici,0.3182884545731628,1,Huff and ML agree
10093651,Žepovci,Apače,0.11273503328318765,Maribor,0.172102522632547,0,Huff and ML disagree
10093660,Žiberci,Maribor,0.10296342968390915,Maribor,0.1884867254274798,1,Huff and ML agree
10093678,Žihlava,Sveti Jurij ob Ščavnici,0.2554733664390512,Sveti Jurij ob Ščavnici,0.2476205624467914,1,Huff and ML agree
10093686,Žrnova,Radenci,0.20341058174452847,Radenci,0.2061365416447381,1,Huff and ML agree
10093694,Ambrus,Ljubljana,0.0517701406355318,Ljubljana,0.2359586101456564,1,Huff and ML agree
10093708,Artiža vas,Ivančna Gorica,0.6570216839643271,Ivančna Gorica,0.6963161571373092,1,Huff and ML agree
10093716,Bakrc,Kočevje,0.039434506365319304,Ljubljana,0.2274910424925624,0,Huff and ML disagree
10093724,Bičje,Grosuplje,0.24375027883697206,Ljubljana,0.3968113573520196,0,Huff and ML disagree
10093732,Blečji Vrh,Ljubljana,0.18351418805027117,Ljubljana,0.3655354007933901,1,Huff and ML agree
10093759,Boga vas,Ivančna Gorica,0.23309733476648917,Ivančna Gorica,0.251710680072358,1,Huff and ML agree
10093767,Bojanji Vrh,Ivančna Gorica,0.4030474901411429,Ivančna Gorica,0.4487311510579977,1,Huff and ML agree
10093775,Bratnice,Ivančna Gorica,0.12476128955478837,Ljubljana,0.1934501651232482,0,Huff and ML disagree
10093783,Breg pri Dobu,Ivančna Gorica,0.28418544810125235,Ivančna Gorica,0.3018613215282853,1,Huff and ML agree
10093791,Breg pri Temenici,Ivančna Gorica,0.16570175797028072,Ljubljana,0.1916913466517417,0,Huff and ML disagree
10093805,Breg pri Zagradcu,Žužemberk,0.10843219587172177,Ljubljana,0.207778423466235,0,Huff and ML disagree
10093813,Brezje pri Grosupljem,Grosuplje,0.7283634181948707,Grosuplje,0.7027614401955965,1,Huff and ML agree
10093821,Brezovi Dol,Novo mesto,0.04393966608334126,Ljubljana,0.2280121899906938,0,Huff and ML disagree
10093830,Bruhanja vas,Dobrepolje,0.4849382331550448,Dobrepolje,0.5520844115121312,1,Huff and ML agree
10093848,Brvace,Grosuplje,0.7814127200960863,Grosuplje,0.8206450408423379,1,Huff and ML agree
10093856,Bukovica,Litija,0.2164929058306081,Ivančna Gorica,0.2135329652173617,0,Huff and ML disagree
10093864,Cerovo,Grosuplje,0.2342413406169625,Ljubljana,0.3431658294621778,0,Huff and ML disagree
10093872,Cesta,Dobrepolje,0.5290255904293167,Dobrepolje,0.5883291247619312,1,Huff and ML agree
10093899,Cikava,Grosuplje,0.67887369059422,Grosuplje,0.5607491397332917,1,Huff and ML agree
10093902,Čagošče,Litija,0.16284774215771003,Ljubljana,0.1994432579250213,0,Huff and ML disagree
10093929,Češnjice pri Zagradcu,Ivančna Gorica,0.0804859113415382,Ljubljana,0.2219539932194852,0,Huff and ML disagree
10093937,Čušperk,Ljubljana,0.11284119624682058,Ljubljana,0.3430585404773581,1,Huff and ML agree
10093945,Debeče,Litija,0.24791030344243406,Ljubljana,0.2434685602150157,0,Huff and ML disagree
10093953,Dečja vas pri Zagradcu,Ivančna Gorica,0.0889564947867468,Ljubljana,0.2270815439801525,0,Huff and ML disagree
10093961,Dedni Dol,Ivančna Gorica,0.1775693846054811,Ljubljana,0.3310403607674028,0,Huff and ML disagree
10093970,Dob pri Šentvidu,Ivančna Gorica,0.31586041470193554,Ivančna Gorica,0.3502567363687002,1,Huff and ML agree
10093988,Dobrava pri Stični,Ivančna Gorica,0.3216874010691378,Ivančna Gorica,0.357814801735019,1,Huff and ML agree
10093996,Dole pri Polici,Ljubljana,0.22472139619079637,Ljubljana,0.4032914256945241,1,Huff and ML agree
10094003,Dolenja vas pri Polici,Grosuplje,0.18839653000740314,Ljubljana,0.3670449096538629,0,Huff and ML disagree
10094011,Dolenja vas pri Temenici,Litija,0.18491298035027703,Ljubljana,0.1928872076323118,0,Huff and ML disagree
10094020,Fužina,Ivančna Gorica,0.12193742576502865,Ljubljana,0.2273370489411875,0,Huff and ML disagree
10094038,Gabrje pri Ilovi Gori,Ljubljana,0.11728260710844735,Ljubljana,0.3451983545943746,1,Huff and ML agree
10094046,Gabrje pri Stični,Ivančna Gorica,0.6223310178989765,Ivančna Gorica,0.6378033120185379,1,Huff and ML agree
10094054,Gabrovčec,Ivančna Gorica,0.22394843255888436,Ivančna Gorica,0.2471621312035566,1,Huff and ML agree
10094062,Gabrovka pri Zagradcu,Ivančna Gorica,0.13301369279773104,Ljubljana,0.2241497210354751,0,Huff and ML disagree
10094089,Gajniče,Škofljica,0.5154220896866828,Ljubljana,0.4250613052116402,0,Huff and ML disagree
10094097,Gatina,Grosuplje,0.604010568216073,Grosuplje,0.5933131170157756,1,Huff and ML agree
10094119,Glogovica,Ivančna Gorica,0.5877303656011389,Ivančna Gorica,0.618768255010241,1,Huff and ML agree
10094127,Gorenja vas,Ivančna Gorica,0.6727956501422279,Ivančna Gorica,0.7091581711207579,1,Huff and ML agree
10094135,Gorenja vas pri Polici,Ljubljana,0.18790093996892623,Ljubljana,0.3717175272420641,1,Huff and ML agree
10094143,Gorenje Brezovo,Ivančna Gorica,0.12054337664152753,Ljubljana,0.3274824536495533,0,Huff and ML disagree
10094151,Gornji Rogatec,Ljubljana,0.19367242087320893,Ljubljana,0.4085027471381786,1,Huff and ML agree
10094160,Gradiček,Ivančna Gorica,0.1491831691314365,Ljubljana,0.2582398868912773,0,Huff and ML disagree
10094178,Grintovec,Ivančna Gorica,0.08044782862992791,Ljubljana,0.2295401035666649,0,Huff and ML disagree
10094186,Griže,Ivančna Gorica,0.6941172009469309,Ivančna Gorica,0.753617542971388,1,Huff and ML agree
10094194,Grm,Ivančna Gorica,0.2535120336645162,Ivančna Gorica,0.2701976598213945,1,Huff and ML agree
10094208,Grosuplje,Grosuplje,0.9988282396933786,Grosuplje,1.0,1,Huff and ML agree
10094216,Hočevje,Ljubljana,0.08207961820290156,Ljubljana,0.2902839890556006,1,Huff and ML agree
10094224,Hrastje pri Grosupljem,Grosuplje,0.5692236886654362,Grosuplje,0.4482329157872485,1,Huff and ML agree
10094232,Hrastov Dol,Ivančna Gorica,0.21746960703050053,Ivančna Gorica,0.2462144053678743,1,Huff and ML agree
10094259,Huda Polica,Ljubljana,0.3670615209172861,Ljubljana,0.4499922649313944,1,Huff and ML agree
10094267,Ivančna Gorica,Ivančna Gorica,0.9982320739870721,Ivančna Gorica,1.0,1,Huff and ML agree
10094275,Kal,Ljubljana,0.047423598529174445,Ljubljana,0.2370181474691632,1,Huff and ML agree
10094283,Kamni Vrh pri Ambrusu,Ljubljana,0.05234492221273234,Ljubljana,0.2317254428085732,1,Huff and ML agree
10094291,Kamno Brdo,Ivančna Gorica,0.12834374667193957,Ljubljana,0.3155907745162196,0,Huff and ML disagree
10094305,Kitni Vrh,Ivančna Gorica,0.15364788650574415,Ljubljana,0.2253369373568594,0,Huff and ML disagree
10094313,Kompolje,Dobrepolje,0.21585172103835842,Ljubljana,0.2501629218623901,0,Huff and ML disagree
10094321,Kožljevec,Ljubljana,0.17875841284402597,Ljubljana,0.3591649228670125,1,Huff and ML agree
10094330,Kriška vas,Ivančna Gorica,0.16914556462228547,Ljubljana,0.31495010125062,0,Huff and ML disagree
10094348,Krka,Ivančna Gorica,0.16639732757220393,Ljubljana,0.2485769440681793,0,Huff and ML disagree
10094356,Krška vas,Ivančna Gorica,0.2269012947422024,Ivančna Gorica,0.2488593931045801,1,Huff and ML agree
10094364,Kuželjevec,Ljubljana,0.05356777676161957,Ljubljana,0.2376774021856057,1,Huff and ML agree
10094372,Laze nad Krko,Ivančna Gorica,0.08793146117795977,Ljubljana,0.2644436874727564,0,Huff and ML disagree
10094399,Leskovec,Litija,0.12206591351576764,Ljubljana,0.3471156099848316,0,Huff and ML disagree
10094402,Leščevje,Ivančna Gorica,0.3006343260846912,Ivančna Gorica,0.3351632163305955,1,Huff and ML agree
10094429,Lučarjev Kal,Ivančna Gorica,0.2269012947422024,Ivančna Gorica,0.2632490328440511,1,Huff and ML agree
10094437,Luče,Ljubljana,0.10990754174202266,Ljubljana,0.3467362163661452,1,Huff and ML agree
10094445,Mala Dobrava,Ivančna Gorica,0.46828362914591487,Ivančna Gorica,0.4303846765459702,1,Huff and ML agree
10094453,Mala Goričica,Ivančna Gorica,0.24630800215485824,Ivančna Gorica,0.2442629015299172,1,Huff and ML agree
10094461,Mala Ilova Gora,Ljubljana,0.09239851891165865,Ljubljana,0.3203675717951424,1,Huff and ML agree
10094470,Mala Loka pri Višnji Gori,Ivančna Gorica,0.15368153563442286,Ljubljana,0.3212626950900536,0,Huff and ML disagree
10094488,Mala Račna,Grosuplje,0.13077594261748923,Ljubljana,0.3485327639858626,0,Huff and ML disagree
10094496,Mala Stara vas,Grosuplje,0.5692236886654362,Grosuplje,0.50801821589594,1,Huff and ML agree
10094500,Mala vas pri Grosupljem,Grosuplje,0.36444064306770035,Grosuplje,0.3875414665385756,1,Huff and ML agree
10094518,Mala vas,Dobrepolje,0.522580225990254,Dobrepolje,0.600562272034738,1,Huff and ML agree
10094526,Male Češnjice,Ivančna Gorica,0.371765183145026,Ivančna Gorica,0.3962038136409728,1,Huff and ML agree
10094534,Male Dole pri Temenici,Ivančna Gorica,0.13327679667198392,Ljubljana,0.1941464086490573,0,Huff and ML disagree
10094542,Male Kompolje,Ivančna Gorica,0.3204701442735419,Ivančna Gorica,0.3815372382646882,1,Huff and ML agree
10094569,Male Lese,Ivančna Gorica,0.15312730184403972,Ljubljana,0.2343633757036661,0,Huff and ML disagree
10094577,Male Lipljene,Ljubljana,0.11748244527961887,Ljubljana,0.3729207977835742,1,Huff and ML agree
10094585,Male Pece,Ivančna Gorica,0.3211173552907532,Ivančna Gorica,0.3780616252748571,1,Huff and ML agree
10094593,Male Rebrce,Žužemberk,0.14204845798121093,Ljubljana,0.1963052032323067,0,Huff and ML disagree
10094607,Male Vrhe,Ivančna Gorica,0.22650607658997632,Ljubljana,0.2702687310884304,0,Huff and ML disagree
10094615,Mali Kal,Ivančna Gorica,0.22818776316259792,Ivančna Gorica,0.2668547374970348,1,Huff and ML agree
10094623,Mali Konec,Ljubljana,0.1869001420537028,Ljubljana,0.3718757068572655,1,Huff and ML agree
10094631,Mali Korinj,Ivančna Gorica,0.07107065086082748,Ljubljana,0.2536254301513224,0,Huff and ML disagree
10094640,Mali Vrh pri Šmarju,Škofljica,0.5154220896866828,Ljubljana,0.4548322587978103,0,Huff and ML disagree
10094658,Malo Črnelo,Ivančna Gorica,0.6936693307486322,Ivančna Gorica,0.7500881717974106,1,Huff and ML agree
10094666,Malo Globoko,Ivančna Gorica,0.12050956207642617,Ljubljana,0.2303607569005641,0,Huff and ML disagree
10094674,Malo Hudo,Ivančna Gorica,0.8027272023928234,Ivančna Gorica,0.8375368316490639,1,Huff and ML agree
10094682,Malo Mlačevo,Grosuplje,0.582984202661793,Grosuplje,0.5913950172079243,1,Huff and ML agree
10094704,Marinča vas,Ivančna Gorica,0.13186436773620278,Ljubljana,0.2332497943241351,0,Huff and ML disagree
10094712,Medvedica,Ljubljana,0.17185475218729704,Ljubljana,0.3842441612445387,1,Huff and ML agree
10094739,Mekinje nad Stično,Ivančna Gorica,0.5077248510148915,Ivančna Gorica,0.5320941262809955,1,Huff and ML agree
10094747,Metnaj,Ivančna Gorica,0.3016926718948572,Ivančna Gorica,0.3036167350832737,1,Huff and ML agree
10094755,Mevce,Ivančna Gorica,0.27192921783816454,Ivančna Gorica,0.2926561732159394,1,Huff and ML agree
10094763,Mleščevo,Ivančna Gorica,0.8059422058968037,Ivančna Gorica,0.9309937893819836,1,Huff and ML agree
10094771,Mrzlo Polje,Ivančna Gorica,0.8067233590487168,Ivančna Gorica,0.932009434497729,1,Huff and ML agree
10094780,Muljava,Ivančna Gorica,0.4030474901411429,Ivančna Gorica,0.4378671524398452,1,Huff and ML agree
10094798,Nova vas,Ivančna Gorica,0.2459277416013315,Ljubljana,0.2829286794315876,0,Huff and ML disagree
10094801,Obolno,Litija,0.2486400705938653,Ljubljana,0.2941295792839249,0,Huff and ML disagree
10094810,Oslica,Ivančna Gorica,0.3825042465427396,Ivančna Gorica,0.4228350959139521,1,Huff and ML agree
10094828,Osredek nad Stično,Litija,0.24818829982227913,Ljubljana,0.2651190878068551,0,Huff and ML disagree
10094836,Paradišče,Grosuplje,0.5328499657470738,Grosuplje,0.3822581254649316,1,Huff and ML agree
10094844,Pece,Grosuplje,0.282251801150501,Ljubljana,0.3652675961711912,0,Huff and ML disagree
10094852,Peč,Grosuplje,0.24420965914451734,Ljubljana,0.3378446766790116,0,Huff and ML disagree
10094879,Peščenik,Grosuplje,0.19323352274035574,Ljubljana,0.3094245505616759,0,Huff and ML disagree
10094887,Petrušnja vas,Ivančna Gorica,0.4424546206245919,Ivančna Gorica,0.4601981948996267,1,Huff and ML agree
10094895,Planina,Litija,0.26194293879597796,Ljubljana,0.2541150086889597,0,Huff and ML disagree
10094909,Plešivica pri Žalni,Grosuplje,0.2619276542502319,Grosuplje,0.349965497901006,1,Huff and ML agree
10094917,Podboršt,Ivančna Gorica,0.2881525366091354,Ivančna Gorica,0.2992431020387854,1,Huff and ML agree
10094925,Podbukovje,Ivančna Gorica,0.15319362576641912,Ljubljana,0.2580938918040174,0,Huff and ML disagree
10094933,Podgora,Dobrepolje,0.3334010627238154,Dobrepolje,0.3248226204305078,1,Huff and ML agree
10094941,Podgorica,Dobrepolje,0.7291500533362626,Dobrepolje,0.8442245262442508,1,Huff and ML agree
10094950,Podgorica pri Podtaboru,Ljubljana,0.22273056987539389,Ljubljana,0.4100888226294293,1,Huff and ML agree
10094968,Podgorica pri Šmarju,Ljubljana,0.3995501181532088,Ljubljana,0.4382191909926795,1,Huff and ML agree
10094976,Podpeč,Dobrepolje,0.5848133951805378,Dobrepolje,0.6862610621968331,1,Huff and ML agree
10094984,Podsmreka pri Višnji Gori,Ivančna Gorica,0.33017413126272843,Ivančna Gorica,0.3218671559488136,1,Huff and ML agree
10094992,Št. Jurij,Grosuplje,0.250881049545657,Ljubljana,0.3578373116931571,0,Huff and ML disagree
10095000,Pokojnica,Ivančna Gorica,0.22659615495290528,Ivančna Gorica,0.2429971354910861,1,Huff and ML agree
10095018,Polica,Grosuplje,0.22251296070966425,Ljubljana,0.345809962541537,0,Huff and ML disagree
10095026,Poljane pri Stični,Litija,0.1859552304796342,Ljubljana,0.2628333933564016,0,Huff and ML disagree
10095034,Polje pri Višnji Gori,Ivančna Gorica,0.33487839286585763,Ivančna Gorica,0.3234115871672118,1,Huff and ML agree
10095042,Ponikve,Dobrepolje,0.18757743685015116,Ljubljana,0.2951174209287881,0,Huff and ML disagree
10095069,Ponova vas,Grosuplje,0.4929044265735562,Grosuplje,0.5133544949282847,1,Huff and ML agree
10095077,Potok pri Muljavi,Ivančna Gorica,0.3264342429205622,Ivančna Gorica,0.3926503341704032,1,Huff and ML agree
10095085,Praproče pri Temenici,Litija,0.2041519891792164,Ivančna Gorica,0.2152963203866193,0,Huff and ML disagree
10095093,Predole,Grosuplje,0.1959790727518662,Ljubljana,0.3504358339722443,0,Huff and ML disagree
10095107,Predstruge,Dobrepolje,0.43857113257565367,Dobrepolje,0.4096193879739504,1,Huff and ML agree
10095115,Primča vas,Ljubljana,0.04691059678762887,Ljubljana,0.2354847860343685,1,Huff and ML agree
10095123,Pristava nad Stično,Ivančna Gorica,0.2693565059016098,Ivančna Gorica,0.2852944079774304,1,Huff and ML agree
10095131,Pristava pri Višnji Gori,Ivančna Gorica,0.21746960703050053,Ljubljana,0.3061353047429068,0,Huff and ML disagree
10095140,Pristavlja vas,Ivančna Gorica,0.4381777839633439,Ivančna Gorica,0.4502215452748721,1,Huff and ML agree
10095158,Pungert,Ivančna Gorica,0.1332637610464267,Ljubljana,0.1943447542555499,0,Huff and ML disagree
10095166,Radohova vas,Ivančna Gorica,0.3100536285774683,Ivančna Gorica,0.335960504792251,1,Huff and ML agree
10095174,Ravni Dol,Ivančna Gorica,0.12112966955945238,Ljubljana,0.3050277358158745,0,Huff and ML disagree
10095182,Rdeči Kal,Ivančna Gorica,0.2949067050179972,Ivančna Gorica,0.3134758891563043,1,Huff and ML agree
10095204,Rožnik,Ljubljana,0.16324170009716063,Ljubljana,0.3875295450237915,1,Huff and ML agree
10095212,Sad,Ivančna Gorica,0.2269012947422024,Ivančna Gorica,0.24966323175551,1,Huff and ML agree
10095239,Sela pri Dobu,Ivančna Gorica,0.3006343260846912,Ivančna Gorica,0.3145156072230336,1,Huff and ML agree
10095247,Sela pri Šmarju,Grosuplje,0.5400305807914176,Grosuplje,0.4296502428581074,1,Huff and ML agree
10095255,Sela pri Višnji Gori,Ivančna Gorica,0.17351370412305933,Ljubljana,0.2886411849590214,0,Huff and ML disagree
10095263,Selo pri Radohovi vasi,Ivančna Gorica,0.22845139160536967,Ivančna Gorica,0.2467908297720944,1,Huff and ML agree
10095271,Spodnja Draga,Ivančna Gorica,0.6911101263657629,Ivančna Gorica,0.7033804666874853,1,Huff and ML agree
10095280,Spodnja Slivnica,Grosuplje,0.5692236886654362,Grosuplje,0.5542316237016788,1,Huff and ML agree
10095298,Spodnje Blato,Grosuplje,0.7024206570200197,Grosuplje,0.6831135799494404,1,Huff and ML agree
10095301,Spodnje Brezovo,Grosuplje,0.18877647078861223,Ljubljana,0.337069826862529,0,Huff and ML disagree
10095310,Spodnje Duplice,Grosuplje,0.38823129101099674,Grosuplje,0.3902546388099814,1,Huff and ML agree
10095328,Stari trg,Ivančna Gorica,0.3216874010691378,Ivančna Gorica,0.2964576792863389,1,Huff and ML agree
10095336,Škocjan,Ljubljana,0.11560147891269772,Ljubljana,0.3671607529975456,1,Huff and ML agree
10095344,Stična,Ivančna Gorica,0.6568269924964187,Ivančna Gorica,0.6828615888795104,1,Huff and ML agree
10095352,Stranska vas ob Višnjici,Ivančna Gorica,0.8027272023928234,Ivančna Gorica,0.8484384543649023,1,Huff and ML agree
10095379,Sušica,Ivančna Gorica,0.23569044971880196,Ivančna Gorica,0.2763476279980645,1,Huff and ML agree
10095387,Šentjurje,Ivančna Gorica,0.12211858948154211,Ljubljana,0.1966655590178289,0,Huff and ML disagree
10095395,Šentpavel na Dolenjskem,Ivančna Gorica,0.3109961762028686,Ivančna Gorica,0.3417198431496446,1,Huff and ML agree
10095409,Šentvid pri Stični,Ivančna Gorica,0.49255562333605796,Ivančna Gorica,0.5181881153502504,1,Huff and ML agree
10095417,Škoflje,Ivančna Gorica,0.22715258865632887,Ivančna Gorica,0.2367489529958249,1,Huff and ML agree
10095425,Škrjanče,Ivančna Gorica,0.8048869390455277,Ivančna Gorica,0.8836495695302503,1,Huff and ML agree
10095433,Šmarje-Sap,Ljubljana,0.45598830092443904,Ljubljana,0.4165078453075073,1,Huff and ML agree
10095441,Temenica,Litija,0.1998167699175496,Ljubljana,0.1924768678950954,0,Huff and ML disagree
10095450,Tlake,Škofljica,0.6308002601744338,Škofljica,0.4117842527683132,1,Huff and ML agree
10095468,Tolčane,Ivančna Gorica,0.10119537276100911,Ljubljana,0.2194531944149727,0,Huff and ML disagree
10095476,Trebež,Ivančna Gorica,0.22636719255459237,Ivančna Gorica,0.2588243990699144,1,Huff and ML agree
10095484,Trebnja Gorica,Ivančna Gorica,0.16780517580689053,Ljubljana,0.2441810312641514,0,Huff and ML disagree
10095492,Trnovica,Ivančna Gorica,0.1677926211415009,Ljubljana,0.2210419162014435,0,Huff and ML disagree
10095506,Troščine,Grosuplje,0.1885352891519272,Ljubljana,0.3667100582944795,0,Huff and ML disagree
10095514,Udje,Ljubljana,0.232613319594848,Ljubljana,0.4372743736384562,1,Huff and ML agree
10095522,Valična vas,Žužemberk,0.10031726933402396,Ljubljana,0.2001455818427797,0,Huff and ML disagree
10095549,Velika Dobrava,Ivančna Gorica,0.35475939919558164,Ivančna Gorica,0.3459634439427148,1,Huff and ML agree
10095557,Velika Ilova Gora,Ljubljana,0.09734484158609162,Ljubljana,0.3276914304180698,1,Huff and ML agree
10095565,Velika Loka,Grosuplje,0.1944167038546614,Ljubljana,0.3235006639345561,0,Huff and ML disagree
10095573,Velika Račna,Grosuplje,0.18527349945427862,Ljubljana,0.3481960473653091,0,Huff and ML disagree
10095581,Velika Stara vas,Grosuplje,0.4701073345028878,Grosuplje,0.4493105704374066,1,Huff and ML agree
10095590,Velike Češnjice,Ivančna Gorica,0.31853107732157054,Ivančna Gorica,0.3633871890767961,1,Huff and ML agree
10095603,Velike Dole pri Temenici,Ivančna Gorica,0.136150337140377,Ljubljana,0.1950189710607203,0,Huff and ML disagree
10095611,Velike Kompolje,Ivančna Gorica,0.43178587623493014,Ivančna Gorica,0.4506591829356534,1,Huff and ML agree
10095620,Velike Lese,Ivančna Gorica,0.15315716303616472,Ljubljana,0.2325865713546696,0,Huff and ML disagree
10095638,Velike Lipljene,Ljubljana,0.17463911997590734,Ljubljana,0.3809403254690421,1,Huff and ML agree
10095646,Velike Pece,Ivančna Gorica,0.515712741900015,Ivančna Gorica,0.5544137329100667,1,Huff and ML agree
10095654,Velike Rebrce,Žužemberk,0.11817231598101159,Ljubljana,0.2030210879609979,0,Huff and ML disagree
10095662,Velike Vrhe,Ivančna Gorica,0.20337407440772076,Ljubljana,0.2730814571383686,0,Huff and ML disagree
10095689,Veliki Kal,Ivančna Gorica,0.3006343260846912,Ivančna Gorica,0.3331154068938505,1,Huff and ML agree
10095697,Veliki Korinj,Ivančna Gorica,0.05870439977727711,Ljubljana,0.2551396446277086,0,Huff and ML disagree
10095719,Veliki Vrh pri Šmarju,Škofljica,0.41663126125918526,Ljubljana,0.4401027119269692,0,Huff and ML disagree
10095727,Veliko Črnelo,Ivančna Gorica,0.6911101263657629,Ivančna Gorica,0.7296745217340841,1,Huff and ML agree
10095735,Veliko Globoko,Ivančna Gorica,0.1319933406553188,Ljubljana,0.2338294343265679,0,Huff and ML disagree
10095743,Veliko Mlačevo,Grosuplje,0.604010568216073,Grosuplje,0.5966791773719357,1,Huff and ML agree
10095751,Videm,Dobrepolje,0.995283001827888,Dobrepolje,1.0,1,Huff and ML agree
10095760,Videm pri Temenici,Litija,0.19959269707391403,Ljubljana,0.1948838905584135,0,Huff and ML disagree
10095778,Vino,Ljubljana,0.2759486015919315,Ljubljana,0.4818808126223018,1,Huff and ML agree
10095786,Vir pri Stični,Ivančna Gorica,0.63011763157068,Ivančna Gorica,0.6657605113256106,1,Huff and ML agree
10095794,Višnja Gora,Ivančna Gorica,0.26665783227402096,Ljubljana,0.3105874406483194,0,Huff and ML disagree
10095808,Višnje,Kočevje,0.04148949126893208,Ljubljana,0.2341796966460214,0,Huff and ML disagree
10095816,Vodice,Dobrepolje,0.09308167908085999,Ljubljana,0.3008415746185434,0,Huff and ML disagree
10095824,Vrbičje,Ljubljana,0.18726074261064823,Ljubljana,0.3888525878340517,1,Huff and ML agree
10095832,Vrh pri Višnji Gori,Ivančna Gorica,0.16388680563304148,Ljubljana,0.3216823603524357,0,Huff and ML disagree
10095859,Vrhpolje pri Šentvidu,Ivančna Gorica,0.8027272023928234,Ivančna Gorica,0.8561597302188941,1,Huff and ML agree
10095867,Zaboršt pri Šentvidu,Ivančna Gorica,0.2693565059016098,Ivančna Gorica,0.2790776358803377,1,Huff and ML agree
10095875,Zagorica,Dobrepolje,0.44808210948993255,Dobrepolje,0.4535464205313529,1,Huff and ML agree
10095883,Zagradec,Ivančna Gorica,0.11324674001807096,Ljubljana,0.2255996967000176,0,Huff and ML disagree
10095891,Zagradec pri Grosupljem,Grosuplje,0.41240816589079193,Grosuplje,0.443052335059955,1,Huff and ML agree
10095905,Zavrtače,Ivančna Gorica,0.3631610081229406,Ivančna Gorica,0.3511148155106037,1,Huff and ML agree
10095913,Zdenska vas,Dobrepolje,0.4901163305372165,Dobrepolje,0.545850894285429,1,Huff and ML agree
10095921,Zgornja Draga,Ivančna Gorica,0.6626602690661937,Ivančna Gorica,0.6696584081630975,1,Huff and ML agree
10095930,Zgornja Slivnica,Grosuplje,0.38728067909808245,Ljubljana,0.3793642189390437,0,Huff and ML disagree
10095948,Zgornje Duplice,Grosuplje,0.3454941086198841,Grosuplje,0.3530755010239401,1,Huff and ML agree
10095956,Znojile pri Krki,Ivančna Gorica,0.23864895078689508,Ivančna Gorica,0.275662175255762,1,Huff and ML agree
10095964,Žalna,Grosuplje,0.24233802453116515,Ljubljana,0.3185483408410498,0,Huff and ML disagree
10095972,Železnica,Ljubljana,0.1122044175945109,Ljubljana,0.3788824263618002,1,Huff and ML agree
10095999,Lobček,Grosuplje,0.42784794673593973,Grosuplje,0.4467817498629887,1,Huff and ML agree
10096006,Dobje,Grosuplje,0.5704869898977829,Grosuplje,0.5294366452429816,1,Huff and ML agree
10096014,Gradišče,Grosuplje,0.28366902788905596,Ljubljana,0.3297603358017621,0,Huff and ML disagree
10096022,Boben,Hrastnik,0.550008795117728,Hrastnik,0.5881902894023321,1,Huff and ML agree
10096049,Brdce,Trbovlje,0.2761147572212554,Trbovlje,0.1999679998832693,1,Huff and ML agree
10096057,Brnica,Trbovlje,0.4149032657292113,Hrastnik,0.3982273989341639,0,Huff and ML disagree
10096065,Čeče - del,Trbovlje,0.34629506852490155,Trbovlje,0.3233370124019794,1,Huff and ML agree
10096073,Dol pri Hrastniku,Trbovlje,0.3102639992819439,Hrastnik,0.291307299345338,0,Huff and ML disagree
10096081,Gore,Trbovlje,0.1699643689286652,Trbovlje,0.1536220946693007,1,Huff and ML agree
10096090,Hrastnik,Hrastnik,0.9969112576989158,Hrastnik,1.0,1,Huff and ML agree
10096103,Kal,Trbovlje,0.2620618379369678,Trbovlje,0.2489711328774016,1,Huff and ML agree
10096111,Kovk,Trbovlje,0.14862097231533966,Trbovlje,0.1593317943444629,1,Huff and ML agree
10096120,Krištandol,Trbovlje,0.3199779159121337,Trbovlje,0.2355111654988603,1,Huff and ML agree
10096138,Krnice,Trbovlje,0.24926712180522714,Trbovlje,0.2208160810188722,1,Huff and ML agree
10096146,Marno,Trbovlje,0.2853625299063828,Trbovlje,0.2268125597952325,1,Huff and ML agree
10096154,Plesko,Trbovlje,0.7517910685522837,Trbovlje,0.573554199171473,1,Huff and ML agree
10096162,Podkraj,Trbovlje,0.30990917654386185,Hrastnik,0.2863092548987123,0,Huff and ML disagree
10096189,Prapretno pri Hrastniku - del,Trbovlje,0.5794660494529329,Hrastnik,0.4286258512827979,0,Huff and ML disagree
10096197,Studence,Hrastnik,0.7962981855759543,Hrastnik,0.8483906461927726,1,Huff and ML agree
10096219,Šavna Peč,Trbovlje,0.2333821949683535,Trbovlje,0.2091661224113693,1,Huff and ML agree
10096227,Turje,Trbovlje,0.2190092209009608,Trbovlje,0.1805396378905452,1,Huff and ML agree
10096235,Unično,Trbovlje,0.2190175892269398,Trbovlje,0.1862946524010581,1,Huff and ML agree
10096243,Bukovo,Cerkno,0.0596427610165887,Ljubljana,0.1483393453472969,0,Huff and ML disagree
10096251,Cerkljanski Vrh,Cerkno,0.11340981284146034,Ljubljana,0.1870292053387706,0,Huff and ML disagree
10096260,Cerkno,Cerkno,0.9910488267978057,Cerkno,1.0,1,Huff and ML agree
10096278,Čekovnik,Idrija,0.21357588369878586,Idrija,0.3728349916352,1,Huff and ML agree
10096286,Čeplez,Cerkno,0.4060156953343249,Cerkno,0.5091443695203344,1,Huff and ML agree
10096294,Črni Vrh,Idrija,0.07944052230277401,Ljubljana,0.1812205491908304,0,Huff and ML disagree
10096308,Dole,Idrija,0.1829810995807451,Idrija,0.2129098073773243,1,Huff and ML agree
10096316,Dolenji Novaki,Cerkno,0.12668621803289556,Cerkno,0.1976445986936961,1,Huff and ML agree
10096324,Godovič,Idrija,0.13774899395088566,Ljubljana,0.2020960704636764,0,Huff and ML disagree
10096332,Gore,Idrija,0.23202142660495653,Idrija,0.2959195275696815,1,Huff and ML agree
10096359,Gorenja Kanomlja,Idrija,0.0977442814373764,Idrija,0.1751420581765366,1,Huff and ML agree
10096367,Gorenji Novaki,Cerkno,0.10086961239791338,Ljubljana,0.2071880942695418,0,Huff and ML disagree
10096375,Gorenji Vrsnik,Idrija,0.11793266388427162,Ljubljana,0.2124169769861011,0,Huff and ML disagree
10096383,Gorje,Cerkno,0.3998597796620259,Cerkno,0.5252080766273011,1,Huff and ML agree
10096391,Govejk,Idrija,0.15459997830647498,Idrija,0.1904545305038253,1,Huff and ML agree
10096405,Idrija,Idrija,0.9977439406938378,Idrija,1.0,1,Huff and ML agree
10096413,Idrijska Bela,Idrija,0.1351574167701816,Idrija,0.2498482688993715,1,Huff and ML agree
10096421,Idrijski Log,Idrija,0.16198927411519112,Idrija,0.2332266815735497,1,Huff and ML agree
10096430,Idrijske Krnice,Idrija,0.10847351133278443,Idrija,0.1977453015143939,1,Huff and ML agree
10096448,Idršek,Idrija,0.13630591609779283,Idrija,0.2197626886079993,1,Huff and ML agree
10096456,Jagršče,Cerkno,0.09708086810893748,Ljubljana,0.1572139413816148,0,Huff and ML disagree
10096464,Javornik,Ajdovščina,0.04942644869978511,Ljubljana,0.1672635227919575,0,Huff and ML disagree
10096472,Jazne,Idrija,0.07329548157296009,Ljubljana,0.1935135505918242,0,Huff and ML disagree
10096499,Jelični Vrh,Idrija,0.15459997830647498,Idrija,0.2130104440572291,1,Huff and ML agree
10096502,Jesenica,Cerkno,0.19769873513169664,Cerkno,0.2827692967317227,1,Huff and ML agree
10096529,Kanji Dol,Ajdovščina,0.070406980833921,Ljubljana,0.1573388378559453,0,Huff and ML disagree
10096537,Korita,Idrija,0.13063291745310612,Ljubljana,0.1951672521198143,0,Huff and ML disagree
10096545,Labinje,Cerkno,0.4723272274490732,Cerkno,0.7188436061477562,1,Huff and ML agree
10096553,Lazec,Cerkno,0.09895391903259214,Ljubljana,0.1633062397956156,0,Huff and ML disagree
10096561,Ledine,Idrija,0.17045609251242788,Idrija,0.2383629090948342,1,Huff and ML agree
10096570,Ledinske Krnice,Idrija,0.16003814096780328,Idrija,0.2197245673199074,1,Huff and ML agree
10096588,Lome,Idrija,0.0692818356664258,Ljubljana,0.1938114255648576,0,Huff and ML disagree
10096596,Masore,Idrija,0.07978305498367824,Ljubljana,0.1594378986603342,0,Huff and ML disagree
10096600,Mrzli Log,Idrija,0.05854419580510678,Ljubljana,0.1711220782046143,0,Huff and ML disagree
10096618,Mrzli Vrh,Idrija,0.10701501449264507,Ljubljana,0.2020505129348198,0,Huff and ML disagree
10096626,Orehek,Cerkno,0.11045842263987769,Cerkno,0.1781887918267039,1,Huff and ML agree
10096634,Otalež,Idrija,0.09810093294620453,Ljubljana,0.1708205782488835,0,Huff and ML disagree
10096642,Pečnik,Idrija,0.18430883543435045,Idrija,0.2574406931117826,1,Huff and ML agree
10096669,Planina pri Cerknem,Cerkno,0.3683826406457174,Cerkno,0.4072829739832914,1,Huff and ML agree
10096677,Plužnje,Cerkno,0.11159737879484131,Ljubljana,0.1583701534590635,0,Huff and ML disagree
10096685,Poče,Cerkno,0.3831900876851065,Cerkno,0.469516456821085,1,Huff and ML agree
10096693,Podlanišče,Cerkno,0.1887785739755514,Cerkno,0.2213425305877036,1,Huff and ML agree
10096707,Podpleče,Cerkno,0.15435902865420165,Cerkno,0.2005928189076526,1,Huff and ML agree
10096715,Police,Cerkno,0.03748577039587127,Ljubljana,0.1625629979883432,0,Huff and ML disagree
10096723,Poljane,Cerkno,0.4163155180212661,Cerkno,0.5798037916723423,1,Huff and ML agree
10096731,Potok,Idrija,0.09400001743193645,Ljubljana,0.2462077334466652,0,Huff and ML disagree
10096740,Predgriže,Idrija,0.0901187722747895,Ljubljana,0.1927743526395345,0,Huff and ML disagree
10096758,Ravne pri Cerknem,Cerkno,0.27573087692839604,Cerkno,0.3255870575846593,1,Huff and ML agree
10096766,Reka,Cerkno,0.1266724632439183,Cerkno,0.2045063041892225,1,Huff and ML agree
10096774,Spodnja Idrija,Idrija,0.5492880472752232,Idrija,0.6362959599959581,1,Huff and ML agree
10096782,Spodnja Kanomlja,Idrija,0.3957739871288662,Idrija,0.455876641963952,1,Huff and ML agree
10096804,Spodnji Vrsnik,Idrija,0.10324296478933392,Ljubljana,0.2239512088181496,0,Huff and ML disagree
10096812,Srednja Kanomlja,Idrija,0.4047890144912354,Idrija,0.4876684223303124,1,Huff and ML agree
10096839,Straža,Cerkno,0.3072497596365567,Cerkno,0.3186342502848159,1,Huff and ML agree
10096847,Strmec,Ajdovščina,0.13742187268346842,Ajdovščina,0.1822876115152329,1,Huff and ML agree
10096855,Šebrelje,Nova Gorica,0.03260554125850543,Ljubljana,0.1466965639858235,0,Huff and ML disagree
10096863,Trebenče,Cerkno,0.5082761145135863,Cerkno,0.7424441579324499,1,Huff and ML agree
10096871,Vojsko,Idrija,0.09856310393181954,Idrija,0.1938425138939884,1,Huff and ML agree
10096880,Zadlog,Idrija,0.07815713570029456,Ljubljana,0.1854012101789286,0,Huff and ML disagree
10096898,Zakojca,Cerkno,0.08010399532306713,Cerkno,0.1546005645059925,1,Huff and ML agree
10096901,Zakriž,Cerkno,0.43578057487088484,Cerkno,0.671782170808056,1,Huff and ML agree
10096910,Zavratec,Idrija,0.08780240566952086,Ljubljana,0.243925349343464,0,Huff and ML disagree
10096928,Žirovnica,Idrija,0.10711447042037577,Ljubljana,0.2265613587080517,0,Huff and ML disagree
10096936,Bač,Ilirska Bistrica,0.19207317004151342,Ilirska Bistrica,0.2358137304030507,1,Huff and ML agree
10096944,Brce,Ilirska Bistrica,0.49220719096137444,Ilirska Bistrica,0.6350540601228165,1,Huff and ML agree
10096952,Čelje,Ilirska Bistrica,0.2955407641760669,Ilirska Bistrica,0.415707491761177,1,Huff and ML agree
10096979,Dobropolje,Ilirska Bistrica,0.6368958327452716,Ilirska Bistrica,0.7596436805917688,1,Huff and ML agree
10096987,Dolenje pri Jelšanah,Ilirska Bistrica,0.31569282359453466,Ilirska Bistrica,0.5073796106287128,1,Huff and ML agree
10096995,Dolnja Bitnja,Ilirska Bistrica,0.3417129859228391,Ilirska Bistrica,0.416021556066977,1,Huff and ML agree
10097002,Dolnji Zemon,Ilirska Bistrica,0.7644424661174293,Ilirska Bistrica,0.8520453727776995,1,Huff and ML agree
10097029,Fabci,Ilirska Bistrica,0.10051955726348591,Ilirska Bistrica,0.2636697470952416,1,Huff and ML agree
10097037,Gabrk,Ilirska Bistrica,0.11929350083258314,Ilirska Bistrica,0.2012242255272616,1,Huff and ML agree
10097045,Gornja Bitnja,Ilirska Bistrica,0.35968599213630603,Ilirska Bistrica,0.4618625255767847,1,Huff and ML agree
10097053,Gornji Zemon,Ilirska Bistrica,0.5254541460802663,Ilirska Bistrica,0.6995388918137634,1,Huff and ML agree
10097061,Harije,Ilirska Bistrica,0.4915164203722044,Ilirska Bistrica,0.6302030619229917,1,Huff and ML agree
10097070,Hrušica,Ilirska Bistrica,0.09519934583615107,Ilirska Bistrica,0.1855224188236166,1,Huff and ML agree
10097088,Huje,Ilirska Bistrica,0.13353310079821748,Ilirska Bistrica,0.2157282201562473,1,Huff and ML agree
10097096,Ilirska Bistrica,Ilirska Bistrica,0.997302654721242,Ilirska Bistrica,1.0,1,Huff and ML agree
10097100,Jablanica,Ilirska Bistrica,0.4915164203722044,Ilirska Bistrica,0.6653910943454385,1,Huff and ML agree
10097118,Janeževo Brdo,Ilirska Bistrica,0.19207317004151342,Ilirska Bistrica,0.2701677546569997,1,Huff and ML agree
10097126,Jasen,Ilirska Bistrica,0.8205716418390838,Ilirska Bistrica,0.918516678883452,1,Huff and ML agree
10097134,Jelšane,Ilirska Bistrica,0.27992729232261726,Ilirska Bistrica,0.4629300362454957,1,Huff and ML agree
10097142,Kilovče,Ilirska Bistrica,0.25039616957772476,Ilirska Bistrica,0.3121127836763087,1,Huff and ML agree
10097169,Knežak,Ilirska Bistrica,0.2394292862938264,Ilirska Bistrica,0.2657704225635119,1,Huff and ML agree
10097177,Koritnice,Ilirska Bistrica,0.15272272165335193,Ilirska Bistrica,0.2138596356531903,1,Huff and ML agree
10097185,Koseze,Ilirska Bistrica,0.8205948116963416,Ilirska Bistrica,0.9335132230060514,1,Huff and ML agree
10097193,Kuteževo,Ilirska Bistrica,0.2752463859239068,Ilirska Bistrica,0.4550965935753391,1,Huff and ML agree
10097207,Mala Bukovica,Ilirska Bistrica,0.6003629938509553,Ilirska Bistrica,0.7538534375971385,1,Huff and ML agree
10097215,Male Loče,Ilirska Bistrica,0.07720617635575602,Ilirska Bistrica,0.1554890417463336,1,Huff and ML agree
10097223,Mereče,Ilirska Bistrica,0.4440324079877302,Ilirska Bistrica,0.5184042529462969,1,Huff and ML agree
10097231,Nova vas pri Jelšanah,Ilirska Bistrica,0.1128890684577506,Ilirska Bistrica,0.2866113679488632,1,Huff and ML agree
10097240,Novokračine,Ilirska Bistrica,0.15896315477871253,Ilirska Bistrica,0.3268517303824941,1,Huff and ML agree
10097258,Ostrožno Brdo,Ilirska Bistrica,0.10515588704588077,Ilirska Bistrica,0.1630782146561259,1,Huff and ML agree
10097266,Pavlica,Ilirska Bistrica,0.24898030695807244,Ilirska Bistrica,0.4133557057463786,1,Huff and ML agree
10097274,Podbeže,Ilirska Bistrica,0.1794518609508693,Ilirska Bistrica,0.3124380844457897,1,Huff and ML agree
10097282,Podgrad,Ilirska Bistrica,0.1756483784135044,Ilirska Bistrica,0.2620723462893828,1,Huff and ML agree
10097304,Podgraje,Ilirska Bistrica,0.23900486569518173,Ilirska Bistrica,0.4185345405492432,1,Huff and ML agree
10097312,Podstenje,Ilirska Bistrica,0.4189836195170837,Ilirska Bistrica,0.4930338418594158,1,Huff and ML agree
10097339,Podstenjšek,Ilirska Bistrica,0.3885191709696054,Ilirska Bistrica,0.4896475587467185,1,Huff and ML agree
10097347,Podtabor,Ilirska Bistrica,0.3747668016183314,Ilirska Bistrica,0.4800355556875331,1,Huff and ML agree
10097355,Pregarje,Ilirska Bistrica,0.1746270201740417,Ilirska Bistrica,0.2519394905474611,1,Huff and ML agree
10097363,Prelože,Ilirska Bistrica,0.1678291144660314,Ilirska Bistrica,0.246399684201793,1,Huff and ML agree
10097371,Prem,Ilirska Bistrica,0.24840980928298095,Ilirska Bistrica,0.3238877277804192,1,Huff and ML agree
10097380,Račice,Ilirska Bistrica,0.13644465129264774,Ilirska Bistrica,0.2561022976103222,1,Huff and ML agree
10097398,Ratečevo Brdo,Ilirska Bistrica,0.26088424404124966,Ilirska Bistrica,0.3521594155976029,1,Huff and ML agree
10097401,Rečica,Ilirska Bistrica,0.7942092501099665,Ilirska Bistrica,0.8654224182913683,1,Huff and ML agree
10097410,Rjavče,Ilirska Bistrica,0.10231733567529869,Ilirska Bistrica,0.1749556173797448,1,Huff and ML agree
10097428,Sabonje,Ilirska Bistrica,0.20629734216254256,Ilirska Bistrica,0.3440068447358254,1,Huff and ML agree
10097436,Smrje,Ilirska Bistrica,0.35968599213630603,Ilirska Bistrica,0.4807119012017989,1,Huff and ML agree
10097444,Soze,Ilirska Bistrica,0.4514501480342239,Ilirska Bistrica,0.6143250828992741,1,Huff and ML agree
10097452,Starod,Ilirska Bistrica,0.17380312357329442,Ilirska Bistrica,0.3010438112178386,1,Huff and ML agree
10097479,Studena Gora,Ilirska Bistrica,0.27992729232261726,Ilirska Bistrica,0.4448588368517834,1,Huff and ML agree
10097487,Sušak,Ilirska Bistrica,0.11605597689489185,Ilirska Bistrica,0.2867364909673337,1,Huff and ML agree
10097495,Šembije,Ilirska Bistrica,0.4440324079877302,Ilirska Bistrica,0.5015244934808202,1,Huff and ML agree
10097509,Tominje,Ilirska Bistrica,0.32024564123604987,Ilirska Bistrica,0.4720596247360805,1,Huff and ML agree
10097517,Topolc,Ilirska Bistrica,0.6717482911491639,Ilirska Bistrica,0.7842752416819446,1,Huff and ML agree
10097525,Trpčane,Ilirska Bistrica,0.32533209406255076,Ilirska Bistrica,0.5245256812948952,1,Huff and ML agree
10097533,Velika Bukovica,Ilirska Bistrica,0.6717482911491639,Ilirska Bistrica,0.8036709367156752,1,Huff and ML agree
10097541,Veliko Brdo,Ilirska Bistrica,0.3010784414181571,Ilirska Bistrica,0.4877986317040979,1,Huff and ML agree
10097550,Vrbica,Ilirska Bistrica,0.598536776929874,Ilirska Bistrica,0.7531108895422983,1,Huff and ML agree
10097568,Vrbovo,Ilirska Bistrica,0.690358228740625,Ilirska Bistrica,0.8253641197496251,1,Huff and ML agree
10097576,Zabiče,Ilirska Bistrica,0.21952953446422035,Ilirska Bistrica,0.4092723942427878,1,Huff and ML agree
10097584,Zajelšje,Ilirska Bistrica,0.26408652972402197,Ilirska Bistrica,0.3962334842873278,1,Huff and ML agree
10097592,Zarečica,Ilirska Bistrica,0.670168115477786,Ilirska Bistrica,0.7927534675419637,1,Huff and ML agree
10097606,Zarečje,Ilirska Bistrica,0.6604848017847822,Ilirska Bistrica,0.7755622027366692,1,Huff and ML agree
10097614,Snežnik,Ilirska Bistrica,0.04584959152995404,Ljubljana,0.1493608390569974,0,Huff and ML disagree
10097622,Baredi,Koper,0.47340341354268967,Izola,0.4225223826497483,0,Huff and ML disagree
10097649,Dobrava,Izola,0.5671933973911237,Izola,0.5849654895160736,1,Huff and ML agree
10097657,Korte,Koper,0.3205348137394139,Koper,0.3664842760941792,1,Huff and ML agree
10097665,Izola,Izola,0.9985037674770152,Izola,1.0,1,Huff and ML agree
10097673,Jagodje,Izola,0.682673125080101,Izola,0.7447447490729888,1,Huff and ML agree
10097681,Malija,Koper,0.41519846609625494,Koper,0.3305287411841024,1,Huff and ML agree
10097690,Šared,Koper,0.5040658562956566,Izola,0.5009175606315208,0,Huff and ML disagree
10097703,Cetore,Koper,0.41341858028326456,Koper,0.3531720406863027,1,Huff and ML agree
10097711,Belca,Jesenice,0.13640094681269063,Jesenice,0.2695969741500476,1,Huff and ML agree
10097720,Blejska Dobrava,Jesenice,0.4892337227093726,Jesenice,0.5891751006821154,1,Huff and ML agree
10097738,Breg,Bled,0.3668271571185884,Žirovnica,0.2265067910441719,0,Huff and ML disagree
10097746,Breznica,Radovljica,0.4156538468610514,Žirovnica,0.2896012678206751,0,Huff and ML disagree
10097754,Doslovče,Radovljica,0.4617290003053507,Radovljica,0.3107627929827025,1,Huff and ML agree
10097762,Dovje,Jesenice,0.21992393779689387,Jesenice,0.3895457974699732,1,Huff and ML agree
10097789,Gozd Martuljek,Kranjska Gora,0.49703846328713797,Kranjska Gora,0.7063223861448508,1,Huff and ML agree
10097797,Hrušica,Jesenice,0.5873189337018837,Jesenice,0.75694000902996,1,Huff and ML agree
10097819,Javorniški Rovt,Jesenice,0.33110664282314184,Jesenice,0.4623463170806311,1,Huff and ML agree
10097827,Jesenice,Jesenice,0.9975040455026297,Jesenice,1.0,1,Huff and ML agree
10097835,Kočna,Jesenice,0.41189574706815435,Jesenice,0.4471372255706846,1,Huff and ML agree
10097843,Kranjska Gora,Kranjska Gora,0.993225559042685,Kranjska Gora,1.0,1,Huff and ML agree
10097851,Lipce,Jesenice,0.6083568995741566,Jesenice,0.6593926107026327,1,Huff and ML agree
10097860,Log,Kranjska Gora,0.6263635871858161,Kranjska Gora,0.9081141020336032,1,Huff and ML agree
10097878,Mojstrana,Jesenice,0.19424617740743344,Jesenice,0.3533832041299972,1,Huff and ML agree
10097886,Moste,Žirovnica,0.5530785371476188,Žirovnica,0.5866153542831084,1,Huff and ML agree
10097894,Planina pod Golico,Jesenice,0.4385487998380281,Jesenice,0.6471824303674867,1,Huff and ML agree
10097908,Plavški Rovt,Jesenice,0.49775132017236734,Jesenice,0.7333991294474063,1,Huff and ML agree
10097916,Podkočna,Jesenice,0.7501932896871831,Jesenice,0.7924691514967849,1,Huff and ML agree
10097924,Podkoren,Kranjska Gora,0.4915409116723619,Kranjska Gora,0.7460497211962611,1,Huff and ML agree
10097932,Potoki,Jesenice,0.4307114715884853,Jesenice,0.3903691345267598,1,Huff and ML agree
10097959,Rateče,Kranjska Gora,0.22934659268325194,Kranjska Gora,0.434952489773521,1,Huff and ML agree
10097967,Rodine,Radovljica,0.586936757842218,Radovljica,0.4322003102701029,1,Huff and ML agree
10097975,Selo pri Žirovnici,Žirovnica,0.6425399502116156,Žirovnica,0.6563756011931884,1,Huff and ML agree
10097983,Smokuč,Radovljica,0.464541432615796,Radovljica,0.3496335072238388,1,Huff and ML agree
10097991,Srednji Vrh,Kranjska Gora,0.2148415981125863,Kranjska Gora,0.3421442384557615,1,Huff and ML agree
10098009,Vrba,Radovljica,0.5369838911192037,Radovljica,0.3401576551258631,1,Huff and ML agree
10098017,Zabreznica,Žirovnica,0.4956638156596548,Žirovnica,0.4000360986346392,1,Huff and ML agree
10098025,Zgornja Radovna,Jesenice,0.12300151916508066,Jesenice,0.2549396457899348,1,Huff and ML agree
10098033,Žirovnica,Žirovnica,0.9975971005684494,Žirovnica,1.0,1,Huff and ML agree
10098041,Prihodi,Jesenice,0.632688169785644,Jesenice,0.7856577985898383,1,Huff and ML agree
10098050,Bela,Kamnik,0.148005411650968,Ljubljana,0.1842826161705368,0,Huff and ML disagree
10098068,Bela Peč,Kamnik,0.30246470909719814,Ljubljana,0.2459986194986293,0,Huff and ML disagree
10098076,Bistričica,Kamnik,0.5525092389513974,Kamnik,0.4449980728101224,1,Huff and ML agree
10098084,Breg pri Komendi,Komenda,0.5072907876362069,Ljubljana,0.2200470865051532,0,Huff and ML disagree
10098092,Brezje nad Kamnikom,Kamnik,0.6136180571043508,Kamnik,0.4929270685236184,1,Huff and ML agree
10098106,Briše,Kamnik,0.6718640615255168,Kamnik,0.5977152469969341,1,Huff and ML agree
10098114,Buč,Kamnik,0.33394808639643353,Ljubljana,0.2447240117419028,0,Huff and ML disagree
10098122,Cirkuše v Tuhinju,Kamnik,0.20417937393150495,Ljubljana,0.2396905437623195,0,Huff and ML disagree
10098149,Češnjice v Tuhinju,Kamnik,0.20131105393486604,Ljubljana,0.230031905443577,0,Huff and ML disagree
10098157,Črna pri Kamniku,Kamnik,0.49525348275761155,Kamnik,0.3799396154970488,1,Huff and ML agree
10098165,Črni Vrh v Tuhinju,Kamnik,0.19288151527893452,Ljubljana,0.2294138137709164,0,Huff and ML disagree
10098173,Skomarje,Slovenske Konjice,0.10803945082578512,Zreče,0.1371059448336449,0,Huff and ML disagree
10098181,Gabrovnica,Kamnik,0.20493673540464907,Ljubljana,0.2935970281920729,0,Huff and ML disagree
10098190,Gmajnica,Komenda,0.7510142645753995,Komenda,0.5322046405709862,1,Huff and ML agree
10098203,Godič,Kamnik,0.6423186889398664,Kamnik,0.5388130454304522,1,Huff and ML agree
10098211,Golice,Kamnik,0.20409661455012532,Ljubljana,0.2410280055493228,0,Huff and ML disagree
10098220,Gora pri Komendi,Komenda,0.5678711784714942,Komenda,0.2258859190714422,1,Huff and ML agree
10098238,Gozd,Kamnik,0.4125525855772515,Kamnik,0.3141829039607079,1,Huff and ML agree
10098246,Gradišče v Tuhinju,Kamnik,0.26286826261369295,Ljubljana,0.2606321920302415,0,Huff and ML disagree
10098254,Hrib pri Kamniku,Kamnik,0.6451467165685228,Kamnik,0.561434809705113,1,Huff and ML agree
10098262,Hruševka,Kamnik,0.33671230293600474,Ljubljana,0.2546048845619946,0,Huff and ML disagree
10098289,Jeranovo,Kamnik,0.8325605038613388,Kamnik,0.8566794645718919,1,Huff and ML agree
10098297,Kališe,Kamnik,0.3450666036047728,Ljubljana,0.2486326211265206,0,Huff and ML disagree
10098319,Kamnik,Kamnik,0.9978722462818613,Kamnik,1.0,1,Huff and ML agree
10098327,Kamniška Bistrica,Kamnik,0.27985645095557654,Ljubljana,0.2777111516560326,0,Huff and ML disagree
10098335,Klanec,Komenda,0.6503338601669154,Komenda,0.4055800947090435,1,Huff and ML agree
10098343,Klemenčevo,Kamnik,0.4594522775311669,Kamnik,0.3222373105723667,1,Huff and ML agree
10098351,Komenda,Komenda,0.9941368104575183,Komenda,1.0,1,Huff and ML agree
10098360,Komendska Dobrava,Kamnik,0.4933777764640192,Kamnik,0.2490444516077946,1,Huff and ML agree
10098378,Kostanj,Kamnik,0.2657979437555461,Ljubljana,0.258387969863206,0,Huff and ML disagree
10098386,Košiše,Kamnik,0.7524826316222726,Kamnik,0.6788151165216576,1,Huff and ML agree
10098394,Kregarjevo,Kamnik,0.568804403549176,Kamnik,0.4618387209694511,1,Huff and ML agree
10098408,Krivčevo,Kamnik,0.34168518505606094,Ljubljana,0.253463470548627,0,Huff and ML disagree
10098416,Križ,Kamnik,0.642968841296846,Kamnik,0.3473694681843104,1,Huff and ML agree
10098424,Kršič,Kamnik,0.7113643404236047,Kamnik,0.6239985127199134,1,Huff and ML agree
10098432,Laniše,Kamnik,0.6415603246299991,Kamnik,0.5162558882751549,1,Huff and ML agree
10098459,Laseno,Kamnik,0.24209932630513806,Ljubljana,0.2841066830208361,0,Huff and ML disagree
10098467,Laze v Tuhinju,Kamnik,0.2645459068004983,Ljubljana,0.2495304776505041,0,Huff and ML disagree
10098475,Liplje,Kamnik,0.20131105393486604,Ljubljana,0.2363854323330727,0,Huff and ML disagree
10098483,Loke v Tuhinju,Kamnik,0.5013275444745637,Kamnik,0.3503997541534143,1,Huff and ML agree
10098491,Mali Hrib,Kamnik,0.20994530058730174,Ljubljana,0.2476580105657169,0,Huff and ML disagree
10098505,Mali Rakitovec,Kamnik,0.20099747191179262,Ljubljana,0.2827706376020166,0,Huff and ML disagree
10098513,Markovo,Kamnik,0.5654421854791787,Kamnik,0.4508766681744309,1,Huff and ML agree
10098521,Mekinje,Kamnik,0.8694040336628882,Kamnik,0.9151288207345626,1,Huff and ML agree
10098530,Mlaka,Komenda,0.5678711784714942,Komenda,0.2492717705620001,1,Huff and ML agree
10098548,Moste,Kamnik,0.497341204902128,Ljubljana,0.2497037434264361,0,Huff and ML disagree
10098556,Motnik,Kamnik,0.12090835399551522,Ljubljana,0.15929750926009,0,Huff and ML disagree
10098564,Nasovče,Kamnik,0.3524739098266983,Ljubljana,0.2423225995256323,0,Huff and ML disagree
10098572,Nevlje,Kamnik,0.8694040336628882,Kamnik,0.9042146364713518,1,Huff and ML agree
10098599,Okrog pri Motniku,Kamnik,0.17357120517737673,Ljubljana,0.2170226616624619,0,Huff and ML disagree
10098602,Okroglo,Kamnik,0.5025416849167145,Kamnik,0.3607820304925353,1,Huff and ML agree
10098629,Oševek,Kamnik,0.8239534399677869,Kamnik,0.8281841253084686,1,Huff and ML agree
10098637,Pirševo,Kamnik,0.3496598396174194,Kamnik,0.2469961193904543,1,Huff and ML agree
10098645,Podboršt pri Komendi,Komenda,0.6503338601669154,Komenda,0.4094588424579451,1,Huff and ML agree
10098653,Podbreg,Kamnik,0.2822177343369487,Ljubljana,0.2608463778899476,0,Huff and ML disagree
10098661,Podgorje,Kamnik,0.8224574986413132,Kamnik,0.7792536729966428,1,Huff and ML agree
10098670,Podhruška,Kamnik,0.568804403549176,Kamnik,0.4506543812713214,1,Huff and ML agree
10098688,Podjelše,Kamnik,0.7783038062218733,Kamnik,0.7466551588444028,1,Huff and ML agree
10098696,Podlom,Kamnik,0.3223664014683202,Ljubljana,0.2451323080450795,0,Huff and ML disagree
10098700,Podstudenec,Kamnik,0.3396566877059966,Ljubljana,0.2550266921975725,0,Huff and ML disagree
10098718,Poljana,Kamnik,0.3455407110086114,Ljubljana,0.2471263096776429,0,Huff and ML disagree
10098726,Poreber,Kamnik,0.6462996173648325,Kamnik,0.5435167289336508,1,Huff and ML agree
10098734,Potok,Kamnik,0.46226116119842453,Kamnik,0.2980967164338482,1,Huff and ML agree
10098742,Potok pri Komendi,Komenda,0.6399803910238407,Komenda,0.3610422063512146,1,Huff and ML agree
10098769,Potok v Črni,Kamnik,0.4710238176162685,Kamnik,0.352787962546202,1,Huff and ML agree
10098777,Praproče v Tuhinju,Kamnik,0.2559686188494378,Ljubljana,0.2642234730560658,0,Huff and ML disagree
10098785,Pšajnovica,Kamnik,0.2523587381324789,Ljubljana,0.2851133074216396,0,Huff and ML disagree
10098793,Ravne pri Šmartnem,Kamnik,0.2572736536687833,Ljubljana,0.264007905310365,0,Huff and ML disagree
10098807,Rožično,Kamnik,0.48772865196729,Kamnik,0.3804442885699883,1,Huff and ML agree
10098815,Rudnik pri Radomljah,Kamnik,0.558967019505701,Kamnik,0.3061938004492854,1,Huff and ML agree
10098823,Sela pri Kamniku,Kamnik,0.5017742325109907,Kamnik,0.3471189864731155,1,Huff and ML agree
10098831,Sidol,Kamnik,0.33230620199979094,Ljubljana,0.2515493346102809,0,Huff and ML disagree
10098840,Smrečje v Črni,Kamnik,0.33262294594747893,Kamnik,0.2557556653024537,1,Huff and ML agree
10098858,Snovik,Kamnik,0.33770558418828506,Kamnik,0.2460926215398158,1,Huff and ML agree
10098866,Sovinja Peč,Kamnik,0.33191545016773455,Kamnik,0.2496706001226303,1,Huff and ML agree
10098874,Spodnje Palovče,Kamnik,0.49190518633674307,Kamnik,0.3131454906723608,1,Huff and ML agree
10098882,Spodnje Stranje,Kamnik,0.767158123150722,Kamnik,0.7155048329276006,1,Huff and ML agree
10098904,Srednja vas pri Kamniku,Kamnik,0.4939456216549995,Kamnik,0.4059798823186017,1,Huff and ML agree
10098912,Stahovica,Kamnik,0.6136180571043508,Kamnik,0.4887770286706682,1,Huff and ML agree
10098939,Stara sela,Kamnik,0.24209932630513806,Ljubljana,0.2528224817044363,0,Huff and ML disagree
10098947,Stebljevek,Kamnik,0.28931686798937795,Ljubljana,0.2520846857028557,0,Huff and ML disagree
10098955,Stolnik,Kamnik,0.7095233818667781,Kamnik,0.6236702050816684,1,Huff and ML agree
10098963,Studenca,Kamnik,0.5009236026447043,Kamnik,0.3612612043350411,1,Huff and ML agree
10098971,Suhadole,Kamnik,0.5004381322563313,Ljubljana,0.2861756396495849,0,Huff and ML disagree
10098980,Šmarca,Kamnik,0.7213571851547421,Kamnik,0.4597125829201192,1,Huff and ML agree
10098998,Šmartno v Tuhinju,Kamnik,0.34221068989964437,Ljubljana,0.2507337905955571,0,Huff and ML disagree
10099005,Špitalič,Kamnik,0.15689447546277263,Ljubljana,0.196877447911444,0,Huff and ML disagree
10099013,Trebelno pri Palovčah,Kamnik,0.6136180571043508,Kamnik,0.4667741702948597,1,Huff and ML agree
10099021,Trobelno,Kamnik,0.32569609787531045,Kamnik,0.2460566007014636,1,Huff and ML agree
10099030,Tučna,Kamnik,0.6636294491576696,Kamnik,0.5868049201888558,1,Huff and ML agree
10099048,Tunjice,Kamnik,0.7516949428443457,Kamnik,0.624174832101984,1,Huff and ML agree
10099056,Tunjiška Mlaka,Kamnik,0.8038238480645777,Kamnik,0.7733995362286618,1,Huff and ML agree
10099064,Vaseno,Kamnik,0.39138529655159426,Kamnik,0.2632954938343978,1,Huff and ML agree
10099072,Velika Lašna,Kamnik,0.3455709319237611,Ljubljana,0.2670268514515035,0,Huff and ML disagree
10099099,Veliki Hrib,Kamnik,0.21344898242565244,Ljubljana,0.2467119631217521,0,Huff and ML disagree
10099102,Veliki Rakitovec,Kamnik,0.20866565497612743,Ljubljana,0.2833195697545247,0,Huff and ML disagree
10099129,Vir pri Nevljah,Kamnik,0.6136180571043508,Kamnik,0.4748519435506721,1,Huff and ML agree
10099137,Vodice nad Kamnikom,Kamnik,0.6411118328026683,Kamnik,0.5382812011204491,1,Huff and ML agree
10099145,Volčji Potok,Kamnik,0.6415603246299991,Kamnik,0.3490648281526324,1,Huff and ML agree
10099153,Vranja Peč,Kamnik,0.5009236026447043,Kamnik,0.3027506672711584,1,Huff and ML agree
10099161,Vrhpolje pri Kamniku,Kamnik,0.8555414406604274,Kamnik,0.8678942881413864,1,Huff and ML agree
10099170,Zagorica nad Kamnikom,Kamnik,0.6718640615255168,Kamnik,0.6023275516288576,1,Huff and ML agree
10099188,Zajasovnik - del,Kamnik,0.10426163386774501,Ljubljana,0.1702869421825952,0,Huff and ML disagree
10099196,Zakal,Kamnik,0.4897974607793736,Kamnik,0.3767456615750571,1,Huff and ML agree
10099200,Zavrh pri Črnivcu,Kamnik,0.3370466052384547,Ljubljana,0.2520504676898336,0,Huff and ML disagree
10099218,Zduša,Kamnik,0.8224574986413132,Kamnik,0.8142600359221012,1,Huff and ML agree
10099226,Zgornje Palovče,Kamnik,0.6375665110541558,Kamnik,0.4906515589321614,1,Huff and ML agree
10099234,Zgornje Stranje,Kamnik,0.7325300010102948,Kamnik,0.648440040239926,1,Huff and ML agree
10099242,Zgornji Motnik,Vransko,0.10788592447665447,Ljubljana,0.1526845057435425,0,Huff and ML disagree
10099269,Zgornji Tuhinj,Kamnik,0.2406757043852825,Ljubljana,0.2476071174115286,0,Huff and ML disagree
10099277,Znojile,Kamnik,0.449996302742345,Kamnik,0.3172417277400414,1,Huff and ML agree
10099285,Žaga,Kamnik,0.21050559684570416,Ljubljana,0.2645507160011685,0,Huff and ML disagree
10099293,Žeje pri Komendi,Kamnik,0.5011844761115559,Ljubljana,0.2535866724264191,0,Huff and ML disagree
10099307,Žubejevo,Kamnik,0.3510373219963867,Kamnik,0.279023359287707,1,Huff and ML agree
10099315,Županje Njive,Kamnik,0.6281974430481563,Kamnik,0.5039399136749769,1,Huff and ML agree
10099323,Soteska,Kamnik,0.7530409318688406,Kamnik,0.6679760010167338,1,Huff and ML agree
10099331,Velika Planina,Kamnik,0.15572275217395004,Ljubljana,0.2666425404849237,0,Huff and ML disagree
10099340,Ajbelj,Kočevje,0.08897639891014236,Kočevje,0.2281172640719883,1,Huff and ML agree
10099358,Banja loka,Kočevje,0.0705446130531751,Kočevje,0.1809562608874988,1,Huff and ML agree
10099366,Belica,Osilnica,0.044007709083709934,Ljubljana,0.2077026615205227,0,Huff and ML disagree
10099374,Bezgarji,Osilnica,0.04874013316366513,Ljubljana,0.204443262626334,0,Huff and ML disagree
10099382,Bezgovica,Osilnica,0.3052450044821538,Ljubljana,0.1932548651041577,0,Huff and ML disagree
10099404,Borovec pri Kočevski Reki,Kočevje,0.0668449002674948,Ljubljana,0.1938253411791392,0,Huff and ML disagree
10099412,Bosljiva Loka,Osilnica,0.02977561228428833,Ljubljana,0.19488484480928,0,Huff and ML disagree
10099439,Breg pri Kočevju,Kočevje,0.7558638398281505,Kočevje,0.8139541107763147,1,Huff and ML agree
10099447,Brezovica pri Predgradu,Kočevje,0.06507760197301762,Ljubljana,0.1399127357828176,0,Huff and ML disagree
10099455,Briga,Kočevje,0.08641678855212369,Kočevje,0.2121593690433039,1,Huff and ML agree
10099463,Brsnik,Kostel,0.14558391632550355,Ljubljana,0.1723877676301341,0,Huff and ML disagree
10099471,Bukova Gora,Kočevje,0.06715722781027164,Ljubljana,0.1314926483119871,0,Huff and ML disagree
10099480,Colnarji,Kočevje,0.06957525427118644,Ljubljana,0.1704155879648279,0,Huff and ML disagree
10099498,Cvišlerji,Kočevje,0.7655824204285282,Kočevje,0.8556515075184821,1,Huff and ML agree
10099501,Čeplje,Kočevje,0.06793651033988474,Ljubljana,0.142114565850831,0,Huff and ML disagree
10099510,Četež pri Strugah,Kočevje,0.05800004790108747,Ljubljana,0.2660529350991267,0,Huff and ML disagree
10099528,Črni Potok pri Dragi,Ljubljana,0.027403066653666253,Ljubljana,0.2194398224458223,1,Huff and ML agree
10099536,Črni Potok pri Kočevju,Kočevje,0.24393995189803758,Kočevje,0.5040584521913261,1,Huff and ML agree
10099544,Delač,Kočevje,0.07011544547617322,Ljubljana,0.1706300370945649,0,Huff and ML disagree
10099552,Dol,Črnomelj,0.06343306461263323,Ljubljana,0.1439305357114083,0,Huff and ML disagree
10099579,Dolenja Žaga,Kočevje,0.06682035939599885,Ljubljana,0.1693801743332985,0,Huff and ML disagree
10099587,Dolenji Potok,Kočevje,0.07098299410339426,Kočevje,0.184541571405903,1,Huff and ML agree
10099595,Dolga vas,Kočevje,0.7558638398281505,Kočevje,0.8432434444787427,1,Huff and ML agree
10099609,Dolnja Briga,Kočevje,0.06960658183013572,Ljubljana,0.1887531216255466,0,Huff and ML disagree
10099617,Dolnje Ložine,Kočevje,0.25888239787368655,Kočevje,0.4020037326894959,1,Huff and ML agree
10099625,Draga,Ljubljana,0.03345436110955082,Ljubljana,0.2187561441023677,1,Huff and ML agree
10099633,Dren,Kostel,0.1522991308204492,Ljubljana,0.1708044504832673,0,Huff and ML disagree
10099641,Drežnik,Kočevje,0.06912571200111566,Kočevje,0.1786038625671412,1,Huff and ML agree
10099650,Fara,Kostel,0.9967722575291172,Kostel,1.0,1,Huff and ML agree
10099668,Gladloka,Kostel,0.038393078138544194,Ljubljana,0.1789613343908379,0,Huff and ML disagree
10099676,Glažuta,Kočevje,0.05419051510959279,Ljubljana,0.1979188623837385,0,Huff and ML disagree
10099684,Gorenja Žaga,Kočevje,0.06578361909790523,Ljubljana,0.169509679556265,0,Huff and ML disagree
10099692,Gorenje,Kočevje,0.6266666019697457,Kočevje,0.7108694863388636,1,Huff and ML agree
10099706,Gorenji Potok,Kočevje,0.06798620223761058,Kočevje,0.1760524509633526,1,Huff and ML agree
10099714,Gornja Briga,Kočevje,0.05785040362354119,Ljubljana,0.1954979632175521,0,Huff and ML disagree
10099722,Gornje Ložine,Kočevje,0.23265053066559258,Kočevje,0.3423530319968592,1,Huff and ML agree
10099749,Gotenc,Kostel,0.1741307978582045,Ljubljana,0.1716000423504158,0,Huff and ML disagree
10099757,Grgelj,Kočevje,0.08344963046618327,Kočevje,0.1966122228499807,1,Huff and ML agree
10099765,Grintovec pri Osilnici,Osilnica,0.05208263941462417,Ljubljana,0.1936650294590632,0,Huff and ML disagree
10099773,Grivac,Kostel,0.31473363807146676,Ljubljana,0.1731269990002783,0,Huff and ML disagree
10099781,Hreljin,Kočevje,0.045902353991980706,Ljubljana,0.1545109410742438,0,Huff and ML disagree
10099790,Hrib pri Fari,Kostel,0.6609222840548982,Kostel,0.3664854331657315,1,Huff and ML agree
10099803,Hrib pri Koprivniku,Kočevje,0.07833328943334089,Kočevje,0.1467291440093837,1,Huff and ML agree
10099811,Jakšiči,Kostel,0.3237461791289434,Ljubljana,0.160808779961887,0,Huff and ML disagree
10099820,Jelenja vas,Črnomelj,0.06644760774817536,Ljubljana,0.1419588199210341,0,Huff and ML disagree
10099838,Jesenov Vrt,Kočevje,0.06912571200111566,Kočevje,0.1786038625671412,1,Huff and ML agree
10099846,Kačji Potok,Kočevje,0.11019487405177726,Kočevje,0.2879979502233166,1,Huff and ML agree
10099854,Kaptol,Kočevje,0.0913263801932548,Kočevje,0.241617008911213,1,Huff and ML agree
10099862,Kleč,Kočevje,0.23025246055893753,Kočevje,0.3831312311917862,1,Huff and ML agree
10099889,Klinja vas,Kočevje,0.5784603629771339,Kočevje,0.6972277580886382,1,Huff and ML agree
10099897,Knežja Lipa,Kočevje,0.08358108816982965,Kočevje,0.1771242142850771,1,Huff and ML agree
10099919,Koblarji,Kočevje,0.3973563675952558,Kočevje,0.6033462295923041,1,Huff and ML agree
10099927,Kočarji,Kočevje,0.14510371926821736,Kočevje,0.3484224417412845,1,Huff and ML agree
10099935,Koče,Kočevje,0.06912571200111566,Ljubljana,0.2069191166753098,0,Huff and ML disagree
10099943,Kočevje,Kočevje,1.0,Kočevje,1.0,1,Huff and ML agree
10099951,Kočevska Reka,Kočevje,0.08942083845772794,Ljubljana,0.1909171311912318,0,Huff and ML disagree
10099960,Kolenča vas,Kočevje,0.06697941202834264,Ljubljana,0.2580581464334929,0,Huff and ML disagree
10099978,Komolec,Novo mesto,0.13655075095808855,Novo mesto,0.1626338908580893,1,Huff and ML agree
10099986,Konca vas,Kočevje,0.4767986908904983,Kočevje,0.6664132676516351,1,Huff and ML agree
10099994,Koprivnik,Kočevje,0.08840326317174313,Kočevje,0.1767895114963496,1,Huff and ML agree
10100003,Kostel,Kočevje,0.06912868376366015,Ljubljana,0.1716568475684865,0,Huff and ML disagree
10100011,Kralji,Kočevje,0.06658230181715469,Ljubljana,0.1447328283313522,0,Huff and ML disagree
10100020,Križmani,Osilnica,0.31781068922223893,Ljubljana,0.1898497987749106,0,Huff and ML disagree
10100038,Krkovo nad Faro,Kostel,0.3973673059178929,Ljubljana,0.1696542795111383,0,Huff and ML disagree
10100046,Kuhlarji,Kočevje,0.06717539760745969,Kočevje,0.1759510745762663,1,Huff and ML agree
10100054,Kuželič,Kostel,0.40290069952349666,Ljubljana,0.1701335948169272,0,Huff and ML disagree
10100062,Kuželj,Ljubljana,0.014925894581142194,Ljubljana,0.1747147490761037,1,Huff and ML agree
10100089,Laze pri Kostelu,Ljubljana,0.015981573312067433,Ljubljana,0.1729383846303008,1,Huff and ML agree
10100097,Laze pri Oneku,Kočevje,0.11184983470024924,Kočevje,0.2767483423295167,1,Huff and ML agree
10100119,Laze pri Predgradu,Kočevje,0.04842065006897406,Ljubljana,0.1566642097760022,0,Huff and ML disagree
10100127,Lazec,Loški Potok,0.0499807281051823,Ljubljana,0.2099832131629445,0,Huff and ML disagree
10100135,Lipa,Kočevje,0.06620574462381099,Ljubljana,0.2520988991678864,0,Huff and ML disagree
10100143,Lipovec pri Kostelu,Kočevje,0.06254175525409031,Ljubljana,0.172148366152708,0,Huff and ML disagree
10100151,Livold,Kočevje,0.3989103173493059,Kočevje,0.6858149431601273,1,Huff and ML agree
10100160,Ložec,Osilnica,0.31942012714885454,Ljubljana,0.1912885839021885,0,Huff and ML disagree
10100178,Mačkovec,Kočevje,0.1830008224622128,Kočevje,0.4004364917215228,1,Huff and ML agree
10100186,Mahovnik,Kočevje,0.8516173715575309,Kočevje,0.9490061280790494,1,Huff and ML agree
10100194,Mala Gora,Kočevje,0.3452056466727378,Kočevje,0.5357046946111297,1,Huff and ML agree
10100208,Malinišče,Osilnica,0.4062908719666366,Ljubljana,0.1805382269660871,0,Huff and ML disagree
10100216,Mavrc,Kočevje,0.06918187135773698,Ljubljana,0.1716175111203789,0,Huff and ML disagree
10100224,Mirtoviči,Ljubljana,0.014013562018274273,Ljubljana,0.1950101456978861,1,Huff and ML agree
10100232,Mlaka pri Kočevju,Kočevje,0.732781392467485,Kočevje,0.8028266472176353,1,Huff and ML agree
10100259,Mlaka pri Kočevski Reki,Kočevje,0.06696529250780016,Ljubljana,0.2105863122264095,0,Huff and ML disagree
10100267,Mokri Potok,Kočevje,0.09094360783680948,Kočevje,0.2104540781478143,1,Huff and ML agree
10100275,Morava,Kočevje,0.10681306028190879,Kočevje,0.2871036965929882,1,Huff and ML agree
10100283,Mozelj,Kočevje,0.1809880844150191,Kočevje,0.4108681936305543,1,Huff and ML agree
10100291,Mrtvice,Kočevje,0.6063893019508593,Kočevje,0.7434391101060525,1,Huff and ML agree
10100305,Muha vas,Kočevje,0.08919218202612683,Kočevje,0.2481324133005586,1,Huff and ML agree
10100313,Nemška Loka,Kočevje,0.06908829858639792,Ljubljana,0.1391829125574391,0,Huff and ML disagree
10100321,Nova sela,Kočevje,0.06682035939599885,Ljubljana,0.1692757920406124,0,Huff and ML disagree
10100330,Nove Ložine,Kočevje,0.2997568893628154,Kočevje,0.4667014452018306,1,Huff and ML agree
10100348,Novi Kot,Ljubljana,0.02930036277562742,Ljubljana,0.2267434497059538,1,Huff and ML agree
10100356,Novi Lazi,Kočevje,0.10788740599819607,Kočevje,0.2986257594603009,1,Huff and ML agree
10100364,Ograja,Kočevje,0.08853600909530686,Kočevje,0.2236696664237742,1,Huff and ML agree
10100372,Onek,Kočevje,0.23265053066559258,Kočevje,0.4496045705409975,1,Huff and ML agree
10100399,Osilnica,Osilnica,0.9972213706168935,Osilnica,1.0,1,Huff and ML agree
10100402,Oskrt,Kostel,0.30095449034916943,Ljubljana,0.1703982855943507,0,Huff and ML disagree
10100429,Padovo pri Fari,Kostel,0.3137023198576761,Ljubljana,0.172688621909735,0,Huff and ML disagree
10100437,Padovo pri Osilnici,Osilnica,0.3298842561228249,Ljubljana,0.1874846952666313,0,Huff and ML disagree
10100445,Paka,Kočevje,0.06682035939599885,Ljubljana,0.251329477662268,0,Huff and ML disagree
10100453,Paka pri Predgradu,Črnomelj,0.06824966269147899,Črnomelj,0.1437324816318295,1,Huff and ML agree
10100461,Papeži,Osilnica,0.04874013316366513,Ljubljana,0.2068942368518777,0,Huff and ML disagree
10100470,Petrina,Kostel,0.3969136281971547,Ljubljana,0.1707415070643253,0,Huff and ML disagree
10100488,Pirče,Kostel,0.40362270299315073,Ljubljana,0.1682177313317499,0,Huff and ML disagree
10100496,Planina,Kostel,0.4028088104354363,Ljubljana,0.1714422737203632,0,Huff and ML disagree
10100500,Poden,Kostel,0.1522991308204492,Ljubljana,0.1720923823229316,0,Huff and ML disagree
10100518,Podlesje,Kočevje,0.08926130730270328,Kočevje,0.2261008648898176,1,Huff and ML agree
10100526,Podplanina,Ljubljana,0.034462975072518526,Ljubljana,0.2231008105310177,1,Huff and ML agree
10100534,Podpreska,Ljubljana,0.033493213374660005,Ljubljana,0.2134031024570961,1,Huff and ML agree
10100542,Podstene,Kočevje,0.08554250547630238,Kočevje,0.1687756753060885,1,Huff and ML agree
10100569,Podstene pri Kostelu,Kočevje,0.08537215040967883,Kočevje,0.201907052297998,1,Huff and ML agree
10100577,Trnovec,Kočevje,0.08378516776135589,Kočevje,0.136080341416477,1,Huff and ML agree
10100585,Podtabor,Kočevje,0.06669789334448312,Ljubljana,0.2530995059646148,0,Huff and ML disagree
10100593,Podvrh,Osilnica,0.3915472598859875,Ljubljana,0.1871298629939916,0,Huff and ML disagree
10100607,Polom,Kočevje,0.10096215364921975,Ljubljana,0.1925606816804065,0,Huff and ML disagree
10100615,Potiskavec,Kočevje,0.06529418075787564,Ljubljana,0.2610718836816322,0,Huff and ML disagree
10100623,Potok,Kostel,0.46072590895800714,Kostel,0.2658775286631416,1,Huff and ML agree
10100631,Predgrad,Črnomelj,0.07202751733683309,Črnomelj,0.1538592141937872,1,Huff and ML agree
10100640,Preža,Kočevje,0.09104366524235238,Kočevje,0.2533752739475441,1,Huff and ML agree
10100658,Pri Cerkvi-Struge,Kočevje,0.06676749866296905,Ljubljana,0.2487809370202648,0,Huff and ML disagree
10100666,Primoži,Kočevje,0.06502615638342736,Ljubljana,0.2097455514468695,0,Huff and ML disagree
10100674,Puc,Kočevje,0.08453116113004644,Kočevje,0.2036615683611551,1,Huff and ML agree
10100682,Pugled pri Starem Logu,Kočevje,0.06635017795277279,Ljubljana,0.1578842533662985,0,Huff and ML disagree
10100704,Pungert,Ljubljana,0.03317587476350024,Ljubljana,0.2241338042103472,1,Huff and ML agree
10100712,Rajhenav,Kočevje,0.08526590188184419,Kočevje,0.1607610218178788,1,Huff and ML agree
10100739,Rajndol,Kočevje,0.1179839895787645,Kočevje,0.3171442612985042,1,Huff and ML agree
10100747,Rajšele,Kočevje,0.048695506786589134,Ljubljana,0.1742874640692376,0,Huff and ML disagree
10100755,Rake,Kočevje,0.0404214239948277,Ljubljana,0.1810074057139293,0,Huff and ML disagree
10100763,Rapljevo,Ribnica,0.08118617155726325,Ljubljana,0.2350189896122267,0,Huff and ML disagree
10100771,Ribjek,Osilnica,0.3298842561228249,Ljubljana,0.1870291231404905,0,Huff and ML disagree
10100780,Rogati Hrib,Kočevje,0.167327195257451,Kočevje,0.3864180889180434,1,Huff and ML agree
10100798,Sadni Hrib,Kočevje,0.09094360783680948,Kočevje,0.2104540781478143,1,Huff and ML agree
10100801,Sapnik,Kostel,0.311436691078391,Ljubljana,0.172105098515113,0,Huff and ML disagree
10100810,Seč,Kočevje,0.08929116733843948,Ljubljana,0.2021389723516706,0,Huff and ML disagree
10100828,Sela,Osilnica,0.6865974209643927,Osilnica,0.6395774294820256,1,Huff and ML agree
10100836,Selo pri Kostelu,Kočevje,0.05132347372837569,Ljubljana,0.172992804872377,0,Huff and ML disagree
10100844,Slavski Laz,Kostel,0.34400590147465826,Ljubljana,0.1669455571991371,0,Huff and ML disagree
10100852,Slovenska vas,Kočevje,0.5133920533499196,Kočevje,0.6812328333500853,1,Huff and ML agree
10100879,Smuka,Novo mesto,0.10268776540664894,Ljubljana,0.1560968199659477,0,Huff and ML disagree
10100887,Spodnja Bilpa,Kočevje,0.0432680907334315,Ljubljana,0.1656055209550464,0,Huff and ML disagree
10100895,Spodnji Čačič,Osilnica,0.28143840835888967,Ljubljana,0.1915429586904933,0,Huff and ML disagree
10100909,Spodnji Log,Kočevje,0.06654724167925959,Ljubljana,0.155565193102672,0,Huff and ML disagree
10100917,Srednja vas pri Dragi,Ljubljana,0.036597744291745324,Ljubljana,0.222124268247206,1,Huff and ML agree
10100925,Srednji Potok,Kočevje,0.0770873045079927,Kočevje,0.1949502362231131,1,Huff and ML agree
10100933,Srobotnik ob Kolpi,Ljubljana,0.014990480250450109,Ljubljana,0.1888533820437207,1,Huff and ML agree
10100941,Stara Cerkev,Kočevje,0.597032781156148,Kočevje,0.6891385023525656,1,Huff and ML agree
10100950,Stari Breg,Kočevje,0.15602487059276243,Kočevje,0.3397877942040828,1,Huff and ML agree
10100968,Stari Kot,Ljubljana,0.03249483356148922,Ljubljana,0.2246160722777866,1,Huff and ML agree
10100976,Stari Log,Kočevje,0.10542007289377871,Kočevje,0.2009747485962826,1,Huff and ML agree
10100984,Staro Brezje,Kočevje,0.10247793510907725,Kočevje,0.2464121400143304,1,Huff and ML agree
10100992,Stelnik,Kočevje,0.06957525427118644,Ljubljana,0.1713183897351086,0,Huff and ML disagree
10101000,Strojiči,Osilnica,0.3930309541146908,Ljubljana,0.1923169845407318,0,Huff and ML disagree
10101018,Stružnica,Kočevje,0.04842065006897406,Ljubljana,0.1779883374398877,0,Huff and ML disagree
10101026,Suhi Potok,Kočevje,0.13244561034531505,Kočevje,0.3382713558472125,1,Huff and ML agree
10101034,Suhor,Kočevje,0.0884218795891711,Kočevje,0.2229154331543377,1,Huff and ML agree
10101042,Svetli Potok,Kočevje,0.08807552136490472,Kočevje,0.1888259412671194,1,Huff and ML agree
10101069,Šalka vas,Kočevje,0.7662159102635503,Kočevje,0.853698449038188,1,Huff and ML agree
10101077,Škrilj,Kočevje,0.0850940495210542,Kočevje,0.2088686505335102,1,Huff and ML agree
10101085,Štajer,Kostel,0.40415823313473553,Ljubljana,0.1688742044621483,0,Huff and ML disagree
10101093,Štalcerji,Kočevje,0.1562108630001532,Kočevje,0.3795965883427296,1,Huff and ML agree
10101107,Tisovec,Ljubljana,0.056247535505596906,Ljubljana,0.2677582539153486,1,Huff and ML agree
10101115,Tišenpolj,Kostel,0.3977066712473244,Ljubljana,0.1713028149913639,0,Huff and ML disagree
10101123,Topla Reber,Novo mesto,0.08116491827930979,Ljubljana,0.1543334951284905,0,Huff and ML disagree
10101131,Trava,Ljubljana,0.030880284162283146,Ljubljana,0.2236017567283942,1,Huff and ML agree
10101140,Tržič,Kočevje,0.06688543608996515,Ljubljana,0.2555695735461207,0,Huff and ML disagree
10101158,Vas,Kostel,0.3644660455083515,Kostel,0.2244944401902683,1,Huff and ML agree
10101166,Vimolj,Kočevje,0.06701362791074145,Kočevje,0.1725526201831128,1,Huff and ML agree
10101174,Vimolj pri Predgradu,Kočevje,0.065001106817621,Ljubljana,0.1439549685225307,0,Huff and ML disagree
10101182,Vrbovec,Kočevje,0.13088387283747246,Kočevje,0.2367633628646909,1,Huff and ML agree
10101204,Vrh pri Fari,Kostel,0.3169512269934604,Ljubljana,0.1702280332526735,0,Huff and ML disagree
10101212,Vrt,Črnomelj,0.04304522048847303,Ljubljana,0.1596235481317474,0,Huff and ML disagree
10101239,Zajčje Polje,Kočevje,0.2958121280278225,Kočevje,0.5683691437202675,1,Huff and ML agree
10101247,Zapuže pri Kostelu,Kočevje,0.05115568642539166,Ljubljana,0.1740797969038627,0,Huff and ML disagree
10101255,Zdihovo,Kočevje,0.07125210564479026,Kočevje,0.1941481208459776,1,Huff and ML agree
10101263,Zgornji Čačič,Osilnica,0.2796333977292134,Ljubljana,0.1914458117486823,0,Huff and ML disagree
10101271,Željne,Kočevje,0.633874986181485,Kočevje,0.7400749323739632,1,Huff and ML agree
10101280,Žurge,Ljubljana,0.020038908128888498,Ljubljana,0.2090505533759064,1,Huff and ML agree
10101298,Gotenica,Kočevje,0.06597410791859122,Ljubljana,0.2112627399635748,0,Huff and ML disagree
10101301,Abitanti,Koper,0.0715369119141588,Koper,0.3463421853916607,1,Huff and ML agree
10101310,Ankaran,Ankaran,0.9906081117907461,Ankaran,1.0,1,Huff and ML agree
10101328,Babiči,Koper,0.5112387932374272,Koper,0.725995502041286,1,Huff and ML agree
10101336,Barizoni,Koper,0.4721247081536314,Ankaran,0.4967951211094566,0,Huff and ML disagree
10101344,Belvedur,Koper,0.08017658983662472,Koper,0.3641387414034124,1,Huff and ML agree
10101352,Bertoki,Koper,0.6983566580034365,Koper,0.8645405974214966,1,Huff and ML agree
10101379,Bezovica,Koper,0.21073531790310426,Koper,0.4209925861903706,1,Huff and ML agree
10101387,Bočaji,Koper,0.2968016604006573,Koper,0.5860054507215768,1,Huff and ML agree
10101395,Bonini,Koper,0.622688857642055,Koper,0.7532838122254842,1,Huff and ML agree
10101409,Boršt,Koper,0.3216218146558154,Koper,0.6104039693740339,1,Huff and ML agree
10101417,Bošamarin,Koper,0.7215310947815626,Koper,0.9084169218138608,1,Huff and ML agree
10101425,Brezovica pri Gradinu,Koper,0.10015371320053244,Koper,0.3842466332626568,1,Huff and ML agree
10101433,Brežec pri Podgorju,Koper,0.16314542753955194,Koper,0.3698511650233357,1,Huff and ML agree
10101441,Brič,Koper,0.3486087096982896,Koper,0.6072384751146526,1,Huff and ML agree
10101450,Butari,Koper,0.16416300874561135,Koper,0.4436852546747334,1,Huff and ML agree
10101468,Cepki,Koper,0.414804899730847,Koper,0.551788540259719,1,Huff and ML agree
10101476,Cerej,Koper,0.47793300176149506,Koper,0.4927062241340081,1,Huff and ML agree
10101484,Čentur,Koper,0.5482814674064288,Koper,0.746598062312762,1,Huff and ML agree
10101492,Čežarji,Koper,0.604491210475426,Koper,0.7382766374749928,1,Huff and ML agree
10101506,Črni Kal,Koper,0.2647824908282118,Koper,0.4449423873996405,1,Huff and ML agree
10101514,Črnotiče,Koper,0.164734359273518,Koper,0.3139517486747328,1,Huff and ML agree
10101522,Dekani,Koper,0.501973598098812,Koper,0.6542491904079123,1,Huff and ML agree
10101549,Dilici,Koper,0.4246372494490448,Koper,0.6396303828791544,1,Huff and ML agree
10101557,Dol pri Hrastovljah,Koper,0.16060195268342198,Koper,0.3910452349471707,1,Huff and ML agree
10101565,Dvori,Koper,0.09850011274365505,Koper,0.3652163060788568,1,Huff and ML agree
10101573,Fijeroga,Koper,0.4289467182454164,Koper,0.6602937439729354,1,Huff and ML agree
10101581,Gabrovica pri Črnem Kalu,Koper,0.27560460192431063,Koper,0.4626937897533011,1,Huff and ML agree
10101590,Gažon,Koper,0.6025835005022235,Koper,0.5678180207934174,1,Huff and ML agree
10101603,Glem,Koper,0.3070618394061541,Koper,0.5991810307593102,1,Huff and ML agree
10101611,Gračišče,Koper,0.2157597067817802,Koper,0.4777829637757198,1,Huff and ML agree
10101620,Gradin,Koper,0.0949313435670354,Koper,0.3808964687286073,1,Huff and ML agree
10101638,Grinjan,Koper,0.6863229148037132,Koper,0.8640855761063276,1,Huff and ML agree
10101646,Grintovec,Koper,0.5058129040619902,Koper,0.6316306886866284,1,Huff and ML agree
10101654,Hrastovlje,Koper,0.18414365376963363,Koper,0.4138965199453439,1,Huff and ML agree
10101662,Hrvatini,Koper,0.5564129407325616,Koper,0.5352509027803892,1,Huff and ML agree
10101689,Elerji,Koper,0.5140791510062749,Koper,0.6228178697072826,1,Huff and ML agree
10101697,Kampel,Koper,0.6927555275617816,Koper,0.88595039079592,1,Huff and ML agree
10101719,Karli,Koper,0.07902969406410834,Koper,0.3634674793689767,1,Huff and ML agree
10101727,Kastelec,Koper,0.21387007012350878,Koper,0.3693256102353607,1,Huff and ML agree
10101735,Kolomban,Koper,0.47746951428793527,Ankaran,0.4676871444749436,0,Huff and ML disagree
10101743,Koper,Koper,0.9981502894886168,Koper,1.0,1,Huff and ML agree
10101751,Koromači-Boškini,Koper,0.09541186480529061,Koper,0.3757524959530701,1,Huff and ML agree
10101760,Kortine,Koper,0.3064784451655229,Koper,0.4867743688588194,1,Huff and ML agree
10101778,Koštabona,Koper,0.4316762419898064,Koper,0.6355162718890379,1,Huff and ML agree
10101786,Kozloviči,Koper,0.2787649857057475,Koper,0.5762093081094275,1,Huff and ML agree
10101794,Krkavče,Koper,0.32318214080549795,Koper,0.5851219295115517,1,Huff and ML agree
10101808,Krnica,Koper,0.344220220398993,Koper,0.5165508365767154,1,Huff and ML agree
10101816,Kubed,Koper,0.27047581580964697,Koper,0.5137381330914883,1,Huff and ML agree
10101824,Labor,Koper,0.25555423976713953,Koper,0.5595928082467039,1,Huff and ML agree
10101832,Loka,Koper,0.21492867773826227,Koper,0.4422731563570227,1,Huff and ML agree
10101859,Lopar,Koper,0.31766903314053074,Koper,0.5810980811633373,1,Huff and ML agree
10101867,Lukini,Koper,0.1641431571934867,Koper,0.4258039838676008,1,Huff and ML agree
10101875,Manžan,Koper,0.6710232464056068,Koper,0.8084889682936552,1,Huff and ML agree
10101883,Marezige,Koper,0.4819642332905241,Koper,0.7126832316606356,1,Huff and ML agree
10101891,Maršiči,Koper,0.09850641600274504,Koper,0.3686159838093906,1,Huff and ML agree
10101905,Močunigi,Koper,0.08504432288868856,Koper,0.3659995485445723,1,Huff and ML agree
10101913,Montinjan,Koper,0.5912967541632174,Koper,0.752370416486161,1,Huff and ML agree
10101921,Movraž,Koper,0.10751066086656083,Koper,0.402318822077142,1,Huff and ML agree
10101930,Olika,Koper,0.09981733806652954,Koper,0.3867325742684428,1,Huff and ML agree
10101948,Osp,Koper,0.2131876832338121,Koper,0.4368829919660604,1,Huff and ML agree
10101956,Peraji,Koper,0.09863640495439077,Koper,0.3682147647243886,1,Huff and ML agree
10101964,Pisari,Koper,0.09523040915811183,Koper,0.3794847098046615,1,Huff and ML agree
10101972,Plavje,Koper,0.5138340228331129,Koper,0.6494125991850943,1,Huff and ML agree
10101999,Pobegi,Koper,0.6689980443180181,Koper,0.7774203405271273,1,Huff and ML agree
10102006,Podpeč,Koper,0.18596307127101538,Koper,0.3734467846651978,1,Huff and ML agree
10102014,Poletiči,Koper,0.21361137203010294,Koper,0.4889136820685649,1,Huff and ML agree
10102022,Pomjan,Koper,0.5006232057723485,Koper,0.6944840249928631,1,Huff and ML agree
10102049,Popetre,Koper,0.21443347454427372,Koper,0.4929764085817968,1,Huff and ML agree
10102057,Praproče,Koper,0.10015371320053244,Koper,0.2845905916972694,1,Huff and ML agree
10102065,Pregara,Koper,0.08287844014055101,Koper,0.3631387166075023,1,Huff and ML agree
10102073,Premančan,Koper,0.501973598098812,Koper,0.5797184983815203,1,Huff and ML agree
10102081,Sv. Anton,Koper,0.4249005494853989,Koper,0.6493045888618367,1,Huff and ML agree
10102090,Puče,Koper,0.4094316341523497,Koper,0.6387622165009454,1,Huff and ML agree
10102103,Rižana,Koper,0.375056899651578,Koper,0.5431169932706602,1,Huff and ML agree
10102111,Rožar,Koper,0.344220220398993,Koper,0.5093921393054145,1,Huff and ML agree
10102120,Sirči,Koper,0.09980660620619902,Koper,0.3873317568499098,1,Huff and ML agree
10102138,Smokvica,Koper,0.16365979920397908,Koper,0.4340393586765771,1,Huff and ML agree
10102146,Socerb,Koper,0.18208372210164694,Koper,0.356076595029641,1,Huff and ML agree
10102154,Sočerga,Koper,0.1157227599560366,Koper,0.4021369360180313,1,Huff and ML agree
10102162,Sokoliči,Koper,0.1110382485166849,Koper,0.4030928349465024,1,Huff and ML agree
10102189,Spodnje Škofije,Koper,0.6017637414919531,Koper,0.66704382597409,1,Huff and ML agree
10102197,Srgaši,Koper,0.5140791510062749,Koper,0.6090369818960067,1,Huff and ML agree
10102219,Stepani,Koper,0.34125801290489527,Koper,0.5032548215641923,1,Huff and ML agree
10102227,Šalara,Koper,0.6863229148037132,Koper,0.838868261777163,1,Huff and ML agree
10102235,Šeki,Koper,0.09701609648963043,Koper,0.37310393483498,1,Huff and ML agree
10102243,Škocjan,Koper,0.6739362613430478,Koper,0.8213771149238236,1,Huff and ML agree
10102251,Šmarje,Koper,0.6485947930197911,Koper,0.7289161136910581,1,Huff and ML agree
10102260,Tinjan,Koper,0.3782227201018516,Koper,0.5905480106443798,1,Huff and ML agree
10102278,Topolovec,Koper,0.0630600948188083,Koper,0.3463732937081503,1,Huff and ML agree
10102286,Trebeše,Koper,0.15692556977060318,Koper,0.4170298961749227,1,Huff and ML agree
10102294,Triban,Koper,0.7005046915964975,Koper,0.8932175406513578,1,Huff and ML agree
10102308,Trsek,Koper,0.21624587540935994,Koper,0.5095742958836497,1,Huff and ML agree
10102316,Truške,Koper,0.32104716482037254,Koper,0.5948144011789743,1,Huff and ML agree
10102324,Tuljaki,Koper,0.13439441604816996,Koper,0.4149396906180643,1,Huff and ML agree
10102332,Vanganel,Koper,0.6819404396961494,Koper,0.8158162404109002,1,Huff and ML agree
10102359,Zabavlje,Koper,0.2587630181122037,Koper,0.535549518483725,1,Huff and ML agree
10102367,Zanigrad,Koper,0.1752744298955838,Koper,0.4103224900221697,1,Huff and ML agree
10102375,Zgornje Škofije,Koper,0.49803791415221954,Koper,0.652824684003567,1,Huff and ML agree
10102383,Župančiči,Koper,0.4142889742514151,Koper,0.6236812228084391,1,Huff and ML agree
10102391,Predloka,Koper,0.2696311716086082,Koper,0.4644153684748731,1,Huff and ML agree
10102405,Prade,Koper,0.6859603073313432,Koper,0.8317931447761574,1,Huff and ML agree
10102413,Adergas,Kranj,0.31518429262792497,Kranj,0.2415809295448429,1,Huff and ML agree
10102421,Ambrož pod Krvavcem,Kamnik,0.20511629297202916,Ljubljana,0.2679037467932336,0,Huff and ML disagree
10102430,Apno,Kamnik,0.3327189104487621,Ljubljana,0.2148547402564272,0,Huff and ML disagree
10102448,Babni Vrt,Kranj,0.32193857522478764,Kranj,0.3672788407755842,1,Huff and ML agree
10102456,Bašelj,Preddvor,0.40840198343746315,Kranj,0.2877912424387632,0,Huff and ML disagree
10102464,Bistrica,Kranj,0.43319500813212847,Kranj,0.3797589513540379,1,Huff and ML agree
10102472,Bobovek,Kranj,0.7262302115595852,Kranj,0.7070746514123623,1,Huff and ML agree
10102499,Breg ob Kokri,Preddvor,0.483193643959787,Preddvor,0.2808897211170784,1,Huff and ML agree
10102502,Breg ob Savi,Kranj,0.6432695863666323,Kranj,0.5426641596025106,1,Huff and ML agree
10102529,Britof,Kranj,0.7670937930669333,Kranj,0.7780229303397617,1,Huff and ML agree
10102537,Cegelnica,Naklo,0.6482468226539955,Naklo,0.7358815854472398,1,Huff and ML agree
10102545,Cerkljanska Dobrava,Kamnik,0.4997750223241554,Kamnik,0.2416596471641761,1,Huff and ML agree
10102553,Cerklje na Gorenjskem,Cerklje na Gorenjskem,0.9943224825520837,Cerklje na Gorenjskem,1.0,1,Huff and ML agree
10102561,Čadovlje,Kranj,0.36957033651746474,Kranj,0.4275106025586739,1,Huff and ML agree
10102570,Čepulje,Kranj,0.41263492606989466,Kranj,0.4788566333051092,1,Huff and ML agree
10102588,Češnjevek,Cerklje na Gorenjskem,0.4597100079754505,Cerklje na Gorenjskem,0.2671369588293803,1,Huff and ML agree
10102596,Dvorje,Cerklje na Gorenjskem,0.6496492495345407,Cerklje na Gorenjskem,0.5516065260409106,1,Huff and ML agree
10102600,Glinje,Kamnik,0.3496598396174194,Ljubljana,0.229326127266694,0,Huff and ML disagree
10102618,Gobovce,Kranj,0.28634694670375915,Kranj,0.2815565049478834,1,Huff and ML agree
10102626,Golnik,Kranj,0.2837777981164743,Kranj,0.3219467134281701,1,Huff and ML agree
10102634,Goriče,Kranj,0.3300193870714469,Kranj,0.3857406990284406,1,Huff and ML agree
10102642,Grad,Cerklje na Gorenjskem,0.6000561900506072,Cerklje na Gorenjskem,0.498291787013893,1,Huff and ML agree
10102669,Hotemaže,Kranj,0.4302576694772383,Kranj,0.3726882389993457,1,Huff and ML agree
10102677,Hrastje,Kranj,0.7432695684625894,Kranj,0.7080991196241397,1,Huff and ML agree
10102685,Hraše pri Preddvoru,Kranj,0.49428312691788645,Kranj,0.5224820274538724,1,Huff and ML agree
10102693,Hrib,Preddvor,0.6408477981050563,Preddvor,0.5743435244896578,1,Huff and ML agree
10102707,Ilovka,Kranj,0.769836728816474,Kranj,0.7987295913421774,1,Huff and ML agree
10102715,Jama,Kranj,0.4662426118895674,Kranj,0.3792107833862155,1,Huff and ML agree
10102723,Jamnik,Kranj,0.2164983007848577,Kranj,0.2096834086064953,1,Huff and ML agree
10102731,Javornik,Kranj,0.4590815691988012,Kranj,0.525702871022235,1,Huff and ML agree
10102740,Sveti Jošt nad Kranjem,Kranj,0.37175218209066707,Kranj,0.4584489974441442,1,Huff and ML agree
10102758,Kokra,Kranj,0.18496230543753936,Ljubljana,0.236500079157169,0,Huff and ML disagree
10102766,Kokrica,Kranj,0.7990027658124813,Kranj,0.829458432941072,1,Huff and ML agree
10102774,Kranj,Kranj,0.998838396796633,Kranj,1.0,1,Huff and ML agree
10102782,Lahovče,Kamnik,0.34306851207223615,Ljubljana,0.2646626027517038,0,Huff and ML disagree
10102804,Lavtarski Vrh,Kranj,0.32987625360836026,Kranj,0.3870592914035591,1,Huff and ML agree
10102812,Sveti Lenart,Kamnik,0.3334802686130778,Kamnik,0.2298077161744264,1,Huff and ML agree
10102839,Letenice,Kranj,0.40743674251326367,Kranj,0.465624510922044,1,Huff and ML agree
10102847,Luže,Kranj,0.43605298190887887,Kranj,0.3461660772107953,1,Huff and ML agree
10102855,Mače,Preddvor,0.6607549663937982,Preddvor,0.7258979554383382,1,Huff and ML agree
10102863,Malo Naklo,Naklo,0.7291717010583423,Naklo,0.8296021451361254,1,Huff and ML agree
10102871,Mavčiče,Medvode,0.37929457742475725,Ljubljana,0.3426622807290596,0,Huff and ML disagree
10102880,Meja,Kranj,0.49428312691788645,Kranj,0.3954260168338507,1,Huff and ML agree
10102898,Milje,Kranj,0.6570493808713708,Kranj,0.5799561088917208,1,Huff and ML agree
10102901,Mlaka pri Kranju,Kranj,0.7432695684625894,Kranj,0.7128114517235832,1,Huff and ML agree
10102910,Možjanca,Kranj,0.3207983811906581,Kranj,0.286031709088592,1,Huff and ML agree
10102928,Naklo,Naklo,0.997907598353451,Naklo,1.0,1,Huff and ML agree
10102936,Nemilje,Kranj,0.2795610645279582,Kranj,0.320732703409803,1,Huff and ML agree
10102944,Njivica,Kranj,0.2851872883728003,Kranj,0.3406564293906871,1,Huff and ML agree
10102952,Nova vas,Preddvor,0.6549493598732288,Preddvor,0.6949802937977833,1,Huff and ML agree
10102979,Okroglo,Kranj,0.7246145935513862,Kranj,0.6327529274022111,1,Huff and ML agree
10102987,Olševek,Kranj,0.3369108645355927,Kranj,0.316971364029888,1,Huff and ML agree
10102995,Orehovlje,Kranj,0.693121861277161,Kranj,0.667660456531675,1,Huff and ML agree
10103002,Pangršica,Kranj,0.36957033651746474,Kranj,0.430476870793459,1,Huff and ML agree
10103029,Planica,Kranj,0.31226421922273795,Kranj,0.4000825203898974,1,Huff and ML agree
10103037,Podblica,Kranj,0.2320534264780793,Kranj,0.2751980910704002,1,Huff and ML agree
10103045,Podbrezje,Kranj,0.4120558588458415,Kranj,0.3757275607205332,1,Huff and ML agree
10103053,Podreča,Medvode,0.4512867943468761,Ljubljana,0.3645374905199362,0,Huff and ML disagree
10103061,Polica,Kranj,0.7615352351812574,Kranj,0.5580465685399931,1,Huff and ML agree
10103070,Potoče,Preddvor,0.44398193151718546,Preddvor,0.2858383519276347,1,Huff and ML agree
10103088,Povlje,Kranj,0.33232565719184043,Kranj,0.3510426156293144,1,Huff and ML agree
10103096,Poženik,Cerklje na Gorenjskem,0.4750889858031273,Cerklje na Gorenjskem,0.3189538692917329,1,Huff and ML agree
10103100,Praprotna Polica,Kranj,0.32736190048641023,Kranj,0.25842555841576,1,Huff and ML agree
10103118,Praše,Kranj,0.45539688217923585,Kranj,0.3460503206372786,1,Huff and ML agree
10103126,Prebačevo,Kranj,0.6606125156503766,Kranj,0.5678790277178924,1,Huff and ML agree
10103134,Preddvor,Preddvor,0.996788127589516,Preddvor,1.0,1,Huff and ML agree
10103142,Predoslje,Kranj,0.6688166715751147,Kranj,0.6338125803456969,1,Huff and ML agree
10103169,Pšata,Cerklje na Gorenjskem,0.4750889858031273,Cerklje na Gorenjskem,0.3269116032783704,1,Huff and ML agree
10103177,Pšenična Polica,Cerklje na Gorenjskem,0.751908448184317,Cerklje na Gorenjskem,0.6649898375126984,1,Huff and ML agree
10103185,Pševo,Kranj,0.5796524773517437,Kranj,0.5899134063498281,1,Huff and ML agree
10103193,Rakovica,Kranj,0.7586119725966906,Kranj,0.8096834815775333,1,Huff and ML agree
10103207,Sidraž,Kamnik,0.48586359764369047,Kamnik,0.3545903801227326,1,Huff and ML agree
10103215,Spodnja Bela,Kranj,0.4808476976924755,Kranj,0.48706525706429,1,Huff and ML agree
10103223,Spodnja Besnica,Kranj,0.6208961509514781,Kranj,0.6342984540141432,1,Huff and ML agree
10103231,Spodnje Bitnje,Kranj,0.6357340451471969,Kranj,0.5215014721566604,1,Huff and ML agree
10103240,Spodnje Duplje,Kranj,0.40151499288906983,Kranj,0.3669685070887798,1,Huff and ML agree
10103258,Spodnje Jezersko,Jezersko,0.13234715234401268,Ljubljana,0.2096212465857286,0,Huff and ML disagree
10103266,Spodnji Brnik,Cerklje na Gorenjskem,0.5229706682360953,Cerklje na Gorenjskem,0.2850196714985106,1,Huff and ML agree
10103274,Srakovlje,Kranj,0.6671401602417739,Kranj,0.632490222664172,1,Huff and ML agree
10103282,Srednja Bela,Kranj,0.45080473501255525,Kranj,0.4251203105542414,1,Huff and ML agree
10103304,Srednja vas - Goriče,Kranj,0.3343159241104918,Kranj,0.3950029801800596,1,Huff and ML agree
10103312,Srednja vas pri Šenčurju,Šenčur,0.5968429056015788,Šenčur,0.3657204675086153,1,Huff and ML agree
10103339,Srednje Bitnje,Kranj,0.6707595661719852,Kranj,0.6173433038815047,1,Huff and ML agree
10103347,Stiška vas,Kamnik,0.26286826261369295,Ljubljana,0.2383332596106825,0,Huff and ML disagree
10103355,Strahinj,Kranj,0.5562385738294136,Naklo,0.4651704942164473,0,Huff and ML disagree
10103363,Suha pri Predosljah,Kranj,0.6432695863666323,Kranj,0.5996873483774169,1,Huff and ML agree
10103371,Šenčur,Šenčur,0.9954955185917208,Šenčur,1.0,1,Huff and ML agree
10103380,Šenturška Gora,Kamnik,0.3603362932468459,Kamnik,0.2347422452134448,1,Huff and ML agree
10103398,Šmartno,Cerklje na Gorenjskem,0.4597100079754505,Cerklje na Gorenjskem,0.2803374030255647,1,Huff and ML agree
10103401,Štefanja Gora,Kranj,0.21686788897458378,Ljubljana,0.2554923958791388,0,Huff and ML disagree
10103410,Šutna,Kranj,0.4846980938326814,Kranj,0.3951125965609005,1,Huff and ML agree
10103428,Tatinec,Kranj,0.5831484686781956,Kranj,0.5714734950664616,1,Huff and ML agree
10103436,Tenetiše,Kranj,0.5892335256194423,Kranj,0.5763204540709113,1,Huff and ML agree
10103444,Trata pri Velesovem,Kranj,0.32490788505826934,Kranj,0.2493401570049468,1,Huff and ML agree
10103452,Trboje,Kranj,0.4093050791389948,Kranj,0.3348936912397466,1,Huff and ML agree
10103479,Trstenik,Kranj,0.32812425929428085,Kranj,0.3874523841111469,1,Huff and ML agree
10103487,Tupaliče,Preddvor,0.41678654106996943,Kranj,0.3266483006437047,0,Huff and ML disagree
10103495,Vašca,Cerklje na Gorenjskem,0.8472255980117174,Cerklje na Gorenjskem,0.8509266896586005,1,Huff and ML agree
10103509,Velesovo,Kranj,0.3304155485016533,Kranj,0.2765169806499398,1,Huff and ML agree
10103517,Visoko,Kranj,0.49681452298844114,Kranj,0.4456241987106014,1,Huff and ML agree
10103525,Viševca,Kamnik,0.4963838690186227,Kamnik,0.346764227724093,1,Huff and ML agree
10103533,Voglje,Kranj,0.40934405578673927,Kranj,0.3201431536576489,1,Huff and ML agree
10103541,Voklo,Kranj,0.4523126978600681,Kranj,0.3400638250886472,1,Huff and ML agree
10103550,Vopovlje,Cerklje na Gorenjskem,0.4297169437142012,Ljubljana,0.2265667577989179,0,Huff and ML disagree
10103568,Vrhovje,Kamnik,0.6223576658115758,Kamnik,0.4453195137619543,1,Huff and ML agree
10103576,Zabukovje,Kranj,0.648817075341563,Kranj,0.6676243248459462,1,Huff and ML agree
10103584,Zadraga,Kranj,0.3259532071549524,Kranj,0.3167038061734664,1,Huff and ML agree
10103592,Zalog,Kranj,0.3269193402228306,Kranj,0.3812865050191855,1,Huff and ML agree
10103606,Zalog pri Cerkljah,Kamnik,0.3642031854974031,Ljubljana,0.231571513364769,0,Huff and ML disagree
10103614,Zgornja Bela,Preddvor,0.41731600613890135,Kranj,0.3538200146823909,0,Huff and ML disagree
10103622,Zgornja Besnica,Kranj,0.3713502427371848,Kranj,0.4682303491176379,1,Huff and ML agree
10103649,Zgornje Bitnje,Kranj,0.7178697880566558,Kranj,0.6859741068417126,1,Huff and ML agree
10103657,Zgornje Duplje,Kranj,0.3363049344669814,Kranj,0.3413399800339338,1,Huff and ML agree
10103665,Zgornje Jezersko,Jezersko,0.9930954097162886,Jezersko,1.0,1,Huff and ML agree
10103673,Zgornji Brnik,Cerklje na Gorenjskem,0.751908448184317,Cerklje na Gorenjskem,0.6200639777162182,1,Huff and ML agree
10103681,Žablje,Kranj,0.37277265301767365,Kranj,0.4319750380878439,1,Huff and ML agree
10103690,Žabnica,Škofja Loka,0.5336107415029596,Kranj,0.3379699103994053,0,Huff and ML disagree
10103703,Žeje,Kranj,0.4340628351957618,Kranj,0.3812891117736162,1,Huff and ML agree
10103711,Žerjavka,Kranj,0.5001101415179672,Kranj,0.4363552167040341,1,Huff and ML agree
10103720,Anovec,Krško,0.4797080054682482,Krško,0.5046634168258108,1,Huff and ML agree
10103738,Anže,Krško,0.380890819105229,Krško,0.4458540079927072,1,Huff and ML agree
10103746,Apnenik pri Velikem Trnu,Krško,0.19040846213271828,Krško,0.2779165216493673,1,Huff and ML agree
10103754,Ardro pod Velikim Trnom,Krško,0.1602754000092783,Krško,0.2578416436315889,1,Huff and ML agree
10103762,Ardro pri Raki,Krško,0.27041326085022677,Krško,0.3398102003405746,1,Huff and ML agree
10103789,Armeško,Krško,0.48792392028671244,Krško,0.5573913818060181,1,Huff and ML agree
10103797,Avguštine,Kostanjevica na Krki,0.14194242857071912,Kostanjevica na Krki,0.3380685533487579,1,Huff and ML agree
10103819,Brege,Krško,0.5625469313993847,Krško,0.555373847738678,1,Huff and ML agree
10103827,Brestanica,Krško,0.5721861218167409,Krško,0.719982054606942,1,Huff and ML agree
10103835,Brezje pri Dovškem,Krško,0.2973642488948963,Krško,0.3663893759102739,1,Huff and ML agree
10103843,Brezje pri Raki,Novo mesto,0.10307732312515853,Krško,0.1709661911842029,0,Huff and ML disagree
10103851,Brezje pri Senušah,Krško,0.49072362805581143,Krško,0.55349781983869,1,Huff and ML agree
10103860,Brezje v Podbočju,Brežice,0.07279909511640127,Brežice,0.2602216669714887,1,Huff and ML agree
10103878,Brezovica v Podbočju,Brežice,0.16027486704004634,Brežice,0.3077076123276328,1,Huff and ML agree
10103886,Brezovska Gora,Krško,0.41526756601030984,Krško,0.4655129501987259,1,Huff and ML agree
10103894,Brlog,Brežice,0.14588647348454153,Brežice,0.2868771540802229,1,Huff and ML agree
10103908,Brod v Podbočju,Krško,0.1697984833217624,Krško,0.2345614177817187,1,Huff and ML agree
10103916,Bučerca,Krško,0.5908960066544707,Krško,0.6915714950263209,1,Huff and ML agree
10103924,Celine,Krško,0.12547168733666297,Krško,0.199218045752802,1,Huff and ML agree
10103932,Cesta,Krško,0.6484867886140334,Krško,0.8160412707082754,1,Huff and ML agree
10103959,Cirje,Krško,0.1615264060014593,Krško,0.2473241974402031,1,Huff and ML agree
10103967,Črešnjevec pri Oštrcu,Brežice,0.07329796382885086,Krško,0.1424546623490681,0,Huff and ML disagree
10103975,Črešnjice nad Pijavškim,Krško,0.3205148588774961,Krško,0.3762603760344313,1,Huff and ML agree
10103983,Čretež pri Krškem,Krško,0.577850973914424,Krško,0.6712678173471377,1,Huff and ML agree
10103991,Črneča vas,Novo mesto,0.08630827246634111,Kostanjevica na Krki,0.1452902138989521,0,Huff and ML disagree
10104009,Dalce,Krško,0.24198295721655314,Krško,0.2929432442774131,1,Huff and ML agree
10104017,Dedni Vrh,Krško,0.2785001190897001,Krško,0.3585607140295729,1,Huff and ML agree
10104025,Dobe,Kostanjevica na Krki,0.39479877451740575,Kostanjevica na Krki,0.4285914940421112,1,Huff and ML agree
10104033,Dobrava ob Krki,Brežice,0.21317335599513576,Brežice,0.3207691033215778,1,Huff and ML agree
10104041,Dobrava pod Rako,Krško,0.14310616726811332,Krško,0.2084523409289727,1,Huff and ML agree
10104050,Dobrava pri Kostanjevici,Novo mesto,0.14653036600581443,Kostanjevica na Krki,0.2040826228224476,0,Huff and ML disagree
10104068,Dobrova,Krško,0.13426263292491708,Krško,0.2246421604941333,1,Huff and ML agree
10104076,Dol,Brežice,0.15863088461769614,Brežice,0.3008143135586367,1,Huff and ML agree
10104084,Dolenja Lepa vas,Krško,0.3712519161704819,Krško,0.4397570609993676,1,Huff and ML agree
10104092,Dolenja vas pri Krškem,Krško,0.49496583441648423,Krško,0.421465817576887,1,Huff and ML agree
10104106,Dolenja vas pri Raki,Novo mesto,0.14174340693449566,Krško,0.1937691847386164,0,Huff and ML disagree
10104114,Dolga Raka,Krško,0.15866980874562445,Krško,0.228769932435437,1,Huff and ML agree
10104122,Dolnja Prekopa,Novo mesto,0.16785378437940257,Kostanjevica na Krki,0.1537292254843362,0,Huff and ML disagree
10104149,Dolenji Leskovec,Krško,0.5103326134549515,Krško,0.5819197647863412,1,Huff and ML agree
10104157,Dolšce,Kostanjevica na Krki,0.1215017040795523,Kostanjevica na Krki,0.2681170099735497,1,Huff and ML agree
10104165,Dovško,Krško,0.3625814181338671,Krško,0.4438781499621911,1,Huff and ML agree
10104173,Drenovec pri Leskovcu,Krško,0.35665850292427825,Krško,0.4239479501787608,1,Huff and ML agree
10104181,Drnovo,Krško,0.47869278536115717,Krško,0.4770093056241137,1,Huff and ML agree
10104190,Dunaj,Krško,0.5865673776159197,Krško,0.707390150700971,1,Huff and ML agree
10104203,Frluga,Brežice,0.0722157136422552,Brežice,0.2358340877540729,1,Huff and ML agree
10104211,Globočice pri Kostanjevici,Kostanjevica na Krki,0.6512852475469483,Kostanjevica na Krki,0.8253615689827859,1,Huff and ML agree
10104220,Gmajna,Novo mesto,0.15080463090793716,Krško,0.200402146103235,0,Huff and ML disagree
10104238,Golek,Krško,0.5648660055117612,Krško,0.6389465554495677,1,Huff and ML agree
10104246,Goli Vrh,Krško,0.15172192836063617,Krško,0.220752648445122,1,Huff and ML agree
10104254,Gora,Krško,0.5784398813686746,Krško,0.7610831650923172,1,Huff and ML agree
10104262,Gorenja Lepa vas,Krško,0.36129092507199906,Krško,0.4327381229983874,1,Huff and ML agree
10104289,Gorenja vas pri Leskovcu,Krško,0.5338449151789834,Krško,0.5834105842384332,1,Huff and ML agree
10104297,Gorenje Dole,Krško,0.35665850292427825,Krško,0.4078436179321469,1,Huff and ML agree
10104319,Gornje Pijavško,Krško,0.48394503105039255,Krško,0.4929476707499709,1,Huff and ML agree
10104327,Gorenji Leskovec,Krško,0.1686385514077734,Krško,0.2536416740055143,1,Huff and ML agree
10104335,Gorica,Krško,0.36129092507199906,Krško,0.394735631261127,1,Huff and ML agree
10104343,Gorica pri Raztezu,Krško,0.31259237309841476,Krško,0.368961877342729,1,Huff and ML agree
10104351,Gornja Prekopa,Novo mesto,0.18155433338565416,Novo mesto,0.1464381028898463,1,Huff and ML agree
10104360,Gradec,Brežice,0.10969892439784493,Brežice,0.2686708673509098,1,Huff and ML agree
10104378,Gradnje,Brežice,0.07118294579650172,Brežice,0.2433965338382712,1,Huff and ML agree
10104386,Gradišče pri Raki,Krško,0.15959866760706984,Krško,0.2384803289571412,1,Huff and ML agree
10104394,Grič,Kostanjevica na Krki,0.13414725928281912,Kostanjevica na Krki,0.3131250607114409,1,Huff and ML agree
10104408,Gržeča vas,Krško,0.3567352485646051,Krško,0.4126994880445738,1,Huff and ML agree
10104416,Gunte,Krško,0.5723630597335054,Krško,0.7538771997122273,1,Huff and ML agree
10104424,Hrastek,Brežice,0.1665087613962732,Brežice,0.3144453740686154,1,Huff and ML agree
10104432,Ivandol,Krško,0.4306284407321666,Krško,0.5004484874116134,1,Huff and ML agree
10104459,Ivanjše,Novo mesto,0.13212694858383706,Kostanjevica na Krki,0.2998968591517076,0,Huff and ML disagree
10104467,Jablance,Kostanjevica na Krki,0.14271322568394185,Kostanjevica na Krki,0.3403724146734668,1,Huff and ML agree
10104475,Jelenik,Krško,0.12468552805990156,Krško,0.1971408914058615,1,Huff and ML agree
10104483,Jelše,Krško,0.3989620588642342,Krško,0.421815100622488,1,Huff and ML agree
10104491,Jelševec,Krško,0.16252889070525664,Krško,0.2543656319051588,1,Huff and ML agree
10104505,Kalce,Krško,0.3567352485646051,Krško,0.4103603833115704,1,Huff and ML agree
10104513,Kalce-Naklo,Krško,0.2508915905935564,Krško,0.3104752042783441,1,Huff and ML agree
10104521,Kališovec,Krško,0.21290042055145367,Krško,0.2965253848390473,1,Huff and ML agree
10104530,Karlče,Kostanjevica na Krki,0.3143525387373521,Kostanjevica na Krki,0.3997490035481921,1,Huff and ML agree
10104548,Kobile,Krško,0.4824067540484418,Krško,0.5325598658381793,1,Huff and ML agree
10104556,Kočarija,Novo mesto,0.13604482120226374,Kostanjevica na Krki,0.2902695359525006,0,Huff and ML disagree
10104564,Kočno,Krško,0.35563977573705136,Krško,0.4147276725585321,1,Huff and ML agree
10104572,Koprivnica,Krško,0.15875371101386732,Krško,0.2267166039946063,1,Huff and ML agree
10104599,Koprivnik,Novo mesto,0.1514014400849442,Novo mesto,0.1381686259196449,1,Huff and ML agree
10104602,Koritnica,Krško,0.1136943251757124,Krško,0.1881152880432543,1,Huff and ML agree
10104629,Kostanjek,Krško,0.2416128709043971,Krško,0.3043731644156012,1,Huff and ML agree
10104637,Kostanjevica na Krki,Kostanjevica na Krki,1.0,Kostanjevica na Krki,1.0,1,Huff and ML agree
10104645,Kremen,Krško,0.6099226310466621,Krško,0.7650468021940647,1,Huff and ML agree
10104653,Krško,Krško,0.9936092184360611,Krško,1.0,1,Huff and ML agree
10104661,Kržišče,Krško,0.16187886742362878,Krško,0.229975135767344,1,Huff and ML agree
10104670,Leskovec pri Krškem,Krško,0.5924027370274392,Krško,0.753341128133366,1,Huff and ML agree
10104688,Libelj,Krško,0.48394503105039255,Krško,0.5401482846958302,1,Huff and ML agree
10104696,Libna,Krško,0.5280499173193025,Krško,0.5499155894851416,1,Huff and ML agree
10104700,Loke,Krško,0.5822793876835692,Krško,0.6616348260033856,1,Huff and ML agree
10104718,Lokve,Krško,0.35857668034595064,Krško,0.4401354429389071,1,Huff and ML agree
10104726,Lomno,Krško,0.3142971245622703,Krško,0.3300263589166406,1,Huff and ML agree
10104734,Male Vodenice,Novo mesto,0.13970690785662707,Kostanjevica na Krki,0.1376444229833732,0,Huff and ML disagree
10104742,Malence,Kostanjevica na Krki,0.11916867535884502,Kostanjevica na Krki,0.2302251757713301,1,Huff and ML agree
10104769,Mali Kamen,Krško,0.27398711681610005,Krško,0.3572916193072528,1,Huff and ML agree
10104777,Mali Koren,Novo mesto,0.13796927079166907,Krško,0.1982760422476713,0,Huff and ML disagree
10104785,Mali Podlog,Krško,0.4126752123431753,Krško,0.4476422249594,1,Huff and ML agree
10104793,Mali Trn,Krško,0.2728806117564975,Krško,0.3340968074633221,1,Huff and ML agree
10104807,Malo Mraševo,Krško,0.1733316024442981,Krško,0.2537893717743472,1,Huff and ML agree
10104815,Mikote,Krško,0.16010266827599584,Krško,0.2361966824279602,1,Huff and ML agree
10104823,Mladje,Brežice,0.12012774821689337,Brežice,0.2661825143091526,1,Huff and ML agree
10104831,Mrčna sela,Krško,0.1276889970692957,Krško,0.2072929193682577,1,Huff and ML agree
10104840,Mrtvice,Brežice,0.4183980789936457,Krško,0.3813437736876813,0,Huff and ML disagree
10104858,Nemška Gora,Krško,0.3891854833912549,Krško,0.4391122403906239,1,Huff and ML agree
10104866,Nemška vas,Krško,0.38862650872300925,Krško,0.4435721969795303,1,Huff and ML agree
10104874,Nova Gora,Krško,0.22063442817173154,Krško,0.3001142851708192,1,Huff and ML agree
10104882,Orehovec,Kostanjevica na Krki,0.13173715545809556,Kostanjevica na Krki,0.3050925518053731,1,Huff and ML agree
10104904,Osredek pri Trški Gori,Krško,0.5062433936017421,Krško,0.5938247926867949,1,Huff and ML agree
10104912,Oštrc,Kostanjevica na Krki,0.11868125625376143,Kostanjevica na Krki,0.2375275812239601,1,Huff and ML agree
10104939,Pesje,Brežice,0.546500009145468,Brežice,0.4660189341944054,1,Huff and ML agree
10104947,Pijana Gora,Krško,0.16180966269509894,Krško,0.2676088430232433,1,Huff and ML agree
10104955,Planina pri Raki,Krško,0.14657012817575787,Krško,0.2226312591870833,1,Huff and ML agree
10104963,Planina v Podbočju,Brežice,0.06676791874346838,Brežice,0.2512086389407088,1,Huff and ML agree
10104971,Pleterje,Krško,0.5845031106805458,Krško,0.6391733869348295,1,Huff and ML agree
10104980,Podbočje,Krško,0.1593497225121796,Krško,0.213611312881487,1,Huff and ML agree
10104998,Podlipa,Krško,0.14937998319860057,Krško,0.2124884178676826,1,Huff and ML agree
10105005,Podstrm,Novo mesto,0.13251224349730775,Kostanjevica na Krki,0.2142470727779819,0,Huff and ML disagree
10105013,Podulce,Krško,0.1617728510021742,Krško,0.2346860461284438,1,Huff and ML agree
10105021,Površje,Novo mesto,0.13768811824685623,Krško,0.1997229687088895,0,Huff and ML disagree
10105030,Premagovce,Brežice,0.15863088461769614,Brežice,0.337060636934953,1,Huff and ML agree
10105048,Presladol,Krško,0.33712656625274545,Krško,0.3942682265550445,1,Huff and ML agree
10105056,Pristava ob Krki,Brežice,0.19674277090472356,Brežice,0.3226513588383324,1,Huff and ML agree
10105064,Pristava pod Rako,Krško,0.14348281405526062,Krško,0.2156847307216601,1,Huff and ML agree
10105072,Pristava pri Leskovcu,Krško,0.3119506718650278,Krško,0.3554471349960759,1,Huff and ML agree
10105099,Prušnja vas,Brežice,0.07110232340723377,Brežice,0.2338835974045018,1,Huff and ML agree
10105102,Raka,Krško,0.1733316024442981,Krško,0.265040586970069,1,Huff and ML agree
10105129,Ravne pri Zdolah,Krško,0.35665850292427825,Krško,0.3965163212319583,1,Huff and ML agree
10105137,Ravni,Krško,0.27398711681610005,Krško,0.3472779555002918,1,Huff and ML agree
10105145,Ravno,Krško,0.14325857948702833,Krško,0.1998409190675267,1,Huff and ML agree
10105153,Raztez,Krško,0.35620391650748495,Krško,0.4396765461289866,1,Huff and ML agree
10105161,Reštanj,Krško,0.25627103259684103,Krško,0.3495976436713793,1,Huff and ML agree
10105170,Rožno,Krško,0.48371096726445545,Krško,0.5112439007105256,1,Huff and ML agree
10105188,Ržišče,Novo mesto,0.15157563139748265,Novo mesto,0.1434659558630235,1,Huff and ML agree
10105196,Sajevce,Krško,0.15143627741626184,Kostanjevica na Krki,0.2751574120346791,0,Huff and ML disagree
10105200,Sela pri Raki,Krško,0.21290042055145367,Krško,0.3007777665188287,1,Huff and ML agree
10105218,Selce pri Leskovcu,Krško,0.5419430110453195,Krško,0.6126310749180762,1,Huff and ML agree
10105226,Selo,Krško,0.1423712967494597,Kostanjevica na Krki,0.2007512495489025,0,Huff and ML disagree
10105234,Senovo,Krško,0.4054038413002856,Krško,0.4638229330876732,1,Huff and ML agree
10105242,Senožete,Krško,0.5338449151789834,Krško,0.6394953535258228,1,Huff and ML agree
10105269,Senuše,Krško,0.4235133476668005,Krško,0.4899236211657818,1,Huff and ML agree
10105277,Slinovce,Kostanjevica na Krki,0.44074281905007473,Kostanjevica na Krki,0.5436265293532602,1,Huff and ML agree
10105285,Slivje,Kostanjevica na Krki,0.1520289257822807,Kostanjevica na Krki,0.3205100748127182,1,Huff and ML agree
10105293,Smečice,Krško,0.17020122664259696,Krško,0.2621191586414947,1,Huff and ML agree
10105307,Smednik,Krško,0.15103305224944272,Krško,0.2139906598727973,1,Huff and ML agree
10105315,Spodnja Libna,Krško,0.5784398813686746,Krško,0.7093723120927693,1,Huff and ML agree
10105323,Spodnje Dule,Krško,0.4830006306537302,Krško,0.55442926963651,1,Huff and ML agree
10105331,Spodnje Pijavško,Krško,0.5826528663028407,Krško,0.6493710855950519,1,Huff and ML agree
10105340,Spodnji Stari Grad,Krško,0.511340130651981,Krško,0.497240091606237,1,Huff and ML agree
10105358,Srednje Arto,Krško,0.27568092641924674,Krško,0.3714599929413689,1,Huff and ML agree
10105366,Srednje Pijavško,Krško,0.5682160820796541,Krško,0.5992864457179028,1,Huff and ML agree
10105374,Sremič,Krško,0.5280499173193025,Krško,0.625993449371672,1,Huff and ML agree
10105382,Stari Grad,Krško,0.5648660055117612,Krško,0.504305833834565,1,Huff and ML agree
10105404,Stari Grad v Podbočju,Brežice,0.14588033203163356,Brežice,0.2307075192275558,1,Huff and ML agree
10105412,Stolovnik,Krško,0.49496583441648423,Krško,0.5711999861048372,1,Huff and ML agree
10105439,Stranje,Krško,0.15877760820385928,Krško,0.2322237178710391,1,Huff and ML agree
10105447,Straža pri Krškem,Krško,0.5845031106805458,Krško,0.687712935404101,1,Huff and ML agree
10105455,Straža pri Raki,Krško,0.3172611349635023,Krško,0.3765271587050756,1,Huff and ML agree
10105463,Strmo Rebro,Krško,0.5302144898214785,Krško,0.6409665532455763,1,Huff and ML agree
10105471,Šedem,Krško,0.260524114650802,Krško,0.3564881475920003,1,Huff and ML agree
10105480,Šutna,Brežice,0.2384313340779795,Brežice,0.3476626851392428,1,Huff and ML agree
10105498,Trška Gora,Krško,0.835914677964634,Krško,0.901384948603502,1,Huff and ML agree
10105501,Velika vas pri Krškem,Krško,0.5069176822932514,Krško,0.5401920842550203,1,Huff and ML agree
10105510,Velike Vodenice,Novo mesto,0.15429440720791815,Novo mesto,0.1399534203731561,1,Huff and ML agree
10105528,Veliki Dol,Krško,0.15831730908773373,Krško,0.2346633357897895,1,Huff and ML agree
10105536,Veliki Kamen,Krško,0.20659735979625052,Krško,0.2967669072802709,1,Huff and ML agree
10105544,Veliki Koren,Novo mesto,0.13392348567004597,Krško,0.2018019220539126,0,Huff and ML disagree
10105552,Veliki Podlog,Krško,0.3567352485646051,Krško,0.397847018289557,1,Huff and ML agree
10105579,Veliki Trn,Krško,0.20659735979625052,Krško,0.2799616600281487,1,Huff and ML agree
10105587,Veliko Mraševo,Brežice,0.2013780160010544,Brežice,0.2678009987167936,1,Huff and ML agree
10105595,Veniše,Krško,0.583513222457996,Krško,0.6715576982530752,1,Huff and ML agree
10105609,Videm,Krško,0.15172192836063617,Krško,0.2282509845419715,1,Huff and ML agree
10105617,Vihre,Brežice,0.48997572690439795,Brežice,0.4393608490714472,1,Huff and ML agree
10105625,Volovnik,Krško,0.5069176822932514,Krško,0.5792605124895523,1,Huff and ML agree
10105633,Vrbina,Krško,0.611918377444459,Krško,0.7435275481976987,1,Huff and ML agree
10105641,Vrbje,Brežice,0.07750376388253771,Brežice,0.1753157464393613,1,Huff and ML agree
10105650,Vrh pri Površju,Krško,0.14937998319860057,Krško,0.2210363051622625,1,Huff and ML agree
10105668,Vrhulje,Krško,0.32167566050462976,Krško,0.396583725979397,1,Huff and ML agree
10105676,Vrtača,Brežice,0.07750376388253771,Brežice,0.1753157464393613,1,Huff and ML agree
10105684,Zaboršt,Kostanjevica na Krki,0.46880405408050424,Kostanjevica na Krki,0.6189522667168547,1,Huff and ML agree
10105692,Zabukovje pri Raki,Novo mesto,0.12537096009799387,Krško,0.1941828531287692,0,Huff and ML disagree
10105706,Zaloke,Krško,0.2413277226557198,Krško,0.2986414061483628,1,Huff and ML agree
10105714,Zdole,Krško,0.48792392028671244,Krško,0.5065061707614568,1,Huff and ML agree
10105722,Žabjek v Podbočju,Krško,0.15836943306502374,Kostanjevica na Krki,0.1996801768913153,0,Huff and ML disagree
10105749,Žadovinek,Krško,0.5732213360777325,Krško,0.7305007152580182,1,Huff and ML agree
10105757,Ženje,Krško,0.479427196863648,Krško,0.5124756236523359,1,Huff and ML agree
10105765,Belovo,Trbovlje,0.222958830355497,Trbovlje,0.1637767790949756,1,Huff and ML agree
10105773,Blatni Vrh,Celje,0.11470362390255673,Celje,0.1425773492399231,1,Huff and ML agree
10105781,Šentrupert,Šentjur,0.20744136258502366,Celje,0.2082208575514904,0,Huff and ML disagree
10105790,Brezno,Trbovlje,0.2090232630949857,Trbovlje,0.158361393630585,1,Huff and ML agree
10105803,Brodnice,Celje,0.0961205029907994,Celje,0.1144983480709717,1,Huff and ML agree
10105811,Brstnik,Laško,0.3305453385681873,Celje,0.3288935725009309,0,Huff and ML disagree
10105820,Brstovnica,Celje,0.1443183062248757,Laško,0.147921987824241,0,Huff and ML disagree
10105838,Brunk,Sevnica,0.08633036978966066,Radeče,0.1454865767043554,0,Huff and ML disagree
10105846,Brunška Gora,Radeče,0.22297887420399107,Radeče,0.352895226064986,1,Huff and ML agree
10105854,Bukovca,Laško,0.18298451071822908,Laško,0.2285375684992992,1,Huff and ML agree
10105862,Curnovec,Celje,0.1253114401064871,Celje,0.1506396801527806,1,Huff and ML agree
10105889,Čimerno,Trbovlje,0.15188097328095013,Trbovlje,0.15440629763621,1,Huff and ML agree
10105897,Debro,Celje,0.3586927944507537,Celje,0.4248881637217502,1,Huff and ML agree
10105919,Doblatina,Celje,0.2529448799092453,Celje,0.3171024963222619,1,Huff and ML agree
10105927,Dobrava,Radeče,0.5183757691950206,Radeče,0.6446891065107851,1,Huff and ML agree
10105935,Dol pri Laškem,Celje,0.09293761859000213,Celje,0.1175698336325171,1,Huff and ML agree
10105943,Gabrno,Laško,0.4329476851153211,Laško,0.5319088670548774,1,Huff and ML agree
10105951,Globoko,Celje,0.15621580323988296,Laško,0.1940647361185274,0,Huff and ML disagree
10105960,Goreljce,Sevnica,0.13059933746312916,Radeče,0.170421654836045,0,Huff and ML disagree
10105978,Govce,Trbovlje,0.1911339160556125,Celje,0.141670105417543,0,Huff and ML disagree
10105986,Gozdec,Celje,0.14711198453991034,Laško,0.185734541830002,0,Huff and ML disagree
10105994,Gračnica,Celje,0.11247666899921313,Celje,0.1388231509735426,1,Huff and ML agree
10106001,Harje,Laško,0.5092218027495223,Laško,0.5338194925443387,1,Huff and ML agree
10106010,Hotemež,Radeče,0.5133611330945347,Radeče,0.6113628143149985,1,Huff and ML agree
10106028,Huda Jama,Laško,0.20372362988569404,Laško,0.2643359271051273,1,Huff and ML agree
10106036,Jagnjenica,Radeče,0.12362369984835596,Radeče,0.2180211572367765,1,Huff and ML agree
10106044,Jagoče,Laško,0.5813668156213159,Laško,0.5317071530435273,1,Huff and ML agree
10106052,Jelovo,Radeče,0.1619823743304467,Radeče,0.2765806214573933,1,Huff and ML agree
10106079,Kladje,Laško,0.16626935658436195,Laško,0.2357862536351352,1,Huff and ML agree
10106087,Klenovo,Trbovlje,0.18950776118490054,Trbovlje,0.1368156311640178,1,Huff and ML agree
10106095,Konc,Celje,0.10119190663968025,Celje,0.1424546848013567,1,Huff and ML agree
10106109,Kuretno,Laško,0.37560806869326013,Laško,0.444027892389306,1,Huff and ML agree
10106117,Lahomno,Laško,0.4005054496748176,Laško,0.5050063731956205,1,Huff and ML agree
10106125,Lahomšek,Laško,0.7318737717522571,Laško,0.7394106753221646,1,Huff and ML agree
10106133,Lahov Graben,Celje,0.08031047487960058,Celje,0.1040044017100091,1,Huff and ML agree
10106141,Laška vas,Celje,0.10233448809783338,Celje,0.1491336829523665,1,Huff and ML agree
10106150,Laško,Laško,0.9948211607432179,Laško,1.0,1,Huff and ML agree
10106168,Laziše,Celje,0.14287067576123472,Laško,0.163991299161076,0,Huff and ML disagree
10106176,Lipni Dol,Celje,0.09244305860055167,Celje,0.1160423981667685,1,Huff and ML agree
10106184,Log pri Vrhovem,Sevnica,0.1429585465468244,Sevnica,0.1974895400074452,1,Huff and ML agree
10106192,Lokavec,Celje,0.08767309627845775,Celje,0.1217361285278925,1,Huff and ML agree
10106206,Loška Gora,Radeče,0.2179967226056732,Radeče,0.3386029574410295,1,Huff and ML agree
10106214,Lože,Celje,0.11240565122254158,Celje,0.1444311687309791,1,Huff and ML agree
10106222,Mačkovec,Celje,0.1679306897678208,Celje,0.1953195984685649,1,Huff and ML agree
10106249,Mala Breza,Celje,0.1765789295041322,Celje,0.1973762202329107,1,Huff and ML agree
10106257,Male Grahovše,Celje,0.15084114698036774,Laško,0.1716257089853343,0,Huff and ML disagree
10106265,Marija Gradec,Laško,0.743941098041789,Laško,0.7449354378918341,1,Huff and ML agree
10106273,Marijina vas,Celje,0.09368637191602032,Celje,0.1168640448396194,1,Huff and ML agree
10106281,Močilno,Radeče,0.12757071470456804,Radeče,0.2387186368615995,1,Huff and ML agree
10106290,Modrič,Laško,0.3840943115739836,Laško,0.4624135242777329,1,Huff and ML agree
10106303,Mrzlo Polje,Celje,0.08170962044519182,Celje,0.1237475805243755,1,Huff and ML agree
10106311,Njivice,Radeče,0.22297887420399107,Radeče,0.360546565113972,1,Huff and ML agree
10106320,Obrežje pri Zidanem Mostu,Radeče,0.1864887828346079,Radeče,0.2355540807801695,1,Huff and ML agree
10106338,Ojstro,Laško,0.5057164302990494,Laško,0.5472786640516999,1,Huff and ML agree
10106346,Olešče,Celje,0.15703064926713584,Celje,0.1758649548083546,1,Huff and ML agree
10106354,Padež,Celje,0.24764181500002774,Celje,0.3127421724111167,1,Huff and ML agree
10106362,Paneče,Celje,0.08007862685026527,Celje,0.1069579450169936,1,Huff and ML agree
10106389,Plazovje,Laško,0.2684896502735536,Laško,0.3335743453789076,1,Huff and ML agree
10106397,Počakovo,Radeče,0.06912676514224772,Ljubljana,0.1075296386874311,0,Huff and ML disagree
10106419,Polana,Sevnica,0.0860929473680033,Sevnica,0.1352583006988013,1,Huff and ML agree
10106427,Povčeno,Laško,0.20033231188211115,Laško,0.2584872800519526,1,Huff and ML agree
10106435,Požnica,Celje,0.2648053612384018,Celje,0.2978102809962422,1,Huff and ML agree
10106443,Prapretno,Sevnica,0.17315566616174954,Sevnica,0.2277663148060837,1,Huff and ML agree
10106451,Radeče,Radeče,0.9999134186335972,Radeče,1.0,1,Huff and ML agree
10106460,Radoblje,Laško,0.5814411499414107,Laško,0.5994660561290793,1,Huff and ML agree
10106478,Reka,Laško,0.2562010042607009,Laško,0.3217490429431212,1,Huff and ML agree
10106486,Rifengozd,Celje,0.4469693595409193,Celje,0.546121194536798,1,Huff and ML agree
10106494,Rimske Toplice,Celje,0.14560708580008355,Laško,0.1597430234359476,0,Huff and ML disagree
10106508,Rudna vas,Radeče,0.13081360339833076,Radeče,0.2341781530591202,1,Huff and ML agree
10106516,Sedraž,Trbovlje,0.2090232630949857,Laško,0.1472702560011711,0,Huff and ML disagree
10106524,Selo nad Laškim,Celje,0.14894022414868704,Laško,0.207517091080582,0,Huff and ML disagree
10106532,Senožete,Celje,0.13999304281338143,Celje,0.1457635580681308,1,Huff and ML agree
10106559,Sevce,Laško,0.2463291620391932,Laško,0.2860400645506885,1,Huff and ML agree
10106567,Slivno,Laško,0.2907328459231268,Laško,0.3548608806465436,1,Huff and ML agree
10106575,Stari Dvor,Radeče,0.12763659173902997,Radeče,0.2399285509617665,1,Huff and ML agree
10106583,Stopce,Laško,0.3699034457416669,Laško,0.4543375118111262,1,Huff and ML agree
10106591,Strensko,Laško,0.20783284555149328,Laško,0.26217598704543,1,Huff and ML agree
10106605,Strmca,Laško,0.6601255991497799,Laško,0.6692456659087491,1,Huff and ML agree
10106613,Suhadol,Trbovlje,0.22734873081611892,Trbovlje,0.1642739355234007,1,Huff and ML agree
10106621,Svibno,Radeče,0.07200288026242861,Ljubljana,0.1056415608558191,0,Huff and ML disagree
10106630,Širje,Trbovlje,0.10921179160369357,Radeče,0.1138185444582178,0,Huff and ML disagree
10106648,Škofce,Celje,0.1083629917413073,Celje,0.1400169031666868,1,Huff and ML agree
10106656,Šmihel,Laško,0.40413623637315127,Laško,0.4903863026691533,1,Huff and ML agree
10106664,Šmohor,Celje,0.1490817922733415,Celje,0.2167958056344293,1,Huff and ML agree
10106672,Tevče,Laško,0.2463291620391932,Laško,0.3086942936540792,1,Huff and ML agree
10106699,Tovsto,Laško,0.3729528204663927,Laško,0.4006129853715086,1,Huff and ML agree
10106702,Trnov Hrib,Trbovlje,0.1699643689286652,Celje,0.145583538077279,0,Huff and ML disagree
10106729,Trnovo,Laško,0.17977544567250256,Laško,0.2083636701387541,1,Huff and ML agree
10106737,Trobni Dol,Celje,0.14693529928577378,Celje,0.1655148028424843,1,Huff and ML agree
10106745,Trojno,Laško,0.40204847032121094,Laško,0.5156671288879082,1,Huff and ML agree
10106753,Udmat,Laško,0.32516859367130196,Laško,0.3762480512235279,1,Huff and ML agree
10106761,Velike Gorelce,Celje,0.12778615854640255,Celje,0.1557906509438088,1,Huff and ML agree
10106770,Velike Grahovše,Celje,0.11323701251117155,Celje,0.1467120009030672,1,Huff and ML agree
10106788,Veliko Širje,Celje,0.09509141396683805,Radeče,0.1195342457211739,0,Huff and ML disagree
10106796,Vodiško,Celje,0.10241973227286195,Celje,0.1406255947026847,1,Huff and ML agree
10106800,Vrh nad Laškim,Laško,0.17042366643542792,Laško,0.2362989874742588,1,Huff and ML agree
10106818,Vrhovo,Sevnica,0.1650933040038712,Radeče,0.2047601470263184,0,Huff and ML disagree
10106826,Zabrež,Laško,0.25057660413069394,Laško,0.3089814042057044,1,Huff and ML agree
10106834,Zagrad,Radeče,0.06919911243235304,Radeče,0.1190336663567709,1,Huff and ML agree
10106842,Zidani Most,Radeče,0.1498517138828756,Radeče,0.2067124372258112,1,Huff and ML agree
10106869,Žebnik,Radeče,0.24622006499499208,Radeče,0.4163978667001334,1,Huff and ML agree
10106877,Žigon,Celje,0.14364699823259017,Laško,0.1713004345497492,0,Huff and ML disagree
10106885,Jurklošter,Celje,0.07543402031738307,Celje,0.1069823788240541,1,Huff and ML agree
10106893,Leskovca,Laško,0.17917223445747862,Laško,0.2409564736688443,1,Huff and ML agree
10106907,Spodnja Rečica,Laško,0.5556455204944676,Laško,0.53653319660112,1,Huff and ML agree
10106915,Zgornja Rečica,Celje,0.1618509067613739,Celje,0.1950541829887858,1,Huff and ML agree
10106923,Zavrate,Radeče,0.18566620147278137,Radeče,0.2870816739057674,1,Huff and ML agree
10106931,Andrenci,Cerkvenjak,0.604286847655289,Cerkvenjak,0.671733137828974,1,Huff and ML agree
10106940,Benedikt,Benedikt,0.9991014511558491,Benedikt,1.0,1,Huff and ML agree
10106958,Brengova,Cerkvenjak,0.39992079282015786,Cerkvenjak,0.3686148999584125,1,Huff and ML agree
10106966,Cenkova,Cerkvenjak,0.5636888664543331,Cerkvenjak,0.5958959024208619,1,Huff and ML agree
10106974,Cerkvenjak,Cerkvenjak,0.986535140846299,Cerkvenjak,1.0,1,Huff and ML agree
10106982,Cogetinci,Cerkvenjak,0.28053845551824075,Cerkvenjak,0.2481444550674088,1,Huff and ML agree
10107008,Čagona,Cerkvenjak,0.28941456922534364,Cerkvenjak,0.2198774651824049,1,Huff and ML agree
10107016,Črmljenšak,Maribor,0.2654420205959922,Maribor,0.227465901277835,1,Huff and ML agree
10107024,Dolge Njive,Maribor,0.3226573986301579,Maribor,0.279240113348679,1,Huff and ML agree
10107032,Dražen Vrh - del,Maribor,0.2256608227635282,Maribor,0.2981253572973388,1,Huff and ML agree
10107059,Drvanja,Maribor,0.18536480391213275,Maribor,0.1961000982501717,1,Huff and ML agree
10107067,Froleh,Maribor,0.1814787438804046,Maribor,0.1844862872334492,1,Huff and ML agree
10107075,Gočova,Maribor,0.25235273277777337,Lenart,0.2263845939015572,0,Huff and ML disagree
10107083,Grabonoški Vrh,Murska Sobota,0.16251787097281195,Cerkvenjak,0.1661067273895853,0,Huff and ML disagree
10107091,Gradenšak,Maribor,0.29661888345146364,Maribor,0.2338994821664869,1,Huff and ML agree
10107105,Sv. Trojica v Slov. goricah,Sveta Trojica v Slovenskih goricah,0.9773060173166037,Sveta Trojica v Slovenskih goricah,1.0,1,Huff and ML agree
10107113,Hrastovec v Slov. goricah,Maribor,0.3570960441174153,Maribor,0.3682914259945378,1,Huff and ML agree
10107121,Ihova,Maribor,0.17671248999882458,Maribor,0.1751502325667999,1,Huff and ML agree
10107130,Ivanjski Vrh,Murska Sobota,0.1659186800392627,Cerkvenjak,0.1627640402092635,0,Huff and ML disagree
10107148,Jurovski Dol,Sveti Jurij v Slovenskih goricah,0.9859165160081054,Sveti Jurij v Slovenskih goricah,1.0,1,Huff and ML agree
10107156,Kadrenci,Cerkvenjak,0.5560823271762632,Cerkvenjak,0.5796557604258824,1,Huff and ML agree
10107164,Komarnica,Cerkvenjak,0.295968785912535,Cerkvenjak,0.2820912701360251,1,Huff and ML agree
10107172,Kremberk,Sveta Ana,0.5457871818796142,Sveta Ana,0.6421111784389586,1,Huff and ML agree
10107199,Krivi Vrh,Maribor,0.173194466298574,Maribor,0.2042682162298439,1,Huff and ML agree
10107202,Ledinek,Maribor,0.1777488687412075,Maribor,0.2523306259905937,1,Huff and ML agree
10107229,Lenart v Slov. goricah,Lenart,0.9989628212494243,Lenart,1.0,1,Huff and ML agree
10107237,Ločki Vrh,Maribor,0.1818421458609119,Maribor,0.1629924042650002,1,Huff and ML agree
10107245,Lokavec,Maribor,0.14573412528189286,Maribor,0.2695213755626627,1,Huff and ML agree
10107253,Lormanje,Lenart,0.6942834055098376,Lenart,0.7734411519231156,1,Huff and ML agree
10107261,Malna,Maribor,0.33825699390668185,Maribor,0.4068333251489549,1,Huff and ML agree
10107270,Močna,Maribor,0.4371032878851899,Maribor,0.5323182074722588,1,Huff and ML agree
10107288,Nadbišec,Maribor,0.26676244736003585,Maribor,0.2293696606127537,1,Huff and ML agree
10107296,Negovski Vrh,Maribor,0.16462816618042203,Maribor,0.177153728059858,1,Huff and ML agree
10107300,Obrat,Benedikt,0.300183783241075,Benedikt,0.2238287338842202,1,Huff and ML agree
10107318,Osek,Maribor,0.19027996722271637,Maribor,0.1700293229304492,1,Huff and ML agree
10107326,Peščeni Vrh,Cerkvenjak,0.28941456922534364,Cerkvenjak,0.2549702383920623,1,Huff and ML agree
10107334,Radehova,Lenart,0.542783595708518,Lenart,0.5760462315984793,1,Huff and ML agree
10107342,Rogoznica,Maribor,0.30400761535640297,Ptuj,0.3570516959518117,0,Huff and ML disagree
10107369,Rožengrunt,Maribor,0.18135852649689363,Maribor,0.2828414147370405,1,Huff and ML agree
10107377,Selce,Maribor,0.3016688822244333,Maribor,0.2527761077447219,1,Huff and ML agree
10107385,Smolinci,Ptuj,0.15096270834008085,Ptuj,0.1414347099143934,1,Huff and ML agree
10107393,Spodnja Bačkova,Maribor,0.18563190173786479,Maribor,0.1886316189589811,1,Huff and ML agree
10107407,Spodnja Ročica,Maribor,0.25198556891693863,Lenart,0.2385229155281646,0,Huff and ML disagree
10107415,Spodnja Senarska,Maribor,0.2555877310213106,Lenart,0.2350163596933411,0,Huff and ML disagree
10107423,Spodnja Voličina,Maribor,0.29781817428669266,Maribor,0.2466421907201844,1,Huff and ML agree
10107431,Spodnje Partinje,Maribor,0.3776574869433727,Lenart,0.3573785085370577,0,Huff and ML disagree
10107440,Spodnje Verjane,Maribor,0.23578167403921416,Maribor,0.1671653523794869,1,Huff and ML agree
10107458,Spodnji Gasteraj,Maribor,0.3067652395143009,Lenart,0.3141108586509842,0,Huff and ML disagree
10107466,Spodnji Porčič,Lenart,0.5519899735327294,Lenart,0.6328481401755163,1,Huff and ML agree
10107474,Spodnji Žerjavci,Maribor,0.26292880681353326,Lenart,0.3089603705130107,0,Huff and ML disagree
10107482,Srednji Gasteraj,Maribor,0.29661888345146364,Maribor,0.3065523550812238,1,Huff and ML agree
10107504,Stanetinci,Cerkvenjak,0.6052519819953431,Cerkvenjak,0.700139827607974,1,Huff and ML agree
10107512,Stara Gora,Maribor,0.21057035064199514,Maribor,0.179841802281824,1,Huff and ML agree
10107539,Straže,Maribor,0.2694143794456168,Ptuj,0.2804538283174565,0,Huff and ML disagree
10107547,Sv. Ana v Slov. goricah,Sveta Ana,0.9837648449908312,Sveta Ana,1.0,1,Huff and ML agree
10107555,Sv. Trije Kralji v Slov. gor.,Benedikt,0.4434268263935004,Benedikt,0.4221815288188881,1,Huff and ML agree
10107563,Šetarova,Lenart,0.5258895603513207,Lenart,0.5602124410334479,1,Huff and ML agree
10107571,Štajngrova,Benedikt,0.3690455580697737,Benedikt,0.330458168303682,1,Huff and ML agree
10107580,Trotkova,Benedikt,0.24936661091828302,Benedikt,0.1944225256613756,1,Huff and ML agree
10107598,Trstenik,Benedikt,0.24089174238225305,Benedikt,0.203339188958321,1,Huff and ML agree
10107601,Vanetina,Cerkvenjak,0.22133452065071516,Cerkvenjak,0.1808245137428729,1,Huff and ML agree
10107610,Varda,Maribor,0.32543639664753576,Maribor,0.3223164488303254,1,Huff and ML agree
10107628,Vinička vas,Maribor,0.45112176892568273,Maribor,0.5605459337457365,1,Huff and ML agree
10107636,Zamarkova,Maribor,0.40528337452310637,Lenart,0.4197358525846857,0,Huff and ML disagree
10107644,Zavrh,Maribor,0.2919264784968871,Maribor,0.2367021148234047,1,Huff and ML agree
10107652,Zgornja Bačkova,Maribor,0.1763111688586236,Maribor,0.1913762261522904,1,Huff and ML agree
10107679,Zgornja Ročica,Maribor,0.2256608227635282,Sveta Ana,0.2038206989322485,0,Huff and ML disagree
10107687,Zgornja Senarska,Maribor,0.28249515277830395,Lenart,0.3122301655421869,0,Huff and ML disagree
10107695,Zgornja Ščavnica,Maribor,0.1831144298830036,Maribor,0.2022921533527912,1,Huff and ML agree
10107709,Zgornja Voličina,Maribor,0.36606165093811927,Maribor,0.339955812233805,1,Huff and ML agree
10107717,Zgornje Partinje,Maribor,0.35593654095296223,Maribor,0.4580695148313066,1,Huff and ML agree
10107725,Zgornje Verjane,Maribor,0.275859176295604,Lenart,0.2231559204073346,0,Huff and ML disagree
10107733,Zgornji Gasteraj,Maribor,0.29661888345146364,Maribor,0.3390978647360899,1,Huff and ML agree
10107741,Zgornji Porčič,Lenart,0.3497154436209736,Lenart,0.4724009672252444,1,Huff and ML agree
10107750,Zgornji Žerjavci,Lenart,0.5612597387759322,Lenart,0.6561056551423653,1,Huff and ML agree
10107776,Žice,Maribor,0.26629859814526136,Lenart,0.2561140312601704,0,Huff and ML disagree
10107784,Žitence,Maribor,0.2522892487771819,Maribor,0.3373533457738808,1,Huff and ML agree
10107792,Župetinci,Ptuj,0.1735547131609443,Ptuj,0.1662827419468091,1,Huff and ML agree
10107806,Banuta,Lendava,0.4133446824089998,Lendava,0.5836959062999745,1,Huff and ML agree
10107814,Benica,Lendava,0.2543017433503481,Lendava,0.5471540237503201,1,Huff and ML agree
10107822,Brezovec - del,Lendava,0.2325577765868861,Lendava,0.2931594950713921,1,Huff and ML agree
10107849,Brezovica,Turnišče,0.3030722526661943,Turnišče,0.2807700642253948,1,Huff and ML agree
10107857,Čentiba,Lendava,0.6968132835821552,Lendava,0.8694394510856793,1,Huff and ML agree
10107865,Črenšovci,Črenšovci,0.994556657340229,Črenšovci,1.0,1,Huff and ML agree
10107873,Dobrovnik,Dobrovnik,0.9884348251576117,Dobrovnik,1.0,1,Huff and ML agree
10107881,Dolga vas,Lendava,0.7854337900866709,Lendava,0.946923147955948,1,Huff and ML agree
10107890,Dolgovaške Gorice,Lendava,0.7863910016801967,Lendava,0.9389728728094028,1,Huff and ML agree
10107903,Dolina pri Lendavi,Lendava,0.5201636083278752,Lendava,0.7686645749434279,1,Huff and ML agree
10107911,Dolnja Bistrica,Murska Sobota,0.18955773331286374,Murska Sobota,0.1485256593990704,1,Huff and ML agree
10107920,Dolnji Lakoš,Lendava,0.7596829910690154,Lendava,0.9237752786831585,1,Huff and ML agree
10107938,Gaberje,Lendava,0.5229813612109306,Lendava,0.6845480394209056,1,Huff and ML agree
10107946,Genterovci,Lendava,0.3220623745356058,Lendava,0.4324451846359279,1,Huff and ML agree
10107954,Gomilica,Turnišče,0.44437953042813433,Turnišče,0.4234827802905203,1,Huff and ML agree
10107962,Gornja Bistrica,Murska Sobota,0.14926231200744577,Murska Sobota,0.1655965023663549,1,Huff and ML agree
10107989,Gornji Lakoš,Lendava,0.725651075523856,Lendava,0.8564957462367152,1,Huff and ML agree
10107997,Hotiza,Lendava,0.3133991780953746,Lendava,0.3516398589283083,1,Huff and ML agree
10108004,Kamovci,Lendava,0.2549889792310504,Lendava,0.31122856326629,1,Huff and ML agree
10108012,Kapca,Lendava,0.3971746315526674,Lendava,0.511801592367592,1,Huff and ML agree
10108039,Kobilje,Kobilje,0.9906267005430167,Kobilje,1.0,1,Huff and ML agree
10108047,Kot,Lendava,0.34685081405901674,Lendava,0.4829928194236451,1,Huff and ML agree
10108055,Lendava,Lendava,0.9983623941077958,Lendava,1.0,1,Huff and ML agree
10108063,Lendavske Gorice,Lendava,0.7943537782750473,Lendava,0.9569603689071376,1,Huff and ML agree
10108071,Mala Polana,Velika Polana,0.39174382459128076,Velika Polana,0.361681866836037,1,Huff and ML agree
10108080,Mostje,Lendava,0.408737984532534,Lendava,0.5624477317325637,1,Huff and ML agree
10108098,Nedelica,Turnišče,0.45335185623612595,Turnišče,0.5163804172646574,1,Huff and ML agree
10108101,Odranci,Odranci,0.9946163034468354,Odranci,1.0,1,Huff and ML agree
10108110,Petišovci,Lendava,0.5187985311246885,Lendava,0.7624063527199544,1,Huff and ML agree
10108128,Pince,Lendava,0.3693277033313884,Lendava,0.674701955359412,1,Huff and ML agree
10108136,Pince-Marof,Lendava,0.2876505561478726,Lendava,0.5685828250886896,1,Huff and ML agree
10108144,Radmožanci,Lendava,0.2815779643196634,Lendava,0.3065574482846616,1,Huff and ML agree
10108152,Renkovci,Turnišče,0.3128288787798196,Turnišče,0.3038843014988287,1,Huff and ML agree
10108179,Srednja Bistrica,Murska Sobota,0.16356983787663246,Murska Sobota,0.1501780666075974,1,Huff and ML agree
10108187,Strehovci,Turnišče,0.1526954253543025,Murska Sobota,0.1968939010485481,0,Huff and ML disagree
10108195,Trimlini,Lendava,0.7334957284753355,Lendava,0.8972973674288536,1,Huff and ML agree
10108209,Trnje,Črenšovci,0.21738473201179417,Turnišče,0.1658310899295833,0,Huff and ML disagree
10108217,Turnišče,Turnišče,0.9991367683002366,Turnišče,1.0,1,Huff and ML agree
10108225,Velika Polana,Velika Polana,0.9973461193629837,Velika Polana,1.0,1,Huff and ML agree
10108233,Žitkovci,Murska Sobota,0.1868442750208158,Dobrovnik,0.2226672253322159,0,Huff and ML disagree
10108241,Žižki,Črenšovci,0.28597872194749097,Črenšovci,0.227198289536125,1,Huff and ML agree
10108250,Bitiče,Litija,0.36062034897495865,Litija,0.3445277845807858,1,Huff and ML agree
10108268,Boltija,Litija,0.42038389181908775,Litija,0.4308427800761965,1,Huff and ML agree
10108276,Borovak pri Polšniku,Litija,0.11532835829598781,Ljubljana,0.1624080533883779,0,Huff and ML disagree
10108284,Breg pri Litiji,Litija,0.8195277756762177,Litija,0.8534762448678707,1,Huff and ML agree
10108292,Brezje pri Kumpolju,Trebnje,0.06078871404832722,Ljubljana,0.155715093729199,0,Huff and ML disagree
10108306,Brezovo,Trebnje,0.07340644208058221,Ljubljana,0.152344169596867,0,Huff and ML disagree
10108314,Brglez,Trebnje,0.07436528815345077,Ljubljana,0.1536612626217778,0,Huff and ML disagree
10108322,Bukovica pri Litiji,Litija,0.2571587080665426,Litija,0.2657567151889913,1,Huff and ML agree
10108349,Cerovica,Litija,0.4281669917283601,Litija,0.4438591138310094,1,Huff and ML agree
10108357,Cirkuše,Litija,0.36247637740586247,Litija,0.3610177809090948,1,Huff and ML agree
10108365,Čateška Gora,Trebnje,0.06281149031385684,Ljubljana,0.156292828985463,0,Huff and ML disagree
10108373,Čeplje,Litija,0.07008642967710353,Ljubljana,0.1597372909850119,0,Huff and ML disagree
10108381,Črni Potok,Litija,0.6869406455535363,Litija,0.5618577141949324,1,Huff and ML agree
10108390,Dobovica,Celje,0.04702398986002561,Ljubljana,0.1424903403924545,0,Huff and ML disagree
10108403,Dole pri Litiji,Trebnje,0.04707111995193237,Ljubljana,0.1459482384993401,0,Huff and ML disagree
10108411,Dolgo Brdo,Litija,0.2686771678023093,Litija,0.23456891502127,1,Huff and ML agree
10108420,Dolnji Vrh,Litija,0.0919844405334418,Ljubljana,0.182448910336345,0,Huff and ML disagree
10108438,Dragovšek,Litija,0.426737135347139,Litija,0.4091330522405549,1,Huff and ML agree
10108446,Dvor,Litija,0.4548431789424998,Litija,0.4515157296756917,1,Huff and ML agree
10108454,Gabrovka,Trebnje,0.07099738172456249,Ljubljana,0.1594688701384804,0,Huff and ML disagree
10108462,Gabrska Gora,Litija,0.08327441841521185,Ljubljana,0.1730272965664088,0,Huff and ML disagree
10108489,Gobnik,Litija,0.2041519891792164,Ljubljana,0.175592544595363,0,Huff and ML disagree
10108497,Golišče,Litija,0.4144929976163313,Litija,0.3601373665613815,1,Huff and ML agree
10108519,Gorenje Jelenje,Celje,0.041680894468077136,Ljubljana,0.1502683981382787,0,Huff and ML disagree
10108527,Gornje Ravne,Trebnje,0.06246769555213577,Ljubljana,0.1489342021434516,0,Huff and ML disagree
10108535,Zgornji Log,Litija,0.6906282188902192,Litija,0.7596670094459673,1,Huff and ML agree
10108543,Gornji Vrh,Litija,0.12355057460664971,Ljubljana,0.1802345083372041,0,Huff and ML disagree
10108551,Gozd-Reka,Litija,0.2819189111128142,Ljubljana,0.2937063253061105,0,Huff and ML disagree
10108560,Gradišče-K. o. Grad. in Polj.,Litija,0.1844624847569808,Ljubljana,0.1778676124440327,0,Huff and ML disagree
10108578,Gradišče-K. o. Št. Lovrenc,Trebnje,0.058097930664345786,Ljubljana,0.1262258741733044,0,Huff and ML disagree
10108586,Gradišče pri Litiji,Litija,0.526558066938015,Litija,0.5170662556452094,1,Huff and ML agree
10108594,Gradiške Laze,Litija,0.6800504268087825,Litija,0.7264824173066086,1,Huff and ML agree
10108608,Hohovica,Litija,0.1193748667066062,Ljubljana,0.1738490174491251,0,Huff and ML disagree
10108616,Hude Ravne,Trebnje,0.061046799128780214,Ljubljana,0.1372955131150355,0,Huff and ML disagree
10108624,Jablaniške Laze,Litija,0.3445366912180065,Litija,0.3515718584890108,1,Huff and ML agree
10108632,Jablaniški Potok,Litija,0.36083332217326186,Litija,0.3896735668370807,1,Huff and ML agree
10108659,Jastrebnik,Litija,0.31905480771167777,Litija,0.27700859414188,1,Huff and ML agree
10108667,Javorje,Litija,0.3495789792522717,Litija,0.3195131949642747,1,Huff and ML agree
10108675,Javorje pri Gabrovki,Litija,0.21001352900578993,Ljubljana,0.1745967386162284,0,Huff and ML disagree
10108683,Jelša,Litija,0.41128546680562905,Litija,0.427493890652829,1,Huff and ML agree
10108691,Jesenje,Litija,0.32169181565432425,Litija,0.2777991429487109,1,Huff and ML agree
10108705,Jevnica,Litija,0.24910725298821204,Ljubljana,0.4523162768485457,0,Huff and ML disagree
10108713,Ježce,Litija,0.26818834373510403,Litija,0.2493477727691176,1,Huff and ML agree
10108721,Ježevec,Trebnje,0.06086766085990937,Ljubljana,0.1238886129993029,0,Huff and ML disagree
10108730,Ježni Vrh,Litija,0.253890155455607,Litija,0.2533885837945853,1,Huff and ML agree
10108748,Kal pri Dolah,Trebnje,0.04910074272158369,Ljubljana,0.1434759627208736,0,Huff and ML disagree
10108756,Kamni Vrh,Litija,0.18425029282665392,Ljubljana,0.1744218970015371,0,Huff and ML disagree
10108764,Kamni Vrh pri Primskovem,Litija,0.08264162921593161,Ljubljana,0.1852620556206383,0,Huff and ML disagree
10108772,Kandrše - del,Litija,0.2432572954444346,Ljubljana,0.229200758626734,0,Huff and ML disagree
10108799,Klanec pri Gabrovki,Trebnje,0.07663537985684778,Ljubljana,0.1611953702785562,0,Huff and ML disagree
10108802,Klenik,Litija,0.26851812739952957,Ljubljana,0.2270080324853643,0,Huff and ML disagree
10108829,Konj,Litija,0.40459342813973104,Litija,0.3797655565927556,1,Huff and ML agree
10108837,Konjšica - del,Litija,0.16074666798215065,Ljubljana,0.1573131532171178,0,Huff and ML disagree
10108845,Kostanjevica,Trebnje,0.07744827017691916,Ljubljana,0.1125427277800054,0,Huff and ML disagree
10108853,Koške Poljane,Litija,0.26757649885679896,Ljubljana,0.3547851100833981,0,Huff and ML disagree
10108861,Kresnice,Litija,0.3192245809882865,Ljubljana,0.3211186672205487,0,Huff and ML disagree
10108870,Kresniške Poljane,Litija,0.25160478990519586,Ljubljana,0.4242109576985298,0,Huff and ML disagree
10108888,Kresniški Vrh,Litija,0.35097377916000133,Litija,0.3095895427710977,1,Huff and ML agree
10108896,Kržišče pri Čatežu,Trebnje,0.1040286948974458,Ljubljana,0.1590629892626719,0,Huff and ML disagree
10108900,Laze pri Gobniku,Litija,0.18425029282665392,Ljubljana,0.176713359051019,0,Huff and ML disagree
10108918,Laze pri Vačah,Litija,0.2611244244589869,Litija,0.219745140068714,1,Huff and ML agree
10108926,Leskovica pri Šmartnem,Litija,0.348457752047334,Litija,0.3445082349179408,1,Huff and ML agree
10108934,Leše,Litija,0.24702640442197485,Litija,0.241195670775065,1,Huff and ML agree
10108942,Liberga,Litija,0.32433860572089146,Litija,0.3347808015439931,1,Huff and ML agree
10108969,Litija,Litija,0.9991576291098224,Litija,1.0,1,Huff and ML agree
10108977,Ljubež v Lazih,Litija,0.20725833919717368,Ljubljana,0.1771691675616719,0,Huff and ML disagree
10108985,Lukovec,Trebnje,0.05605579398129135,Ljubljana,0.1470403495674979,0,Huff and ML disagree
10108993,Lupinica,Litija,0.41027129461970185,Litija,0.408618895237359,1,Huff and ML agree
10109019,Mala Goba,Litija,0.08465939325581864,Ljubljana,0.1670274418979976,0,Huff and ML disagree
10109027,Mala Kostrevnica,Litija,0.6759702110529475,Litija,0.4345862579874699,1,Huff and ML agree
10109035,Mala sela,Litija,0.2514225940917751,Ljubljana,0.2674702523186288,0,Huff and ML disagree
10109043,Mala Štanga,Litija,0.2719711106208304,Ljubljana,0.3462410798925541,0,Huff and ML disagree
10109051,Mamolj,Litija,0.24559811737558973,Litija,0.2617136943155338,1,Huff and ML agree
10109060,Mihelca,Litija,0.2273028287261672,Ljubljana,0.1876483816733023,0,Huff and ML disagree
10109078,Mišji Dol,Litija,0.24908780071436637,Litija,0.1949653119897528,1,Huff and ML agree
10109086,Moravče pri Gabrovki,Litija,0.19281656434680136,Ljubljana,0.1745659231641073,0,Huff and ML disagree
10109094,Moravška Gora,Trebnje,0.0739021906430968,Ljubljana,0.1548717441825588,0,Huff and ML disagree
10109108,Mulhe,Litija,0.2751035047077114,Litija,0.2778343442277055,1,Huff and ML agree
10109116,Nova Gora,Litija,0.20975854509990388,Litija,0.1811115789034045,1,Huff and ML agree
10109124,Obla Gorica,Litija,0.26299403705751634,Litija,0.2327193162793848,1,Huff and ML agree
10109132,Okrog,Trebnje,0.06425550273667949,Ljubljana,0.1540286587403767,0,Huff and ML disagree
10109159,Pečice,Trebnje,0.05357779504814661,Ljubljana,0.1445539107018801,0,Huff and ML disagree
10109167,Podbukovje pri Vačah,Litija,0.25160478990519586,Ljubljana,0.1909728882049991,0,Huff and ML disagree
10109175,Podpeč pod Skalo,Litija,0.07299963950985981,Ljubljana,0.1785289897016825,0,Huff and ML disagree
10109183,Podroje,Litija,0.4144978867640259,Litija,0.4208545379613128,1,Huff and ML agree
10109191,Podšentjur,Litija,0.672352940715462,Litija,0.7151035403678266,1,Huff and ML agree
10109205,Poljane pri Primskovem,Litija,0.21062323911472766,Litija,0.1760963829689434,1,Huff and ML agree
10109213,Polšnik,Litija,0.11760879179448817,Ljubljana,0.1580778329190487,0,Huff and ML disagree
10109221,Ponoviče,Litija,0.5793895217042906,Litija,0.6250780432005795,1,Huff and ML agree
10109230,Potok pri Vačah,Litija,0.2673423256900588,Litija,0.2453162904218532,1,Huff and ML agree
10109248,Prelesje,Trebnje,0.048811289449392205,Ljubljana,0.1278902924405172,0,Huff and ML disagree
10109256,Preska nad Kostrevnico,Litija,0.31142752428333875,Litija,0.3197089180505585,1,Huff and ML agree
10109264,Prevale,Celje,0.0397474559793147,Ljubljana,0.151597957273273,0,Huff and ML disagree
10109272,Preveg,Litija,0.12192396104347196,Ljubljana,0.1583036283341181,0,Huff and ML disagree
10109299,Preženjske Njive,Litija,0.07025616962904202,Ljubljana,0.1676122509263881,0,Huff and ML disagree
10109302,Primskovo,Litija,0.21160845534093173,Ljubljana,0.1865332728562313,0,Huff and ML disagree
10109329,Pusti Javor,Litija,0.2736897058512251,Litija,0.2563096174403617,1,Huff and ML agree
10109337,Račica,Litija,0.26845380645307154,Ljubljana,0.322741580622237,0,Huff and ML disagree
10109345,Radanja vas,Litija,0.21062323911472766,Ljubljana,0.1898588047177513,0,Huff and ML disagree
10109353,Radgonica,Celje,0.050660091236310184,Ljubljana,0.1333205223053571,0,Huff and ML disagree
10109361,Ravne,Litija,0.1193748667066062,Ljubljana,0.1591291200525564,0,Huff and ML disagree
10109370,Ravne nad Šentrupertom,Trebnje,0.0751895560467672,Ljubljana,0.1127596253724278,0,Huff and ML disagree
10109396,Razbore-K. o. Ježni Vrh,Litija,0.2974915360559627,Litija,0.2990274397848817,1,Huff and ML agree
10109400,Renke,Litija,0.26684658530669825,Litija,0.1695225405063504,1,Huff and ML agree
10109418,Ribče,Litija,0.25102976674795424,Ljubljana,0.3682736827944856,0,Huff and ML disagree
10109426,Riharjevec,Litija,0.5046078317247865,Litija,0.4676081539082488,1,Huff and ML agree
10109434,Ržišče,Litija,0.29583210112193226,Litija,0.2763472566876746,1,Huff and ML agree
10109442,Sava,Litija,0.41027129461970185,Litija,0.3871655727856318,1,Huff and ML agree
10109469,Sela pri Sobračah,Litija,0.2651703995678768,Litija,0.2157412809216493,1,Huff and ML agree
10109477,Selce,Trebnje,0.05945290998097621,Ljubljana,0.1413940890866823,0,Huff and ML disagree
10109485,Selšek,Litija,0.5272331116732878,Litija,0.4829815535856573,1,Huff and ML agree
10109493,Sevno,Litija,0.13490346734947656,Ljubljana,0.1766605060494451,0,Huff and ML disagree
10109507,Slavina,Trebnje,0.050110971660303226,Ljubljana,0.1440622279186875,0,Huff and ML disagree
10109515,Slivna,Litija,0.25160478990519586,Ljubljana,0.2562073865776752,0,Huff and ML disagree
10109523,Sobrače,Litija,0.26022403997049315,Litija,0.20054632110695,1,Huff and ML agree
10109531,Spodnja Jablanica,Litija,0.5874955211042411,Litija,0.630214695725189,1,Huff and ML agree
10109540,Spodnje Jelenje,Celje,0.044125480512513963,Ljubljana,0.1484548522880225,0,Huff and ML disagree
10109558,Spodnji Hotič,Litija,0.5241798988288902,Litija,0.4666387677789072,1,Huff and ML agree
10109566,Spodnji Log,Litija,0.4910863589465088,Litija,0.4528763277115777,1,Huff and ML agree
10109574,Stara Gora pri Vel.Gabru,Litija,0.2480151545148859,Litija,0.1959490051034419,1,Huff and ML agree
10109582,Stranski Vrh,Litija,0.08359153264944126,Ljubljana,0.1540259254606556,0,Huff and ML disagree
10109604,Strmec,Trebnje,0.06661287132452672,Ljubljana,0.1213093081785935,0,Huff and ML disagree
10109612,Suhadole,Trebnje,0.048578511713704885,Ljubljana,0.1447328743431045,0,Huff and ML disagree
10109639,Ščit,Litija,0.36109205783012127,Litija,0.3515898161617797,1,Huff and ML agree
10109647,Širmanski Hrib,Litija,0.6251595348425677,Litija,0.7015350326636337,1,Huff and ML agree
10109655,Široka Set,Litija,0.2263520417609634,Ljubljana,0.1971451113134229,0,Huff and ML disagree
10109663,Šmartno pri Litiji,Šmartno pri Litiji,0.9999134186335972,Šmartno pri Litiji,1.0,1,Huff and ML agree
10109671,Štangarske Poljane,Litija,0.5285506708753214,Litija,0.5001799982059703,1,Huff and ML agree
10109680,Šumnik,Litija,0.07301449073027326,Ljubljana,0.1619073515674806,0,Huff and ML disagree
10109698,Tenetiše,Litija,0.8017664403643063,Litija,0.8095215085237732,1,Huff and ML agree
10109701,Tepe,Litija,0.25160478990519586,Litija,0.1868261621761959,1,Huff and ML agree
10109710,Tihaboj,Trebnje,0.06443398470939528,Ljubljana,0.1491331831377499,0,Huff and ML disagree
10109728,Tlaka,Trebnje,0.06405948314079937,Ljubljana,0.1538398007646912,0,Huff and ML disagree
10109736,Vače,Litija,0.2571587080665426,Litija,0.228987851807281,1,Huff and ML agree
10109744,Velika Goba,Litija,0.0829691809589593,Ljubljana,0.1655295726750391,0,Huff and ML disagree
10109752,Velika Kostrevnica,Litija,0.5034492373399971,Litija,0.4642222437495011,1,Huff and ML agree
10109779,Velika Preska,Litija,0.20045612385896128,Ljubljana,0.1640693982528533,0,Huff and ML disagree
10109787,Velika Štanga,Litija,0.3046675327742819,Ljubljana,0.3123702062691774,0,Huff and ML disagree
10109795,Veliki Vrh pri Litiji,Litija,0.5860998122903631,Litija,0.6227125529789396,1,Huff and ML agree
10109809,Vernek,Litija,0.2840514243933232,Ljubljana,0.3233245569721931,0,Huff and ML disagree
10109817,Vinji Vrh,Litija,0.25516908254105386,Litija,0.2181496506643941,1,Huff and ML agree
10109825,Vintarjevec,Litija,0.49525120391045685,Litija,0.4517100318600691,1,Huff and ML agree
10109833,Višnji Grm,Litija,0.3075962105005619,Litija,0.3058904996029721,1,Huff and ML agree
10109841,Vodice pri Gabrovki,Trebnje,0.06663268912889513,Ljubljana,0.1587517205721494,0,Huff and ML disagree
10109850,Volčja Jama,Litija,0.47581633607962026,Litija,0.437631082109793,1,Huff and ML agree
10109868,Vovše,Litija,0.18435296080542166,Ljubljana,0.2409295167092833,0,Huff and ML disagree
10109876,Vrata,Litija,0.32169181565432425,Litija,0.319122289257953,1,Huff and ML agree
10109884,Vrh pri Sobračah,Litija,0.2519960149897662,Litija,0.2023199563470387,1,Huff and ML agree
10109892,Zagozd,Celje,0.047282731901642894,Ljubljana,0.1464348582924075,0,Huff and ML disagree
10109906,Zagrič,Litija,0.08331388750287601,Ljubljana,0.1788585374195285,0,Huff and ML disagree
10109914,Zapodje,Litija,0.253890155455607,Ljubljana,0.2653431381769204,0,Huff and ML disagree
10109922,Zavrh,Celje,0.04217159481571436,Ljubljana,0.148385155572774,0,Huff and ML disagree
10109949,Zavrstnik,Litija,0.7838205262921366,Litija,0.7884670023908336,1,Huff and ML agree
10109957,Zglavnica,Litija,0.11339741406121799,Ljubljana,0.1682256844983055,0,Huff and ML disagree
10109965,Zgornja Jablanica,Litija,0.5442839322994861,Litija,0.5440140804974273,1,Huff and ML agree
10109973,Zgornji Hotič,Litija,0.4106255604893249,Litija,0.3734227041716463,1,Huff and ML agree
10109981,Zgornja Jevnica,Litija,0.21464896348865906,Ljubljana,0.4300833794959183,0,Huff and ML disagree
10109990,Beričevo,Ljubljana,0.47489179233737294,Ljubljana,0.6403753469870329,1,Huff and ML agree
10110009,Brinje,Ljubljana,0.4679663204320662,Ljubljana,0.6983852485351828,1,Huff and ML agree
10110017,Dol pri Ljubljani,Dol pri Ljubljani,0.9963063692691019,Dol pri Ljubljani,1.0,1,Huff and ML agree
10110025,Kleče pri Dolu,Dol pri Ljubljani,0.5175536203692654,Dol pri Ljubljani,0.3701638311402892,1,Huff and ML agree
10110041,Podgora pri Dolskem,Dol pri Ljubljani,0.5067970958488897,Ljubljana,0.3951774310665753,0,Huff and ML disagree
10110050,Videm,Dol pri Ljubljani,0.5462585444623136,Ljubljana,0.3855126631995419,0,Huff and ML disagree
10110068,Zaboršt pri Dolu,Dol pri Ljubljani,0.5144218632338114,Ljubljana,0.4081060315657681,0,Huff and ML disagree
10110076,Zajelše,Dol pri Ljubljani,0.5413499773434559,Dol pri Ljubljani,0.3925296352611361,1,Huff and ML agree
10110084,Ljubljana,Ljubljana,0.9973885675624179,Ljubljana,1.0,1,Huff and ML agree
10110092,Besnica,Ljubljana,0.39254638054976815,Ljubljana,0.6621762160946049,1,Huff and ML agree
10110106,Brezje pri Lipoglavu,Ljubljana,0.3551560767487498,Ljubljana,0.5703102950612879,1,Huff and ML agree
10110114,Češnjica,Ljubljana,0.5029210539978856,Ljubljana,0.7261480582681251,1,Huff and ML agree
10110122,Dolgo Brdo,Litija,0.23366080734137745,Ljubljana,0.422028289614845,0,Huff and ML disagree
10110149,Dolsko,Ljubljana,0.3499395042112101,Ljubljana,0.4896970521626696,1,Huff and ML agree
10110157,Gabrje pri Jančah,Ljubljana,0.23531400935956992,Ljubljana,0.51331517164145,1,Huff and ML agree
10110165,Janče,Litija,0.2094557192907579,Ljubljana,0.4593174614343863,0,Huff and ML disagree
10110173,Javor,Ljubljana,0.2904281362797346,Ljubljana,0.5773147623992351,1,Huff and ML agree
10110181,Kamnica,Ljubljana,0.3207460775748735,Ljubljana,0.4990510697199615,1,Huff and ML agree
10110190,Klopce,Ljubljana,0.22886941179998993,Ljubljana,0.4974923533859549,1,Huff and ML agree
10110203,Križevska vas,Ljubljana,0.20200403244373405,Ljubljana,0.4564441474423303,1,Huff and ML agree
10110211,Laze pri Dolskem,Ljubljana,0.2995686340391166,Ljubljana,0.5214937304403576,1,Huff and ML agree
10110238,Mali Lipoglav,Ljubljana,0.27816944856227016,Ljubljana,0.4303028171734306,1,Huff and ML agree
10110246,Mali Vrh pri Prežganju,Litija,0.20541801122102166,Ljubljana,0.3801851926728782,0,Huff and ML disagree
10110254,Malo Trebeljevo,Litija,0.2096918949595351,Ljubljana,0.4009948231189926,0,Huff and ML disagree
10110262,Osredke,Ljubljana,0.27310367202789987,Ljubljana,0.5077944521050025,1,Huff and ML agree
10110289,Pance,Ljubljana,0.25960599596095896,Ljubljana,0.4672636270482196,1,Huff and ML agree
10110297,Petelinje,Ljubljana,0.3450965402368992,Ljubljana,0.4885810367390363,1,Huff and ML agree
10110319,Podgrad,Ljubljana,0.36701410257912853,Ljubljana,0.7021137994111254,1,Huff and ML agree
10110327,Podlipoglav,Ljubljana,0.49680004469794253,Ljubljana,0.6980256843141601,1,Huff and ML agree
10110335,Podmolnik,Ljubljana,0.4697617306462953,Ljubljana,0.7125737817129457,1,Huff and ML agree
10110343,Prežganje,Litija,0.20045612385896128,Ljubljana,0.4528689594147111,0,Huff and ML disagree
10110351,Ravno Brdo,Ljubljana,0.22323589672951435,Ljubljana,0.5313461646677703,1,Huff and ML agree
10110360,Repče,Ljubljana,0.36658181414785657,Ljubljana,0.5068650363286936,1,Huff and ML agree
10110378,Sadinja vas,Ljubljana,0.4697617306462953,Ljubljana,0.7357059535879361,1,Huff and ML agree
10110386,Selo pri Pancah,Ljubljana,0.30829482094446914,Ljubljana,0.5565500972141274,1,Huff and ML agree
10110394,Senožeti,Litija,0.24057806722373073,Ljubljana,0.432730687132537,0,Huff and ML disagree
10110408,Šentpavel,Ljubljana,0.4239980942306419,Ljubljana,0.6643357613213406,1,Huff and ML agree
10110416,Tuji Grm,Litija,0.23875247913278055,Ljubljana,0.4297902492638012,0,Huff and ML disagree
10110424,Veliki Lipoglav,Ljubljana,0.3002573124282376,Ljubljana,0.5035665986235699,1,Huff and ML agree
10110432,Veliko Trebeljevo,Litija,0.22325201687920374,Ljubljana,0.3998608475178908,0,Huff and ML disagree
10110459,Vinje,Ljubljana,0.23747535681083254,Ljubljana,0.4717460861809744,1,Huff and ML agree
10110467,Vnajnarje,Ljubljana,0.2805465269118759,Ljubljana,0.5814787732341613,1,Huff and ML agree
10110475,Volavlje,Ljubljana,0.20479337856534838,Ljubljana,0.4797612779441556,1,Huff and ML agree
10110483,Vrh pri Dolskem,Ljubljana,0.22558288049357164,Ljubljana,0.4902831800422313,1,Huff and ML agree
10110491,Zagorica pri Dolskem,Ljubljana,0.23810159002656497,Ljubljana,0.4778245948149718,1,Huff and ML agree
10110505,Zagradišče,Ljubljana,0.39982777442750445,Ljubljana,0.7114623599844709,1,Huff and ML agree
10110513,Zgornja Besnica,Ljubljana,0.2805465269118759,Ljubljana,0.5755059704769503,1,Huff and ML agree
10110521,Brezovica pri Medvodah,Ljubljana,0.350377231179953,Ljubljana,0.6116804359078004,1,Huff and ML agree
10110530,Bukovica pri Vodicah,Vodice,0.4065706678675841,Ljubljana,0.3216237232044176,0,Huff and ML disagree
10110548,Dobruša,Vodice,0.39191635257539403,Ljubljana,0.3593470785212367,0,Huff and ML disagree
10110556,Dol,Medvode,0.42614387484588545,Ljubljana,0.3977641482338143,0,Huff and ML disagree
10110564,Dornice,Ljubljana,0.2735124058176433,Ljubljana,0.3814975568207954,1,Huff and ML agree
10110572,Dragočajna,Medvode,0.4036298300616769,Ljubljana,0.3610852351413721,0,Huff and ML disagree
10110599,Dvor,Ljubljana,0.5239834031427644,Ljubljana,0.7707575577320841,1,Huff and ML agree
10110602,Golo Brdo,Medvode,0.4512867943468761,Ljubljana,0.5372543401216399,0,Huff and ML disagree
10110629,Goričane,Medvode,0.8335531810410552,Medvode,0.6022859635547805,1,Huff and ML agree
10110637,Hraše,Medvode,0.29691790784239913,Ljubljana,0.3790514229435889,0,Huff and ML disagree
10110645,Koseze,Ljubljana,0.3068505351001974,Ljubljana,0.3841991754130021,1,Huff and ML agree
10110653,Ladja,Medvode,0.6405631269501599,Medvode,0.3626339376048573,1,Huff and ML agree
10110670,Medno,Medvode,0.5954205592311559,Ljubljana,0.6215543069186115,0,Huff and ML disagree
10110688,Medvode,Medvode,0.9962667839257519,Medvode,1.0,1,Huff and ML agree
10110696,Moše,Kranj,0.3400007686964803,Ljubljana,0.3393029701808657,0,Huff and ML disagree
10110700,Polje pri Vodicah,Ljubljana,0.37782851893902136,Ljubljana,0.4618742806948496,1,Huff and ML agree
10110718,Povodje,Ljubljana,0.4105995298533586,Ljubljana,0.6383144899154285,1,Huff and ML agree
10110726,Rakovnik,Medvode,0.6292720486972058,Ljubljana,0.3631881841871185,0,Huff and ML disagree
10110734,Rašica,Ljubljana,0.4971571188124598,Ljubljana,0.7059812043183741,1,Huff and ML agree
10110742,Repnje,Ljubljana,0.3660179408360094,Ljubljana,0.4253052946470517,1,Huff and ML agree
10110769,Selo pri Vodicah,Ljubljana,0.3468990364373509,Ljubljana,0.4511683340231826,1,Huff and ML agree
10110777,Seničica,Medvode,0.6837021538970398,Ljubljana,0.4471916255462462,0,Huff and ML disagree
10110785,Skaručna,Ljubljana,0.4565668110570449,Ljubljana,0.5570799044586884,1,Huff and ML agree
10110793,Smlednik,Medvode,0.4266243887104287,Ljubljana,0.4196940985464283,0,Huff and ML disagree
10110807,Sora,Medvode,0.5549175063750365,Ljubljana,0.3926306791305755,0,Huff and ML disagree
10110815,Spodnja Senica,Medvode,0.6014915471943596,Ljubljana,0.3666407584964499,0,Huff and ML disagree
10110823,Spodnje Gameljne,Ljubljana,0.5119491958819087,Ljubljana,0.7662140557316124,1,Huff and ML agree
10110831,Spodnje Pirniče,Medvode,0.6014915471943596,Ljubljana,0.5200595643155889,0,Huff and ML disagree
10110840,Srednje Gameljne,Ljubljana,0.4711914112372652,Ljubljana,0.7382161119811833,1,Huff and ML agree
10110858,Stanežiče,Ljubljana,0.4679663204320662,Ljubljana,0.6969794316731057,1,Huff and ML agree
10110866,Studenčice,Medvode,0.3402487530481115,Ljubljana,0.5061247115879821,0,Huff and ML disagree
10110874,Šinkov Turn,Kamnik,0.3322059841525496,Ljubljana,0.3967139427654454,0,Huff and ML disagree
10110882,Tehovec,Ljubljana,0.27296804099074895,Ljubljana,0.5297395377497308,1,Huff and ML agree
10110904,Topol pri Medvodah,Ljubljana,0.45598830092443904,Ljubljana,0.6677461950138244,1,Huff and ML agree
10110912,Torovo,Ljubljana,0.275783280239212,Ljubljana,0.3628600365935165,1,Huff and ML agree
10110939,Toško Čelo,Ljubljana,0.4822536732676518,Ljubljana,0.7930663818053408,1,Huff and ML agree
10110947,Trnovec,Ljubljana,0.31250228158550714,Ljubljana,0.5316529350308833,1,Huff and ML agree
10110955,Utik,Kamnik,0.3042092732391897,Ljubljana,0.364989071691593,0,Huff and ML disagree
10110963,Valburga,Medvode,0.42069065556637775,Ljubljana,0.4009535650036256,0,Huff and ML disagree
10110971,Vaše,Medvode,0.8072975614906333,Medvode,0.5336302567375876,1,Huff and ML agree
10110980,Verje,Medvode,0.8335531810410552,Medvode,0.61095993564964,1,Huff and ML agree
10110998,Vesca,Ljubljana,0.3512694546239365,Ljubljana,0.4925482000359399,1,Huff and ML agree
10111005,Vikrče,Ljubljana,0.4813218365729732,Ljubljana,0.6387349356196366,1,Huff and ML agree
10111013,Vodice,Vodice,0.9907581619255882,Vodice,1.0,1,Huff and ML agree
10111021,Vojsko,Ljubljana,0.41727422821756294,Ljubljana,0.5896782091418084,1,Huff and ML agree
10111030,Zapoge,Vodice,0.29408535162503474,Ljubljana,0.3460809624049717,0,Huff and ML disagree
10111048,Zavrh pod Šmarno goro,Medvode,0.4241268732245769,Ljubljana,0.577689000925274,0,Huff and ML disagree
10111056,Zbilje,Medvode,0.6281880762482405,Ljubljana,0.3491674053065233,0,Huff and ML disagree
10111064,Zgornja Senica,Medvode,0.5698659075368246,Ljubljana,0.3690392503963949,0,Huff and ML disagree
10111072,Zgornje Gameljne,Ljubljana,0.4697617306462953,Ljubljana,0.7035374311845266,1,Huff and ML agree
10111099,Zgornje Pirniče,Medvode,0.6909682456681253,Medvode,0.3876203176281321,1,Huff and ML agree
10111102,Žlebe,Medvode,0.43523355950889453,Ljubljana,0.509465644928497,0,Huff and ML disagree
10111129,Osolnik,Ljubljana,0.20935460290184646,Ljubljana,0.4311796516441268,1,Huff and ML agree
10111137,Adamovo,Velike Lašče,0.22260397236456936,Ljubljana,0.2692715605507861,0,Huff and ML disagree
10111145,Babna Gora,Ljubljana,0.30589328706653296,Ljubljana,0.5972065425022515,1,Huff and ML agree
10111153,Bane,Ljubljana,0.08072686791476842,Ljubljana,0.3277403470198611,1,Huff and ML agree
10111161,Bavdek,Ljubljana,0.11312489799303668,Ljubljana,0.3878355898860532,1,Huff and ML agree
10111170,Belica,Ljubljana,0.365296065196393,Ljubljana,0.6132471513068621,1,Huff and ML agree
10111188,Belo,Ljubljana,0.3070536428920846,Ljubljana,0.6073561954445782,1,Huff and ML agree
10111196,Borovec pri Karlovici,Ljubljana,0.07069636970521036,Ljubljana,0.3092890652214815,1,Huff and ML agree
10111200,Boštetje,Ljubljana,0.08468884143622167,Ljubljana,0.36228890931853,1,Huff and ML agree
10111218,Brankovo,Velike Lašče,0.19549875891962423,Ljubljana,0.3042796991476059,0,Huff and ML disagree
10111226,Brest,Ljubljana,0.553394244406686,Ljubljana,0.8584419280089098,1,Huff and ML agree
10111234,Brezje pri Dobrovi,Ljubljana,0.3838016878179612,Ljubljana,0.594803913413491,1,Huff and ML agree
10111242,Brezovica pri Ljubljani,Brezovica,0.993139610254003,Brezovica,1.0,1,Huff and ML agree
10111269,Briše pri Polhovem Gradcu,Ljubljana,0.2362306022798417,Ljubljana,0.5278856129287413,1,Huff and ML agree
10111277,Brlog - del,Ljubljana,0.053649477881898576,Ljubljana,0.3042394401131986,1,Huff and ML agree
10111285,Bukovec,Ljubljana,0.11818895821475552,Ljubljana,0.4543597601477349,1,Huff and ML agree
10111293,Butajnova,Ljubljana,0.1117404791008794,Ljubljana,0.3961307515338614,1,Huff and ML agree
10111307,Centa,Ljubljana,0.13999336849423363,Ljubljana,0.4713521115575318,1,Huff and ML agree
10111315,Četež pri Turjaku,Ljubljana,0.11214579605876057,Ljubljana,0.4502657141053758,1,Huff and ML agree
10111323,Črna vas,Ljubljana,0.6024789738948264,Ljubljana,0.8403581180417089,1,Huff and ML agree
10111331,Črni Vrh,Ljubljana,0.12471692390949225,Ljubljana,0.4196915481432077,1,Huff and ML agree
10111340,Dednik,Ljubljana,0.08181598441252584,Ljubljana,0.3777531376221417,1,Huff and ML agree
10111358,Dobravica,Ljubljana,0.35365312147354716,Ljubljana,0.5881645953539687,1,Huff and ML agree
10111366,Dobrova,Dobrova-Polhov Gradec,0.99263427065437,Dobrova-Polhov Gradec,1.0,1,Huff and ML agree
10111374,Dole pri Škofljici,Ljubljana,0.4206293176361971,Ljubljana,0.5045899570627638,1,Huff and ML agree
10111382,Dolenja Brezovica,Ljubljana,0.2759486015919315,Ljubljana,0.5455371948400887,1,Huff and ML agree
10111404,Dolenja vas pri Polhovem Gradcu,Ljubljana,0.29872036617820014,Ljubljana,0.5768930658503393,1,Huff and ML agree
10111412,Dolenje Kališče,Ljubljana,0.05791925809069516,Ljubljana,0.3373257148654326,1,Huff and ML agree
10111439,Dolnje Retje,Velike Lašče,0.49561966456860435,Velike Lašče,0.4891715113844375,1,Huff and ML agree
10111447,Dolščaki,Ljubljana,0.1057999470165693,Ljubljana,0.3959880616655156,1,Huff and ML agree
10111455,Draževnik,Dobrova-Polhov Gradec,0.6558189814563695,Ljubljana,0.6617565381780266,0,Huff and ML disagree
10111463,Drenik,Ljubljana,0.3553517789907727,Ljubljana,0.5422329666814278,1,Huff and ML agree
10111471,Dvor pri Polhovem Gradcu,Ljubljana,0.33502541181885115,Ljubljana,0.5982006187991464,1,Huff and ML agree
10111480,Dvorska vas,Velike Lašče,0.1239565485920199,Ljubljana,0.2681167853182822,0,Huff and ML disagree
10111498,Gabrje,Ljubljana,0.47110719451713484,Ljubljana,0.6624590085611982,1,Huff and ML agree
10111501,Glinek,Škofljica,0.5630357621774262,Ljubljana,0.4341083020870181,0,Huff and ML disagree
10111510,Golo,Ljubljana,0.25942798635251535,Ljubljana,0.5720306271972535,1,Huff and ML agree
10111528,Gorenja Brezovica,Ljubljana,0.22841058355164026,Ljubljana,0.5322060962859281,1,Huff and ML agree
10111536,Gorenje Blato,Ljubljana,0.42219848180414277,Ljubljana,0.5120364333276859,1,Huff and ML agree
10111544,Gorenje Kališče,Ljubljana,0.07021657165763603,Ljubljana,0.336418092283745,1,Huff and ML agree
10111552,Goričica pod Krimom,Ljubljana,0.2434008433527984,Ljubljana,0.4437917839418216,1,Huff and ML agree
10111579,Gornje Retje,Velike Lašče,0.3669232862611018,Velike Lašče,0.4079573531286681,1,Huff and ML agree
10111587,Gornji Ig,Ljubljana,0.19139307795020336,Ljubljana,0.5480572916867088,1,Huff and ML agree
10111595,Gradež,Ljubljana,0.1184729618334989,Ljubljana,0.3892635426291187,1,Huff and ML agree
10111609,Gradišče,Ljubljana,0.10545021977093101,Ljubljana,0.3898322186031417,1,Huff and ML agree
10111617,Gradišče,Ljubljana,0.22558288049357164,Ljubljana,0.5129734929492958,1,Huff and ML agree
10111625,Grm,Velike Lašče,0.2508731796955616,Ljubljana,0.2872600645249501,0,Huff and ML disagree
10111633,Gumnišče,Škofljica,0.5547410262413804,Ljubljana,0.4402742808216919,0,Huff and ML disagree
10111641,Hlebče,Velike Lašče,0.2076623182677189,Ljubljana,0.3049334185706965,0,Huff and ML disagree
10111650,Horjul,Horjul,0.9943167846886122,Horjul,1.0,1,Huff and ML agree
10111668,Hrastenice,Ljubljana,0.4170565056674397,Ljubljana,0.6577326049456975,1,Huff and ML agree
10111676,Hrustovo,Velike Lašče,0.2076623182677189,Ljubljana,0.2998092380423917,0,Huff and ML disagree
10111684,Hruševo,Ljubljana,0.48812257277473664,Ljubljana,0.6782457729577063,1,Huff and ML agree
10111692,Ig,Ig,0.9963369631389145,Ig,1.0,1,Huff and ML agree
10111706,Iška,Ljubljana,0.2735124058176433,Ljubljana,0.5985335698469302,1,Huff and ML agree
10111714,Iška Loka,Ljubljana,0.4697617306462953,Ljubljana,0.6228226957394297,1,Huff and ML agree
10111722,Iška vas,Ljubljana,0.3483459628118022,Ljubljana,0.6048978260754297,1,Huff and ML agree
10111749,Jakičevo,Velike Lašče,0.2293852352684632,Ljubljana,0.2881741408090656,0,Huff and ML disagree
10111757,Javorje,Ljubljana,0.11810692180197703,Ljubljana,0.4270402591133342,1,Huff and ML agree
10111765,Jezero,Ljubljana,0.39348908050590203,Ljubljana,0.6051846894951312,1,Huff and ML agree
10111773,Kamnik pod Krimom,Ljubljana,0.3001270560139273,Ljubljana,0.5318000009045726,1,Huff and ML agree
10111781,Kaplanovo,Velike Lašče,0.2084570635783121,Ljubljana,0.2932841990702582,0,Huff and ML disagree
10111790,Karlovica,Velike Lašče,0.0946763779168171,Ljubljana,0.3040619005196731,0,Huff and ML disagree
10111803,Klada,Ljubljana,0.27440116228019523,Ljubljana,0.569975492206682,1,Huff and ML agree
10111811,Knej,Velike Lašče,0.1310527408606431,Ljubljana,0.3264346044169409,0,Huff and ML disagree
10111820,Komanija,Ljubljana,0.5819440892489489,Ljubljana,0.6850565176631408,1,Huff and ML agree
10111838,Koreno nad Horjulom,Ljubljana,0.18127752155052085,Ljubljana,0.4491857308441396,1,Huff and ML agree
10111846,Kot,Ljubljana,0.4407505003012194,Ljubljana,0.5777576198139466,1,Huff and ML agree
10111854,Kot pri Veliki Slevici,Velike Lašče,0.2084570635783121,Ljubljana,0.2603925290993132,0,Huff and ML disagree
10111862,Kremenica,Ljubljana,0.382951859822469,Ljubljana,0.5650931354494201,1,Huff and ML agree
10111889,Krkovo pri Karlovici,Ljubljana,0.08635778616401207,Ljubljana,0.3129108794440605,1,Huff and ML agree
10111897,Krvava Peč,Ljubljana,0.11849412769914211,Ljubljana,0.4722676480483141,1,Huff and ML agree
10111919,Kukmaka,Velike Lašče,0.34623757925949133,Velike Lašče,0.3320737985763498,1,Huff and ML agree
10111927,Lanišče,Škofljica,0.7816422511078155,Škofljica,0.5337407023275517,1,Huff and ML agree
10111935,Laporje,Ljubljana,0.1122044175945109,Ljubljana,0.3708308046395448,1,Huff and ML agree
10111943,Lavrica,Škofljica,0.5645390055298183,Ljubljana,0.6413026474036099,0,Huff and ML disagree
10111951,Laze,Ljubljana,0.11378883703916153,Ljubljana,0.3848005057842374,1,Huff and ML agree
10111960,Lesno Brdo,Ljubljana,0.27268068658859546,Ljubljana,0.4277817214153008,1,Huff and ML agree
10111978,Lipe,Ljubljana,0.48535235814294686,Ljubljana,0.7354536796729594,1,Huff and ML agree
10111986,Ljubgojna,Horjul,0.5250993928051498,Horjul,0.324300404419215,1,Huff and ML agree
10112001,Log pri Polhovem Gradcu,Ljubljana,0.42015975493324015,Ljubljana,0.6353720340179806,1,Huff and ML agree
10112010,Logarji,Velike Lašče,0.1347176270753402,Ljubljana,0.3244509379772141,0,Huff and ML disagree
10112028,Lužarji,Ljubljana,0.07700771229722657,Ljubljana,0.2944038537409567,1,Huff and ML agree
10112036,Mački,Ljubljana,0.11416018737601599,Ljubljana,0.4051341124369793,1,Huff and ML agree
10112044,Mala Slevica,Velike Lašče,0.20976578449949534,Ljubljana,0.2523668996531631,0,Huff and ML disagree
10112052,Male Lašče,Velike Lašče,0.5184938343448504,Velike Lašče,0.5557015505345206,1,Huff and ML agree
10112079,Mali Ločnik,Ljubljana,0.17051900706359654,Ljubljana,0.4372954481922749,1,Huff and ML agree
10112087,Mali Osolnik,Ljubljana,0.11470812037121256,Ljubljana,0.393653408240339,1,Huff and ML agree
10112095,Marinčki,Velike Lašče,0.10834838029222212,Ljubljana,0.3437997984350409,0,Huff and ML disagree
10112109,Matena,Ljubljana,0.5644479193843868,Ljubljana,0.8479765983045254,1,Huff and ML agree
10112117,Medvedjek,Velike Lašče,0.33279777268515687,Velike Lašče,0.3365197432879058,1,Huff and ML agree
10112125,Mohorje,Ljubljana,0.08772326994902029,Ljubljana,0.3709545781695612,1,Huff and ML agree
10112133,Naredi,Ljubljana,0.07458422341712594,Ljubljana,0.3283514035969359,1,Huff and ML agree
10112141,Notranje Gorice,Ljubljana,0.4170565056674397,Ljubljana,0.5611291751895418,1,Huff and ML agree
10112150,Opalkovo,Velike Lašče,0.21354846928059956,Ljubljana,0.2838678064564459,0,Huff and ML disagree
10112168,Orle,Ljubljana,0.5401263030554646,Ljubljana,0.7385446942478949,1,Huff and ML agree
10112176,Osredek,Ljubljana,0.17477164083128358,Ljubljana,0.4744235549393671,1,Huff and ML agree
10112184,Osredek pri Dobrovi,Ljubljana,0.38272319942570443,Ljubljana,0.6243463035012393,1,Huff and ML agree
10112192,Pečki,Ljubljana,0.10392437556482191,Ljubljana,0.4118785623071119,1,Huff and ML agree
10112206,Pijava Gorica,Ljubljana,0.38321033405100047,Ljubljana,0.5127126453924332,1,Huff and ML agree
10112214,Planina nad Horjulom,Ljubljana,0.09157684113944166,Ljubljana,0.3639787639798378,1,Huff and ML agree
10112222,Planinca,Ljubljana,0.27349826460561366,Ljubljana,0.5694989603065673,1,Huff and ML agree
10112249,Pleše,Ljubljana,0.45745475833493965,Ljubljana,0.5123615956268688,1,Huff and ML agree
10112257,Plešivica,Ljubljana,0.4401764051220202,Ljubljana,0.5536983528623927,1,Huff and ML agree
10112265,Plosovo,Ljubljana,0.06637771037546536,Ljubljana,0.3061068304833254,1,Huff and ML agree
10112273,Podhojni Hrib,Ljubljana,0.11826574760130444,Ljubljana,0.4263882942300351,1,Huff and ML agree
10112281,Podkogelj,Velike Lašče,0.09378269401059644,Ljubljana,0.3095040134394624,0,Huff and ML disagree
10112290,Podkraj,Velike Lašče,0.16974484660123873,Ljubljana,0.267583842521751,0,Huff and ML disagree
10112303,Podlog,Velike Lašče,0.17106711986383197,Ljubljana,0.3245948931855199,0,Huff and ML disagree
10112311,Podolnica,Ljubljana,0.299211392782522,Ljubljana,0.5103297332111285,1,Huff and ML agree
10112320,Podpeč,Ljubljana,0.38534529134301826,Ljubljana,0.5844115121724937,1,Huff and ML agree
10112338,Podreber,Ljubljana,0.2618493956122917,Ljubljana,0.5509619169332536,1,Huff and ML agree
10112346,Podsmreka,Ljubljana,0.6014622284020104,Ljubljana,0.7082304902855854,1,Huff and ML agree
10112354,Podsmreka pri Velikih Laščah,Velike Lašče,0.247407937288601,Velike Lašče,0.2666552928046166,1,Huff and ML agree
10112362,Podstrmec,Ljubljana,0.05602428759484692,Ljubljana,0.3004234660324548,1,Huff and ML agree
10112389,Podulaka,Velike Lašče,0.22090497221238664,Ljubljana,0.2805486367406254,0,Huff and ML disagree
10112397,Podžaga,Ljubljana,0.068300291990323,Ljubljana,0.3059141689654332,1,Huff and ML agree
10112419,Polhov Gradec,Ljubljana,0.2328515576385059,Ljubljana,0.5376930049366468,1,Huff and ML agree
10112427,Polzelo,Velike Lašče,0.07043981817207491,Ljubljana,0.3017245649502945,0,Huff and ML disagree
10112435,Poznikovo,Ljubljana,0.06551360173065565,Ljubljana,0.3061844726573383,1,Huff and ML agree
10112443,Praproče,Ljubljana,0.2051931139700069,Ljubljana,0.5099671469144744,1,Huff and ML agree
10112451,Prazniki,Ljubljana,0.11935930410886654,Ljubljana,0.44965150997795,1,Huff and ML agree
10112460,Preserje,Ljubljana,0.30970936565688517,Ljubljana,0.5545878722433781,1,Huff and ML agree
10112478,Prevalje pod Krimom,Ljubljana,0.2790513808673861,Ljubljana,0.4968227833574391,1,Huff and ML agree
10112486,Prhajevo,Velike Lašče,0.3350002137390719,Velike Lašče,0.3284723258506733,1,Huff and ML agree
10112494,Prilesje,Velike Lašče,0.21975227575321601,Velike Lašče,0.2518245330334753,1,Huff and ML agree
10112508,Pristava pri Polh. Gradcu,Ljubljana,0.23617757326593214,Ljubljana,0.5434447357187447,1,Huff and ML agree
10112516,Purkače,Ljubljana,0.118455676087276,Ljubljana,0.4541192312216977,1,Huff and ML agree
10112524,Pušče,Velike Lašče,0.4364211919827645,Velike Lašče,0.430783982595341,1,Huff and ML agree
10112532,Rakitna,Ljubljana,0.11297707079509924,Ljubljana,0.4324139568134392,1,Huff and ML agree
10112559,Rašica,Velike Lašče,0.3424085316412318,Velike Lašče,0.3070046243109068,1,Huff and ML agree
10112567,Razori,Dobrova-Polhov Gradec,0.7357164954155181,Ljubljana,0.5274932992538442,0,Huff and ML disagree
10112575,Reber pri Škofljici,Škofljica,0.5660044038737191,Ljubljana,0.4438014847176841,0,Huff and ML disagree
10112583,Rob,Ljubljana,0.11481875687128112,Ljubljana,0.4132267150962051,1,Huff and ML agree
10112591,Rogatec nad Želimljami,Ljubljana,0.18671447680262573,Ljubljana,0.5256882764461361,1,Huff and ML agree
10112605,Rovt,Ljubljana,0.11560463729880815,Ljubljana,0.4045408396991723,1,Huff and ML agree
10112613,Rupe,Ljubljana,0.08654784670173264,Ljubljana,0.3796619257647311,1,Huff and ML agree
10112621,Samotorica,Ljubljana,0.17745185368191657,Ljubljana,0.4370321697335176,1,Huff and ML agree
10112630,Sarsko,Ljubljana,0.3553517789907727,Ljubljana,0.577916775880128,1,Huff and ML agree
10112648,Sekirišče,Ljubljana,0.12471692390949225,Ljubljana,0.4510954772378743,1,Huff and ML agree
10112656,Selnik,Ljubljana,0.23581291678418215,Ljubljana,0.5566430225818487,1,Huff and ML agree
10112664,Selo nad Polhovim Gradcem,Ljubljana,0.18371220397371968,Ljubljana,0.4547061626241268,1,Huff and ML agree
10112672,Selo pri Robu,Ljubljana,0.09369134844855904,Ljubljana,0.3843079601273913,1,Huff and ML agree
10112699,Setnica - del,Ljubljana,0.19139307795020336,Ljubljana,0.506490026382153,1,Huff and ML agree
10112702,Setnik,Ljubljana,0.18682597811013985,Ljubljana,0.5028596959324997,1,Huff and ML agree
10112729,Sloka Gora,Ljubljana,0.12115945694136711,Ljubljana,0.3944921446855683,1,Huff and ML agree
10112737,Smolnik,Ljubljana,0.1155181282669232,Ljubljana,0.4158464769049183,1,Huff and ML agree
10112745,Smrjene,Ljubljana,0.28198476799127953,Ljubljana,0.5069231748934235,1,Huff and ML agree
10112753,Srednja vas pri Polh. Grad.,Ljubljana,0.275035847744619,Ljubljana,0.5654877797776303,1,Huff and ML agree
10112761,Srednji Vrh,Ljubljana,0.10567930297017522,Ljubljana,0.4283158887397234,1,Huff and ML agree
10112770,Srnjak,Ljubljana,0.1167789855703596,Ljubljana,0.4065895680236783,1,Huff and ML agree
10112788,Srobotnik pri Vel. Laščah,Velike Lašče,0.5232114866360054,Velike Lašče,0.5831166395278812,1,Huff and ML agree
10112796,Staje,Ig,0.5223453497521182,Ljubljana,0.4974443679461312,0,Huff and ML disagree
10112800,Stope,Velike Lašče,0.13326541081971496,Ljubljana,0.3193344745064185,0,Huff and ML disagree
10112818,Strahomer,Ljubljana,0.3645795788040399,Ljubljana,0.6007808339417406,1,Huff and ML agree
10112826,Stranska vas,Dobrova-Polhov Gradec,0.7113628495345555,Ljubljana,0.5762652829362599,0,Huff and ML disagree
10112834,Strletje,Ljubljana,0.1044338168325012,Ljubljana,0.4122086305012993,1,Huff and ML agree
10112842,Strmec,Velike Lašče,0.3444334568018262,Velike Lašče,0.3673701825799921,1,Huff and ML agree
10112869,Ščurki,Ljubljana,0.1765915030199522,Ljubljana,0.4555851785926581,1,Huff and ML agree
10112877,Šentjošt nad Horjulom,Vrhnika,0.1484573111013231,Ljubljana,0.4074975998907612,0,Huff and ML disagree
10112885,Škamevec,Ljubljana,0.10545021977093101,Ljubljana,0.4042296737305649,1,Huff and ML agree
10112893,Škofljica,Škofljica,0.9934132063366635,Škofljica,1.0,1,Huff and ML agree
10112907,Škrilje,Ljubljana,0.2699386032856185,Ljubljana,0.5828256204198061,1,Huff and ML agree
10112915,Škrlovica,Velike Lašče,0.1148944207835902,Ljubljana,0.2726679646275024,0,Huff and ML disagree
10112923,Šujica,Dobrova-Polhov Gradec,0.716990067231693,Ljubljana,0.5089213097203521,0,Huff and ML disagree
10112931,Tomažini,Ljubljana,0.1143769149376765,Ljubljana,0.3669028819215459,1,Huff and ML agree
10112940,Tomišelj,Ljubljana,0.4196514831077127,Ljubljana,0.6736515958035194,1,Huff and ML agree
10112958,Turjak,Ljubljana,0.16213106334324157,Ljubljana,0.4020295738327296,1,Huff and ML agree
10112966,Ulaka,Velike Lašče,0.33151597249661924,Velike Lašče,0.3149685660921038,1,Huff and ML agree
10112974,Uzmani,Ljubljana,0.1170037555651008,Ljubljana,0.4415239812299629,1,Huff and ML agree
10112982,Velika Slevica,Velike Lašče,0.29365480303492564,Velike Lašče,0.2908935365089614,1,Huff and ML agree
10113008,Velike Lašče,Velike Lašče,0.9990971762367657,Velike Lašče,1.0,1,Huff and ML agree
10113016,Veliki Ločnik,Ljubljana,0.2049628333030713,Ljubljana,0.4644354733672709,1,Huff and ML agree
10113024,Veliki Osolnik,Ljubljana,0.09722317966992022,Ljubljana,0.3640933370337255,1,Huff and ML agree
10113032,Visoko,Ljubljana,0.18502535467304146,Ljubljana,0.5240229776933317,1,Huff and ML agree
10113059,Vnanje Gorice,Brezovica,0.6506396279218742,Ljubljana,0.4613823387349318,0,Huff and ML disagree
10113067,Vrbljene,Ljubljana,0.38321033405100047,Ljubljana,0.5964966737458215,1,Huff and ML agree
10113075,Vrh,Ljubljana,0.08609859809833936,Ljubljana,0.3706582813678984,1,Huff and ML agree
10113083,Vrh nad Želimljami,Ljubljana,0.22607687379505687,Ljubljana,0.4883338783344789,1,Huff and ML agree
10113091,Vrzdenec,Ljubljana,0.19993781130074179,Ljubljana,0.4218327015133645,1,Huff and ML agree
10113105,Zaklanec,Horjul,0.37326684215898,Ljubljana,0.443444048606058,0,Huff and ML disagree
10113113,Zalog pri Škofljici,Škofljica,0.6590540880399779,Škofljica,0.5025514028571155,1,Huff and ML agree
10113121,Zapotok,Ljubljana,0.1709067261368513,Ljubljana,0.5000948817446208,1,Huff and ML agree
10113130,Zgonče,Ljubljana,0.08263667726582927,Ljubljana,0.3345895802567452,1,Huff and ML agree
10113148,Žaga,Ljubljana,0.07190239326474683,Ljubljana,0.305755574960828,1,Huff and ML agree
10113156,Žažar,Vrhnika,0.24108399328376656,Ljubljana,0.3669115670480289,0,Huff and ML disagree
10113164,Želimlje,Ljubljana,0.23265661663069298,Ljubljana,0.529182321647218,1,Huff and ML agree
10113172,Podplešivica,Ljubljana,0.43785906996688373,Ljubljana,0.5409979597110169,1,Huff and ML agree
10113199,Žabnica,Brezovica,0.5194568343076171,Ljubljana,0.5202146348985166,0,Huff and ML disagree
10113202,Babinci,Ljutomer,0.4672605883458411,Ljutomer,0.5310834516270305,1,Huff and ML agree
10113229,Banovci,Veržej,0.4059360773455101,Veržej,0.4027112324144007,1,Huff and ML agree
10113237,Berkovci,Murska Sobota,0.17117762656284966,Murska Sobota,0.1317639649054522,1,Huff and ML agree
10113245,Berkovski Prelogi,Murska Sobota,0.16181251452993142,Murska Sobota,0.1649025317890001,1,Huff and ML agree
10113253,Bodislavci,Ptuj,0.15033050454335217,Ptuj,0.1630034112076908,1,Huff and ML agree
10113261,Bolehnečici,Sveti Jurij ob Ščavnici,0.16020900780509276,Sveti Jurij ob Ščavnici,0.1657242395317259,1,Huff and ML agree
10113270,Boreci,Križevci,0.4985142653291797,Križevci,0.6114769528477721,1,Huff and ML agree
10113288,Branoslavci,Ljutomer,0.23324449666688887,Ljutomer,0.2535157529735934,1,Huff and ML agree
10113296,Bučečovci,Murska Sobota,0.22809430232636835,Murska Sobota,0.2842826538569358,1,Huff and ML agree
10113300,Bučkovci,Murska Sobota,0.17063359038142617,Ptuj,0.1380061604802137,0,Huff and ML disagree
10113318,Bunčani,Veržej,0.27929636638091493,Veržej,0.3221009117795626,1,Huff and ML agree
10113326,Cezanjevci,Ljutomer,0.3433088998921281,Ljutomer,0.4121895939653093,1,Huff and ML agree
10113334,Cuber,Ljutomer,0.45062284900021593,Ljutomer,0.56045739402022,1,Huff and ML agree
10113342,Cven,Ljutomer,0.3121729624152178,Ljutomer,0.3938368067406192,1,Huff and ML agree
10113369,Desnjak,Ljutomer,0.17105274395905984,Ljutomer,0.1857836349416199,1,Huff and ML agree
10113377,Dobrava,Murska Sobota,0.1742368127742286,Murska Sobota,0.2409467986730894,1,Huff and ML agree
10113385,Drakovci,Murska Sobota,0.1708615996471476,Ptuj,0.1582137211696747,0,Huff and ML disagree
10113393,Gajševci,Murska Sobota,0.19356192645938197,Murska Sobota,0.1328273791682646,1,Huff and ML agree
10113407,Gibina,Razkrižje,0.3975648316586111,Razkrižje,0.2324259332923328,1,Huff and ML agree
10113415,Globoka,Ljutomer,0.3606201007784482,Ljutomer,0.4971833429757862,1,Huff and ML agree
10113423,Godemarci,Murska Sobota,0.14650159411139257,Ptuj,0.1502334645621322,0,Huff and ML disagree
10113431,Grabe pri Ljutomeru,Murska Sobota,0.1895619859688311,Ljutomer,0.189133146875652,0,Huff and ML disagree
10113440,Gresovščak,Ljutomer,0.4496207926646712,Ljutomer,0.5607114019067736,1,Huff and ML agree
10113458,Grlava,Ljutomer,0.2599228027967374,Ljutomer,0.230363185591464,1,Huff and ML agree
10113466,Iljaševci,Križevci,0.39037131433606587,Križevci,0.3681477966170824,1,Huff and ML agree
10113474,Ilovci,Ljutomer,0.35327396591213195,Ljutomer,0.487393482518613,1,Huff and ML agree
10113482,Jeruzalem,Ljutomer,0.26002238747502254,Ljutomer,0.3337110218817002,1,Huff and ML agree
10113504,Ključarovci pri Ljutomeru,Križevci,0.24476188696656198,Križevci,0.2554910137150884,1,Huff and ML agree
10113512,Kokoriči,Murska Sobota,0.162351277740785,Murska Sobota,0.1551133797550818,1,Huff and ML agree
10113539,Kopriva,Ljutomer,0.2519004918519604,Ljutomer,0.3284692100997703,1,Huff and ML agree
10113547,Krapje,Ljutomer,0.25532024100183187,Ljutomer,0.2884839041341305,1,Huff and ML agree
10113555,Krištanci,Ljutomer,0.2841779675734154,Ljutomer,0.2824687053121271,1,Huff and ML agree
10113563,Križevci pri Ljutomeru,Križevci,0.9886487622921346,Križevci,1.0,1,Huff and ML agree
10113571,Kuršinci,Murska Sobota,0.1605110831690938,Ptuj,0.1546778407121341,0,Huff and ML disagree
10113580,Ljutomer,Ljutomer,0.9983832731728441,Ljutomer,1.0,1,Huff and ML agree
10113598,Logarovci,Ljutomer,0.16966938820290733,Ljutomer,0.144866037141513,1,Huff and ML agree
10113601,Lukavci,Ljutomer,0.2847099420927361,Ljutomer,0.2938672235880084,1,Huff and ML agree
10113610,Mekotnjak,Ljutomer,0.27032864153490543,Ljutomer,0.3195487502080306,1,Huff and ML agree
10113628,Moravci v Slov. goricah,Murska Sobota,0.15739504121685,Ptuj,0.1786211494935734,0,Huff and ML disagree
10113636,Mota,Ljutomer,0.2646174508862467,Ljutomer,0.3354099434361941,1,Huff and ML agree
10113644,Noršinci pri Ljutomeru,Ljutomer,0.47624076428823364,Ljutomer,0.5296575626526164,1,Huff and ML agree
10113652,Nunska Graba,Ljutomer,0.6213126153743523,Ljutomer,0.6670807633003119,1,Huff and ML agree
10113679,Plešivica,Ljutomer,0.31456917927254463,Ljutomer,0.4311504701899384,1,Huff and ML agree
10113687,Podgradje,Ljutomer,0.8145031231669079,Ljutomer,0.8605172643236578,1,Huff and ML agree
10113695,Precetinci,Murska Sobota,0.18628249941362007,Murska Sobota,0.1322920973702392,1,Huff and ML agree
10113709,Presika,Ljutomer,0.3121083916435049,Ljutomer,0.4494602453254926,1,Huff and ML agree
10113717,Pristava,Ljutomer,0.4496207926646712,Ljutomer,0.5555097206268461,1,Huff and ML agree
10113725,Radomerje,Ljutomer,0.6669042947328547,Ljutomer,0.7168910096155038,1,Huff and ML agree
10113733,Radomerščak,Ljutomer,0.3420246642627848,Ljutomer,0.4497660781620087,1,Huff and ML agree
10113741,Radoslavci,Murska Sobota,0.18785493653511584,Ljutomer,0.1445472249412109,0,Huff and ML disagree
10113750,Razkrižje,Ljutomer,0.2245482225054481,Ljutomer,0.2577392462966597,1,Huff and ML agree
10113768,Rinčetova Graba,Ljutomer,0.6435541257386697,Ljutomer,0.68997068171189,1,Huff and ML agree
10113776,Sitarovci,Murska Sobota,0.1719124589513268,Ptuj,0.1349567473672885,0,Huff and ML disagree
10113784,Slamnjak,Ljutomer,0.4922153420660061,Ljutomer,0.6418897949268425,1,Huff and ML agree
10113792,Spodnji Kamenščak,Ljutomer,0.7340240666841475,Ljutomer,0.76336706555436,1,Huff and ML agree
10113806,Stara Cesta,Ljutomer,0.2287769654997398,Ljutomer,0.2585609512389351,1,Huff and ML agree
10113814,Stara Nova vas,Murska Sobota,0.21249806323988618,Murska Sobota,0.2359134720399478,1,Huff and ML agree
10113822,Stročja vas,Ljutomer,0.7318132089328249,Ljutomer,0.7736308542132404,1,Huff and ML agree
10113849,Šafarsko,Razkrižje,0.991335036292059,Razkrižje,1.0,1,Huff and ML agree
10113857,Šalinci,Ljutomer,0.31539062522937084,Ljutomer,0.3607133184302021,1,Huff and ML agree
10113865,Šprinc,Ljutomer,0.2591152027302604,Ljutomer,0.3481933557078328,1,Huff and ML agree
10113873,Veržej,Veržej,0.9921657636855546,Veržej,1.0,1,Huff and ML agree
10113881,Veščica,Ljutomer,0.3040702951179045,Ljutomer,0.3980064102077041,1,Huff and ML agree
10113890,Vidanovci,Ljutomer,0.18456037791801944,Ljutomer,0.2041417163762124,1,Huff and ML agree
10113903,Vogričevci,Ljutomer,0.17369399457692697,Ljutomer,0.1795122744143013,1,Huff and ML agree
10113911,Vučja vas,Murska Sobota,0.23433721812719946,Murska Sobota,0.3048759710403174,1,Huff and ML agree
10113920,Zasadi,Murska Sobota,0.18166205974617428,Murska Sobota,0.2349222143754652,1,Huff and ML agree
10113938,Zgornji Kamenščak,Ljutomer,0.2519004918519604,Ljutomer,0.2762323257776193,1,Huff and ML agree
10113946,Železne Dveri,Ljutomer,0.6498720371428651,Ljutomer,0.7010444804568781,1,Huff and ML agree
10113954,Mala Nedelja,Murska Sobota,0.16233125899932743,Ptuj,0.161129344986141,0,Huff and ML disagree
10113962,Grčarevec,Logatec,0.17644918012408517,Ljubljana,0.1924853582241239,0,Huff and ML disagree
10113989,Hleviše,Idrija,0.05851218324495406,Ljubljana,0.2910890382636115,0,Huff and ML disagree
10113997,Hlevni Vrh,Ljubljana,0.058943702766503764,Ljubljana,0.3082825856946702,1,Huff and ML agree
10114004,Hotedršica,Logatec,0.09755890377376479,Ljubljana,0.2275717761295521,0,Huff and ML disagree
10114012,Jakovica,Vrhnika,0.1526983226178189,Ljubljana,0.1954532084451665,0,Huff and ML disagree
10114039,Kalce,Logatec,0.34641793913320823,Logatec,0.3415493319568116,1,Huff and ML agree
10114047,Lavrovec,Ljubljana,0.08439830190287019,Ljubljana,0.3302793751305383,1,Huff and ML agree
10114055,Laze,Cerknica,0.18256798480323305,Postojna,0.1841205191938455,0,Huff and ML disagree
10114063,Medvedje Brdo,Idrija,0.08927095668733409,Ljubljana,0.249787106204191,0,Huff and ML disagree
10114071,Novi Svet,Logatec,0.11073016210557203,Ljubljana,0.2290977643652969,0,Huff and ML disagree
10114080,Petkovec,Vrhnika,0.17343714670007995,Ljubljana,0.2628609936304832,0,Huff and ML disagree
10114098,Praprotno Brdo,Vrhnika,0.10730927319698584,Ljubljana,0.3025830006073703,0,Huff and ML disagree
10114101,Ravnik pri Hotedršici,Logatec,0.12271882408362617,Ljubljana,0.2262372771266407,0,Huff and ML disagree
10114110,Rovtarske Žibrše,Vrhnika,0.17686998193389528,Ljubljana,0.2545302707247706,0,Huff and ML disagree
10114128,Rovte,Vrhnika,0.11349471669227715,Ljubljana,0.2878826627768502,0,Huff and ML disagree
10114136,Vrh Sv. Treh Kraljev,Ljubljana,0.08715200951681522,Ljubljana,0.3174615999345929,1,Huff and ML agree
10114144,Zaplana - del,Logatec,0.24826132913636986,Vrhnika,0.2464280587048531,0,Huff and ML disagree
10114152,Žibrše,Logatec,0.17050279109712987,Ljubljana,0.226209970469147,0,Huff and ML disagree
10114179,Logatec,Logatec,0.9935523484682703,Logatec,1.0,1,Huff and ML agree
10114187,Bereča vas,Metlika,0.33125947824885743,Metlika,0.3342708161106501,1,Huff and ML agree
10114195,Boginja vas,Metlika,0.14842530745417748,Črnomelj,0.3027998510550206,0,Huff and ML disagree
10114209,Bojanja vas,Metlika,0.33087897377427167,Metlika,0.3898589243910222,1,Huff and ML agree
10114217,Boldraž,Metlika,0.30514401125876195,Metlika,0.6671977130464878,1,Huff and ML agree
10114225,Boršt,Metlika,0.19011637690194727,Črnomelj,0.3222404434082376,0,Huff and ML disagree
10114233,Božakovo,Metlika,0.3749435335913342,Metlika,0.4722819598076523,1,Huff and ML agree
10114241,Božič Vrh,Novo mesto,0.20178873839044337,Novo mesto,0.2913912127831904,1,Huff and ML agree
10114250,Brezovica pri Metliki,Metlika,0.3247231252221045,Metlika,0.3551022263444928,1,Huff and ML agree
10114268,Bušinja vas,Metlika,0.3534045932284476,Metlika,0.360969555070151,1,Huff and ML agree
10114276,Čurile,Metlika,0.6586721808438463,Metlika,0.9224807184468536,1,Huff and ML agree
10114284,Dole,Novo mesto,0.2120662567786681,Novo mesto,0.2640909433036015,1,Huff and ML agree
10114292,Dolnja Lokvica,Metlika,0.3259225265002393,Metlika,0.4757687128570305,1,Huff and ML agree
10114306,Dolnje Dobravice,Metlika,0.37446294330913843,Metlika,0.4083802706117646,1,Huff and ML agree
10114314,Dolnji Suhor pri Metliki,Metlika,0.2584663356735215,Metlika,0.2616917052175175,1,Huff and ML agree
10114322,Drage,Novo mesto,0.18749262202046965,Novo mesto,0.2483214974595061,1,Huff and ML agree
10114349,Dragomlja vas,Metlika,0.3086923034298675,Metlika,0.308895634399176,1,Huff and ML agree
10114357,Drašiči,Metlika,0.32986884824315893,Metlika,0.5537372130348849,1,Huff and ML agree
10114365,Geršiči,Metlika,0.28165284038303384,Metlika,0.2911435933402713,1,Huff and ML agree
10114373,Gornja Lokvica,Metlika,0.3770403621945429,Metlika,0.4326114077275668,1,Huff and ML agree
10114381,Gornje Dobravice,Metlika,0.3262079216926832,Metlika,0.5025902176405712,1,Huff and ML agree
10114390,Gornji Suhor pri Metliki,Metlika,0.25339538795313193,Metlika,0.2430983348322623,1,Huff and ML agree
10114403,Grabrovec,Metlika,0.2823728829937739,Metlika,0.5472195096228305,1,Huff and ML agree
10114411,Gradac,Črnomelj,0.30525366697767525,Črnomelj,0.496186196431816,1,Huff and ML agree
10114420,Grm pri Podzemlju,Metlika,0.3534045932284476,Metlika,0.3359893357594322,1,Huff and ML agree
10114438,Hrast pri Jugorju,Metlika,0.19819174765500563,Novo mesto,0.2329045444105945,0,Huff and ML disagree
10114446,Jugorje pri Metliki,Novo mesto,0.20525130970184974,Novo mesto,0.3039835025805455,1,Huff and ML agree
10114454,Kamenica,Metlika,0.2520210241274172,Metlika,0.3491163244339759,1,Huff and ML agree
10114462,Kapljišče,Metlika,0.22212457739485408,Črnomelj,0.3300583919541187,0,Huff and ML disagree
10114489,Klošter,Črnomelj,0.2663303008224581,Črnomelj,0.44378770031626,1,Huff and ML agree
10114497,Krasinec,Metlika,0.14890421590620184,Črnomelj,0.3178035779102682,0,Huff and ML disagree
10114519,Krašnji Vrh,Metlika,0.20909910431630446,Metlika,0.3015961151422961,1,Huff and ML agree
10114527,Krivoglavice,Metlika,0.37577929742517446,Metlika,0.4238104831331316,1,Huff and ML agree
10114535,Križevska vas,Metlika,0.3729117175955357,Metlika,0.7396323266264656,1,Huff and ML agree
10114543,Krmačina,Metlika,0.25339538795313193,Metlika,0.3452704863463679,1,Huff and ML agree
10114551,Mačkovec pri Suhorju,Novo mesto,0.19964682331837277,Novo mesto,0.2894796692978257,1,Huff and ML agree
10114560,Malo Lešče,Metlika,0.2822376895452681,Metlika,0.3285153223021692,1,Huff and ML agree
10114578,Metlika,Metlika,1.0,Metlika,1.0,1,Huff and ML agree
10114586,Mlake,Metlika,0.1497080761340607,Črnomelj,0.312535467830822,0,Huff and ML disagree
10114594,Okljuka,Črnomelj,0.19525452860363718,Črnomelj,0.3726826119327757,1,Huff and ML agree
10114608,Otok,Metlika,0.3330288999773401,Metlika,0.354325359298176,1,Huff and ML agree
10114616,Podzemelj,Metlika,0.25880060061241356,Črnomelj,0.3060566721831309,0,Huff and ML disagree
10114624,Prilozje,Metlika,0.14640929130027144,Črnomelj,0.3073909632110809,0,Huff and ML disagree
10114632,Primostek,Metlika,0.28107687993348757,Metlika,0.5341001857625048,1,Huff and ML agree
10114659,Radoši,Metlika,0.2822376895452681,Metlika,0.3696541228979828,1,Huff and ML agree
10114667,Radovica,Metlika,0.37579206961440603,Metlika,0.4551131968810907,1,Huff and ML agree
10114675,Radoviči,Metlika,0.30316630327493044,Metlika,0.6611805021606717,1,Huff and ML agree
10114683,Rakovec,Metlika,0.24125939898985735,Metlika,0.3365867697997667,1,Huff and ML agree
10114691,Ravnace,Metlika,0.19793602403001603,Novo mesto,0.2251287411899894,0,Huff and ML disagree
10114705,Rosalnice,Metlika,0.5057526622733736,Metlika,0.8333039990075166,1,Huff and ML agree
10114713,Sela pri Jugorju,Novo mesto,0.21728197574640368,Novo mesto,0.273491881013279,1,Huff and ML agree
10114721,Slamna vas,Metlika,0.30859372832816806,Metlika,0.6842105535533507,1,Huff and ML agree
10114730,Svržaki,Metlika,0.7341395491400514,Metlika,0.959271310115628,1,Huff and ML agree
10114748,Škemljevec,Novo mesto,0.21012137471873152,Novo mesto,0.2757545076341797,1,Huff and ML agree
10114756,Škrilje,Metlika,0.21158859394360008,Črnomelj,0.3035402532704019,0,Huff and ML disagree
10114764,Trnovec,Metlika,0.28243473989672835,Metlika,0.5481956492709841,1,Huff and ML agree
10114772,Vidošiči,Metlika,0.3209635406293864,Metlika,0.4216618062879877,1,Huff and ML agree
10114799,Zemelj,Metlika,0.2820074152512233,Metlika,0.276164906042681,1,Huff and ML agree
10114802,Želebej,Metlika,0.3332884019759406,Metlika,0.5443419611646365,1,Huff and ML agree
10114829,Železniki,Metlika,0.2605194882094601,Metlika,0.3675674914296926,1,Huff and ML agree
10114837,Bočna,Gornji Grad,0.146608290431483,Gornji Grad,0.1515352675249499,1,Huff and ML agree
10114845,Brezje,Mozirje,0.43284506878665324,Mozirje,0.352613943328917,1,Huff and ML agree
10114853,Čreta pri Kokarjah,Nazarje,0.18182847640864255,Nazarje,0.1443790935981141,1,Huff and ML agree
10114861,Dobletina,Nazarje,0.5416277745908085,Nazarje,0.4941214662289377,1,Huff and ML agree
10114870,Dobrovlje pri Mozirju,Nazarje,0.25535737103181966,Nazarje,0.2302695105941232,1,Huff and ML agree
10114888,Dol,Gornji Grad,0.4465280478367772,Gornji Grad,0.5071756350063241,1,Huff and ML agree
10114896,Dol-Suha,Rečica ob Savinji,0.3820967422855893,Rečica ob Savinji,0.3809568728747677,1,Huff and ML agree
10114900,Florjan pri Gornjem Gradu,Gornji Grad,0.12966452923916352,Gornji Grad,0.1666028361811925,1,Huff and ML agree
10114918,Gornji Grad,Gornji Grad,0.9892658176808581,Gornji Grad,1.0,1,Huff and ML agree
10114926,Grušovlje,Rečica ob Savinji,0.1957058285552678,Rečica ob Savinji,0.2014317334476563,1,Huff and ML agree
10114934,Homec,Rečica ob Savinji,0.10661103948585172,Rečica ob Savinji,0.1301388636150756,1,Huff and ML agree
10114942,Juvanje,Ljubno,0.11621342945299216,Ljubno,0.1459597880851079,1,Huff and ML agree
10114969,Kokarje,Nazarje,0.3596425551327708,Nazarje,0.2683250599284391,1,Huff and ML agree
10114977,Konjski Vrh,Kamnik,0.048343792778984845,Ljubljana,0.1870953605902366,0,Huff and ML disagree
10114985,Krnica,Kamnik,0.07587513395644914,Ljubljana,0.1839949370914689,0,Huff and ML disagree
10114993,Lačja vas,Nazarje,0.32307610132250986,Rečica ob Savinji,0.2447595063257029,0,Huff and ML disagree
10115019,Lenart pri Gornjem Gradu,Gornji Grad,0.30467748897371516,Gornji Grad,0.3616969260267242,1,Huff and ML agree
10115027,Lepa Njiva,Velenje,0.14043271543085992,Velenje,0.1617446062257057,1,Huff and ML agree
10115035,Ljubija,Mozirje,0.6956998232362879,Mozirje,0.6578889636863122,1,Huff and ML agree
10115043,Ljubno ob Savinji,Ljubno,0.9944601920766708,Ljubno,1.0,1,Huff and ML agree
10115051,Logarska Dolina,Solčava,0.03554640187052139,Ljubljana,0.1952638425773261,0,Huff and ML disagree
10115060,Loke pri Mozirju,Mozirje,0.5787075092220069,Mozirje,0.5255471494011146,1,Huff and ML agree
10115078,Luče,Luče,0.9936984316254243,Luče,1.0,1,Huff and ML agree
10115086,Meliše,Kamnik,0.09514594955836786,Ljubljana,0.1172823032272982,0,Huff and ML disagree
10115094,Mozirje,Mozirje,0.9897934120055852,Mozirje,1.0,1,Huff and ML agree
10115108,Nazarje,Nazarje,0.9922339725318357,Nazarje,1.0,1,Huff and ML agree
10115116,Nizka,Rečica ob Savinji,0.6227434257441631,Rečica ob Savinji,0.5701555882413266,1,Huff and ML agree
10115124,Okonina,Rečica ob Savinji,0.1097459879938297,Rečica ob Savinji,0.1371415081349761,1,Huff and ML agree
10115132,Planina,Celje,0.03636741527593323,Ljubljana,0.1627140668067764,0,Huff and ML disagree
10115159,Podolševa,Solčava,0.058937684875578336,Ljubljana,0.1794190174263918,0,Huff and ML disagree
10115167,Podveža,Kamnik,0.10188034600467423,Ljubljana,0.2189030814647983,0,Huff and ML disagree
10115175,Podvolovljek,Kamnik,0.19062954353937783,Ljubljana,0.2526110459415621,0,Huff and ML disagree
10115183,Poljane,Rečica ob Savinji,0.6342653538675928,Rečica ob Savinji,0.65180130338784,1,Huff and ML agree
10115191,Potok,Nazarje,0.21801875786671474,Rečica ob Savinji,0.171847702505648,0,Huff and ML disagree
10115205,Prihova,Nazarje,0.5416277745908085,Nazarje,0.4018736169244165,1,Huff and ML agree
10115213,Primož pri Ljubnem,Celje,0.043549361699674084,Ljubljana,0.1481949404130922,0,Huff and ML disagree
10115221,Pusto Polje,Nazarje,0.2129963195550199,Rečica ob Savinji,0.1658174021373819,0,Huff and ML disagree
10115230,Radegunda,Mozirje,0.3324490707652164,Mozirje,0.2451186229788311,1,Huff and ML agree
10115248,Radmirje,Ljubno,0.1057872636303026,Ljubljana,0.1228338693297056,0,Huff and ML disagree
10115256,Raduha,Kamnik,0.06636414609204788,Ljubljana,0.1940862113549877,0,Huff and ML disagree
10115264,Rečica ob Savinji,Rečica ob Savinji,0.9893781371364718,Rečica ob Savinji,1.0,1,Huff and ML agree
10115272,Robanov Kot,Solčava,0.13108073753291835,Ljubljana,0.1744104029052628,0,Huff and ML disagree
10115299,Rovt pod Menino,Vransko,0.0791041365343716,Ljubljana,0.1309545081074991,0,Huff and ML disagree
10115302,Savina,Ljubno,0.10658469838539089,Ljubno,0.1471839470520211,1,Huff and ML agree
10115329,Solčava,Solčava,0.9914485549991298,Solčava,1.0,1,Huff and ML agree
10115337,Spodnja Rečica,Rečica ob Savinji,0.6246330998558508,Rečica ob Savinji,0.5023584023235713,1,Huff and ML agree
10115345,Spodnje Kraše,Nazarje,0.08956363842589525,Nazarje,0.115136387878827,1,Huff and ML agree
10115353,Spodnje Pobrežje,Rečica ob Savinji,0.31828278302607615,Rečica ob Savinji,0.2828233219046498,1,Huff and ML agree
10115361,Strmec,Kamnik,0.04294732682035498,Ljubljana,0.1893303978030911,0,Huff and ML disagree
10115370,Šentjanž,Rečica ob Savinji,0.31828278302607615,Rečica ob Savinji,0.3061422609625108,1,Huff and ML agree
10115388,Šmartno ob Dreti,Kamnik,0.07598551811603219,Ljubljana,0.1147668825451084,0,Huff and ML disagree
10115396,Šmihel nad Mozirjem,Velenje,0.13492907070390514,Velenje,0.1158471887129013,1,Huff and ML agree
10115418,Ter,Ljubno,0.4831106499180591,Ljubno,0.6747314613761127,1,Huff and ML agree
10115434,Trnovec,Rečica ob Savinji,0.37301403517418064,Rečica ob Savinji,0.345541731118573,1,Huff and ML agree
10115442,Varpolje,Rečica ob Savinji,0.4387223241026643,Rečica ob Savinji,0.4230747268427674,1,Huff and ML agree
10115469,Volog,Kamnik,0.0758611030303849,Ljubljana,0.1223931903752586,0,Huff and ML disagree
10115477,Zavodice,Nazarje,0.5140143077720767,Nazarje,0.5236729662035979,1,Huff and ML agree
10115485,Zgornje Pobrežje,Rečica ob Savinji,0.24329960977930218,Rečica ob Savinji,0.2257672906488461,1,Huff and ML agree
10115493,Žlabor,Nazarje,0.6771843561788322,Nazarje,0.6782927383908987,1,Huff and ML agree
10115507,Adrijanci,Gornji Petrovci,0.2474886678691613,Gornji Petrovci,0.3630163907841783,1,Huff and ML agree
10115515,Andrejci,Murska Sobota,0.2516629638369902,Murska Sobota,0.4509041193235361,1,Huff and ML agree
10115523,Bakovci,Murska Sobota,0.5131805475299696,Murska Sobota,0.645956844581943,1,Huff and ML agree
10115531,Beltinci,Beltinci,0.9913832734436042,Beltinci,1.0,1,Huff and ML agree
10115540,Berkovci,Murska Sobota,0.18714432329398734,Murska Sobota,0.257474228937843,1,Huff and ML agree
10115558,Beznovci,Murska Sobota,0.1726536573510267,Murska Sobota,0.3251336855611096,1,Huff and ML agree
10115566,Bodonci,Murska Sobota,0.1842196846672367,Murska Sobota,0.363091357407058,1,Huff and ML agree
10115574,Bogojina,Moravske Toplice,0.276873772256508,Murska Sobota,0.3203369491707885,0,Huff and ML disagree
10115582,Bokrači,Murska Sobota,0.2256735204914122,Murska Sobota,0.4437059907194575,1,Huff and ML agree
10115604,Boreča,Murska Sobota,0.15729258252583242,Murska Sobota,0.201395407937483,1,Huff and ML agree
10115612,Borejci,Murska Sobota,0.41960457302950355,Murska Sobota,0.6426849335091626,1,Huff and ML agree
10115639,Bratonci,Murska Sobota,0.36992896178447743,Murska Sobota,0.3634736745584189,1,Huff and ML agree
10115647,Brezovci,Murska Sobota,0.35226337050531265,Murska Sobota,0.5139405669826003,1,Huff and ML agree
10115655,Budinci,Murska Sobota,0.07305310779956889,Murska Sobota,0.1572557491436678,1,Huff and ML agree
10115663,Bukovnica,Murska Sobota,0.14905973173302306,Murska Sobota,0.2645165384894565,1,Huff and ML agree
10115671,Cankova,Cankova,0.9873838813482427,Cankova,1.0,1,Huff and ML agree
10115680,Čepinci,Murska Sobota,0.10331375536387057,Murska Sobota,0.1672524209002056,1,Huff and ML agree
10115698,Černelavci,Murska Sobota,0.7039395235229877,Murska Sobota,0.8789821215106224,1,Huff and ML agree
10115701,Čikečka vas,Murska Sobota,0.18482795019701428,Murska Sobota,0.2295225359631262,1,Huff and ML agree
10115710,Dankovci,Murska Sobota,0.18458874302511233,Murska Sobota,0.3823459724483295,1,Huff and ML agree
10115728,Dokležovje,Murska Sobota,0.34724214886753274,Murska Sobota,0.4246183575908262,1,Huff and ML agree
10115736,Dolenci,Šalovci,0.11805977476520205,Šalovci,0.2133610673646541,1,Huff and ML agree
10115744,Dolič,Kuzma,0.4349987232892758,Kuzma,0.3028263569064606,1,Huff and ML agree
10115752,Dolina,Murska Sobota,0.23233413247234466,Murska Sobota,0.4250509919100794,1,Huff and ML agree
10115779,Dolnji Slaveči,Murska Sobota,0.1652468367878417,Rogašovci,0.2521814161378661,0,Huff and ML disagree
10115787,Domajinci,Cankova,0.21794740326118375,Murska Sobota,0.2332630196000692,0,Huff and ML disagree
10115795,Domanjševci,Murska Sobota,0.16387551025811875,Murska Sobota,0.1850090316556511,1,Huff and ML agree
10115809,Fikšinci,Murska Sobota,0.15856752673489116,Rogašovci,0.2161049653086366,0,Huff and ML disagree
10115817,Filovci,Murska Sobota,0.1742368127742286,Murska Sobota,0.2552296291162642,1,Huff and ML agree
10115825,Fokovci,Moravske Toplice,0.23118516333898753,Murska Sobota,0.300608698963889,0,Huff and ML disagree
10115833,Gančani,Murska Sobota,0.28833813089751187,Murska Sobota,0.3239590159506683,1,Huff and ML agree
10115841,Gederovci,Murska Sobota,0.2960245997942737,Murska Sobota,0.4300594414215172,1,Huff and ML agree
10115850,Gerlinci,Murska Sobota,0.17089695466338814,Murska Sobota,0.2040658262116449,1,Huff and ML agree
10115868,Gorica,Puconci,0.5301417334901427,Puconci,0.4283407669828564,1,Huff and ML agree
10115876,Gornji Črnci,Cankova,0.2757146338413348,Cankova,0.3071348363986994,1,Huff and ML agree
10115884,Gornji Petrovci,Gornji Petrovci,0.994260625236618,Gornji Petrovci,1.0,1,Huff and ML agree
10115892,Gornji Slaveči,Rogašovci,0.12301371349153674,Rogašovci,0.2425896329838158,1,Huff and ML agree
10115906,Grad,Grad,0.9904123280519704,Grad,1.0,1,Huff and ML agree
10115914,Gradišče,Murska Sobota,0.5136173845268132,Murska Sobota,0.6281975408058605,1,Huff and ML agree
10115922,Hodoš,Hodoš,0.9939212527600509,Hodoš,1.0,1,Huff and ML agree
10115949,Ivanci,Murska Sobota,0.2956808038831839,Murska Sobota,0.4255750026606583,1,Huff and ML agree
10115957,Ivanjševci,Murska Sobota,0.18758770132840405,Murska Sobota,0.2365223402791911,1,Huff and ML agree
10115965,Ivanovci,Murska Sobota,0.1946541464361746,Murska Sobota,0.3742393859883786,1,Huff and ML agree
10115973,Ižakovci,Beltinci,0.26961167920801976,Beltinci,0.3291832823462435,1,Huff and ML agree
10115981,Sveti Jurij,Rogašovci,0.6738053614273366,Rogašovci,0.8804206539105506,1,Huff and ML agree
10115990,Kančevci,Murska Sobota,0.14166953402469284,Murska Sobota,0.3271377250784572,1,Huff and ML agree
10116007,Korovci,Cankova,0.496489284810898,Cankova,0.5823114227893192,1,Huff and ML agree
10116015,Košarovci,Murska Sobota,0.16829016258562862,Murska Sobota,0.357049758045195,1,Huff and ML agree
10116023,Kovačevci,Murska Sobota,0.1925397354904062,Murska Sobota,0.2695805726923057,1,Huff and ML agree
10116031,Krajna,Murska Sobota,0.25007570212147295,Murska Sobota,0.4028880301759204,1,Huff and ML agree
10116040,Kramarovci,Rogašovci,0.19570489893517698,Rogašovci,0.4270941691575726,1,Huff and ML agree
10116058,Krašči,Murska Sobota,0.19346989174082974,Murska Sobota,0.2114914139483804,1,Huff and ML agree
10116066,Križevci,Gornji Petrovci,0.2616136315685525,Gornji Petrovci,0.3983776967668939,1,Huff and ML agree
10116074,Krnci,Murska Sobota,0.23105270996208835,Murska Sobota,0.4280145048246431,1,Huff and ML agree
10116082,Krog,Murska Sobota,0.6749020784480328,Murska Sobota,0.8110723953774376,1,Huff and ML agree
10116104,Krplivnik,Hodoš,0.5157868522703005,Hodoš,0.5619704329809571,1,Huff and ML agree
10116112,Kruplivnik,Murska Sobota,0.1881798395838343,Murska Sobota,0.2125393603575998,1,Huff and ML agree
10116139,Kukeč,Murska Sobota,0.15201891896639202,Murska Sobota,0.3294235020418056,1,Huff and ML agree
10116147,Kupšinci,Murska Sobota,0.5785485527041524,Murska Sobota,0.7749261891866104,1,Huff and ML agree
10116155,Kuštanovci,Murska Sobota,0.1451235442206556,Murska Sobota,0.3337378314821727,1,Huff and ML agree
10116163,Kuzma,Kuzma,0.9907492076700362,Kuzma,1.0,1,Huff and ML agree
10116171,Lemerje,Murska Sobota,0.301451598417509,Murska Sobota,0.4884835879178461,1,Huff and ML agree
10116180,Lipa,Turnišče,0.28147417265540225,Turnišče,0.1967888193357344,1,Huff and ML agree
10116198,Lipovci,Murska Sobota,0.3890788419138365,Murska Sobota,0.4288537164138998,1,Huff and ML agree
10116201,Lončarovci,Murska Sobota,0.18620776703462055,Murska Sobota,0.2561048002644413,1,Huff and ML agree
10116210,Lucova,Gornji Petrovci,0.16365088381067952,Gornji Petrovci,0.3162695130408357,1,Huff and ML agree
10116228,Lukačevci,Murska Sobota,0.5136179555362562,Murska Sobota,0.5861914178593411,1,Huff and ML agree
10116236,Mačkovci,Murska Sobota,0.1356657283923913,Murska Sobota,0.3144778889320384,1,Huff and ML agree
10116244,Markišavci,Murska Sobota,0.709581545755721,Murska Sobota,0.8542545625589865,1,Huff and ML agree
10116252,Markovci,Murska Sobota,0.10363293703794305,Gornji Petrovci,0.1884631527425387,0,Huff and ML disagree
10116279,Martinje,Murska Sobota,0.09819992045389452,Murska Sobota,0.1819428169788301,1,Huff and ML agree
10116287,Martjanci,Murska Sobota,0.5785485527041524,Murska Sobota,0.6794180776522337,1,Huff and ML agree
10116295,Matjaševci,Kuzma,0.12904901550527526,Murska Sobota,0.1442866016448496,0,Huff and ML disagree
10116309,Melinci,Murska Sobota,0.16221715905329936,Murska Sobota,0.2018836399087421,1,Huff and ML agree
10116317,Mlajtinci,Moravske Toplice,0.49462271866230867,Murska Sobota,0.5402738521652828,0,Huff and ML disagree
10116325,Moravske Toplice,Moravske Toplice,0.9975453514712155,Moravske Toplice,1.0,1,Huff and ML agree
10116333,Moščanci,Murska Sobota,0.21646640223163063,Murska Sobota,0.411608835954552,1,Huff and ML agree
10116341,Motovilci,Murska Sobota,0.19535777291222647,Murska Sobota,0.1983393409493049,1,Huff and ML agree
10116350,Motvarjevci,Murska Sobota,0.1865135102609174,Murska Sobota,0.2286273328332411,1,Huff and ML agree
10116368,Murska Sobota,Murska Sobota,0.9978379346354083,Murska Sobota,1.0,1,Huff and ML agree
10116376,Murski Črnci,Murska Sobota,0.5177884215136457,Murska Sobota,0.7121931453995154,1,Huff and ML agree
10116384,Murski Petrovci,Murska Sobota,0.23732950275757805,Murska Sobota,0.3102501465108409,1,Huff and ML agree
10116392,Nemčavci,Murska Sobota,0.6931246914690918,Murska Sobota,0.8143962797843765,1,Huff and ML agree
10116406,Neradnovci,Gornji Petrovci,0.1109838884019867,Gornji Petrovci,0.2337774047823161,1,Huff and ML agree
10116414,Noršinci,Murska Sobota,0.5421871124681921,Murska Sobota,0.7001102235151152,1,Huff and ML agree
10116422,Nuskova,Rogašovci,0.8627855735206018,Rogašovci,0.958878438930637,1,Huff and ML agree
10116449,Ocinje,Rogašovci,0.12704342935301505,Rogašovci,0.3169772230884006,1,Huff and ML agree
10116457,Otovci,Murska Sobota,0.17037694592726943,Murska Sobota,0.2665572449403139,1,Huff and ML agree
10116465,Panovci,Murska Sobota,0.1521622394747147,Murska Sobota,0.3198352577540487,1,Huff and ML agree
10116473,Pečarovci,Murska Sobota,0.20876945989042803,Murska Sobota,0.3979464020474328,1,Huff and ML agree
10116481,Pertoča,Murska Sobota,0.1932547209520196,Rogašovci,0.2592725494335285,0,Huff and ML disagree
10116490,Peskovci,Gornji Petrovci,0.3291969693190533,Gornji Petrovci,0.438087744185274,1,Huff and ML agree
10116503,Petanjci,Murska Sobota,0.35144505754308364,Murska Sobota,0.4047974768088132,1,Huff and ML agree
10116511,Polana,Murska Sobota,0.6115011675651006,Murska Sobota,0.7745719461807002,1,Huff and ML agree
10116520,Pordašinci,Murska Sobota,0.16992251398840635,Murska Sobota,0.2111656101085653,1,Huff and ML agree
10116538,Poznanovci,Murska Sobota,0.16486766561087965,Murska Sobota,0.2853373844611838,1,Huff and ML agree
10116546,Predanovci,Murska Sobota,0.47041341347464916,Murska Sobota,0.6477337116270566,1,Huff and ML agree
10116554,Prosečka vas,Murska Sobota,0.16207570852343534,Murska Sobota,0.2702126820900422,1,Huff and ML agree
10116562,Prosenjakovci,Murska Sobota,0.1891069027684398,Murska Sobota,0.2442252304142535,1,Huff and ML agree
10116589,Puconci,Puconci,0.9917933265311931,Puconci,1.0,1,Huff and ML agree
10116597,Puževci,Murska Sobota,0.22306751285620408,Murska Sobota,0.4211027262787721,1,Huff and ML agree
10116619,Radovci,Murska Sobota,0.1704931095420334,Grad,0.2747465235842947,0,Huff and ML disagree
10116627,Rakičan,Murska Sobota,0.6749020784480328,Murska Sobota,0.8098117390358818,1,Huff and ML agree
10116635,Rankovci,Murska Sobota,0.41960457302950355,Murska Sobota,0.6221544383546032,1,Huff and ML agree
10116643,Ratkovci,Murska Sobota,0.16268186979438634,Murska Sobota,0.2888080642139716,1,Huff and ML agree
10116651,Rogašovci,Rogašovci,0.9894048898408252,Rogašovci,1.0,1,Huff and ML agree
10116660,Ropoča,Murska Sobota,0.19110716855995025,Murska Sobota,0.2114977544432911,1,Huff and ML agree
10116678,Satahovci,Murska Sobota,0.5144214798806451,Murska Sobota,0.7027308166802015,1,Huff and ML agree
10116686,Sebeborci,Murska Sobota,0.3950556643819912,Murska Sobota,0.5102640664940334,1,Huff and ML agree
10116694,Selo,Murska Sobota,0.15120239666688845,Murska Sobota,0.2768898926995253,1,Huff and ML agree
10116708,Serdica,Rogašovci,0.46605544779696556,Rogašovci,0.6741095691821078,1,Huff and ML agree
10116716,Skakovci,Cankova,0.21950360914749736,Murska Sobota,0.29151740141983,0,Huff and ML disagree
10116724,Sodišinci,Murska Sobota,0.24991312255249348,Murska Sobota,0.3676356784255924,1,Huff and ML agree
10116732,Sotina,Rogašovci,0.17681183275993073,Rogašovci,0.3554182906860647,1,Huff and ML agree
10116759,Središče,Murska Sobota,0.17156460313620506,Murska Sobota,0.2273664537690533,1,Huff and ML agree
10116767,Stanjevci,Gornji Petrovci,0.2616136315685525,Gornji Petrovci,0.4003355812480206,1,Huff and ML agree
10116775,Strukovci,Murska Sobota,0.21284829082070708,Murska Sobota,0.3636107239077946,1,Huff and ML agree
10116783,Suhi Vrh,Moravske Toplice,0.5021716959341681,Moravske Toplice,0.410660244469397,1,Huff and ML agree
10116791,Šalamenci,Murska Sobota,0.3004752964417892,Murska Sobota,0.4235210461407226,1,Huff and ML agree
10116805,Šalovci,Šalovci,0.9983044371443576,Šalovci,1.0,1,Huff and ML agree
10116813,Šulinci,Gornji Petrovci,0.16397242633541217,Gornji Petrovci,0.3091387746895122,1,Huff and ML agree
10116821,Tešanovci,Moravske Toplice,0.5419735218227609,Moravske Toplice,0.3869650232740411,1,Huff and ML agree
10116830,Tišina,Tišina,0.9846295592220496,Tišina,1.0,1,Huff and ML agree
10116848,Topolovci,Cankova,0.22912660067474833,Murska Sobota,0.2396785025627283,0,Huff and ML disagree
10116856,Trdkova,Murska Sobota,0.09760956077065443,Murska Sobota,0.1885318145392096,1,Huff and ML agree
10116864,Tropovci,Murska Sobota,0.41873439357570597,Murska Sobota,0.5142093658374591,1,Huff and ML agree
10116872,Vadarci,Murska Sobota,0.16073269609100294,Murska Sobota,0.2671030393344622,1,Huff and ML agree
10116899,Vanča vas,Murska Sobota,0.4273128544525022,Murska Sobota,0.6100430531799766,1,Huff and ML agree
10116902,Vaneča,Murska Sobota,0.301451598417509,Murska Sobota,0.4172329507473261,1,Huff and ML agree
10116929,Večeslavci,Rogašovci,0.28952887263722066,Rogašovci,0.4462781797870668,1,Huff and ML agree
10116937,Veščica,Murska Sobota,0.7009752818016033,Murska Sobota,0.8643490600975814,1,Huff and ML agree
10116945,Vidonci,Murska Sobota,0.19526074477930158,Murska Sobota,0.2174307450091675,1,Huff and ML agree
10116953,Vučja Gomila,Moravske Toplice,0.23050731859521784,Murska Sobota,0.3467282384072878,0,Huff and ML disagree
10116961,Zenkovci,Murska Sobota,0.20959608206186506,Murska Sobota,0.3819642061389197,1,Huff and ML agree
10116970,Ženavlje,Murska Sobota,0.10877865419618436,Murska Sobota,0.1785005530286814,1,Huff and ML agree
10116988,Ajba,Kanal,0.41435849959705606,Kanal,0.5549530006855046,1,Huff and ML agree
10116996,Ajševica,Nova Gorica,0.5729388047666449,Nova Gorica,0.7547529781724975,1,Huff and ML agree
10117003,Anhovo,Kanal,0.3119768672966849,Kanal,0.3429858118790913,1,Huff and ML agree
10117020,Avče,Kanal,0.2687381716724064,Kanal,0.3664959454316662,1,Huff and ML agree
10117038,Banjšice,Nova Gorica,0.155478131108594,Nova Gorica,0.3432829242961616,1,Huff and ML agree
10117046,Barbana,Brda,0.2501582092366894,Brda,0.4180389339897552,1,Huff and ML agree
10117054,Bate,Nova Gorica,0.20707316341168394,Nova Gorica,0.4782931362590255,1,Huff and ML agree
10117062,Belo,Nova Gorica,0.09259764024152509,Nova Gorica,0.3026507282100377,1,Huff and ML agree
10117089,Biljana,Brda,0.629612344731741,Brda,0.8341909321963991,1,Huff and ML agree
10117097,Bilje,Miren-Kostanjevica,0.4314256785379115,Renče-Vogrsko,0.4501355683582124,0,Huff and ML disagree
10117119,Bodrež,Kanal,0.6413520662718537,Kanal,0.8659557313467298,1,Huff and ML agree
10117127,Branik,Nova Gorica,0.155478131108594,Nova Gorica,0.2126889921865903,1,Huff and ML agree
10117135,Brdice pri Kožbani,Nova Gorica,0.0657951991096076,Nova Gorica,0.3001431435896033,1,Huff and ML agree
10117143,Brdice pri Neblem,Brda,0.3701138406104135,Brda,0.6247666828165722,1,Huff and ML agree
10117151,Brdo,Nova Gorica,0.20500592110575167,Nova Gorica,0.3086014297807263,1,Huff and ML agree
10117160,Breg pri Golem Brdu,Nova Gorica,0.04650277036513964,Nova Gorica,0.2480630423500337,1,Huff and ML agree
10117178,Brestje,Nova Gorica,0.23048506868134566,Nova Gorica,0.5305176037033197,1,Huff and ML agree
10117186,Brezovk,Nova Gorica,0.06827705685531221,Nova Gorica,0.3024568267935284,1,Huff and ML agree
10117194,Budihni,Nova Gorica,0.1828339404148942,Nova Gorica,0.2891767247876791,1,Huff and ML agree
10117208,Bukovica,Renče-Vogrsko,0.9989748621131435,Renče-Vogrsko,1.0,1,Huff and ML agree
10117216,Ceglo,Brda,0.3201139018896012,Brda,0.5040890734631601,1,Huff and ML agree
10117224,Čepovan,Nova Gorica,0.13775336055784476,Nova Gorica,0.306050921652238,1,Huff and ML agree
10117232,Deskle,Kanal,0.2645757469812976,Nova Gorica,0.3407341970595774,0,Huff and ML disagree
10117259,Doblar,Kanal,0.14426549372666864,Tolmin,0.2314356645718426,0,Huff and ML disagree
10117267,Dobrovo,Brda,0.998884011105998,Brda,1.0,1,Huff and ML agree
10117275,Dolnje Cerovo,Nova Gorica,0.20624981633688105,Nova Gorica,0.4693216873122611,1,Huff and ML agree
10117283,Dombrava,Renče-Vogrsko,0.30901020206689406,Renče-Vogrsko,0.4976492588105873,1,Huff and ML agree
10117291,Dornberk,Nova Gorica,0.20638862122390791,Nova Gorica,0.2986766918952228,1,Huff and ML agree
10117305,Draga,Nova Gorica,0.19916484515003993,Nova Gorica,0.304696007225429,1,Huff and ML agree
10117313,Drnovk,Brda,0.64398857200219,Brda,0.8757869384176099,1,Huff and ML agree
10117321,Fojana,Brda,0.3601899154104216,Brda,0.6180962971870736,1,Huff and ML agree
10117330,Golo Brdo,Nova Gorica,0.049052964772890215,Nova Gorica,0.2568466940995302,1,Huff and ML agree
10117348,Gonjače,Brda,0.21034070149211653,Nova Gorica,0.4498222994237504,0,Huff and ML disagree
10117356,Gorenja vas,Kanal,0.7710692441492517,Kanal,0.9451843927292004,1,Huff and ML agree
10117364,Gornje Cerovo,Nova Gorica,0.20262177139381174,Nova Gorica,0.5284860188942498,1,Huff and ML agree
10117372,Gradišče nad Prvačino,Nova Gorica,0.2071682854986469,Nova Gorica,0.2772500761744029,1,Huff and ML agree
10117399,Gradno,Brda,0.2102707457791181,Brda,0.3282949362113617,1,Huff and ML agree
10117402,Grgar,Nova Gorica,0.3417032012288406,Nova Gorica,0.7072343503189082,1,Huff and ML agree
10117429,Grgarske Ravne,Nova Gorica,0.20096227874396144,Nova Gorica,0.5426901525349656,1,Huff and ML agree
10117437,Hlevnik,Brda,0.12427453645426838,Nova Gorica,0.2925698411712163,0,Huff and ML disagree
10117445,Hruševlje,Brda,0.2116697438466221,Brda,0.3526873808810739,1,Huff and ML agree
10117453,Hudi Log,Nova Gorica,0.15690747643445455,Nova Gorica,0.2799942007198626,1,Huff and ML agree
10117461,Hum,Nova Gorica,0.2893052442498285,Nova Gorica,0.6059215274647167,1,Huff and ML agree
10117470,Imenje,Brda,0.23070170448035637,Nova Gorica,0.3834328256801182,0,Huff and ML disagree
10117488,Kal nad Kanalom,Nova Gorica,0.07727923759149719,Nova Gorica,0.2489335195001526,1,Huff and ML agree
10117496,Kambreško,Kanal,0.08874638723968585,Nova Gorica,0.1938200540558634,0,Huff and ML disagree
10117500,Kanal,Kanal,0.9981908750534058,Kanal,1.0,1,Huff and ML agree
10117518,Kanalski Vrh,Nova Gorica,0.15933688723365788,Nova Gorica,0.3323687850042476,1,Huff and ML agree
10117526,Kojsko,Nova Gorica,0.2331279863469115,Nova Gorica,0.5421264403906844,1,Huff and ML agree
10117534,Korita na Krasu,Nova Gorica,0.14647024444275045,Nova Gorica,0.2720094729752083,1,Huff and ML agree
10117542,Kostanjevica na Krasu,Nova Gorica,0.10789639686841955,Nova Gorica,0.2402062035821897,1,Huff and ML agree
10117569,Kozana,Brda,0.19764883086592933,Nova Gorica,0.3661155799934699,0,Huff and ML disagree
10117577,Kozarno,Brda,0.33724048667154294,Brda,0.5602902116278233,1,Huff and ML agree
10117585,Kožbana,Nova Gorica,0.06761990717897491,Nova Gorica,0.3039197981547512,1,Huff and ML agree
10117593,Krasno,Nova Gorica,0.17127629195657035,Nova Gorica,0.3746119277932671,1,Huff and ML agree
10117607,Kromberk,Nova Gorica,0.7393277995131139,Nova Gorica,0.9057225280286716,1,Huff and ML agree
10117615,Lazna,Nova Gorica,0.06461873195139047,Nova Gorica,0.262657032829461,1,Huff and ML agree
10117623,Levpa,Kanal,0.09065959334110656,Nova Gorica,0.1972065900607057,0,Huff and ML disagree
10117631,Lig,Kanal,0.10420065011645813,Nova Gorica,0.2363371539965481,0,Huff and ML disagree
10117640,Lipa,Nova Gorica,0.1187336350057808,Nova Gorica,0.2272061819054839,1,Huff and ML agree
10117658,Loke,Nova Gorica,0.45526747999781647,Nova Gorica,0.7386995857314806,1,Huff and ML agree
10117666,Lokovec,Nova Gorica,0.15579019472355904,Nova Gorica,0.3399499929865473,1,Huff and ML agree
10117674,Lokve,Nova Gorica,0.15512605435107113,Nova Gorica,0.3219810686450552,1,Huff and ML agree
10117682,Lokvica,Nova Gorica,0.18926681605914772,Miren-Kostanjevica,0.2937206979947552,0,Huff and ML disagree
10117739,Medana,Brda,0.4686875029908495,Brda,0.6994131610737222,1,Huff and ML agree
10117747,Miren,Miren-Kostanjevica,0.9982233654105777,Miren-Kostanjevica,1.0,1,Huff and ML agree
10117763,Morsko,Kanal,0.5172807465196483,Kanal,0.7525626620142079,1,Huff and ML agree
10117780,Neblo,Brda,0.306099005674015,Brda,0.4990871077844356,1,Huff and ML agree
10117798,Nemci,Nova Gorica,0.1899802071797181,Nova Gorica,0.4206669105472188,1,Huff and ML agree
10117801,Nova Gorica,Nova Gorica,0.99799680835627,Nova Gorica,1.0,1,Huff and ML agree
10117810,Nova vas,Nova Gorica,0.18019910391771465,Nova Gorica,0.2880871907537325,1,Huff and ML agree
10117828,Novelo,Nova Gorica,0.15399017539005116,Nova Gorica,0.2615911917292516,1,Huff and ML agree
10117836,Nozno,Nova Gorica,0.15714652543159574,Nova Gorica,0.400983810553018,1,Huff and ML agree
10117844,Opatje selo,Nova Gorica,0.18662576973954675,Miren-Kostanjevica,0.2881989333188008,0,Huff and ML disagree
10117852,Orehovlje,Miren-Kostanjevica,0.5606050884415967,Miren-Kostanjevica,0.6238970980520259,1,Huff and ML agree
10117879,Osek,Nova Gorica,0.23154282262390247,Nova Gorica,0.4376780267517579,1,Huff and ML agree
10117887,Oševljek,Nova Gorica,0.20032890288884048,Renče-Vogrsko,0.2881876828219347,0,Huff and ML disagree
10117895,Ozeljan,Nova Gorica,0.3381386098156829,Nova Gorica,0.6152477933871489,1,Huff and ML agree
10117909,Plave,Nova Gorica,0.2008520331435131,Nova Gorica,0.4711339751855791,1,Huff and ML agree
10117917,Plešivo,Brda,0.2501582092366894,Brda,0.4150108599235577,1,Huff and ML agree
10117925,Podsabotin,Nova Gorica,0.41910241615917926,Nova Gorica,0.7439735146156671,1,Huff and ML agree
10117933,Potok pri Dornberku,Nova Gorica,0.21061081569918016,Nova Gorica,0.2993034874438926,1,Huff and ML agree
10117941,Preserje,Ajdovščina,0.16974406215553756,Nova Gorica,0.200111457813041,0,Huff and ML disagree
10117950,Pristava,Nova Gorica,0.7794318465200463,Nova Gorica,0.8361690486680509,1,Huff and ML agree
10117968,Pristavo,Brda,0.12156523944273528,Nova Gorica,0.2946071288493239,0,Huff and ML disagree
10117976,Prvačina,Nova Gorica,0.20392291887372513,Nova Gorica,0.3135816790722412,1,Huff and ML agree
10117984,Ravnica,Nova Gorica,0.4334531167916165,Nova Gorica,0.7379672724412768,1,Huff and ML agree
10117992,Renče,Renče-Vogrsko,0.3935034846778473,Renče-Vogrsko,0.6674057571757477,1,Huff and ML agree
10118018,Ročinj,Kanal,0.2520885217855488,Kanal,0.3173885249873616,1,Huff and ML agree
10118026,Rožna Dolina,Nova Gorica,0.7378636675745418,Nova Gorica,0.6855049161703582,1,Huff and ML agree
10118034,Saksid,Nova Gorica,0.19075391700089336,Nova Gorica,0.2837033778913623,1,Huff and ML agree
10118042,Sela na Krasu,Nova Gorica,0.10279613979206091,Nova Gorica,0.2565723931662722,1,Huff and ML agree
10118069,Senik,Nova Gorica,0.05859842569250712,Nova Gorica,0.2875201317692555,1,Huff and ML agree
10118077,Seniški Breg,Kanal,0.10542948334613035,Nova Gorica,0.1845612565491997,0,Huff and ML disagree
10118085,Slapnik,Nova Gorica,0.1625871473031789,Nova Gorica,0.4042456604012617,1,Huff and ML agree
10118093,Slavče,Brda,0.12156523944273528,Nova Gorica,0.2946726201396786,0,Huff and ML disagree
10118107,Snežatno,Nova Gorica,0.24624267163942387,Nova Gorica,0.5678631495745351,1,Huff and ML agree
10118115,Snežeče,Brda,0.5587144672884795,Brda,0.7803459579183976,1,Huff and ML agree
10118123,Spodnja Branica,Ajdovščina,0.1547769702322259,Ajdovščina,0.1903209696765765,1,Huff and ML agree
10118131,Stara Gora,Nova Gorica,0.43592745255409077,Nova Gorica,0.6296253948268057,1,Huff and ML agree
10118140,Steske,Nova Gorica,0.19012080736187043,Nova Gorica,0.2837697942405011,1,Huff and ML agree
10118158,Šempas,Nova Gorica,0.30635654817194136,Nova Gorica,0.5145493955033031,1,Huff and ML agree
10118166,Šempeter pri Gorici,Šempeter-Vrtojba,0.9982680157844164,Šempeter-Vrtojba,1.0,1,Huff and ML agree
10118174,Šlovrenc,Brda,0.328752739862515,Brda,0.5335171428249812,1,Huff and ML agree
10118182,Šmartno,Brda,0.2758482011450599,Nova Gorica,0.3536085308750372,0,Huff and ML disagree
10118204,Šmaver,Nova Gorica,0.2582739107806751,Nova Gorica,0.5991819231841518,1,Huff and ML agree
10118212,Šmihel,Nova Gorica,0.36896669847978225,Nova Gorica,0.658142937375694,1,Huff and ML agree
10118239,Tabor,Nova Gorica,0.21061081569918016,Nova Gorica,0.3001153657660311,1,Huff and ML agree
10118247,Temnica,Nova Gorica,0.15937286759434466,Nova Gorica,0.2685396438522651,1,Huff and ML agree
10118255,Trnovo,Nova Gorica,0.20830510089278548,Nova Gorica,0.5278604834869202,1,Huff and ML agree
10118263,Ukanje,Nova Gorica,0.04771612812051711,Nova Gorica,0.2272099974602372,1,Huff and ML agree
10118271,Vedrijan,Brda,0.26085382917840017,Brda,0.3597393784124916,1,Huff and ML agree
10118280,Vipolže,Brda,0.24909844826827102,Brda,0.3601546722938176,1,Huff and ML agree
10118298,Višnjevik,Brda,0.2605572322972206,Brda,0.4268146428418865,1,Huff and ML agree
10118301,Vitovlje,Nova Gorica,0.23229560773369115,Nova Gorica,0.4530718022583411,1,Huff and ML agree
10118310,Voglarji,Nova Gorica,0.20830510089278548,Nova Gorica,0.5369936057144841,1,Huff and ML agree
10118328,Vogrsko,Nova Gorica,0.25801070723922964,Nova Gorica,0.3306716524921291,1,Huff and ML agree
10118336,Vojščica,Nova Gorica,0.10279613979206091,Nova Gorica,0.2378804474046635,1,Huff and ML agree
10118344,Volčja Draga,Renče-Vogrsko,0.6710600013536703,Renče-Vogrsko,0.8019104146204005,1,Huff and ML agree
10118352,Vrhovlje pri Kojskem,Nova Gorica,0.2036559545068161,Nova Gorica,0.4408860020580154,1,Huff and ML agree
10118379,Vrhovlje pri Kožbani,Nova Gorica,0.06802307454181247,Nova Gorica,0.2991020342275713,1,Huff and ML agree
10118387,Vrtoče,Miren-Kostanjevica,0.539148757613529,Miren-Kostanjevica,0.6313604023401133,1,Huff and ML agree
10118395,Vrtojba,Šempeter-Vrtojba,0.4960572601854311,Šempeter-Vrtojba,0.3182250851540628,1,Huff and ML agree
10118409,Zali Breg,Brda,0.5434165261155457,Brda,0.7076129574040311,1,Huff and ML agree
10118417,Zalošče,Nova Gorica,0.20136246110899272,Nova Gorica,0.2874590359767145,1,Huff and ML agree
10118425,Zapotok,Nova Gorica,0.05983779605378039,Nova Gorica,0.2626584755931446,1,Huff and ML agree
10118441,Solkan,Nova Gorica,0.7963238826114218,Nova Gorica,0.9576621913547286,1,Huff and ML agree
10118450,Apnenik,Novo mesto,0.18308354256259496,Novo mesto,0.1884263299915912,1,Huff and ML agree
10118468,Bela Cerkev,Novo mesto,0.17948215632889078,Novo mesto,0.3286153374266914,1,Huff and ML agree
10118476,Birčna vas,Novo mesto,0.4736207086917188,Novo mesto,0.6821952477394926,1,Huff and ML agree
10118484,Biška vas,Mirna Peč,0.42305180683084515,Mirna Peč,0.5216444847549562,1,Huff and ML agree
10118492,Boričevo,Novo mesto,0.5963985715639474,Novo mesto,0.8282796852384491,1,Huff and ML agree
10118506,Boršt pri Dvoru,Novo mesto,0.21593390147324282,Novo mesto,0.1902319904134781,1,Huff and ML agree
10118514,Breška vas,Novo mesto,0.20336891892251388,Novo mesto,0.2747917233715375,1,Huff and ML agree
10118522,Brezje,Novo mesto,0.3745568509384563,Novo mesto,0.5886323717293753,1,Huff and ML agree
10118549,Brezje pri Šentjerneju,Novo mesto,0.18308354256259496,Šentjernej,0.2545843886786236,0,Huff and ML disagree
10118557,Brezova Reber pri Dvoru,Novo mesto,0.19018556621769786,Novo mesto,0.3128310645298541,1,Huff and ML agree
10118565,Brezovica,Šmarješke Toplice,0.23968636446313457,Novo mesto,0.285934689402829,0,Huff and ML disagree
10118573,Brezovica pri Stopičah,Novo mesto,0.3447593661309115,Novo mesto,0.5983048725756227,1,Huff and ML agree
10118581,Budganja vas,Žužemberk,0.31767965198681075,Žužemberk,0.4525219717147174,1,Huff and ML agree
10118590,Bušinec,Dolenjske Toplice,0.2347015803538996,Dolenjske Toplice,0.3574452093195014,1,Huff and ML agree
10118603,Cerov Log,Novo mesto,0.20353444077301786,Novo mesto,0.2889441198155102,1,Huff and ML agree
10118611,Cerovec,Dolenjske Toplice,0.2347015803538996,Dolenjske Toplice,0.3520677264274802,1,Huff and ML agree
10118620,Čadraže,Novo mesto,0.17432166266396312,Novo mesto,0.2776177382640015,1,Huff and ML agree
10118638,Čelevec,Novo mesto,0.1999720799961223,Novo mesto,0.1820204192863509,1,Huff and ML agree
10118646,Čemše,Novo mesto,0.18394678993124847,Novo mesto,0.2314045959705244,1,Huff and ML agree
10118654,Češča vas,Novo mesto,0.4948130542184474,Novo mesto,0.6296000972240098,1,Huff and ML agree
10118662,Čisti Breg,Novo mesto,0.1541706958163035,Novo mesto,0.1476484925878252,1,Huff and ML agree
10118689,Črešnjice,Novo mesto,0.4733866449057817,Novo mesto,0.6550841443436854,1,Huff and ML agree
10118697,Črmošnjice pri Stopičah,Novo mesto,0.6027282136276707,Novo mesto,0.8093931578893151,1,Huff and ML agree
10118719,Čučja Mlaka,Novo mesto,0.2069656217580471,Novo mesto,0.1936854404339838,1,Huff and ML agree
10118727,Daljni Vrh,Novo mesto,0.44268060789483604,Novo mesto,0.613296161426755,1,Huff and ML agree
10118735,Dešeča vas,Žužemberk,0.1962385393960916,Žužemberk,0.237794561184907,1,Huff and ML agree
10118743,Dobindol,Novo mesto,0.18804766923456684,Novo mesto,0.3718444642155227,1,Huff and ML agree
10118751,Dobovo,Novo mesto,0.27239863901309563,Novo mesto,0.461750246272546,1,Huff and ML agree
10118760,Dobrava pri Škocjanu,Novo mesto,0.19864277167592664,Novo mesto,0.2016944520910726,1,Huff and ML agree
10118778,Dobravica,Šentjernej,0.42023862388138866,Šentjernej,0.480578895835043,1,Huff and ML agree
10118786,Dobruška vas,Novo mesto,0.19764356373831657,Škocjan,0.2338689742967738,0,Huff and ML disagree
10118794,Dol pri Šmarjeti,Novo mesto,0.20964278788542912,Novo mesto,0.1877738855589862,1,Huff and ML agree
10118808,Dolenja Brezovica,Šentjernej,0.483745977668444,Šentjernej,0.6599465390721458,1,Huff and ML agree
10118816,Dolenja Stara vas,Šentjernej,0.41320266954040913,Šentjernej,0.4676394055325215,1,Huff and ML agree
10118824,Dolenja vas,Novo mesto,0.4733298866333109,Novo mesto,0.6663627101067521,1,Huff and ML agree
10118832,Dolenja vas pri Mirni Peči,Mirna Peč,0.22690296613987088,Mirna Peč,0.3053907222058774,1,Huff and ML agree
10118859,Dolenje Dole,Novo mesto,0.1526478235385011,Škocjan,0.1449924115740808,0,Huff and ML disagree
10118867,Dolenje Gradišče,Dolenjske Toplice,0.5028000075068381,Dolenjske Toplice,0.5294732265875015,1,Huff and ML agree
10118875,Dolenje Gradišče pri Šentj.,Novo mesto,0.18385333178972696,Novo mesto,0.3136476057041776,1,Huff and ML agree
10118883,Dolenje Grčevje,Novo mesto,0.31430888737422946,Novo mesto,0.5047757466490245,1,Huff and ML agree
10118891,Dolenje Kamenje,Novo mesto,0.3496798374300421,Novo mesto,0.5180521029130365,1,Huff and ML agree
10118905,Dolenje Karteljevo,Novo mesto,0.31747959520988184,Novo mesto,0.4536071945058473,1,Huff and ML agree
10118913,Dolenje Kronovo,Novo mesto,0.2620934999494957,Novo mesto,0.4096775282329971,1,Huff and ML agree
10118921,Dolenje Lakovnice,Novo mesto,0.4234383182242268,Novo mesto,0.6629113237429748,1,Huff and ML agree
10118930,Dolenje Mokro Polje,Novo mesto,0.22790462044877688,Novo mesto,0.4099021929618179,1,Huff and ML agree
10118948,Dolenje Polje,Dolenjske Toplice,0.2695494078765935,Dolenjske Toplice,0.2578638016912218,1,Huff and ML agree
10118956,Dolenje Sušice,Dolenjske Toplice,0.3785994622590822,Dolenjske Toplice,0.5529930683641977,1,Huff and ML agree
10118964,Dolenje Vrhpolje,Novo mesto,0.2075221715454682,Šentjernej,0.2848176653326511,0,Huff and ML disagree
10118972,Dolenji Globodol,Novo mesto,0.17043443010270415,Novo mesto,0.2704423346942678,1,Huff and ML agree
10118999,Dolenji Maharovec,Novo mesto,0.17146292870003632,Novo mesto,0.2568467790038988,1,Huff and ML agree
10119006,Dolenji Podboršt,Mirna Peč,0.3944354110841264,Mirna Peč,0.4694336213014151,1,Huff and ML agree
10119014,Dolenji Suhadol,Novo mesto,0.2634008598349854,Novo mesto,0.4548323301758904,1,Huff and ML agree
10119022,Dolenjske Toplice,Dolenjske Toplice,1.0,Dolenjske Toplice,1.0,1,Huff and ML agree
10119049,Dolnja Stara vas,Škocjan,0.3484939889962469,Škocjan,0.4411016078585479,1,Huff and ML agree
10119057,Dolnja Težka Voda,Novo mesto,0.5813187777078699,Novo mesto,0.7707714389019269,1,Huff and ML agree
10119065,Dolnje Mraševo,Novo mesto,0.31870513618126883,Novo mesto,0.4626625531578636,1,Huff and ML agree
10119073,Dolnji Ajdovec,Novo mesto,0.20410199237675733,Novo mesto,0.2169523118440422,1,Huff and ML agree
10119081,Dolnji Kot,Novo mesto,0.19253914766317146,Novo mesto,0.1698525355369687,1,Huff and ML agree
10119090,Dolnji Križ,Žužemberk,0.1949142194112529,Žužemberk,0.2259569267178855,1,Huff and ML agree
10119103,Dolž,Novo mesto,0.24222697497148474,Novo mesto,0.4906485177275539,1,Huff and ML agree
10119111,Draga,Novo mesto,0.189175578421739,Novo mesto,0.2988442658628397,1,Huff and ML agree
10119120,Drama,Novo mesto,0.20273132564519028,Novo mesto,0.1824238956342209,1,Huff and ML agree
10119138,Drašča vas,Žužemberk,0.08597341886667444,Ljubljana,0.2136268254896259,0,Huff and ML disagree
10119146,Drča,Novo mesto,0.18927154717606054,Novo mesto,0.1797809931040997,1,Huff and ML agree
10119154,Drenje,Novo mesto,0.20448188340651968,Novo mesto,0.2161078462199308,1,Huff and ML agree
10119162,Drganja sela,Novo mesto,0.1872114571377921,Novo mesto,0.2760181203241577,1,Huff and ML agree
10119189,Družinska vas,Novo mesto,0.2634008598349854,Novo mesto,0.3998976498788324,1,Huff and ML agree
10119197,Dvor,Žužemberk,0.23544323069718603,Žužemberk,0.2963647809536469,1,Huff and ML agree
10119219,Gabrje,Novo mesto,0.22394289977864287,Novo mesto,0.4613699781694695,1,Huff and ML agree
10119227,Gabrje pri Soteski,Dolenjske Toplice,0.2360310477735753,Dolenjske Toplice,0.27458861950641,1,Huff and ML agree
10119235,Gabrnik,Novo mesto,0.14607324217879455,Novo mesto,0.1371975400240713,1,Huff and ML agree
10119243,Globočdol,Novo mesto,0.2634008598349854,Novo mesto,0.3693838488079295,1,Huff and ML agree
10119251,Golobinjek,Novo mesto,0.1872114571377921,Novo mesto,0.2702954787650815,1,Huff and ML agree
10119260,Golušnik,Novo mesto,0.35299741976950977,Novo mesto,0.5684338220399374,1,Huff and ML agree
10119278,Gorenja Brezovica,Novo mesto,0.20997424894764444,Šentjernej,0.2971161346389548,0,Huff and ML disagree
10119286,Gorenja Gomila,Novo mesto,0.17867037256226273,Novo mesto,0.2863369705225602,1,Huff and ML agree
10119294,Gorenja Stara vas,Novo mesto,0.17322722888449196,Novo mesto,0.24734571066005,1,Huff and ML agree
10119308,Gorenja vas pri Šmarjeti,Šmarješke Toplice,0.3491582082331621,Šmarješke Toplice,0.5051747536874928,1,Huff and ML agree
10119316,Gorenje Dole,Novo mesto,0.13768811824685623,Novo mesto,0.1230988643518836,1,Huff and ML agree
10119324,Gorenje Gradišče,Dolenjske Toplice,0.5308111834799528,Dolenjske Toplice,0.6269961360844183,1,Huff and ML agree
10119332,Gorenje Gradišče pri Šentj.,Novo mesto,0.18398726822970318,Novo mesto,0.3337948884565996,1,Huff and ML agree
10119359,Gorenje Grčevje,Novo mesto,0.19570147388769762,Novo mesto,0.3993867083212879,1,Huff and ML agree
10119367,Gorenje Kamence,Novo mesto,0.4879444395052023,Novo mesto,0.6574635437889168,1,Huff and ML agree
10119375,Gorenje Kamenje,Novo mesto,0.3404506970155366,Novo mesto,0.5079601286557971,1,Huff and ML agree
10119383,Gorenje Karteljevo,Novo mesto,0.29236632942842466,Novo mesto,0.4358481360419999,1,Huff and ML agree
10119391,Gorenje Kronovo,Novo mesto,0.31453897387564983,Novo mesto,0.4778196965277637,1,Huff and ML agree
10119405,Gorenje Lakovnice,Novo mesto,0.4179703496647247,Novo mesto,0.6563912325865218,1,Huff and ML agree
10119413,Gorenje Mokro Polje,Novo mesto,0.1896830221712185,Novo mesto,0.3465174970460694,1,Huff and ML agree
10119421,Gorenje Mraševo,Novo mesto,0.3094660687122041,Novo mesto,0.4686197013352742,1,Huff and ML agree
10119430,Gorenje Polje,Dolenjske Toplice,0.34645098854067025,Dolenjske Toplice,0.3431820685795326,1,Huff and ML agree
10119448,Gorenje Sušice,Novo mesto,0.1879456658444489,Novo mesto,0.3071354344395769,1,Huff and ML agree
10119456,Gorenje Vrhpolje,Novo mesto,0.2057743713053357,Novo mesto,0.2356122238272322,1,Huff and ML agree
10119464,Gorenji Globodol,Novo mesto,0.21295006722731138,Novo mesto,0.2213822823053671,1,Huff and ML agree
10119472,Gorenji Maharovec,Novo mesto,0.17130826432223054,Novo mesto,0.2418388583385014,1,Huff and ML agree
10119499,Gorenji Podboršt,Mirna Peč,0.48690883941423957,Mirna Peč,0.6381359305777449,1,Huff and ML agree
10119502,Gorenji Suhadol,Novo mesto,0.18125901460773963,Novo mesto,0.390829819548437,1,Huff and ML agree
10119529,Goriška Gora,Novo mesto,0.14544195864247034,Novo mesto,0.1424775293865808,1,Huff and ML agree
10119537,Goriška vas,Novo mesto,0.2634008598349854,Novo mesto,0.3011054450158039,1,Huff and ML agree
10119545,Goriška vas pri Škocjanu,Novo mesto,0.18746207220491948,Škocjan,0.2777878743789639,0,Huff and ML disagree
10119553,Gornja Težka Voda,Novo mesto,0.44268060789483604,Novo mesto,0.678275894585292,1,Huff and ML agree
10119561,Gornji Ajdovec,Novo mesto,0.20525130970184974,Novo mesto,0.2192302187445312,1,Huff and ML agree
10119570,Gornji Kot,Novo mesto,0.1822451919772845,Žužemberk,0.1701948251599057,0,Huff and ML disagree
10119588,Gornji Križ,Žužemberk,0.1754759128114056,Žužemberk,0.1962019065823101,1,Huff and ML agree
10119596,Gradenc,Žužemberk,0.1962385393960916,Žužemberk,0.2500461561069285,1,Huff and ML agree
10119600,Gradenje,Novo mesto,0.19223189849519615,Novo mesto,0.3080649731404444,1,Huff and ML agree
10119618,Grč Vrh,Novo mesto,0.18469258947998493,Novo mesto,0.2728998095112154,1,Huff and ML agree
10119626,Grič pri Klevevžu,Novo mesto,0.21560539650460098,Novo mesto,0.1943471338213844,1,Huff and ML agree
10119634,Grmovlje,Novo mesto,0.21192403189070158,Škocjan,0.2806709027958081,0,Huff and ML disagree
10119642,Groblje pri Prekopi,Novo mesto,0.18229112301156408,Šentjernej,0.2089051853683453,0,Huff and ML disagree
10119669,Gruča,Novo mesto,0.18096307953121296,Novo mesto,0.1544850721934401,1,Huff and ML agree
10119677,Gumberk,Novo mesto,0.3945861146882004,Novo mesto,0.5865234712463612,1,Huff and ML agree
10119685,Herinja vas,Novo mesto,0.3998400284018571,Novo mesto,0.5785879946209582,1,Huff and ML agree
10119693,Hinje,Novo mesto,0.0667408156273809,Ljubljana,0.1846027580973784,0,Huff and ML disagree
10119707,Hmeljčič,Novo mesto,0.19404808326826586,Novo mesto,0.3133670653942385,1,Huff and ML agree
10119715,Hrastje,Novo mesto,0.18663592928352832,Novo mesto,0.3430223681652506,1,Huff and ML agree
10119723,Hrastje pri Mirni Peči,Novo mesto,0.18957450360272418,Novo mesto,0.2176750458543726,1,Huff and ML agree
10119731,Hrastulje,Škocjan,0.7053414536388897,Škocjan,0.8321673151857946,1,Huff and ML agree
10119740,Hrib,Novo mesto,0.17735245410889713,Novo mesto,0.280664181411567,1,Huff and ML agree
10119758,Hrib pri Hinjah,Novo mesto,0.07733379122761938,Ljubljana,0.1819005815728783,0,Huff and ML disagree
10119766,Hrib pri Orehku,Novo mesto,0.34433231595134567,Novo mesto,0.6092677010475679,1,Huff and ML agree
10119774,Hrušica,Novo mesto,0.352264011834241,Novo mesto,0.6114019880100174,1,Huff and ML agree
10119782,Hrvaški Brod,Novo mesto,0.1784275463760725,Novo mesto,0.172521728508816,1,Huff and ML agree
10119804,Hudenje,Novo mesto,0.21560539650460098,Novo mesto,0.181682326515682,1,Huff and ML agree
10119812,Hudo,Novo mesto,0.4787191338382209,Novo mesto,0.6444313632113474,1,Huff and ML agree
10119839,Iglenik,Novo mesto,0.1872114571377921,Novo mesto,0.4218440780914692,1,Huff and ML agree
10119847,Imenje,Novo mesto,0.18103637069162598,Šentjernej,0.2805166877834723,0,Huff and ML disagree
10119855,Jablan,Novo mesto,0.31430888737422946,Novo mesto,0.3515110555120227,1,Huff and ML agree
10119863,Jama,Novo mesto,0.44904563648257223,Novo mesto,0.6765331288999606,1,Huff and ML agree
10119871,Jama pri Dvoru,Žužemberk,0.2152326808666513,Žužemberk,0.2767816260808749,1,Huff and ML agree
10119880,Javorovica,Novo mesto,0.14040771920802853,Novo mesto,0.1655019038365145,1,Huff and ML agree
10119898,Jelendol,Novo mesto,0.1355601087857973,Sevnica,0.1279249393214724,0,Huff and ML disagree
10119901,Jelše,Novo mesto,0.17955626889983112,Mirna Peč,0.2164837025951831,0,Huff and ML disagree
10119910,Jelše pri Otočcu,Novo mesto,0.537990704117822,Novo mesto,0.7041601409662418,1,Huff and ML agree
10119928,Jordankal,Novo mesto,0.17829827868399128,Trebnje,0.2213729954931692,0,Huff and ML disagree
10119936,Jugorje,Novo mesto,0.193710593741075,Novo mesto,0.4452593398249556,1,Huff and ML agree
10119944,Jurka vas,Novo mesto,0.44268060789483604,Novo mesto,0.4065699251460465,1,Huff and ML agree
10119952,Jurna vas,Novo mesto,0.31725768454483627,Novo mesto,0.5724248254852381,1,Huff and ML agree
10119979,Klečet,Žužemberk,0.12872518682736367,Ljubljana,0.1973734486350696,0,Huff and ML disagree
10119987,Klenovik,Novo mesto,0.18752595596229266,Novo mesto,0.1546186298633846,1,Huff and ML agree
10119995,Klopce,Novo mesto,0.09242002538204977,Ljubljana,0.1620305961752031,0,Huff and ML disagree
10120004,Kočevske Poljane,Novo mesto,0.21548600515887606,Dolenjske Toplice,0.2576085492711281,0,Huff and ML disagree
10120012,Konec,Novo mesto,0.2275814473253282,Novo mesto,0.4861485335006014,1,Huff and ML agree
10120039,Koroška vas,Novo mesto,0.3447593661309115,Novo mesto,0.60129196225013,1,Huff and ML agree
10120047,Koti,Novo mesto,0.2623370546228688,Novo mesto,0.4496113206955795,1,Huff and ML agree
10120055,Kuzarjev Kal,Novo mesto,0.43270132843898,Novo mesto,0.5710813252943662,1,Huff and ML agree
10120063,Lašče,Novo mesto,0.1484595242155795,Novo mesto,0.138941067232737,1,Huff and ML agree
10120071,Laze,Novo mesto,0.172465947558755,Novo mesto,0.3188652567432978,1,Huff and ML agree
10120080,Lazina,Novo mesto,0.06983721683463631,Ljubljana,0.1796278882123234,0,Huff and ML disagree
10120098,Ledeča vas,Novo mesto,0.18721418268847514,Šentjernej,0.1931967262392667,0,Huff and ML disagree
10120101,Leskovec,Novo mesto,0.2746820523629372,Novo mesto,0.4907004445553787,1,Huff and ML agree
10120110,Lešnica,Novo mesto,0.5764545951488619,Novo mesto,0.7295039947731098,1,Huff and ML agree
10120128,Loka,Novo mesto,0.18123448898145395,Novo mesto,0.294876790825618,1,Huff and ML agree
10120136,Loke,Novo mesto,0.5066391729492596,Novo mesto,0.5957558811285659,1,Huff and ML agree
10120144,Lopata,Novo mesto,0.10324079083110986,Ljubljana,0.1714155437727663,0,Huff and ML disagree
10120152,Loška vas,Dolenjske Toplice,0.22395935982948761,Dolenjske Toplice,0.260755648432143,1,Huff and ML agree
10120179,Lutrško selo,Novo mesto,0.32446718542586095,Novo mesto,0.5161421070623213,1,Huff and ML agree
10120187,Mačkovec pri Dvoru,Žužemberk,0.2647156678590746,Žužemberk,0.3859582280914418,1,Huff and ML agree
10120195,Mačkovec pri Škocjanu,Novo mesto,0.14267960907202185,Škocjan,0.1335566419944499,0,Huff and ML disagree
10120209,Mala Cikava,Novo mesto,0.7589494516312907,Novo mesto,0.9121931822900808,1,Huff and ML agree
10120217,Mala Strmica,Novo mesto,0.18244179920365983,Novo mesto,0.1786145883781562,1,Huff and ML agree
10120225,Male Brusnice,Novo mesto,0.39935341347520104,Novo mesto,0.6013914265812074,1,Huff and ML agree
10120233,Male Poljane,Novo mesto,0.19797959674180382,Novo mesto,0.1775998967788525,1,Huff and ML agree
10120241,Malenska vas,Mirna Peč,0.44286915490653267,Mirna Peč,0.5551363152071518,1,Huff and ML agree
10120250,Mali Ban,Novo mesto,0.17927562841174283,Šentjernej,0.1824470270499974,0,Huff and ML disagree
10120268,Mali Cerovec,Novo mesto,0.25820307083194116,Novo mesto,0.5085367636105202,1,Huff and ML agree
10120276,Mali Kal,Novo mesto,0.2634008598349854,Novo mesto,0.3202085766063178,1,Huff and ML agree
10120284,Mali Lipovec,Novo mesto,0.18749262202046965,Žužemberk,0.1771677178399328,0,Huff and ML disagree
10120292,Mali Orehek,Novo mesto,0.3505907746163083,Novo mesto,0.6114713701680523,1,Huff and ML agree
10120306,Mali Podljuben,Novo mesto,0.352264011834241,Novo mesto,0.5485572101267825,1,Huff and ML agree
10120314,Mali Rigelj,Novo mesto,0.20134040601338046,Novo mesto,0.2350397418054405,1,Huff and ML agree
10120322,Mali Slatnik,Novo mesto,0.671649070625052,Novo mesto,0.8699658407052082,1,Huff and ML agree
10120349,Mali Vrh,Mirna Peč,0.31612860452965924,Mirna Peč,0.3559052768958637,1,Huff and ML agree
10120357,Malo Lipje,Žužemberk,0.12872518682736367,Žužemberk,0.1620688044167666,1,Huff and ML agree
10120365,Meniška vas,Dolenjske Toplice,0.4528435423846277,Dolenjske Toplice,0.5259984787429298,1,Huff and ML agree
10120373,Mihovec,Novo mesto,0.22868629918284722,Novo mesto,0.4827754225561391,1,Huff and ML agree
10120381,Mihovica,Novo mesto,0.1914555853648859,Šentjernej,0.2404800097348186,0,Huff and ML disagree
10120390,Mihovo,Novo mesto,0.20134040601338046,Novo mesto,0.2459971223940235,1,Huff and ML agree
10120403,Mirna Peč,Mirna Peč,0.9995508869122237,Mirna Peč,1.0,1,Huff and ML agree
10120411,Mršeča vas,Novo mesto,0.17066959041237162,Novo mesto,0.1495075107495768,1,Huff and ML agree
10120420,Nova Gora,Novo mesto,0.14757189817889066,Novo mesto,0.1886011978320165,1,Huff and ML agree
10120438,Novo mesto,Novo mesto,1.0,Novo mesto,1.0,1,Huff and ML agree
10120446,Občice,Novo mesto,0.18242754977609763,Novo mesto,0.2057127669598336,1,Huff and ML agree
10120454,Obrh,Dolenjske Toplice,0.2360310477735753,Dolenjske Toplice,0.3249267501969815,1,Huff and ML agree
10120462,Orehovica,Novo mesto,0.18460932591136447,Novo mesto,0.3086324977597161,1,Huff and ML agree
10120489,Orešje,Šmarješke Toplice,0.23968636446313457,Novo mesto,0.2253830806725148,0,Huff and ML disagree
10120497,Orkljevec,Novo mesto,0.2155573624662116,Novo mesto,0.2777460033778203,1,Huff and ML agree
10120519,Osrečje,Novo mesto,0.2050350271433002,Novo mesto,0.2204789173203181,1,Huff and ML agree
10120527,Ostrog,Novo mesto,0.17202617404218506,Novo mesto,0.1466935796072808,1,Huff and ML agree
10120535,Otočec,Novo mesto,0.4740452615078695,Novo mesto,0.6464396374676886,1,Huff and ML agree
10120543,Paha,Novo mesto,0.3155444534022173,Novo mesto,0.5179421867677171,1,Huff and ML agree
10120551,Pangrč Grm,Novo mesto,0.2623370546228688,Novo mesto,0.5009073552258652,1,Huff and ML agree
10120560,Petane,Novo mesto,0.38450884822824777,Novo mesto,0.5766181645943608,1,Huff and ML agree
10120578,Plemberk,Novo mesto,0.4733866449057817,Novo mesto,0.7023952085264046,1,Huff and ML agree
10120586,Pleš,Novo mesto,0.06731113668137133,Ljubljana,0.1925256545812413,0,Huff and ML disagree
10120594,Plešivica,Žužemberk,0.0939138201527282,Ljubljana,0.1935833366804478,0,Huff and ML disagree
10120608,Podgora,Novo mesto,0.4185464509918005,Novo mesto,0.4644452480361858,1,Huff and ML agree
10120616,Podgozd,Žužemberk,0.18418574560359324,Žužemberk,0.2233133981365084,1,Huff and ML agree
10120624,Podgrad,Novo mesto,0.2726702953081112,Novo mesto,0.528033436299738,1,Huff and ML agree
10120632,Podhosta,Dolenjske Toplice,0.34537103929305696,Dolenjske Toplice,0.3839557388998296,1,Huff and ML agree
10120659,Podlipa,Novo mesto,0.1754165136545742,Trebnje,0.1576318708113024,0,Huff and ML disagree
10120667,Podstenice,Novo mesto,0.13655075095808855,Novo mesto,0.1733885391628802,1,Huff and ML agree
10120675,Podturn pri Dol. Toplicah,Dolenjske Toplice,0.443537717809376,Dolenjske Toplice,0.559758643086969,1,Huff and ML agree
10120683,Polhovica,Novo mesto,0.18574234154651845,Novo mesto,0.3748915853924143,1,Huff and ML agree
10120691,Poljane pri Mirni Peči,Trebnje,0.19282969688940163,Trebnje,0.2395136788987767,1,Huff and ML agree
10120705,Poljane pri Žužemberku,Žužemberk,0.20076695201787426,Žužemberk,0.2412889392309233,1,Huff and ML agree
10120713,Potok,Novo mesto,0.47268537669223415,Novo mesto,0.4725258751383578,1,Huff and ML agree
10120721,Potov Vrh,Novo mesto,0.4842934064410084,Novo mesto,0.713033039447382,1,Huff and ML agree
10120730,Prapreče,Žužemberk,0.6719954340778568,Žužemberk,0.8354460035068909,1,Huff and ML agree
10120748,Prapreče pri Straži,Novo mesto,0.35299741976950977,Novo mesto,0.4808885462976608,1,Huff and ML agree
10120756,Prapreče pri Šentjerneju,Novo mesto,0.1895412193563276,Novo mesto,0.3247276016005323,1,Huff and ML agree
10120764,Prečna,Novo mesto,0.5572777314388471,Novo mesto,0.6781510831047832,1,Huff and ML agree
10120772,Prevole,Kočevje,0.05793789966941849,Ljubljana,0.1979369952573267,0,Huff and ML disagree
10120799,Pristava,Novo mesto,0.2634008598349854,Novo mesto,0.5051880447478971,1,Huff and ML agree
10120802,Pristava pri Šentjerneju,Novo mesto,0.18057856078748358,Novo mesto,0.3650300437297741,1,Huff and ML agree
10120829,Pristavica,Novo mesto,0.1783954609308858,Novo mesto,0.2769682848603082,1,Huff and ML agree
10120837,Radovlja,Šmarješke Toplice,0.28084667734837726,Šmarješke Toplice,0.319417163616607,1,Huff and ML agree
10120845,Rajnovšče,Novo mesto,0.5699464453987823,Novo mesto,0.7626454187996072,1,Huff and ML agree
10120853,Rakovnik,Novo mesto,0.1723230712451631,Šentjernej,0.170798345803233,0,Huff and ML disagree
10120861,Rakovnik pri Birčni vasi,Novo mesto,0.48713713173083945,Novo mesto,0.7256692342079865,1,Huff and ML agree
10120870,Ratež,Novo mesto,0.4787191338382209,Novo mesto,0.6929383833081642,1,Huff and ML agree
10120888,Ratje,Kočevje,0.051628417702363115,Ljubljana,0.1995566385962378,0,Huff and ML disagree
10120896,Razdrto,Novo mesto,0.20467909902523773,Šentjernej,0.2838765015356396,0,Huff and ML disagree
10120900,Reber,Žužemberk,0.2993556439548134,Žužemberk,0.4292519889712811,1,Huff and ML agree
10120918,Roje,Novo mesto,0.18986451999296683,Šentjernej,0.1809291500136263,0,Huff and ML disagree
10120926,Ruhna vas,Novo mesto,0.16988539550182197,Novo mesto,0.264316141577401,1,Huff and ML agree
10120934,Rumanja vas,Straža,0.43822484903997627,Straža,0.5157430864607876,1,Huff and ML agree
10120942,Sadinja vas pri Dvoru,Žužemberk,0.2946794948223362,Žužemberk,0.4256569515700665,1,Huff and ML agree
10120969,Segonje,Novo mesto,0.16708464635860085,Škocjan,0.1585515509537108,0,Huff and ML disagree
10120977,Sela,Novo mesto,0.17936787899292794,Novo mesto,0.3126633123205973,1,Huff and ML agree
10120985,Sela pri Ajdovcu,Novo mesto,0.20525130970184974,Novo mesto,0.2275404812657889,1,Huff and ML agree
10120993,Sela pri Dol. Toplicah,Dolenjske Toplice,0.586260861897019,Dolenjske Toplice,0.7321200115327323,1,Huff and ML agree
10121019,Sela pri Hinjah,Novo mesto,0.07700034294357487,Ljubljana,0.1816132549790512,0,Huff and ML disagree
10121027,Sela pri Ratežu,Novo mesto,0.4733866449057817,Novo mesto,0.6677150959290511,1,Huff and ML agree
10121035,Sela pri Šentjerneju,Novo mesto,0.1822451919772845,Šentjernej,0.343985652849557,0,Huff and ML disagree
10121043,Sela pri Štravberku,Novo mesto,0.2662356292287332,Novo mesto,0.446617943556487,1,Huff and ML agree
10121051,Sela pri Zajčjem Vrhu,Novo mesto,0.291213479801914,Novo mesto,0.5485077561222004,1,Huff and ML agree
10121060,Sela pri Zburah,Novo mesto,0.2009446185574336,Novo mesto,0.2653480029857461,1,Huff and ML agree
10121078,Selišče,Dolenjske Toplice,0.3287238210286686,Dolenjske Toplice,0.4125138911697429,1,Huff and ML agree
10121086,Selo pri Zagorici,Novo mesto,0.26934096807005625,Novo mesto,0.3784586287385141,1,Huff and ML agree
10121094,Sevno,Novo mesto,0.5973393612085851,Novo mesto,0.7677300741365278,1,Huff and ML agree
10121108,Smolenja vas,Novo mesto,0.7461672597410076,Novo mesto,0.8990874277339387,1,Huff and ML agree
10121116,Soteska,Novo mesto,0.17368914696589335,Novo mesto,0.2233958436976907,1,Huff and ML agree
10121124,Srebrniče,Novo mesto,0.5919328707183142,Novo mesto,0.7724899717127202,1,Huff and ML agree
10121132,Srednje Grčevje,Novo mesto,0.2716150669129981,Novo mesto,0.4746349264835742,1,Huff and ML agree
10121159,Srednji Globodol,Novo mesto,0.17082844118985516,Novo mesto,0.2546432619481729,1,Huff and ML agree
10121167,Srednji Lipovec,Novo mesto,0.2002177875734894,Novo mesto,0.1688167744135012,1,Huff and ML agree
10121175,Stara Bučka,Novo mesto,0.16670750017732205,Škocjan,0.3023538078512863,0,Huff and ML disagree
10121183,Stare Žage,Novo mesto,0.18462420951896472,Novo mesto,0.2127906588874248,1,Huff and ML agree
10121191,Stavča vas,Žužemberk,0.28646495127750116,Žužemberk,0.419773986821705,1,Huff and ML agree
10121205,Stopiče,Novo mesto,0.5045288544077328,Novo mesto,0.7432621254288518,1,Huff and ML agree
10121213,Stopno,Novo mesto,0.13827023933203306,Škocjan,0.1337566559832723,0,Huff and ML disagree
10121221,Stranje pri Škocjanu,Novo mesto,0.1817124692305839,Novo mesto,0.2464411841687986,1,Huff and ML agree
10121230,Stranska vas,Novo mesto,0.4747970432547778,Novo mesto,0.705489388431872,1,Huff and ML agree
10121248,Strelac,Šmarješke Toplice,0.3409798574327138,Šmarješke Toplice,0.441827322553408,1,Huff and ML agree
10121256,Suhor,Novo mesto,0.46216076781114396,Novo mesto,0.5726452105504924,1,Huff and ML agree
10121264,Suhor pri Dol. Toplicah,Dolenjske Toplice,0.29712688050152414,Dolenjske Toplice,0.349337963220337,1,Huff and ML agree
10121272,Šentjakob,Novo mesto,0.16708464635860085,Novo mesto,0.1481675152774519,1,Huff and ML agree
10121299,Šentjernej,Šentjernej,1.0,Šentjernej,1.0,1,Huff and ML agree
10121302,Šentjošt,Novo mesto,0.4747970432547778,Novo mesto,0.7157859947957282,1,Huff and ML agree
10121329,Šentjurij na Dolenjskem,Novo mesto,0.18025210081523188,Novo mesto,0.2467238888593544,1,Huff and ML agree
10121337,Škocjan,Škocjan,0.9992001284635984,Škocjan,1.0,1,Huff and ML agree
10121345,Škrjanče pri Novem mestu,Novo mesto,0.7569842177450853,Novo mesto,0.9069786808459216,1,Huff and ML agree
10121353,Šmalčja vas,Šentjernej,0.41320266954040913,Šentjernej,0.4750395386927385,1,Huff and ML agree
10121361,Šmarje,Šentjernej,0.41320266954040913,Šentjernej,0.4965567667647053,1,Huff and ML agree
10121370,Šmarješke Toplice,Novo mesto,0.26934096807005625,Novo mesto,0.4441908343021029,1,Huff and ML agree
10121388,Šmarjeta,Šmarješke Toplice,0.9994444059816909,Šmarješke Toplice,1.0,1,Huff and ML agree
10121396,Šmihel pri Žužemberku,Žužemberk,0.1489313752683038,Ljubljana,0.1894710525240777,0,Huff and ML disagree
10121400,Štravberk,Novo mesto,0.193710593741075,Novo mesto,0.4122671344652386,1,Huff and ML agree
10121418,Tolsti Vrh,Novo mesto,0.1828509000295092,Novo mesto,0.3929444697894794,1,Huff and ML agree
10121426,Tomažja vas,Novo mesto,0.20813742348717398,Novo mesto,0.231483536883516,1,Huff and ML agree
10121434,Travni Dol,Novo mesto,0.21560539650460098,Novo mesto,0.2704445470804345,1,Huff and ML agree
10121442,Trebča vas,Žužemberk,0.37569185720387,Žužemberk,0.5674577919882563,1,Huff and ML agree
10121469,Trška Gora,Novo mesto,0.4668696126125406,Novo mesto,0.6355736173438601,1,Huff and ML agree
10121477,Uršna sela,Novo mesto,0.17936787899292794,Novo mesto,0.3718371606807044,1,Huff and ML agree
10121485,Vavta vas,Straža,0.43822484903997627,Straža,0.5410667749472728,1,Huff and ML agree
10121493,Velike Brusnice,Novo mesto,0.31621861955569386,Novo mesto,0.5341924823590997,1,Huff and ML agree
10121507,Velike Poljane,Novo mesto,0.19520654640352364,Novo mesto,0.1771137187207927,1,Huff and ML agree
10121515,Veliki Ban,Novo mesto,0.16821100740256992,Novo mesto,0.1594597362410168,1,Huff and ML agree
10121523,Veliki Cerovec,Novo mesto,0.23111056925554288,Novo mesto,0.490778166891567,1,Huff and ML agree
10121531,Veliki Kal,Mirna Peč,0.22526484238384697,Mirna Peč,0.2896735144786337,1,Huff and ML agree
10121540,Veliki Lipovec,Novo mesto,0.1783954609308858,Novo mesto,0.2512316654668395,1,Huff and ML agree
10121558,Veliki Orehek,Novo mesto,0.3998400284018571,Novo mesto,0.634669911391391,1,Huff and ML agree
10121566,Veliki Podljuben,Novo mesto,0.31440609691714544,Novo mesto,0.5206656112645393,1,Huff and ML agree
10121574,Veliki Rigelj,Novo mesto,0.2089013048511989,Dolenjske Toplice,0.2669785500399143,0,Huff and ML disagree
10121582,Veliki Slatnik,Novo mesto,0.4879444395052023,Novo mesto,0.7191118451660279,1,Huff and ML agree
10121604,Veliko Lipje,Novo mesto,0.13243753979142525,Ljubljana,0.1560598936799169,0,Huff and ML disagree
10121612,Verdun,Novo mesto,0.43154500337417134,Novo mesto,0.6733088680358408,1,Huff and ML agree
10121639,Verdun pri Uršnih selih,Novo mesto,0.1809735381660375,Novo mesto,0.2983172218878761,1,Huff and ML agree
10121647,Vinica pri Šmarjeti,Novo mesto,0.20809042438548261,Novo mesto,0.227131530592097,1,Huff and ML agree
10121655,Vinja vas,Novo mesto,0.27163116931105036,Novo mesto,0.5215080060195327,1,Huff and ML agree
10121663,Vinji Vrh,Novo mesto,0.17479060102734958,Novo mesto,0.2557979463534982,1,Huff and ML agree
10121671,Vinkov Vrh,Žužemberk,0.195434418597387,Žužemberk,0.2323042203271509,1,Huff and ML agree
10121680,Visejec,Novo mesto,0.06520587119048989,Ljubljana,0.2084691957465684,0,Huff and ML disagree
10121698,Volčkova vas,Šentjernej,0.2890789153599938,Šentjernej,0.3889827885808138,1,Huff and ML agree
10121701,Vratno,Novo mesto,0.1868262438221011,Novo mesto,0.1910669777304899,1,Huff and ML agree
10121710,Vrbovce,Novo mesto,0.17458144873478218,Šentjernej,0.2881355466390114,0,Huff and ML disagree
10121728,Vrh pri Hinjah,Novo mesto,0.09109131568908667,Ljubljana,0.1743422211372458,0,Huff and ML disagree
10121736,Vrh pri Križu,Žužemberk,0.17599856394535332,Žužemberk,0.1983386923997802,1,Huff and ML agree
10121744,Vrh pri Ljubnu,Novo mesto,0.45353960874455396,Novo mesto,0.59282160301527,1,Huff and ML agree
10121752,Vrh pri Pahi,Novo mesto,0.31747959520988184,Novo mesto,0.5127097369092494,1,Huff and ML agree
10121779,Vrh pri Šentjerneju,Šentjernej,0.483745977668444,Šentjernej,0.641696190568959,1,Huff and ML agree
10121787,Vrhe,Novo mesto,0.193710593741075,Novo mesto,0.4585664928903653,1,Huff and ML agree
10121795,Vrhovo pri Mirni Peči,Novo mesto,0.22337888618908253,Novo mesto,0.3106176331676174,1,Huff and ML agree
10121809,Vrhovo pri Žužemberku,Žužemberk,0.24539497144830802,Žužemberk,0.3201853699258207,1,Huff and ML agree
10121817,Vrhpeč,Trebnje,0.22562697496331793,Trebnje,0.278523425545038,1,Huff and ML agree
10121825,Zafara,Žužemberk,0.6729261933613163,Žužemberk,0.8668197669544258,1,Huff and ML agree
10121833,Zagrad,Novo mesto,0.17858860530870885,Novo mesto,0.1491169988827765,1,Huff and ML agree
10121841,Zagrad pri Otočcu,Novo mesto,0.3516257093274448,Novo mesto,0.5613381482803876,1,Huff and ML agree
10121850,Zajčji Vrh pri Stopičah,Novo mesto,0.31687672034177994,Novo mesto,0.5667688759602527,1,Huff and ML agree
10121868,Zalisec,Žužemberk,0.26373644250200207,Žužemberk,0.3835612630126681,1,Huff and ML agree
10121876,Zalog,Novo mesto,0.47286603852063946,Novo mesto,0.5682216157418797,1,Huff and ML agree
10121884,Zalog pri Škocjanu,Novo mesto,0.20623653160617914,Škocjan,0.207282616405046,0,Huff and ML disagree
10121892,Zameško,Novo mesto,0.18104544487673968,Novo mesto,0.1549560445825828,1,Huff and ML agree
10121906,Zapuže,Novo mesto,0.18663592928352832,Novo mesto,0.3452773853963649,1,Huff and ML agree
10121914,Zavinek,Škocjan,0.5167665100248587,Škocjan,0.6999271208090556,1,Huff and ML agree
10121922,Zbure,Novo mesto,0.20124807364488909,Novo mesto,0.1831699672829098,1,Huff and ML agree
10121949,Zloganje,Škocjan,0.34766485790461243,Škocjan,0.4284395941853603,1,Huff and ML agree
10121957,Žaloviče,Novo mesto,0.19570147388769762,Novo mesto,0.38423534354199,1,Huff and ML agree
10121965,Ždinja vas,Novo mesto,0.406609065013793,Novo mesto,0.5899386401830627,1,Huff and ML agree
10121973,Žerjavin,Novo mesto,0.2634008598349854,Novo mesto,0.454713020948764,1,Huff and ML agree
10121981,Žihovo selo,Novo mesto,0.5813187777078699,Novo mesto,0.7481252204011977,1,Huff and ML agree
10121990,Žužemberk,Žužemberk,1.0,Žužemberk,1.0,1,Huff and ML agree
10122007,Žvabovo,Šentjernej,0.2789697208561532,Šentjernej,0.3741516253836524,1,Huff and ML agree
10122015,Žvirče,Kočevje,0.06701362791074145,Ljubljana,0.2154919733968057,0,Huff and ML disagree
10122023,Petelinjek,Novo mesto,0.5951744707404402,Novo mesto,0.7812685728088552,1,Huff and ML agree
10122031,Straža,Straža,1.0,Straža,1.0,1,Huff and ML agree
10122040,Križe,Novo mesto,0.4485211493267158,Novo mesto,0.6696184931703973,1,Huff and ML agree
10122058,Bratonečice,Ormož,0.18259935782783923,Ptuj,0.2219590075207785,0,Huff and ML disagree
10122066,Bresnica,Ormož,0.15681082371477006,Ptuj,0.2700563561301697,0,Huff and ML disagree
10122074,Cerovec Stanka Vraza,Ljutomer,0.28094703569164925,Ljutomer,0.3378412951861922,1,Huff and ML agree
10122082,Cvetkovci,Ormož,0.25590451773542783,Ormož,0.2496745705885939,1,Huff and ML agree
10122104,Dobrava,Ormož,0.7417358417297883,Ormož,0.7983315154781353,1,Huff and ML agree
10122112,Dobrovščak,Ormož,0.360069411680766,Ormož,0.4800370110178304,1,Huff and ML agree
10122139,Drakšl,Ormož,0.41133473352383165,Ormož,0.5251787017783096,1,Huff and ML agree
10122147,Frankovci,Ormož,0.38971304505902205,Ormož,0.566406775038278,1,Huff and ML agree
10122155,Godeninci,Ormož,0.13570725091905853,Središče ob Dravi,0.1589145884605548,0,Huff and ML disagree
10122163,Gomila pri Kogu,Ljutomer,0.20045560763805859,Ljutomer,0.294734563914871,1,Huff and ML agree
10122171,Gornji Ključarovci,Ormož,0.23554109997875458,Ormož,0.2379467526447944,1,Huff and ML agree
10122180,Grabe,Središče ob Dravi,0.35180142622382937,Središče ob Dravi,0.4547234776883201,1,Huff and ML agree
10122198,Gradišče,Sveti Tomaž,0.2802115696232732,Ptuj,0.1774363312446749,0,Huff and ML disagree
10122201,Hajndl,Ormož,0.7160470923729687,Ormož,0.72447478938403,1,Huff and ML agree
10122210,Hardek,Ormož,0.7921567999044068,Ormož,0.8415772756254416,1,Huff and ML agree
10122228,Hermanci,Ljutomer,0.28368526784972464,Ljutomer,0.3829099079608022,1,Huff and ML agree
10122236,Hranjigovci,Ormož,0.20441585377014387,Ormož,0.2073265900815919,1,Huff and ML agree
10122244,Hujbar,Ljutomer,0.18618177625191545,Ljutomer,0.2143400220570978,1,Huff and ML agree
10122252,Hum pri Ormožu,Ormož,0.4376426978424777,Ormož,0.599273203627409,1,Huff and ML agree
10122279,Ivanjkovci,Ormož,0.2594337771523693,Ormož,0.2880589529297583,1,Huff and ML agree
10122287,Jastrebci,Ormož,0.15681082371477006,Ormož,0.1817277687442516,1,Huff and ML agree
10122295,Kajžar,Ormož,0.19924533915931814,Ljutomer,0.2291875285379834,0,Huff and ML disagree
10122309,Kog,Ljutomer,0.16966938820290733,Ljutomer,0.2274150659223466,1,Huff and ML agree
10122317,Koračice,Sveti Tomaž,0.2055625746258359,Ptuj,0.1550184202512277,0,Huff and ML disagree
10122325,Krčevina,Ormož,0.2867570649850875,Ormož,0.4004227103752849,1,Huff and ML agree
10122333,Lačaves,Ormož,0.13970527179895467,Ljutomer,0.1761474244427449,0,Huff and ML disagree
10122341,Lahonci,Ormož,0.18266088180685158,Ormož,0.1766044611166818,1,Huff and ML agree
10122350,Lešnica,Ormož,0.5509454569211043,Ormož,0.6363706733822776,1,Huff and ML agree
10122368,Lešniški Vrh,Ormož,0.441814857921473,Ormož,0.5830425515000907,1,Huff and ML agree
10122376,Libanja,Ormož,0.3716652716500426,Ormož,0.4997970757738875,1,Huff and ML agree
10122384,Litmerk,Ormož,0.5486540303556813,Ormož,0.6357568342329745,1,Huff and ML agree
10122392,Loperšice,Ormož,0.426395443617673,Ormož,0.586912978893093,1,Huff and ML agree
10122406,Lunovec,Ormož,0.2945469620598648,Ormož,0.3772385734235343,1,Huff and ML agree
10122414,Mala vas pri Ormožu,Sveti Tomaž,0.3590647419575739,Ptuj,0.165024975453941,0,Huff and ML disagree
10122422,Mali Brebrovnik,Ormož,0.2328899610056127,Ormož,0.2797661113990509,1,Huff and ML agree
10122449,Mezgovci,Ptuj,0.15980329690109474,Ptuj,0.1898478571071574,1,Huff and ML agree
10122457,Mihalovci,Ormož,0.29259353476054895,Ormož,0.3817138709909087,1,Huff and ML agree
10122465,Mihovci pri Vel. Nedelji,Ormož,0.5741865145138005,Ormož,0.6521956467003168,1,Huff and ML agree
10122473,Miklavž pri Ormožu,Ormož,0.23513792539741282,Ormož,0.2501785262865659,1,Huff and ML agree
10122481,Obrež,Ormož,0.2562838989656104,Ormož,0.2952694277333698,1,Huff and ML agree
10122490,Ormož,Ormož,0.9990783985568847,Ormož,1.0,1,Huff and ML agree
10122503,Osluševci,Ormož,0.2361388007201712,Ptuj,0.2595172953483874,0,Huff and ML disagree
10122511,Pavlovci,Ormož,0.7403758515301518,Ormož,0.8005042930967705,1,Huff and ML agree
10122520,Pavlovski Vrh,Ormož,0.3332151365988476,Ormož,0.4455989008599393,1,Huff and ML agree
10122538,Podgorci,Ormož,0.2350221833441095,Ptuj,0.2433182427467059,0,Huff and ML disagree
10122546,Preclava,Ormož,0.1646244200069511,Ptuj,0.2618276279056601,0,Huff and ML disagree
10122554,Pršetinci,Ormož,0.15967824637381212,Ormož,0.1490213834274446,1,Huff and ML agree
10122562,Pušenci,Ormož,0.6435635407796461,Ormož,0.7311330815790172,1,Huff and ML agree
10122589,Rakovci,Ptuj,0.15096270834008085,Ptuj,0.1789993313360403,1,Huff and ML agree
10122597,Ritmerk,Ormož,0.16688831347447877,Ptuj,0.2529953116417704,0,Huff and ML disagree
10122619,Rucmanci,Ptuj,0.1740106239928281,Ptuj,0.2075893757370225,1,Huff and ML agree
10122627,Runeč,Ormož,0.28173513619804563,Ormož,0.3547251054556433,1,Huff and ML agree
10122635,Savci,Ptuj,0.1714572467110929,Ptuj,0.2230694538034709,1,Huff and ML agree
10122643,Sejanci,Ormož,0.18733692588397247,Ptuj,0.1958981762742141,0,Huff and ML disagree
10122651,Senčak,Juršinci,0.15867032561847993,Juršinci,0.2433117338221453,1,Huff and ML agree
10122660,Senešci,Ormož,0.3703744714200859,Ormož,0.4216532860651976,1,Huff and ML agree
10122678,Senik,Ormož,0.23286668488028409,Ormož,0.2544090932351006,1,Huff and ML agree
10122686,Sodinci,Ormož,0.2942966933713147,Ormož,0.3276139681294429,1,Huff and ML agree
10122694,Spodnji Ključarovci,Ormož,0.2867570649850875,Ormož,0.3470798718713617,1,Huff and ML agree
10122708,Središče ob Dravi,Središče ob Dravi,0.9897548294580899,Središče ob Dravi,1.0,1,Huff and ML agree
10122716,Stanovno,Ormož,0.2880419563018662,Ormož,0.3733444686363784,1,Huff and ML agree
10122724,Strezetina,Ormož,0.29259353476054895,Ormož,0.381601402833524,1,Huff and ML agree
10122732,Strjanci,Ormož,0.18334443020725164,Ptuj,0.2362573779931904,0,Huff and ML disagree
10122759,Strmec pri Ormožu,Ormož,0.5430114174902951,Ormož,0.6232593455415683,1,Huff and ML agree
10122767,Šalovci,Ormož,0.2545378641265476,Ormož,0.3280266200080639,1,Huff and ML agree
10122775,Šardinje,Ormož,0.3716652716500426,Ormož,0.4665121933579456,1,Huff and ML agree
10122783,Sveti Tomaž,Sveti Tomaž,0.9909265683623346,Sveti Tomaž,1.0,1,Huff and ML agree
10122791,Trgovišče,Ormož,0.4379932403638233,Ormož,0.5071780271462281,1,Huff and ML agree
10122805,Trnovci,Ptuj,0.14527070756671956,Ptuj,0.1819269965904177,1,Huff and ML agree
10122813,Veličane,Ljutomer,0.23864592851961836,Ljutomer,0.2800083209847287,1,Huff and ML agree
10122821,Velika Nedelja,Ormož,0.5365751762596616,Ormož,0.6040983934048539,1,Huff and ML agree
10122830,Veliki Brebrovnik,Ormož,0.26263861649563114,Ormož,0.347707276177889,1,Huff and ML agree
10122848,Vičanci,Ormož,0.25961858340900734,Ormož,0.2758558085072551,1,Huff and ML agree
10122856,Vinski Vrh,Ormož,0.23741928185406916,Ormož,0.2893100125062708,1,Huff and ML agree
10122864,Vitan,Ormož,0.1697242550504915,Ormož,0.2152807064100406,1,Huff and ML agree
10122872,Vodranci,Ormož,0.16422137323781147,Ormož,0.188556249019669,1,Huff and ML agree
10122899,Vuzmetinci,Ljutomer,0.1995269685794521,Ljutomer,0.2730739359221164,1,Huff and ML agree
10122902,Zagorje,Sveti Tomaž,0.2055625746258359,Ptuj,0.1925317686724289,0,Huff and ML disagree
10122929,Zasavci,Ormož,0.20104754062144553,Ormož,0.2370619691364829,1,Huff and ML agree
10122937,Žerovinci,Ljutomer,0.25936946739830186,Ljutomer,0.3084818820434749,1,Huff and ML agree
10122945,Žvab,Ormož,0.23741928185406916,Ormož,0.273546193077136,1,Huff and ML agree
10122953,Dragonja,Koper,0.24735485440214172,Koper,0.4109625889735626,1,Huff and ML agree
10122961,Lucija,Piran,0.605804956683354,Piran,0.6448767186236302,1,Huff and ML agree
10122970,Nova vas nad Dragonjo,Koper,0.3429708461058404,Koper,0.5649819015201752,1,Huff and ML agree
10122988,Padna,Koper,0.3209187000421834,Koper,0.4849855559623109,1,Huff and ML agree
10122996,Parecag,Koper,0.27042172708563617,Piran,0.3301899372954892,0,Huff and ML disagree
10123003,Piran,Piran,0.9978745398136226,Piran,1.0,1,Huff and ML agree
10123011,Portorož,Piran,0.7055223206938315,Piran,0.8882810540066042,1,Huff and ML agree
10123020,Sv. Peter,Koper,0.2805660514270609,Koper,0.4906658428008804,1,Huff and ML agree
10123038,Seča,Piran,0.3319354903052767,Piran,0.4767505271107498,1,Huff and ML agree
10123046,Sečovlje,Piran,0.2312595097880922,Piran,0.3905136411160298,1,Huff and ML agree
10123054,Strunjan,Piran,0.3479068971186059,Piran,0.3684064384205801,1,Huff and ML agree
10123062,Belsko,Postojna,0.34807872502472414,Postojna,0.5175046129033192,1,Huff and ML agree
10123089,Brezje pod Nanosom,Postojna,0.18857541933929525,Postojna,0.3394299033628426,1,Huff and ML agree
10123097,Buje,Ilirska Bistrica,0.05910488244979403,Sežana,0.1342105502345302,0,Huff and ML disagree
10123119,Bukovje,Postojna,0.29246317297163493,Postojna,0.4389580741571887,1,Huff and ML agree
10123127,Čepno,Sežana,0.05136897020324456,Postojna,0.1383378821305123,0,Huff and ML disagree
10123135,Šmihel,Pivka,0.20918263910727325,Pivka,0.3133564691260811,1,Huff and ML agree
10123143,Dolnja Košana,Pivka,0.0838029639928753,Postojna,0.1559211710096272,0,Huff and ML disagree
10123151,Drskovče,Pivka,0.20308772035626294,Pivka,0.291391152185876,1,Huff and ML agree
10123160,Gorenje,Postojna,0.28009866637657505,Postojna,0.4358472918348845,1,Huff and ML agree
10123178,Goriče,Postojna,0.34554148501715654,Postojna,0.5356566829031001,1,Huff and ML agree
10123186,Gornja Košana,Pivka,0.07132051746706174,Postojna,0.1486638374025046,0,Huff and ML disagree
10123194,Gradec,Pivka,0.35121401163995214,Pivka,0.4216458463521464,1,Huff and ML agree
10123208,Grobišče,Postojna,0.6097353141288145,Postojna,0.7224875923376878,1,Huff and ML agree
10123216,Hrašče,Postojna,0.5810151649323717,Postojna,0.6816731426367573,1,Huff and ML agree
10123224,Hrenovice,Postojna,0.417558898064152,Postojna,0.6132201346731306,1,Huff and ML agree
10123232,Hruševje,Postojna,0.32659989212902507,Postojna,0.4550849748082159,1,Huff and ML agree
10123259,Juršče,Ilirska Bistrica,0.06109086443160549,Postojna,0.1681503419405796,0,Huff and ML disagree
10123267,Kal,Pivka,0.21259666392743504,Pivka,0.3214824932442983,1,Huff and ML agree
10123275,Klenik,Pivka,0.3560061338394563,Pivka,0.469357859357172,1,Huff and ML agree
10123283,Koče,Postojna,0.3473911078117519,Postojna,0.4922730047374589,1,Huff and ML agree
10123291,Landol,Postojna,0.2822717086707041,Postojna,0.4174986665033784,1,Huff and ML agree
10123305,Liplje,Postojna,0.25420369189223296,Postojna,0.2728255883697565,1,Huff and ML agree
10123313,Mala Brda,Postojna,0.1945091114464881,Postojna,0.3516836058853324,1,Huff and ML agree
10123321,Mala Pristava,Pivka,0.11287659602968671,Pivka,0.1736943907463967,1,Huff and ML agree
10123330,Mali Otok,Postojna,0.6512950252705015,Postojna,0.7655964054341138,1,Huff and ML agree
10123348,Malo Ubeljsko,Postojna,0.1523875734310571,Postojna,0.296868303783719,1,Huff and ML agree
10123356,Matenja vas,Postojna,0.5926110074619416,Postojna,0.7013050027673321,1,Huff and ML agree
10123364,Nadanje selo,Pivka,0.13134506519456987,Pivka,0.2263899150693818,1,Huff and ML agree
10123372,Narin,Pivka,0.11960873498392298,Pivka,0.2023620138530446,1,Huff and ML agree
10123399,Neverke,Pivka,0.10869889942045184,Postojna,0.1645018646710401,0,Huff and ML disagree
10123402,Nova Sušica,Pivka,0.09811636706687363,Postojna,0.16069254364227,0,Huff and ML disagree
10123429,Orehek,Postojna,0.34473810816159206,Postojna,0.5521454149898376,1,Huff and ML agree
10123437,Palčje,Pivka,0.11410552816203644,Postojna,0.1849753530298473,0,Huff and ML disagree
10123445,Parje,Pivka,0.28753819638143996,Pivka,0.3887915127459451,1,Huff and ML agree
10123453,Petelinje,Pivka,0.5880935863522464,Pivka,0.7726593095425656,1,Huff and ML agree
10123461,Pivka,Pivka,0.9989322853061059,Pivka,1.0,1,Huff and ML agree
10123470,Planina,Postojna,0.3274738660325327,Postojna,0.3564176003377378,1,Huff and ML agree
10123488,Postojna,Postojna,0.9980006001593916,Postojna,1.0,1,Huff and ML agree
10123496,Predjama,Postojna,0.24068968297028626,Postojna,0.3835402580733283,1,Huff and ML agree
10123500,Prestranek,Postojna,0.4012660124484452,Postojna,0.5561354994392883,1,Huff and ML agree
10123518,Rakitnik,Postojna,0.655035763595675,Postojna,0.7573431735890445,1,Huff and ML agree
10123526,Rakulik,Postojna,0.15487923038577445,Postojna,0.3307222196939393,1,Huff and ML agree
10123534,Razdrto,Postojna,0.15321355704709355,Postojna,0.2534969151309584,1,Huff and ML agree
10123542,Sajevče,Postojna,0.21416245598676184,Postojna,0.3743755430703039,1,Huff and ML agree
10123569,Selce,Pivka,0.35121401163995214,Pivka,0.3851845555166898,1,Huff and ML agree
10123577,Slavina,Postojna,0.3235845688311924,Postojna,0.4054570187064197,1,Huff and ML agree
10123585,Slavinje,Postojna,0.28149724317398706,Postojna,0.4083243618074887,1,Huff and ML agree
10123593,Slovenska vas,Pivka,0.29112409735134115,Pivka,0.3713286735976964,1,Huff and ML agree
10123607,Stara Sušica,Pivka,0.07818095637220718,Postojna,0.1574695675133564,0,Huff and ML disagree
10123615,Stara vas,Postojna,0.8527686129570032,Postojna,0.9293216252812244,1,Huff and ML agree
10123623,Strane,Postojna,0.12809781039449164,Postojna,0.2528375004107174,1,Huff and ML agree
10123631,Strmca,Postojna,0.3172705221928809,Postojna,0.4092518900331904,1,Huff and ML agree
10123640,Studenec,Postojna,0.3980118296878421,Postojna,0.5673339224655145,1,Huff and ML agree
10123658,Studeno,Postojna,0.32533018498172206,Postojna,0.4262457874319847,1,Huff and ML agree
10123666,Suhorje,Ilirska Bistrica,0.061182831835193706,Sežana,0.1254471491547926,0,Huff and ML disagree
10123674,Šmihel pod Nanosom,Postojna,0.19178708062840183,Postojna,0.357896962021958,1,Huff and ML agree
10123682,Šilentabor,Ilirska Bistrica,0.12480904940341697,Postojna,0.1675646334060726,0,Huff and ML disagree
10123704,Trnje,Pivka,0.3560061338394563,Pivka,0.4709744455090303,1,Huff and ML agree
10123712,Velika Brda,Postojna,0.27033802742057256,Postojna,0.407827513868039,1,Huff and ML agree
10123739,Velika Pristava,Pivka,0.28702084939591005,Pivka,0.3896026522180444,1,Huff and ML agree
10123747,Veliki Otok,Postojna,0.8527686129570032,Postojna,0.9312441147267104,1,Huff and ML agree
10123755,Veliko Ubeljsko,Postojna,0.15030952560136254,Postojna,0.2709506892863328,1,Huff and ML agree
10123763,Volče,Postojna,0.04750210202137334,Postojna,0.1272527056674486,1,Huff and ML agree
10123771,Zagon,Postojna,0.6267174636996381,Postojna,0.7538337286241095,1,Huff and ML agree
10123780,Zagorje,Ilirska Bistrica,0.1705309554097658,Pivka,0.1775144999412028,0,Huff and ML disagree
10123801,Žeje,Postojna,0.329888495247489,Postojna,0.5337388155174074,1,Huff and ML agree
10123810,Apače,Ptuj,0.2159434462294423,Ptuj,0.3838097003907054,1,Huff and ML agree
10123828,Barislovci,Ptuj,0.30135378328414314,Ptuj,0.5320418700616666,1,Huff and ML agree
10123836,Belavšek,Ptuj,0.1285415675502321,Ptuj,0.3576971352661011,1,Huff and ML agree
10123844,Belski Vrh,Ptuj,0.1254982009663895,Ptuj,0.3539378502194273,1,Huff and ML agree
10123852,Berinjak,Ptuj,0.14031519619246505,Ptuj,0.342959272348799,1,Huff and ML agree
10123879,Biš,Maribor,0.16945970221832227,Ptuj,0.226681626921395,0,Huff and ML disagree
10123887,Bišečki Vrh,Trnovska vas,0.2063825193563527,Ptuj,0.2372047894914466,0,Huff and ML disagree
10123895,Bodkovci,Juršinci,0.42953504264600256,Juršinci,0.4557024836319808,1,Huff and ML agree
10123909,Bolečka vas,Ptuj,0.16571418369294075,Ptuj,0.4059709110608059,1,Huff and ML agree
10123917,Borovci,Dornava,0.5530273112282924,Dornava,0.3946784775020498,1,Huff and ML agree
10123925,Bratislavci,Juršinci,0.15613670477126404,Ptuj,0.2426598153723519,0,Huff and ML disagree
10123933,Breg,Majšperk,0.5229146529840061,Majšperk,0.539833572155139,1,Huff and ML agree
10123941,Brezovci,Ptuj,0.15059113479163286,Ptuj,0.310390171138847,1,Huff and ML agree
10123950,Brezovec,Ptuj,0.14486961865872927,Ptuj,0.3326253797416034,1,Huff and ML agree
10123968,Bukovci,Markovci,0.3734466771981657,Ptuj,0.3972627941865346,0,Huff and ML disagree
10123976,Cirkovce,Maribor,0.23583429983266235,Ptuj,0.2780838186002325,0,Huff and ML disagree
10123984,Cirkulane,Cirkulane,0.9821532954847843,Cirkulane,1.0,1,Huff and ML agree
10123992,Cunkovci,Dornava,0.21471276672283893,Ptuj,0.3785360133490953,0,Huff and ML disagree
10124000,Čermožiše,Ptuj,0.12232714423847568,Ptuj,0.1766867682285671,1,Huff and ML agree
10124018,Črmlja,Maribor,0.25198556891693863,Ptuj,0.2165992413789597,0,Huff and ML disagree
10124026,Desenci,Ptuj,0.18867085006885492,Ptuj,0.4014068830003394,1,Huff and ML agree
10124034,Destrnik,Destrnik,0.2032443848193459,Ptuj,0.3995422516577177,0,Huff and ML disagree
10124042,Dežno pri Podlehniku,Podlehnik,0.16278083766843401,Ptuj,0.3758201757291743,0,Huff and ML disagree
10124069,Dobrina,Žetale,0.19446368811060744,Ptuj,0.233183517521141,0,Huff and ML disagree
10124077,Doklece,Majšperk,0.15855087863630643,Ptuj,0.3371617789205636,0,Huff and ML disagree
10124085,Dolane,Ptuj,0.1442398542146592,Ptuj,0.374232497972235,1,Huff and ML agree
10124093,Dolena,Ptuj,0.1232059094908049,Ptuj,0.3412883846612262,1,Huff and ML agree
10124107,Dolič,Ptuj,0.23649188656293096,Ptuj,0.5025255376795464,1,Huff and ML agree
10124115,Dornava,Dornava,0.9983449355378365,Dornava,1.0,1,Huff and ML agree
10124123,Dragonja vas,Maribor,0.1763214321158264,Ptuj,0.2754861423284408,0,Huff and ML disagree
10124131,Dragovič,Juršinci,0.7003402566658289,Juršinci,0.7240728926843701,1,Huff and ML agree
10124140,Dravci,Ptuj,0.1478581189152385,Ptuj,0.4128998828194969,1,Huff and ML agree
10124158,Dravinjski Vrh,Ptuj,0.20544004397007423,Ptuj,0.4149316063209592,1,Huff and ML agree
10124166,Draženci,Ptuj,0.5210849840136846,Ptuj,0.5734112205536073,1,Huff and ML agree
10124174,Drbetinci,Sveti Andraž v Slov. goricah,0.3603461966576036,Sveti Andraž v Slov. goricah,0.2614546593910873,1,Huff and ML agree
10124182,Drenovec,Ptuj,0.13879675815076273,Ptuj,0.300391831340135,1,Huff and ML agree
10124204,Drstelja,Ptuj,0.3018700772205808,Ptuj,0.5564095845889953,1,Huff and ML agree
10124212,Formin,Ormož,0.1798899219226081,Ptuj,0.2779234602213251,0,Huff and ML disagree
10124239,Gabrnik,Juršinci,0.5189477652377583,Juršinci,0.4896845549888757,1,Huff and ML agree
10124247,Gajevci,Gorišnica,0.23393424777559427,Ptuj,0.27701916553855,0,Huff and ML disagree
10124255,Gerečja vas,Ptuj,0.48782236117051275,Ptuj,0.4807768418816536,1,Huff and ML agree
10124263,Gibina,Ptuj,0.1731682899473763,Ptuj,0.1818206095751083,1,Huff and ML agree
10124271,Gomila,Maribor,0.3098555176160441,Ptuj,0.3374143737595449,0,Huff and ML disagree
10124280,Gomilci,Ptuj,0.1979458154721119,Ptuj,0.4183804841625414,1,Huff and ML agree
10124298,Gorca,Podlehnik,0.2655040901804138,Ptuj,0.3548447957545468,0,Huff and ML disagree
10124301,Gorenjski Vrh,Ptuj,0.13939569306314376,Ptuj,0.33835939147209,1,Huff and ML agree
10124310,Goričak,Ptuj,0.15953068382830587,Ptuj,0.3080344415618504,1,Huff and ML agree
10124328,Gorišnica,Gorišnica,0.9935304434821025,Gorišnica,1.0,1,Huff and ML agree
10124336,Gradišča,Ptuj,0.1167981925786178,Ptuj,0.3480862892469358,1,Huff and ML agree
10124344,Gradiščak,Juršinci,0.403465648763708,Juršinci,0.3574964156382125,1,Huff and ML agree
10124352,Gradišče,Ptuj,0.16421538069024014,Ptuj,0.3131760359863886,1,Huff and ML agree
10124379,Grajena,Ptuj,0.5192241493882763,Ptuj,0.7414090378183036,1,Huff and ML agree
10124387,Grajenščak,Maribor,0.27552445041513013,Ptuj,0.5322005831698776,0,Huff and ML disagree
10124395,Grdina,Rogaška Slatina,0.2196830455196653,Ptuj,0.1690675618082088,0,Huff and ML disagree
10124409,Grlinci,Juršinci,0.27203949230181323,Juršinci,0.3220240764114622,1,Huff and ML agree
10124417,Gruškovec,Ptuj,0.1740106239928281,Ptuj,0.3229359198750854,1,Huff and ML agree
10124425,Hajdoše,Ptuj,0.5218102185368321,Ptuj,0.6390009104997356,1,Huff and ML agree
10124433,Hlaponci,Juršinci,0.4259800997547605,Juršinci,0.3609380153849533,1,Huff and ML agree
10124441,Hrastovec,Ptuj,0.13260588394979292,Ptuj,0.3473040097932096,1,Huff and ML agree
10124450,Hvaletinci,Juršinci,0.1424083968349849,Ptuj,0.1941848995151839,0,Huff and ML disagree
10124468,Jablovec,Ptuj,0.1249947429112482,Ptuj,0.3583936648356223,1,Huff and ML agree
10124476,Janežovci,Ptuj,0.3831871894861459,Ptuj,0.6077636253350827,1,Huff and ML agree
10124484,Janežovski Vrh,Ptuj,0.25091861184138453,Ptuj,0.5202928677609001,1,Huff and ML agree
10124492,Janški Vrh,Ptuj,0.13084909997929936,Ptuj,0.3270073873525143,1,Huff and ML agree
10124506,Jelovice,Ptuj,0.15932045944517992,Ptuj,0.2266464116601074,1,Huff and ML agree
10124514,Jiršovci,Maribor,0.25527301062166124,Ptuj,0.3638972582169283,0,Huff and ML disagree
10124522,Jurovci,Ptuj,0.266311493177359,Ptuj,0.4881201791828242,1,Huff and ML agree
10124549,Juršinci,Juršinci,0.9982553887529028,Juršinci,1.0,1,Huff and ML agree
10124557,Kicar,Ptuj,0.5047453691420343,Ptuj,0.7072498524118773,1,Huff and ML agree
10124565,Kidričevo,Kidričevo,0.997939092151855,Kidričevo,1.0,1,Huff and ML agree
10124573,Kočice,Ptuj,0.17307876571442118,Ptuj,0.2683605741372836,1,Huff and ML agree
10124581,Korenjak,Ptuj,0.1735337083334005,Ptuj,0.3158832811668853,1,Huff and ML agree
10124590,Koritno,Majšperk,0.29929810946402374,Majšperk,0.2345797706552827,1,Huff and ML agree
10124603,Kozminci,Ptuj,0.13891863762569798,Ptuj,0.3228577321913646,1,Huff and ML agree
10124611,Krčevina pri Vurbergu,Maribor,0.302274421179274,Ptuj,0.4606294976218432,0,Huff and ML disagree
10124620,Kukava,Juršinci,0.4316068105868422,Juršinci,0.3657752443295324,1,Huff and ML agree
10124638,Kungota pri Ptuju,Maribor,0.27083529167677056,Ptuj,0.3434522278234116,0,Huff and ML disagree
10124646,Lancova vas,Ptuj,0.3502302746989961,Ptuj,0.5327730364422042,1,Huff and ML agree
10124654,Lasigovci,Ormož,0.15286751961628287,Ptuj,0.2900173804720812,0,Huff and ML disagree
10124662,Lešje,Majšperk,0.4763341257517248,Majšperk,0.4735276709290988,1,Huff and ML agree
10124689,Levanjci,Ptuj,0.20949321917989291,Ptuj,0.4496209565149774,1,Huff and ML agree
10124697,Ljubstava,Ptuj,0.1698114295938728,Ptuj,0.4186178681219925,1,Huff and ML agree
10124719,Ločič,Maribor,0.177745140632536,Ptuj,0.3064649476885722,0,Huff and ML disagree
10124727,Ločki Vrh,Destrnik,0.2344203604662611,Ptuj,0.3071089783427196,0,Huff and ML disagree
10124735,Lovrenc na Dravskem polju,Ptuj,0.20289412983559652,Ptuj,0.3634488789831869,1,Huff and ML agree
10124743,Ložina,Ptuj,0.1432003059966824,Ptuj,0.2824447862233056,1,Huff and ML agree
10124751,Majski Vrh,Ptuj,0.1766759766629671,Ptuj,0.407883212042482,1,Huff and ML agree
10124760,Majšperk,Majšperk,0.9932604858511078,Majšperk,1.0,1,Huff and ML agree
10124778,Mala Varnica,Ptuj,0.14529441222748096,Ptuj,0.3377533901091228,1,Huff and ML agree
10124786,Mala vas,Ptuj,0.15550499507620594,Ptuj,0.3318728605138226,1,Huff and ML agree
10124794,Mali Okič,Ptuj,0.13484819719715493,Ptuj,0.3465940928033104,1,Huff and ML agree
10124808,Markovci,Markovci,0.9983767663056023,Markovci,1.0,1,Huff and ML agree
10124816,Medribnik,Cirkulane,0.22755498003854113,Ptuj,0.3128547577548053,0,Huff and ML disagree
10124824,Medvedce,Majšperk,0.21299072643904626,Ptuj,0.2130750520136943,0,Huff and ML disagree
10124832,Meje,Ptuj,0.15980329690109474,Ptuj,0.3076030051687696,1,Huff and ML agree
10124859,Mestni Vrh,Ptuj,0.6797016585907198,Ptuj,0.8738164707140136,1,Huff and ML agree
10124867,Mezgovci ob Pesnici,Dornava,0.6420368168753895,Dornava,0.5758582693733365,1,Huff and ML agree
10124875,Mihovce,Maribor,0.17615604926294395,Ptuj,0.285773281780109,0,Huff and ML disagree
10124883,Mostje,Juršinci,0.2467991594215076,Ptuj,0.3926885037040939,0,Huff and ML disagree
10124891,Moškanjci,Dornava,0.22022385403308375,Ptuj,0.3302944339396059,0,Huff and ML disagree
10124905,Muretinci,Ptuj,0.169818216904587,Ptuj,0.378272485176693,1,Huff and ML agree
10124913,Nadole,Ptuj,0.1526869911932487,Ptuj,0.2002293251735183,1,Huff and ML agree
10124921,Naraplje,Majšperk,0.222222244392432,Ptuj,0.232696588730579,0,Huff and ML disagree
10124930,Njiverce,Kidričevo,0.9180385500727778,Kidričevo,0.8809818926627243,1,Huff and ML agree
10124948,Nova vas pri Markovcih,Markovci,0.4988183833927264,Markovci,0.413979311626081,1,Huff and ML agree
10124956,Pacinje,Ptuj,0.3831871894861459,Ptuj,0.4880746425533843,1,Huff and ML agree
10124964,Paradiž,Ptuj,0.17476633296843386,Ptuj,0.3188860467549239,1,Huff and ML agree
10124972,Pestike,Ptuj,0.14502021537671836,Ptuj,0.3307363736912517,1,Huff and ML agree
10124999,Placar,Ptuj,0.507570699797754,Ptuj,0.6931955499082776,1,Huff and ML agree
10125006,Placerovci,Ormož,0.1712217181841474,Ptuj,0.2824788524442547,0,Huff and ML disagree
10125014,Planjsko,Ptuj,0.17476633296843386,Ptuj,0.2357186748856233,1,Huff and ML agree
10125022,Pleterje,Maribor,0.16462816618042203,Ptuj,0.3174540206815849,0,Huff and ML disagree
10125049,Pobrežje,Ptuj,0.5426564602268787,Ptuj,0.6825595429570217,1,Huff and ML agree
10125057,Podlehnik,Podlehnik,0.982282328439352,Podlehnik,1.0,1,Huff and ML agree
10125065,Podlože,Majšperk,0.4395406458758331,Majšperk,0.3921889273542424,1,Huff and ML agree
10125073,Podvinci,Ptuj,0.6138468979543797,Ptuj,0.7499377325013321,1,Huff and ML agree
10125081,Pohorje,Ptuj,0.1738083182828788,Ptuj,0.2963725545262962,1,Huff and ML agree
10125090,Polenci,Ormož,0.13624360883607955,Ptuj,0.2578955162069469,0,Huff and ML disagree
10125103,Polenšak,Juršinci,0.21707379834009138,Juršinci,0.253952878996894,1,Huff and ML agree
10125111,Pongrce,Maribor,0.26582739713211967,Ptuj,0.236994265861672,0,Huff and ML disagree
10125120,Popovci,Ptuj,0.1999695573393582,Ptuj,0.4613526702509552,1,Huff and ML agree
10125138,Prerad,Ormož,0.14628243040244604,Ptuj,0.2961345288135352,0,Huff and ML disagree
10125146,Preša,Majšperk,0.32060859535128733,Majšperk,0.2921938771298591,1,Huff and ML agree
10125154,Pristava,Cirkulane,0.30453286610605645,Ptuj,0.3080084054358838,0,Huff and ML disagree
10125162,Prvenci,Markovci,0.3764502728747292,Ptuj,0.3552676812331877,0,Huff and ML disagree
10125189,Ptuj,Ptuj,0.9961485735700956,Ptuj,1.0,1,Huff and ML agree
10125197,Ptujska Gora,Majšperk,0.27643026619698796,Ptuj,0.2836631817930856,0,Huff and ML disagree
10125219,Repišče,Ptuj,0.13544454016494337,Ptuj,0.3948273818556235,1,Huff and ML agree
10125227,Rjavci,Ptuj,0.16967320213814088,Ptuj,0.1777450851933499,1,Huff and ML agree
10125235,Rodni Vrh,Ptuj,0.12203669613459932,Ptuj,0.3480083946375358,1,Huff and ML agree
10125243,Rotman,Juršinci,0.8216326203561145,Juršinci,0.8035082102465059,1,Huff and ML agree
10125251,Sakušak,Juršinci,0.26112413881272084,Juršinci,0.3511861844386252,1,Huff and ML agree
10125260,Sedlašek,Ptuj,0.12294248980715608,Ptuj,0.3514078563895839,1,Huff and ML agree
10125278,Sela,Ptuj,0.34185746838408315,Ptuj,0.5351342413010047,1,Huff and ML agree
10125286,Senčak pri Juršincih,Juršinci,0.2169160067644084,Juršinci,0.288641925018529,1,Huff and ML agree
10125294,Sestrže,Maribor,0.17635294257070944,Ptuj,0.1936298369000915,0,Huff and ML disagree
10125308,Sitež,Ptuj,0.1733285133036355,Ptuj,0.2294809690161452,1,Huff and ML agree
10125316,Skorba,Ptuj,0.6517129807518423,Ptuj,0.6498565938203262,1,Huff and ML agree
10125324,Skorišnjak,Ptuj,0.17116387942350497,Ptuj,0.3262127007560808,1,Huff and ML agree
10125332,Skrblje,Majšperk,0.4294422872897749,Majšperk,0.4405675086415546,1,Huff and ML agree
10125359,Slape,Majšperk,0.24306852695307207,Ptuj,0.2639243940053305,0,Huff and ML disagree
10125367,Slatina,Ptuj,0.17231490587515388,Ptuj,0.2968838812456396,1,Huff and ML agree
10125375,Slavšina,Ptuj,0.17597834434694076,Ptuj,0.1723801889402004,1,Huff and ML agree
10125383,Slomi,Ptuj,0.14710489381990163,Ptuj,0.3259703758215216,1,Huff and ML agree
10125391,Slovenja vas,Ptuj,0.3805308702620007,Ptuj,0.5063648707192793,1,Huff and ML agree
10125405,Sobetinci,Markovci,0.21855070914079974,Ptuj,0.361324501479704,0,Huff and ML disagree
10125413,Soviče,Ptuj,0.14811575270973568,Ptuj,0.4167481829136395,1,Huff and ML agree
10125421,Sovjak,Maribor,0.23088036162165293,Ptuj,0.2113538426302472,0,Huff and ML disagree
10125430,Spodnja Hajdina,Ptuj,0.6810771932433188,Ptuj,0.6278955151822152,1,Huff and ML agree
10125448,Spodnje Jablane,Maribor,0.23461636018790416,Ptuj,0.2565795361040907,0,Huff and ML disagree
10125456,Spodnji Leskovec,Ptuj,0.1263445107032507,Ptuj,0.3804131118152699,1,Huff and ML agree
10125464,Spodnji Velovlek,Ptuj,0.37280436829317815,Ptuj,0.5618347618738286,1,Huff and ML agree
10125472,Spuhlja,Ptuj,0.6597079953525364,Ptuj,0.744818190207534,1,Huff and ML agree
10125499,Stanečka vas,Majšperk,0.6002487364982153,Majšperk,0.6068969914794605,1,Huff and ML agree
10125502,Stanošina,Podlehnik,0.2655040901804138,Ptuj,0.3334337883646207,0,Huff and ML disagree
10125529,Starošince,Maribor,0.3074479844930982,Ptuj,0.2462712665909981,0,Huff and ML disagree
10125537,Stogovci,Majšperk,0.383180829927037,Majšperk,0.373197187308268,1,Huff and ML agree
10125545,Stojnci,Markovci,0.20498381654291462,Ptuj,0.4098035519964,0,Huff and ML disagree
10125553,Stoperce,Rogaška Slatina,0.21872998568674723,Rogaška Slatina,0.1648682871600485,1,Huff and ML agree
10125561,Strajna,Ptuj,0.14116980894795794,Ptuj,0.3197404667191943,1,Huff and ML agree
10125570,Stražgonjca,Maribor,0.2652435307815358,Ptuj,0.2042020879302291,0,Huff and ML disagree
10125588,Strejaci,Dornava,0.23635762485969408,Ptuj,0.339439402763573,0,Huff and ML disagree
10125596,Strelci,Dornava,0.2902998586493183,Ptuj,0.3766507527242135,0,Huff and ML disagree
10125600,Strmec pri Destrniku,Maribor,0.25527301062166124,Ptuj,0.3283751271707625,0,Huff and ML disagree
10125618,Strmec pri Leskovcu,Ptuj,0.1209810647584831,Ptuj,0.3486230754052501,1,Huff and ML agree
10125626,Strmec pri Polenšaku,Ptuj,0.14951864250578425,Ptuj,0.3285989266053034,1,Huff and ML agree
10125634,Svetinci,Ptuj,0.20368842155461678,Ptuj,0.3947191077003554,1,Huff and ML agree
10125642,Šikole,Maribor,0.2652534876983415,Ptuj,0.2223129997748777,0,Huff and ML disagree
10125669,Šturmovci,Ptuj,0.294595184171988,Ptuj,0.4526323973011572,1,Huff and ML agree
10125677,Tibolci,Ptuj,0.13861395067944196,Ptuj,0.318341635244487,1,Huff and ML agree
10125685,Trdobojci,Ptuj,0.14170964160439792,Ptuj,0.3357651426864362,1,Huff and ML agree
10125693,Trnovec,Ptuj,0.27852210375386677,Ptuj,0.4810696097289191,1,Huff and ML agree
10125707,Trnovska vas,Trnovska vas,0.9912188190128048,Trnovska vas,1.0,1,Huff and ML agree
10125715,Trnovski Vrh,Trnovska vas,0.24979903965309463,Ptuj,0.2524653901360977,0,Huff and ML disagree
10125723,Tržec,Ptuj,0.3047361003636282,Ptuj,0.4719730130153846,1,Huff and ML agree
10125731,Turški Vrh,Ptuj,0.1724853095039878,Ptuj,0.3190679210705958,1,Huff and ML agree
10125740,Vareja,Ptuj,0.17254444653834036,Ptuj,0.4333965627706445,1,Huff and ML agree
10125758,Velika Varnica,Ptuj,0.1730944217595109,Ptuj,0.3167819260788653,1,Huff and ML agree
10125766,Veliki Okič,Ptuj,0.14259089941671535,Ptuj,0.3482353829896668,1,Huff and ML agree
10125774,Veliki Vrh,Ptuj,0.11523539655740313,Ptuj,0.3627499247186204,1,Huff and ML agree
10125782,Videm pri Ptuju,Videm,0.9919856328505635,Videm,1.0,1,Huff and ML agree
10125804,Vintarovci,Destrnik,0.9961899177235359,Destrnik,1.0,1,Huff and ML agree
10125812,Vitomarci,Sveti Andraž v Slov. goricah,0.9874534362183991,Sveti Andraž v Slov. goricah,1.0,1,Huff and ML agree
10125839,Zabovci,Markovci,0.7932881624125302,Markovci,0.4982620962785641,1,Huff and ML agree
10125847,Zagojiči,Ptuj,0.19783237614479074,Ptuj,0.3558474344148395,1,Huff and ML agree
10125855,Zagorci,Juršinci,0.34468747912943853,Juršinci,0.3695583155035429,1,Huff and ML agree
10125863,Zakl,Podlehnik,0.26284325502115125,Ptuj,0.3427882884518994,0,Huff and ML disagree
10125871,Zamušani,Gorišnica,0.4353685124181391,Gorišnica,0.3745357630313136,1,Huff and ML agree
10125880,Zasadi,Destrnik,0.30060371581776596,Ptuj,0.3333634659381312,0,Huff and ML disagree
10125898,Zavrč,Zavrč,0.9972057036890601,Zavrč,1.0,1,Huff and ML agree
10125901,Zgornja Hajdina,Hajdina,0.9883801310701423,Hajdina,1.0,1,Huff and ML agree
10125910,Zgornja Pristava,Ptuj,0.1705791000777706,Ptuj,0.4212371882166827,1,Huff and ML agree
10125928,Zgornje Jablane,Maribor,0.2539793656148646,Ptuj,0.2468824792897854,0,Huff and ML disagree
10125936,Zgornji Leskovec,Ptuj,0.1233266769003737,Ptuj,0.3630109098978573,1,Huff and ML agree
10125944,Zgornji Velovlek,Ptuj,0.26659906155983437,Ptuj,0.5126932288695346,1,Huff and ML agree
10125952,Žamenci,Dornava,0.3530499371543636,Ptuj,0.3383270494534713,0,Huff and ML disagree
10125979,Žetale,Žetale,0.9927684892354747,Žetale,1.0,1,Huff and ML agree
10125987,Župečja vas,Ptuj,0.19086557832763898,Ptuj,0.3465017304385616,1,Huff and ML agree
10125995,Dol pri Stopercah,Ptuj,0.14447821635338481,Ptuj,0.198499033807669,1,Huff and ML agree
10126002,Kupčinji Vrh,Rogaška Slatina,0.1659417730654622,Ptuj,0.1583473078163969,0,Huff and ML disagree
10126029,Novinci,Ptuj,0.17595714753984645,Ptuj,0.1709297650516262,1,Huff and ML agree
10126037,Spodnja Sveča,Majšperk,0.2738310826629126,Majšperk,0.2103235139426746,1,Huff and ML agree
10126045,Spodnje Gruškovje,Podlehnik,0.25871632284354495,Ptuj,0.3354049514019923,0,Huff and ML disagree
10126053,Strnišče,Kidričevo,0.45605870810856175,Kidričevo,0.4289387907823424,1,Huff and ML agree
10126061,Zgornja Sveča,Rogaška Slatina,0.1659417730654622,Ptuj,0.1846698470869631,0,Huff and ML disagree
10126070,Zgornje Gruškovje,Ptuj,0.13260588394979292,Ptuj,0.3422655131838291,1,Huff and ML agree
10126088,Spodnji Gaj pri Pragerskem,Maribor,0.26448243919044406,Maribor,0.1867990947353783,1,Huff and ML agree
10126096,Sv. Jernej nad Muto,Muta,0.09178624512057418,Muta,0.1322024839960205,1,Huff and ML agree
10126100,Brezni Vrh,Podvelka,0.21715593735342317,Podvelka,0.1911506130015456,1,Huff and ML agree
10126118,Brezno,Podvelka,0.7315769883101051,Podvelka,0.8813464625141769,1,Huff and ML agree
10126126,Sv. Trije Kralji,Muta,0.16668589434136918,Radlje ob Dravi,0.220362585485227,0,Huff and ML disagree
10126134,Dobrava,Radlje ob Dravi,0.6017113016699596,Radlje ob Dravi,0.8129551700460445,1,Huff and ML agree
10126142,Dravče,Muta,0.27122810778568995,Muta,0.2728770422733667,1,Huff and ML agree
10126169,Gortina,Muta,0.38489228692047434,Muta,0.3582135104426848,1,Huff and ML agree
10126177,Hudi Kot,Ribnica na Pohorju,0.12239764485153709,Maribor,0.1740843732651066,0,Huff and ML disagree
10126185,Janževski Vrh,Podvelka,0.10962811961316905,Maribor,0.2245995274251271,0,Huff and ML disagree
10126193,Javnik,Podvelka,0.24778237125804192,Maribor,0.2437996510882577,0,Huff and ML disagree
10126207,Josipdol,Ribnica na Pohorju,0.1753832308627487,Maribor,0.1923588156319038,0,Huff and ML disagree
10126215,Kozji Vrh,Radlje ob Dravi,0.12344931233997641,Radlje ob Dravi,0.2210750491673674,1,Huff and ML agree
10126223,Lehen na Pohorju,Podvelka,0.24534311500821843,Maribor,0.2157085399984779,0,Huff and ML disagree
10126231,Mlake,Muta,0.04965244408480001,Maribor,0.1062753265165381,0,Huff and ML disagree
10126240,Muta,Muta,0.9925461358354585,Muta,1.0,1,Huff and ML agree
10126266,Ožbalt,Maribor,0.18135852649689363,Maribor,0.2924160198080464,1,Huff and ML agree
10126274,Pernice,Muta,0.21968864047441844,Muta,0.2406263486755429,1,Huff and ML agree
10126282,Sv. Anton na Pohorju,Radlje ob Dravi,0.1162281737060052,Radlje ob Dravi,0.2014894570195544,1,Huff and ML agree
10126304,Sv. Primož nad Muto,Muta,0.22635874942832943,Muta,0.2278542171819323,1,Huff and ML agree
10126312,Podvelka,Podvelka,0.9962235691991204,Podvelka,1.0,1,Huff and ML agree
10126339,Radelca,Radlje ob Dravi,0.10614423218874411,Radlje ob Dravi,0.1772206973572957,1,Huff and ML agree
10126347,Radlje ob Dravi,Radlje ob Dravi,0.993072259141607,Radlje ob Dravi,1.0,1,Huff and ML agree
10126355,Rdeči Breg - del,Maribor,0.08711350308232553,Maribor,0.2399337953761517,1,Huff and ML agree
10126363,Remšnik,Podvelka,0.14770106422506968,Radlje ob Dravi,0.1936130485929992,0,Huff and ML disagree
10126371,Ribnica na Pohorju,Ribnica na Pohorju,0.992540936119909,Ribnica na Pohorju,1.0,1,Huff and ML agree
10126380,Spodnja Kapla,Maribor,0.10497495387489193,Maribor,0.2829852023295624,1,Huff and ML agree
10126398,Spodnja Vižinga,Radlje ob Dravi,0.5131489172250735,Radlje ob Dravi,0.6879455153955054,1,Huff and ML agree
10126401,Št. Janž pri Radljah,Radlje ob Dravi,0.22192053803573786,Radlje ob Dravi,0.3742038146617635,1,Huff and ML agree
10126410,Sv. Primož na Pohorju,Muta,0.11723265834581648,Muta,0.1581752374672687,1,Huff and ML agree
10126428,Sv. Vid,Muta,0.38489228692047434,Muta,0.3467641199748275,1,Huff and ML agree
10126436,Šentjanž nad Dravčami,Muta,0.26518456509458105,Muta,0.2778989489551369,1,Huff and ML agree
10126444,Vas,Radlje ob Dravi,0.1729299522496631,Radlje ob Dravi,0.2872431330520973,1,Huff and ML agree
10126452,Vuhred,Radlje ob Dravi,0.3594233446714394,Radlje ob Dravi,0.4833178876413838,1,Huff and ML agree
10126479,Vurmat - del,Maribor,0.21147018676985635,Maribor,0.3142455385517355,1,Huff and ML agree
10126487,Vuzenica,Vuzenica,0.9949981089599141,Vuzenica,1.0,1,Huff and ML agree
10126495,Zgornja Kapla,Maribor,0.1010098656661779,Maribor,0.2503794835726524,1,Huff and ML agree
10126509,Zgornja Vižinga,Radlje ob Dravi,0.5155710472400257,Radlje ob Dravi,0.5926617222759022,1,Huff and ML agree
10126517,Begunje na Gorenjskem,Radovljica,0.6189418843315272,Radovljica,0.5001403671569291,1,Huff and ML agree
10126525,Bitnje,Bohinj,0.8274858136173211,Bohinj,0.907711415375364,1,Huff and ML agree
10126533,Bled,Bled,0.9940796008095554,Bled,1.0,1,Huff and ML agree
10126541,Bodešče,Bled,0.5848147997822288,Bled,0.5104437453520762,1,Huff and ML agree
10126550,Bohinjska Bela,Bled,0.34617204734518203,Bled,0.2872237317268852,1,Huff and ML agree
10126568,Bohinjska Bistrica,Bohinj,0.9938334357820646,Bohinj,1.0,1,Huff and ML agree
10126576,Bohinjska Češnjica,Bohinj,0.5674898758618268,Bohinj,0.6191531587797636,1,Huff and ML agree
10126584,Brda,Radovljica,0.6269943513881204,Radovljica,0.5878531401344737,1,Huff and ML agree
10126592,Brezje,Radovljica,0.541071755997105,Radovljica,0.3839481391857963,1,Huff and ML agree
10126606,Brezovica,Radovljica,0.3736020696741811,Radovljica,0.2845367191245544,1,Huff and ML agree
10126614,Brod,Bohinj,0.7263537712071719,Bohinj,0.8707477567750156,1,Huff and ML agree
10126622,Češnjica pri Kropi,Radovljica,0.27203277068896814,Kranj,0.2384307254951417,0,Huff and ML disagree
10126649,Črnivec,Radovljica,0.6814760842542978,Radovljica,0.5657206188053905,1,Huff and ML agree
10126657,Dobravica,Radovljica,0.26750625372538844,Kranj,0.2277415080804206,0,Huff and ML disagree
10126665,Dobro Polje,Radovljica,0.6172644023785125,Radovljica,0.4555201192203056,1,Huff and ML agree
10126673,Dvorska vas,Radovljica,0.7152757560221121,Radovljica,0.624763752541154,1,Huff and ML agree
10126681,Globoko,Radovljica,0.6297492865327137,Radovljica,0.5250188835736759,1,Huff and ML agree
10126690,Goreljek,Bohinj,0.16041048570963448,Bohinj,0.1752551395797331,1,Huff and ML agree
10126703,Gorica,Radovljica,0.8160851061040121,Radovljica,0.7612783730956973,1,Huff and ML agree
10126711,Gorjuše,Bohinj,0.1427662951593235,Bohinj,0.1712871447381842,1,Huff and ML agree
10126720,Grabče,Gorje,0.5615889798402969,Gorje,0.5541630957412681,1,Huff and ML agree
10126738,Hlebce,Radovljica,0.7146048678589628,Radovljica,0.5918925492673449,1,Huff and ML agree
10126746,Hraše,Radovljica,0.7296716583761982,Radovljica,0.5815510069380314,1,Huff and ML agree
10126754,Jereka,Bohinj,0.6363612901797541,Bohinj,0.736530595426856,1,Huff and ML agree
10126762,Kamna Gorica,Radovljica,0.5648655934434705,Radovljica,0.4581512312227652,1,Huff and ML agree
10126789,Kamnje,Bohinj,0.6547405814641606,Bohinj,0.7735395581156036,1,Huff and ML agree
10126797,Koprivnik v Bohinju,Bohinj,0.20904142395479317,Bohinj,0.2745077346497219,1,Huff and ML agree
10126819,Koritno,Bled,0.7750131367104406,Bled,0.6819068177162069,1,Huff and ML agree
10126827,Krnica,Gorje,0.39430563301922233,Gorje,0.3043720453839544,1,Huff and ML agree
10126835,Kropa,Radovljica,0.3114141167807308,Radovljica,0.2572391739431556,1,Huff and ML agree
10126843,Kupljenik,Bled,0.22518741986885932,Bled,0.2466389642573274,1,Huff and ML agree
10126851,Lancovo,Radovljica,0.8197077192968014,Radovljica,0.8213005582796558,1,Huff and ML agree
10126860,Lepence,Bohinj,0.6804350962274023,Bohinj,0.8013019598643312,1,Huff and ML agree
10126878,Lesce,Radovljica,0.7870307719383931,Radovljica,0.6225512522129709,1,Huff and ML agree
10126886,Lipnica,Radovljica,0.3820235274293365,Radovljica,0.2770915715087522,1,Huff and ML agree
10126894,Ljubno,Radovljica,0.42135400104636156,Radovljica,0.2678787409022967,1,Huff and ML agree
10126908,Mevkuž,Gorje,0.6197050635768888,Gorje,0.6749114981021299,1,Huff and ML agree
10126916,Mišače,Radovljica,0.5648253745464147,Radovljica,0.420963564319018,1,Huff and ML agree
10126924,Mlaka,Radovljica,0.28582482416544314,Radovljica,0.2161222164628292,1,Huff and ML agree
10126932,Mošnje,Radovljica,0.6518423520080462,Radovljica,0.5545952347052346,1,Huff and ML agree
10126959,Nemški Rovt,Bohinj,0.5861541092427196,Bohinj,0.6689284157943095,1,Huff and ML agree
10126967,Nomenj,Bohinj,0.45801454864023683,Bohinj,0.4143394561507467,1,Huff and ML agree
10126975,Noše,Radovljica,0.5965441916125704,Radovljica,0.4391323453969499,1,Huff and ML agree
10126983,Nova vas pri Lescah,Radovljica,0.8317116563693878,Radovljica,0.8012108682295016,1,Huff and ML agree
10126991,Obrne,Radovljica,0.20681373969409622,Bled,0.2213653377495991,0,Huff and ML disagree
10127009,Otoče,Radovljica,0.41504046632691816,Radovljica,0.2759077695552794,1,Huff and ML agree
10127017,Ovsiše,Radovljica,0.27019435197490305,Kranj,0.2647251895004954,0,Huff and ML disagree
10127025,Peračica,Radovljica,0.3896796367440465,Radovljica,0.2782441617533315,1,Huff and ML agree
10127033,Perniki,Radovljica,0.1453073032621922,Jesenice,0.1644341840155335,0,Huff and ML disagree
10127041,Podhom,Bled,0.5444631295590431,Bled,0.4506807928148368,1,Huff and ML agree
10127050,Podjelje,Bohinj,0.30969439314886676,Bohinj,0.3840609358049517,1,Huff and ML agree
10127068,Podnart,Radovljica,0.2832692982188645,Kranj,0.2641316999184813,0,Huff and ML disagree
10127076,Poljče,Radovljica,0.6269943513881204,Radovljica,0.5156992001347421,1,Huff and ML agree
10127084,Polje,Bohinj,0.5731343551985644,Bohinj,0.6724983377686887,1,Huff and ML agree
10127092,Poljšica pri Gorjah,Gorje,0.5554976096330048,Gorje,0.4623232421275067,1,Huff and ML agree
10127106,Poljšica pri Podnartu,Kranj,0.2327241190291878,Kranj,0.2529660340760818,1,Huff and ML agree
10127114,Posavec,Radovljica,0.4152187755448574,Radovljica,0.2654724442503552,1,Huff and ML agree
10127122,Praproše,Radovljica,0.3801243667057265,Radovljica,0.234786530885881,1,Huff and ML agree
10127149,Prezrenje,Radovljica,0.2893212741192771,Kranj,0.2410458436222957,0,Huff and ML disagree
10127157,Radovljica,Radovljica,0.9975149454528798,Radovljica,1.0,1,Huff and ML agree
10127165,Radovna,Jesenice,0.06388860713171576,Ljubljana,0.1490858977565698,0,Huff and ML disagree
10127173,Ravne v Bohinju,Bohinj,0.623386212236383,Bohinj,0.7373833657683906,1,Huff and ML agree
10127181,Ravnica,Radovljica,0.6350272488686743,Radovljica,0.6169561213685638,1,Huff and ML agree
10127190,Ribčev Laz,Bohinj,0.4331987885670812,Bohinj,0.4727682612118199,1,Huff and ML agree
10127203,Ribno,Bled,0.6620868273301589,Bled,0.6564067879769138,1,Huff and ML agree
10127211,Rovte,Kranj,0.2621816896792782,Kranj,0.2792902302742329,1,Huff and ML agree
10127220,Savica,Bohinj,0.6973236666390799,Bohinj,0.8282336979022866,1,Huff and ML agree
10127238,Selo pri Bledu,Bled,0.6620868273301589,Bled,0.6716747156550761,1,Huff and ML agree
10127246,Slamniki,Jesenice,0.08288712990833154,Ljubljana,0.1480637007349965,0,Huff and ML disagree
10127254,Slatna,Radovljica,0.3889767504452876,Radovljica,0.3045090419777469,1,Huff and ML agree
10127262,Spodnja Dobrava,Radovljica,0.3899315357717322,Radovljica,0.2718087255274743,1,Huff and ML agree
10127289,Spodnja Lipnica,Radovljica,0.6970793088649944,Radovljica,0.6458263278308092,1,Huff and ML agree
10127297,Spodnje Gorje,Bled,0.5424278939664251,Gorje,0.3321633262228683,0,Huff and ML disagree
10127319,Spodnje Laze,Radovljica,0.21326161920478448,Bled,0.196081095143705,0,Huff and ML disagree
10127327,Spodnji Otok,Radovljica,0.7141429951712124,Radovljica,0.625225408636693,1,Huff and ML agree
10127335,Srednja Dobrava,Radovljica,0.45257933390014604,Radovljica,0.3343553957705552,1,Huff and ML agree
10127343,Srednja vas,Radovljica,0.3249292498528543,Radovljica,0.2502625500563414,1,Huff and ML agree
10127351,Srednja vas v Bohinju,Bohinj,0.4557653985579162,Bohinj,0.4799008134079589,1,Huff and ML agree
10127360,Stara Fužina,Bohinj,0.23605954534172433,Bohinj,0.3458193924637522,1,Huff and ML agree
10127378,Studenčice,Radovljica,0.6297492865327137,Radovljica,0.4801952108630033,1,Huff and ML agree
10127386,Studor v Bohinju,Bohinj,0.31060833985558267,Bohinj,0.4062370763376807,1,Huff and ML agree
10127394,Ukanc,Bohinj,0.1600272972931497,Bohinj,0.234507857172406,1,Huff and ML agree
10127408,Višelnica,Gorje,0.8611623692509116,Gorje,0.7141530510632045,1,Huff and ML agree
10127416,Vošče,Radovljica,0.6189418843315272,Radovljica,0.570749386697638,1,Huff and ML agree
10127424,Vrbnje,Radovljica,0.8384100473706738,Radovljica,0.842893811897733,1,Huff and ML agree
10127432,Zadnja vas,Radovljica,0.31063723416385824,Radovljica,0.2302321094458937,1,Huff and ML agree
10127459,Zaloše,Radovljica,0.31895852768737853,Kranj,0.2256307655834504,0,Huff and ML disagree
10127467,Zapuže,Radovljica,0.7755950456313662,Radovljica,0.6861961114040763,1,Huff and ML agree
10127475,Zasip,Bled,0.5438469957166081,Bled,0.4875135172267498,1,Huff and ML agree
10127483,Zgornja Dobrava,Radovljica,0.4567565148485084,Radovljica,0.3609283938471585,1,Huff and ML agree
10127491,Zgornja Lipnica,Radovljica,0.6842728481822641,Radovljica,0.6290226046325647,1,Huff and ML agree
10127505,Zgornje Gorje,Gorje,0.9963694704643004,Gorje,1.0,1,Huff and ML agree
10127513,Zgornji Otok,Radovljica,0.7296716583761982,Radovljica,0.6405489071896402,1,Huff and ML agree
10127521,Zgoša,Radovljica,0.6935888788977488,Radovljica,0.5963725541160134,1,Huff and ML agree
10127530,Žlan,Bohinj,0.534417061320043,Bohinj,0.6062971691278289,1,Huff and ML agree
10127548,Zgornje Laze,Bled,0.34543454580589206,Bled,0.2363951712888819,1,Huff and ML agree
10127556,Laški Rovt,Bohinj,0.5367118094407811,Bohinj,0.6157641017274225,1,Huff and ML agree
10127564,Belšak,Ravne na Koroškem,0.06408604180552539,Ravne na Koroškem,0.1194370841899966,1,Huff and ML agree
10127572,Bistra,Črna na Koroškem,0.07062929991209652,Črna na Koroškem,0.1695333169803601,1,Huff and ML agree
10127599,Brdinje,Slovenj Gradec,0.2749116198565574,Ravne na Koroškem,0.4078462413149709,0,Huff and ML disagree
10127602,Breg,Mežica,0.12633077347066332,Mežica,0.1648799169203851,1,Huff and ML agree
10127629,Breznica,Prevalje,0.33418897376291967,Prevalje,0.3756896508331789,1,Huff and ML agree
10127637,Črna na Koroškem,Črna na Koroškem,0.9878719413852317,Črna na Koroškem,1.0,1,Huff and ML agree
10127653,Dobrije,Slovenj Gradec,0.10216719674601758,Slovenj Gradec,0.2557141533094478,1,Huff and ML agree
10127661,Dolga Brda,Ravne na Koroškem,0.07992455372340362,Ravne na Koroškem,0.1262500551332459,1,Huff and ML agree
10127670,Javorje,Velenje,0.05856491540564024,Črna na Koroškem,0.1065765151481112,0,Huff and ML disagree
10127688,Jazbina,Velenje,0.06096451112897349,Velenje,0.0895536143932365,1,Huff and ML agree
10127696,Koprivna,Črna na Koroškem,0.04249936341463392,Ljubljana,0.1341951399084371,0,Huff and ML disagree
10127700,Koroški Selovec,Slovenj Gradec,0.13251028905126258,Slovenj Gradec,0.2769922055697615,1,Huff and ML agree
10127718,Kot pri Prevaljah,Ravne na Koroškem,0.12996143337457022,Ravne na Koroškem,0.2243820493371229,1,Huff and ML agree
10127726,Kotlje,Ravne na Koroškem,0.31199590807039335,Ravne na Koroškem,0.4877654737109565,1,Huff and ML agree
10127734,Leše,Ravne na Koroškem,0.06876582685300389,Ravne na Koroškem,0.1299545555709161,1,Huff and ML agree
10127742,Lokovica,Prevalje,0.10979436638024573,Prevalje,0.1511207002098032,1,Huff and ML agree
10127769,Lom,Mežica,0.07198385731509896,Mežica,0.0992177204954849,1,Huff and ML agree
10127777,Ludranski Vrh,Črna na Koroškem,0.05308530572732692,Črna na Koroškem,0.1282364185843688,1,Huff and ML agree
10127785,Mežica,Mežica,0.9874195717158716,Mežica,1.0,1,Huff and ML agree
10127793,Navrški Vrh,Ravne na Koroškem,0.2564630217972262,Ravne na Koroškem,0.4863879749590575,1,Huff and ML agree
10127807,Onkraj Meže,Mežica,0.29003639085646893,Mežica,0.4354651999451158,1,Huff and ML agree
10127815,Plat,Ravne na Koroškem,0.02710144872165656,Ljubljana,0.0871236605115015,0,Huff and ML disagree
10127823,Podgora,Ravne na Koroškem,0.213467381090853,Ravne na Koroškem,0.4201718056594853,1,Huff and ML agree
10127831,Podkraj,Ravne na Koroškem,0.30089606984322176,Ravne na Koroškem,0.5260991473872214,1,Huff and ML agree
10127840,Podkraj pri Mežici,Mežica,0.26916151803516525,Mežica,0.366332402615907,1,Huff and ML agree
10127858,Podpeca,Črna na Koroškem,0.1475422055675379,Črna na Koroškem,0.2410874652884064,1,Huff and ML agree
10127866,Poljana,Prevalje,0.23089015394609702,Prevalje,0.2746529081948665,1,Huff and ML agree
10127874,Preški Vrh,Ravne na Koroškem,0.18958783414429564,Ravne na Koroškem,0.4033649894623136,1,Huff and ML agree
10127882,Prevalje,Prevalje,0.9912133139745444,Prevalje,1.0,1,Huff and ML agree
10127904,Ravne na Koroškem,Ravne na Koroškem,0.9949244640720061,Ravne na Koroškem,1.0,1,Huff and ML agree
10127912,Sele - del,Slovenj Gradec,0.31438667538179577,Slovenj Gradec,0.360110553817518,1,Huff and ML agree
10127939,Stražišče,Ravne na Koroškem,0.5825229761007679,Ravne na Koroškem,0.7605512398225561,1,Huff and ML agree
10127947,Strojna,Ravne na Koroškem,0.05399160546124678,Ravne na Koroškem,0.1156549325063674,1,Huff and ML agree
10127955,Suhi Vrh,Ravne na Koroškem,0.09913414385882495,Ravne na Koroškem,0.1867128475087115,1,Huff and ML agree
10127963,Šentanel,Ravne na Koroškem,0.09492785469110843,Ravne na Koroškem,0.1465063338485992,1,Huff and ML agree
10127971,Tolsti Vrh p. R. na K. - del,Ravne na Koroškem,0.1994674376971998,Ravne na Koroškem,0.4585311085888743,1,Huff and ML agree
10127980,Topla,Črna na Koroškem,0.048788433006878344,Ljubljana,0.1152187598010954,0,Huff and ML disagree
10127998,Uršlja Gora,Ravne na Koroškem,0.12725490307426912,Ravne na Koroškem,0.2077124414641786,1,Huff and ML agree
10128005,Zagrad,Ravne na Koroškem,0.08789104807820473,Ravne na Koroškem,0.169626229252376,1,Huff and ML agree
10128013,Zelen Breg,Ravne na Koroškem,0.1381870445313098,Ravne na Koroškem,0.2408426881939291,1,Huff and ML agree
10128021,Jamnica,Ravne na Koroškem,0.04805010394046915,Ravne na Koroškem,0.1015515509203195,1,Huff and ML agree
10128030,Žerjav,Črna na Koroškem,0.41975875098865023,Črna na Koroškem,0.4496985313593186,1,Huff and ML agree
10128048,Andol,Sodražica,0.15267281971377,Ljubljana,0.2408566868200687,0,Huff and ML disagree
10128056,Betonovo,Loški Potok,0.05092921148822241,Ljubljana,0.2084571870490206,0,Huff and ML disagree
10128064,Blate,Ribnica,0.35379647269399944,Ribnica,0.3646530771938742,1,Huff and ML agree
10128072,Breg pri Ribnici na Dol.,Ribnica,0.7451598828961111,Ribnica,0.8085685906103068,1,Huff and ML agree
10128099,Breže,Ribnica,0.5234102666473985,Ribnica,0.5437223765266227,1,Huff and ML agree
10128102,Brinovščica,Sodražica,0.16621094603134712,Ljubljana,0.2241287927329847,0,Huff and ML disagree
10128129,Brlog - del,Ljubljana,0.06641167599423538,Ljubljana,0.3070090887439459,1,Huff and ML agree
10128137,Bukovec pri Poljanah,Ribnica,0.11335873926288526,Ljubljana,0.2680043316017813,0,Huff and ML disagree
10128145,Bukovica,Ribnica,0.6866839136217172,Ribnica,0.752114945004237,1,Huff and ML agree
10128153,Črnec,Sodražica,0.11225740223904503,Ljubljana,0.2448106684863104,0,Huff and ML disagree
10128161,Črni Potok pri Vel. Laščah,Ljubljana,0.05602428759484692,Ljubljana,0.3029386883316725,1,Huff and ML agree
10128170,Dane,Ribnica,0.49396872035190725,Ribnica,0.5428569654170226,1,Huff and ML agree
10128188,Dolenja vas,Ribnica,0.47426963268873584,Ribnica,0.4963105054203098,1,Huff and ML agree
10128196,Dolenje Podpoljane,Ribnica,0.11790554338920975,Ljubljana,0.2731717636616789,0,Huff and ML disagree
10128200,Dolenji Lazi,Ribnica,0.6249868357760376,Ribnica,0.691354326581765,1,Huff and ML agree
10128218,Dule,Ribnica,0.16866777591381243,Ljubljana,0.2519498759808332,0,Huff and ML disagree
10128226,Finkovo,Velike Lašče,0.1228299905057955,Ljubljana,0.2677944960823498,0,Huff and ML disagree
10128234,Gašpinovo,Sodražica,0.1448464405479816,Ljubljana,0.2312811580660781,0,Huff and ML disagree
10128242,Globel,Sodražica,0.16786429357639232,Sodražica,0.2209116592661627,1,Huff and ML agree
10128269,Gorenje Podpoljane,Velike Lašče,0.1310527408606431,Ljubljana,0.2675299561360715,0,Huff and ML disagree
10128277,Gorenji Lazi,Ribnica,0.2786627226172689,Ribnica,0.2597730006410618,1,Huff and ML agree
10128285,Goriča vas,Ribnica,0.7927836732214366,Ribnica,0.872608061796088,1,Huff and ML agree
10128293,Graben,Sodražica,0.15361760384342932,Ljubljana,0.2295855433318304,0,Huff and ML disagree
10128307,Grčarice,Ribnica,0.12207051769929075,Ljubljana,0.1914418931540893,0,Huff and ML disagree
10128315,Grčarske Ravne,Ribnica,0.12221723872444203,Ljubljana,0.1922497577728766,0,Huff and ML disagree
10128323,Grebenje,Velike Lašče,0.10768385382813563,Ljubljana,0.2676271250524478,0,Huff and ML disagree
10128331,Hojče,Sodražica,0.16332021660200396,Ljubljana,0.2252983157504007,0,Huff and ML disagree
10128340,Hrib-Loški Potok,Loški Potok,1.0,Loški Potok,1.0,1,Huff and ML agree
10128358,Hrovača,Ribnica,0.8035079267741628,Ribnica,0.9773732714589388,1,Huff and ML agree
10128366,Hudi Konec,Ribnica,0.13783717215696062,Ljubljana,0.2324201539656391,0,Huff and ML disagree
10128374,Janeži,Sodražica,0.08753043393898335,Ljubljana,0.2087750493768113,0,Huff and ML disagree
10128382,Jelendol,Ribnica,0.17576695598544884,Ribnica,0.2307121950603101,1,Huff and ML agree
10128404,Jelenov Žleb,Ribnica,0.06051421983354704,Ljubljana,0.2136635472134353,0,Huff and ML disagree
10128412,Jelovec,Sodražica,0.434047823143585,Sodražica,0.4378985261028911,1,Huff and ML agree
10128439,Junčje,Velike Lašče,0.10768385382813563,Ljubljana,0.2603025959948765,0,Huff and ML disagree
10128447,Jurjevica,Ribnica,0.47679764486394616,Ribnica,0.4729052870143999,1,Huff and ML agree
10128455,Kot pri Rakitnici,Ribnica,0.2715032426463873,Ribnica,0.2940243752118381,1,Huff and ML agree
10128463,Kot pri Ribnici,Ribnica,0.38558064322997226,Ribnica,0.388284672587164,1,Huff and ML agree
10128471,Kotel,Bloke,0.05167490656465137,Ljubljana,0.2510254422508704,0,Huff and ML disagree
10128480,Kračali,Sodražica,0.06488844723856393,Ljubljana,0.2048140672408072,0,Huff and ML disagree
10128498,Krnče,Sodražica,0.13588294568559753,Ljubljana,0.244815148754224,0,Huff and ML disagree
10128501,Kržeti,Sodražica,0.09365204334964998,Ljubljana,0.2072747769083824,0,Huff and ML disagree
10128510,Levstiki,Sodražica,0.11615813537266431,Ljubljana,0.2539950790872028,0,Huff and ML disagree
10128528,Lipovec,Ribnica,0.3738937201435264,Ribnica,0.3984952974831253,1,Huff and ML agree
10128536,Lipovšica,Ribnica,0.332202463253506,Ribnica,0.2502420324965644,1,Huff and ML agree
10128544,Makoše,Ribnica,0.2782509194320124,Ribnica,0.3244766167406588,1,Huff and ML agree
10128552,Mali Log,Loški Potok,0.30647300096253316,Loški Potok,0.3078465855955989,1,Huff and ML agree
10128579,Marolče,Sodražica,0.10290010486322801,Ljubljana,0.2593641561800664,0,Huff and ML disagree
10128587,Maršiči,Ribnica,0.12945471123899224,Ljubljana,0.2471555512711389,0,Huff and ML disagree
10128595,Nemška vas,Ribnica,0.6313867342670998,Ribnica,0.7320970853153953,1,Huff and ML agree
10128609,Nova Štifta,Ribnica,0.2715032426463873,Ribnica,0.2522308459933828,1,Huff and ML agree
10128617,Novi Pot,Ljubljana,0.04976380330179211,Ljubljana,0.2615204446002058,1,Huff and ML agree
10128625,Ortnek,Ribnica,0.1344838469678849,Ljubljana,0.2600576632053474,0,Huff and ML disagree
10128633,Otavice,Ribnica,0.5865996635422859,Ribnica,0.6617664706747434,1,Huff and ML agree
10128641,Perovo,Sodražica,0.09365204334964998,Ljubljana,0.2751379148537805,0,Huff and ML disagree
10128650,Petrinci,Sodražica,0.09277434640253093,Ljubljana,0.2076928250361528,0,Huff and ML disagree
10128668,Podklanec,Sodražica,0.10297948562072733,Ljubljana,0.2219232650825622,0,Huff and ML disagree
10128676,Praproče,Ribnica,0.1293783637350856,Ljubljana,0.2472393133743024,0,Huff and ML disagree
10128684,Preska,Ribnica,0.17081725367983933,Ljubljana,0.231231811435002,0,Huff and ML disagree
10128692,Prigorica,Ribnica,0.5326686561244973,Ribnica,0.5971022195100262,1,Huff and ML agree
10128706,Pugled pri Karlovici,Sodražica,0.09289650081984563,Ljubljana,0.281939776046151,0,Huff and ML disagree
10128714,Pusti Hrib,Ribnica,0.12024118424293093,Ljubljana,0.2439230154911328,0,Huff and ML disagree
10128722,Rakitnica,Ribnica,0.34690569829286355,Ribnica,0.3367060355579172,1,Huff and ML agree
10128749,Ravni Dol,Ribnica,0.35379647269399944,Ribnica,0.3135968933858791,1,Huff and ML agree
10128757,Retje,Loški Potok,0.5068483058738973,Loški Potok,0.6435547507531865,1,Huff and ML agree
10128765,Ribnica,Ribnica,0.9997406174881118,Ribnica,1.0,1,Huff and ML agree
10128773,Rigelj pri Ortneku,Ribnica,0.119936989751671,Ljubljana,0.2499965282834906,0,Huff and ML disagree
10128781,Sajevec,Ribnica,0.6730183821729961,Ribnica,0.7329916037364202,1,Huff and ML agree
10128790,Sinovica,Ribnica,0.20495354461217904,Ljubljana,0.2213610980130941,0,Huff and ML disagree
10128803,Slatnik,Ribnica,0.39155511583716773,Ribnica,0.373196200006725,1,Huff and ML agree
10128811,Sodražica,Sodražica,0.9996492415513747,Sodražica,1.0,1,Huff and ML agree
10128820,Srednja vas-Loški Potok,Loški Potok,0.6095859476470271,Loški Potok,0.8458184162958109,1,Huff and ML agree
10128838,Sušje,Ribnica,0.37373172481968303,Ribnica,0.339132666771735,1,Huff and ML agree
10128846,Sv. Gregor,Sodražica,0.165894660140531,Ljubljana,0.2264552029288266,0,Huff and ML disagree
10128854,Šegova vas,Loški Potok,0.6570135171014898,Loški Potok,0.8548305032456139,1,Huff and ML agree
10128862,Škrajnek,Ribnica,0.12205295169707898,Ljubljana,0.2699224707539706,0,Huff and ML disagree
10128889,Travnik,Loški Potok,0.5180371180958209,Loški Potok,0.6814372697651294,1,Huff and ML agree
10128897,Velike Poljane,Ribnica,0.1341663590579568,Ljubljana,0.2584312301356304,0,Huff and ML disagree
10128919,Vinice,Ribnica,0.2790419279750119,Ribnica,0.2309167932602205,1,Huff and ML agree
10128927,Vintarji,Ljubljana,0.0749768101728852,Ljubljana,0.2882171991247946,1,Huff and ML agree
10128935,Vrh pri Poljanah,Ribnica,0.11673249052386668,Ljubljana,0.2635178627958641,0,Huff and ML disagree
10128943,Zadniki,Sodražica,0.11615070442170702,Ljubljana,0.2546823551704125,0,Huff and ML disagree
10128951,Zadolje,Ribnica,0.38375264966694095,Ribnica,0.4350543114598377,1,Huff and ML agree
10128960,Zamostec,Sodražica,0.5382016013994041,Sodražica,0.6104091925743811,1,Huff and ML agree
10128978,Zapotok,Ribnica,0.3251379180245879,Ribnica,0.2838378419887443,1,Huff and ML agree
10128986,Zapuže pri Ribnici,Ribnica,0.5163147822125184,Ribnica,0.5515686779130092,1,Huff and ML agree
10128994,Zlati Rep,Ribnica,0.10264038541502483,Ljubljana,0.2721097549279265,0,Huff and ML disagree
10129001,Žimarice,Sodražica,0.16500027856178356,Ljubljana,0.2134093229286381,0,Huff and ML disagree
10129010,Žlebič,Ribnica,0.4532159340625167,Ribnica,0.423430029759294,1,Huff and ML agree
10129028,Žukovo,Ribnica,0.12133428553797737,Ljubljana,0.2639296019760491,0,Huff and ML disagree
10129036,Grič,Ribnica,0.6150617121596555,Ribnica,0.669039385439278,1,Huff and ML agree
10129044,Apnenik pri Boštanju,Sevnica,0.4020147915059139,Sevnica,0.5306621674287378,1,Huff and ML agree
10129052,Arto,Krško,0.3531484232493932,Krško,0.3450902705790752,1,Huff and ML agree
10129079,Birna vas,Sevnica,0.07352671369018395,Sevnica,0.1091930211406624,1,Huff and ML agree
10129087,Blanca,Krško,0.3142971245622703,Krško,0.2924645497526383,1,Huff and ML agree
10129095,Boštanj,Sevnica,0.7843468120242844,Sevnica,0.8152061559727597,1,Huff and ML agree
10129109,Breg,Sevnica,0.2349460580334204,Sevnica,0.2801611245609379,1,Huff and ML agree
10129117,Brezovo,Novo mesto,0.10568388088043364,Krško,0.1493123122784878,0,Huff and ML disagree
10129125,Bučka,Novo mesto,0.14174340693449566,Škocjan,0.1485572867258481,0,Huff and ML disagree
10129133,Budna vas,Radeče,0.11502737833076121,Radeče,0.1800275344382475,1,Huff and ML agree
10129141,Cerovec,Sevnica,0.07919044806144133,Sevnica,0.1121315437596688,1,Huff and ML agree
10129150,Čanje,Sevnica,0.27680307921611375,Sevnica,0.3614014293146682,1,Huff and ML agree
10129168,Čelovnik,Celje,0.088229343567359,Radeče,0.1202143045888482,0,Huff and ML disagree
10129176,Češnjice,Sevnica,0.131109033927575,Sevnica,0.2171527048736359,1,Huff and ML agree
10129184,Dedna Gora,Sevnica,0.13790992801415775,Sevnica,0.2350157599805429,1,Huff and ML agree
10129192,Dolenje Radulje,Novo mesto,0.13200371213644962,Krško,0.1468505860756729,0,Huff and ML disagree
10129206,Dolenji Boštanj,Sevnica,0.766642849575651,Sevnica,0.8062749061125754,1,Huff and ML agree
10129214,Dolnje Brezovo,Sevnica,0.36334717801183913,Sevnica,0.446750440423112,1,Huff and ML agree
10129222,Dolnje Impolje,Sevnica,0.12787125560529344,Sevnica,0.2005630771780775,1,Huff and ML agree
10129249,Dolnje Orle,Sevnica,0.1356452031552214,Sevnica,0.229092631212273,1,Huff and ML agree
10129257,Drožanje,Sevnica,0.47976363526189864,Sevnica,0.594450590044766,1,Huff and ML agree
10129265,Drušče,Sevnica,0.14052444751372195,Sevnica,0.2436591134827212,1,Huff and ML agree
10129273,Dule,Novo mesto,0.14432407111116557,Krško,0.137628838121161,0,Huff and ML disagree
10129281,Gabrijele,Novo mesto,0.09421038444138091,Sevnica,0.1130802664600272,0,Huff and ML disagree
10129290,Gabrje,Sevnica,0.12466056368942288,Sevnica,0.1761829719548062,1,Huff and ML agree
10129303,Gorenje Radulje,Novo mesto,0.1028240656453261,Krško,0.1415815203112247,0,Huff and ML disagree
10129311,Gornja Stara vas,Novo mesto,0.17927562841174283,Novo mesto,0.1589805783085108,1,Huff and ML agree
10129320,Gornje Brezovo,Sevnica,0.5318741723057969,Sevnica,0.5825581849581091,1,Huff and ML agree
10129338,Gornje Impolje,Sevnica,0.12994390898172592,Sevnica,0.2093597525303607,1,Huff and ML agree
10129346,Gornje Orle,Sevnica,0.23418433416595227,Sevnica,0.3223771890776681,1,Huff and ML agree
10129354,Goveji Dol,Sevnica,0.0927732121014337,Sevnica,0.1471027843163312,1,Huff and ML agree
10129362,Hudo Brezje,Krško,0.15121657098179814,Krško,0.21800978285556,1,Huff and ML agree
10129389,Jablanica,Sevnica,0.1732792924115919,Sevnica,0.2687041378950911,1,Huff and ML agree
10129397,Jarčji Vrh,Novo mesto,0.13604482120226374,Krško,0.1256370030440738,0,Huff and ML disagree
10129419,Jelovec,Sevnica,0.17122879744848496,Sevnica,0.2690156282013216,1,Huff and ML agree
10129427,Jeperjek,Novo mesto,0.1329415789446975,Sevnica,0.138976292252448,0,Huff and ML disagree
10129435,Jerman Vrh,Novo mesto,0.14254375030496316,Škocjan,0.1411415805901762,0,Huff and ML disagree
10129443,Kal pri Krmelju,Celje,0.05291637969028239,Ljubljana,0.1086433135415676,0,Huff and ML disagree
10129451,Kamenica,Sevnica,0.11381881996358115,Sevnica,0.1688978859286314,1,Huff and ML agree
10129460,Kaplja vas,Novo mesto,0.08300963473595871,Mokronog-Trebelno,0.1075923512861032,0,Huff and ML disagree
10129478,Kladje nad Blanco,Krško,0.35532084696800575,Krško,0.3873194217889542,1,Huff and ML agree
10129486,Kladje pri Krmelju,Celje,0.0531113759823262,Ljubljana,0.1165964918477427,0,Huff and ML disagree
10129494,Koludrje,Sevnica,0.07350533789860965,Sevnica,0.105029939632154,1,Huff and ML agree
10129508,Kompolje,Sevnica,0.33937391264114014,Sevnica,0.4093711994754859,1,Huff and ML agree
10129516,Konjsko,Sevnica,0.36059689630692005,Sevnica,0.4711966646651935,1,Huff and ML agree
10129524,Krajna Brda,Krško,0.2459558529637609,Krško,0.2945917434794169,1,Huff and ML agree
10129532,Križ,Sevnica,0.11379651770140656,Sevnica,0.1694338348537263,1,Huff and ML agree
10129559,Krmelj,Sevnica,0.09623966134839215,Sevnica,0.1422658278769359,1,Huff and ML agree
10129567,Krsinji Vrh,Novo mesto,0.16742841249689216,Novo mesto,0.1492815563612023,1,Huff and ML agree
10129575,Laze pri Boštanju,Sevnica,0.1864158206842302,Sevnica,0.308897946843179,1,Huff and ML agree
10129583,Ledina,Sevnica,0.5318741723057969,Sevnica,0.6043099576900473,1,Huff and ML agree
10129591,Leskovec v Podborštu,Sevnica,0.07829283897227897,Radeče,0.0963777646390906,0,Huff and ML disagree
10129605,Log,Sevnica,0.46001755112712034,Sevnica,0.5553902625910723,1,Huff and ML agree
10129613,Loka pri Zidanem Mostu,Radeče,0.22270176323667246,Radeče,0.3542418654251963,1,Huff and ML agree
10129621,Lončarjev Dol,Sevnica,0.5442698530702984,Sevnica,0.6098531796083504,1,Huff and ML agree
10129630,Lukovec,Sevnica,0.3798502710378856,Sevnica,0.5163587650686359,1,Huff and ML agree
10129648,Mala Hubajnica,Sevnica,0.12948869661543017,Sevnica,0.1985777486543474,1,Huff and ML agree
10129656,Mali Cirnik pri Šentjanžu,Sevnica,0.07390437663354073,Ljubljana,0.0969272129351752,0,Huff and ML disagree
10129664,Malkovec,Novo mesto,0.10622605304110586,Novo mesto,0.1096903462810903,1,Huff and ML agree
10129672,Metni Vrh,Sevnica,0.2872343048145929,Sevnica,0.423119215184791,1,Huff and ML agree
10129699,Močvirje,Novo mesto,0.11615504941545536,Krško,0.1255793451741115,0,Huff and ML disagree
10129702,Mrtovec,Sevnica,0.28882766969582785,Sevnica,0.3990000460541101,1,Huff and ML agree
10129729,Mrzla Planina,Krško,0.09607304083873063,Krško,0.15474128631968,1,Huff and ML agree
10129737,Novi Grad,Sevnica,0.14277404019361614,Sevnica,0.2155395203953928,1,Huff and ML agree
10129745,Okroglice,Sevnica,0.11828596297932238,Sevnica,0.1665143806859237,1,Huff and ML agree
10129753,Orehovo,Sevnica,0.5999635244651212,Sevnica,0.6631471619605086,1,Huff and ML agree
10129761,Orešje nad Sevnico,Sevnica,0.36275819159801964,Sevnica,0.4795056073102552,1,Huff and ML agree
10129770,Osredek pri Hubajnici,Novo mesto,0.0904900277310548,Sevnica,0.1519792369886208,0,Huff and ML disagree
10129788,Osredek pri Krmelju,Radeče,0.07229945027160452,Radeče,0.111156308355077,1,Huff and ML agree
10129796,Otavnik,Novo mesto,0.15098232878149123,Novo mesto,0.1327855114087036,1,Huff and ML agree
10129800,Pavla vas,Novo mesto,0.13183227121900704,Novo mesto,0.1157598451220307,1,Huff and ML agree
10129818,Pečje,Sevnica,0.7450301908791497,Sevnica,0.7955687280362813,1,Huff and ML agree
10129826,Pijavice,Mokronog-Trebelno,0.09871214912036448,Mokronog-Trebelno,0.1452083056384211,1,Huff and ML agree
10129834,Podboršt,Sevnica,0.07332989661353168,Ljubljana,0.0917819044589017,0,Huff and ML disagree
10129842,Podgorica,Sevnica,0.23418433416595227,Sevnica,0.3205643294851561,1,Huff and ML agree
10129869,Podgorje ob Sevnični,Sevnica,0.1273911503014982,Sevnica,0.2094285951192205,1,Huff and ML agree
10129877,Podvrh,Sevnica,0.17122879744848496,Sevnica,0.2685199084556828,1,Huff and ML agree
10129885,Poklek nad Blanco,Krško,0.15497233404679173,Krško,0.2152033555686743,1,Huff and ML agree
10129893,Polje pri Tržišču,Novo mesto,0.09398896221964537,Sevnica,0.1028214294542888,0,Huff and ML disagree
10129907,Ponikve pri Studencu,Krško,0.20462171517750175,Krško,0.2744878504559921,1,Huff and ML agree
10129915,Preska,Sevnica,0.23627162310286232,Sevnica,0.3445859629563068,1,Huff and ML agree
10129923,Prešna Loka,Sevnica,0.38042031681627025,Sevnica,0.526462767601601,1,Huff and ML agree
10129931,Primož,Sevnica,0.14068797436922365,Sevnica,0.2434868029366002,1,Huff and ML agree
10129940,Račica,Radeče,0.20191755867973776,Radeče,0.2759285062479894,1,Huff and ML agree
10129958,Radež,Radeče,0.11008731839562051,Radeče,0.185198555753776,1,Huff and ML agree
10129966,Radna,Sevnica,0.6484826246988884,Sevnica,0.6918915030369882,1,Huff and ML agree
10129974,Razbor,Sevnica,0.13715792470055674,Sevnica,0.2067379698160144,1,Huff and ML agree
10129982,Rogačice,Sevnica,0.1429585465468244,Sevnica,0.2615477301818586,1,Huff and ML agree
10130000,Rovišče pri Studencu,Krško,0.11093388281940703,Krško,0.1837371034053624,1,Huff and ML agree
10130018,Roženberk,Novo mesto,0.08208360791122493,Ljubljana,0.0943096068933441,0,Huff and ML disagree
10130026,Selce nad Blanco,Krško,0.24198295721655314,Krško,0.2852897879767253,1,Huff and ML agree
10130034,Sevnica,Sevnica,0.9932486424268526,Sevnica,1.0,1,Huff and ML agree
10130042,Skrovnik,Mokronog-Trebelno,0.11333231872264854,Mokronog-Trebelno,0.2103360907452428,1,Huff and ML agree
10130069,Slančji Vrh,Novo mesto,0.13990225296715056,Sevnica,0.1307002371188648,0,Huff and ML disagree
10130077,Spodnje Mladetiče,Novo mesto,0.08263654881991549,Sevnica,0.1037599721190042,0,Huff and ML disagree
10130085,Spodnje Vodale,Novo mesto,0.09640798729304954,Sevnica,0.1030346422698409,0,Huff and ML disagree
10130093,Srednik,Sevnica,0.07685553760463161,Radeče,0.0895727439377159,0,Huff and ML disagree
10130107,Stržišče,Sevnica,0.13700797611735263,Sevnica,0.2261478162287054,1,Huff and ML agree
10130115,Studenec,Krško,0.15425736393349518,Krško,0.2188934249914266,1,Huff and ML agree
10130123,Svinjsko,Trebnje,0.05829112300386395,Ljubljana,0.1064817246357483,0,Huff and ML disagree
10130131,Šentjanž,Sevnica,0.07907660777350121,Sevnica,0.0950810631334005,1,Huff and ML agree
10130140,Šentjur na Polju,Sevnica,0.17034334885140026,Sevnica,0.2244555673993574,1,Huff and ML agree
10130158,Škovec,Novo mesto,0.08323419480698979,Ljubljana,0.0956833861158146,0,Huff and ML disagree
10130166,Šmarčna,Sevnica,0.2510012183553383,Sevnica,0.3099396113325652,1,Huff and ML agree
10130174,Štajngrob,Sevnica,0.06458469294664115,Ljubljana,0.1010041512413593,0,Huff and ML disagree
10130182,Štrit,Novo mesto,0.1626316241788808,Novo mesto,0.1455811426003386,1,Huff and ML agree
10130204,Telče,Sevnica,0.1153894153486517,Sevnica,0.1751964057386624,1,Huff and ML agree
10130212,Telčice,Novo mesto,0.13178153559726186,Novo mesto,0.1215611707689755,1,Huff and ML agree
10130239,Trnovec,Sevnica,0.13700797611735263,Sevnica,0.2193644996505025,1,Huff and ML agree
10130247,Trščina,Novo mesto,0.16821100740256992,Novo mesto,0.1467565007258209,1,Huff and ML agree
10130255,Tržišče,Novo mesto,0.08554177575560308,Sevnica,0.0982942253277457,0,Huff and ML disagree
10130263,Velika Hubajnica,Sevnica,0.11791385239338993,Sevnica,0.1831542076755631,1,Huff and ML agree
10130271,Veliki Cirnik,Trebnje,0.07590161218022573,Ljubljana,0.0938517158854874,0,Huff and ML disagree
10130280,Vranje,Sevnica,0.2693791557171168,Sevnica,0.3698737522366244,1,Huff and ML agree
10130298,Vrh pri Boštanju,Sevnica,0.38117549634355746,Sevnica,0.5222104661909461,1,Huff and ML agree
10130301,Vrhek,Novo mesto,0.08263654881991549,Sevnica,0.1123820217297945,0,Huff and ML disagree
10130310,Zaboršt,Novo mesto,0.13432284250373344,Krško,0.1232353491778678,0,Huff and ML disagree
10130328,Zabukovje nad Sevnico,Sevnica,0.1368856414661933,Sevnica,0.2305167529886201,1,Huff and ML agree
10130336,Zavratec,Sevnica,0.11332468893922427,Sevnica,0.1695687930906715,1,Huff and ML agree
10130344,Zgornje Mladetiče,Novo mesto,0.08260455754868612,Mokronog-Trebelno,0.1037606577042411,0,Huff and ML disagree
10130352,Zgornje Vodale,Novo mesto,0.10735560740764692,Sevnica,0.1327103159016278,0,Huff and ML disagree
10130379,Znojile pri Studencu,Sevnica,0.13709171180019267,Sevnica,0.2382755037797533,1,Huff and ML agree
10130387,Žigrski Vrh,Sevnica,0.3622656338968255,Sevnica,0.4606484119233162,1,Huff and ML agree
10130395,Žirovnica,Radeče,0.07607976340878991,Radeče,0.1418433264539213,1,Huff and ML agree
10130409,Žurkov Dol,Sevnica,0.34254283178367856,Sevnica,0.4519869941742052,1,Huff and ML agree
10130417,Slap,Radeče,0.29316660921618537,Radeče,0.4354154044675479,1,Huff and ML agree
10130425,Artviže,Hrpelje-Kozina,0.10743361827016792,Hrpelje-Kozina,0.2154587555290322,1,Huff and ML agree
10130433,Avber,Sežana,0.16295434917358997,Sežana,0.4019077960985308,1,Huff and ML agree
10130441,Bač pri Materiji,Hrpelje-Kozina,0.2760498879728429,Hrpelje-Kozina,0.4139275118702342,1,Huff and ML agree
10130450,Barka,Divača,0.06679380812208596,Sežana,0.1683214264806399,0,Huff and ML disagree
10130468,Beka,Koper,0.1390532984116793,Koper,0.2494476330841679,1,Huff and ML agree
10130476,Betanja,Divača,0.27104413037932995,Divača,0.3506694373463824,1,Huff and ML agree
10130484,Bogo,Sežana,0.0815783919851968,Sežana,0.220537045831616,1,Huff and ML agree
10130492,Brestovica pri Komnu,Nova Gorica,0.07489722949972019,Nova Gorica,0.2170770680300509,1,Huff and ML agree
10130506,Brestovica pri Povirju,Sežana,0.32904416413840726,Sežana,0.492415046318215,1,Huff and ML agree
10130514,Brezovica,Hrpelje-Kozina,0.262247385337841,Hrpelje-Kozina,0.4079762938943662,1,Huff and ML agree
10130522,Brezovo Brdo,Ilirska Bistrica,0.05412311237604499,Ilirska Bistrica,0.1351011220579915,1,Huff and ML agree
10130549,Brežec pri Divači,Divača,0.3749135437046471,Divača,0.4402724077384523,1,Huff and ML agree
10130557,Brje pri Komnu,Komen,0.07737897479210873,Sežana,0.1781674798621253,0,Huff and ML disagree
10130565,Brje pri Koprivi,Sežana,0.1269865681479561,Sežana,0.327258837633251,1,Huff and ML agree
10130573,Coljava,Komen,0.11024718228060877,Sežana,0.1997215632283122,0,Huff and ML disagree
10130581,Čehovini,Ajdovščina,0.1368877859437406,Ajdovščina,0.1819200686872471,1,Huff and ML agree
10130590,Čipnje,Ajdovščina,0.18328726509423066,Ajdovščina,0.2106276562701867,1,Huff and ML agree
10130603,Dane pri Divači,Divača,0.2376230831070692,Divača,0.2781678816691811,1,Huff and ML agree
10130611,Dane pri Sežani,Sežana,0.839995595447223,Sežana,0.932475654767831,1,Huff and ML agree
10130620,Divača,Divača,0.9974541991933144,Divača,1.0,1,Huff and ML agree
10130638,Divči,Komen,0.6334575490668805,Komen,0.8020487790437121,1,Huff and ML agree
10130646,Dobravlje,Sežana,0.2757054737855615,Sežana,0.51318810941341,1,Huff and ML agree
10130654,Dol pri Vogljah,Sežana,0.3357902758188232,Sežana,0.6332372033790143,1,Huff and ML agree
10130662,Dolanci,Ajdovščina,0.1526240750053576,Ajdovščina,0.1993964988327845,1,Huff and ML agree
10130689,Dolenja vas,Divača,0.1537502419446847,Sežana,0.227286089003451,0,Huff and ML disagree
10130697,Dolenje,Sežana,0.11344161091940431,Sežana,0.307522489579639,1,Huff and ML agree
10130719,Dolnje Ležeče,Divača,0.7512249951393105,Divača,0.8507089639743146,1,Huff and ML agree
10130727,Dolnje Vreme,Divača,0.16989028487774477,Divača,0.2270110607559795,1,Huff and ML agree
10130735,Dutovlje,Sežana,0.2689672935391049,Sežana,0.5146871232591761,1,Huff and ML agree
10130743,Famlje,Divača,0.22883643481940483,Divača,0.2984659876841956,1,Huff and ML agree
10130751,Filipčje Brdo,Sežana,0.405912349946825,Sežana,0.6502490701402251,1,Huff and ML agree
10130760,Gabrče,Divača,0.18460805343515246,Divača,0.2131327374232888,1,Huff and ML agree
10130778,Gabrovica pri Komnu,Komen,0.14678515231563505,Komen,0.210225114182626,1,Huff and ML agree
10130786,Godnje,Sežana,0.28510072972928663,Sežana,0.5380789222182417,1,Huff and ML agree
10130794,Golac,Ilirska Bistrica,0.04476842119400135,Koper,0.1146045291565321,0,Huff and ML disagree
10130808,Gorenje pri Divači,Divača,0.5498284738535745,Divača,0.4960099028338917,1,Huff and ML agree
10130816,Goriče pri Famljah,Divača,0.26561172781493275,Divača,0.3602227748863003,1,Huff and ML agree
10130824,Gorjansko,Komen,0.1608744618529596,Komen,0.2646992069245467,1,Huff and ML agree
10130832,Gornje Ležeče,Divača,0.056582718810794824,Sežana,0.1474648408428398,0,Huff and ML disagree
10130859,Gornje Vreme,Divača,0.13369683452915176,Divača,0.1882359141175579,1,Huff and ML agree
10130867,Gradišče pri Divači,Divača,0.5797136974204938,Divača,0.6418025133202755,1,Huff and ML agree
10130875,Gradišče pri Materiji,Hrpelje-Kozina,0.06304799131264847,Hrpelje-Kozina,0.1654933300670499,1,Huff and ML agree
10130883,Gradišče pri Štjaku,Sežana,0.08916788185019042,Sežana,0.2406185164524189,1,Huff and ML agree
10130891,Gradišica,Hrpelje-Kozina,0.19188944047852174,Hrpelje-Kozina,0.3173620860866889,1,Huff and ML agree
10130905,Gradnje,Sežana,0.15822691962359986,Sežana,0.3841377000967819,1,Huff and ML agree
10130913,Grahovo Brdo,Sežana,0.40116221215729636,Sežana,0.6371805953038961,1,Huff and ML agree
10130921,Griže,Sežana,0.18279115389613548,Sežana,0.4320528712227596,1,Huff and ML agree
10130930,Hotična,Hrpelje-Kozina,0.1281176311378351,Hrpelje-Kozina,0.2399782363362901,1,Huff and ML agree
10130948,Hribi,Sežana,0.12731941404117783,Sežana,0.3461966452144319,1,Huff and ML agree
10130956,Hrpelje,Hrpelje-Kozina,0.9981054730010197,Hrpelje-Kozina,1.0,1,Huff and ML agree
10130964,Hruševica,Sežana,0.07625689498295958,Sežana,0.1736652413373101,1,Huff and ML agree
10130972,Ivanji Grad,Komen,0.1810590864410983,Komen,0.2850804970237864,1,Huff and ML agree
10130999,Jakovce,Sežana,0.1148734157361328,Sežana,0.2582297274486067,1,Huff and ML agree
10131006,Javorje,Ilirska Bistrica,0.05707064433857883,Ilirska Bistrica,0.1378210952948199,1,Huff and ML agree
10131014,Kačiče-Pared,Divača,0.2566205483517212,Divača,0.2876889256370771,1,Huff and ML agree
10131022,Kazlje,Sežana,0.2333018400405351,Sežana,0.4648421536704599,1,Huff and ML agree
10131049,Klanec pri Komnu,Komen,0.08655315209521575,Komen,0.1600750673932806,1,Huff and ML agree
10131057,Klanec pri Kozini,Hrpelje-Kozina,0.4554227680840214,Hrpelje-Kozina,0.5126617286218649,1,Huff and ML agree
10131065,Kobdilj,Ajdovščina,0.10049135877150488,Sežana,0.2098521717432667,0,Huff and ML disagree
10131073,Kobjeglava,Komen,0.08335409754083994,Sežana,0.1557115661676006,0,Huff and ML disagree
10131081,Koboli,Ajdovščina,0.12741212916057615,Ajdovščina,0.1731346700209848,1,Huff and ML agree
10131090,Kodreti,Ajdovščina,0.14288707822882335,Ajdovščina,0.190738082248224,1,Huff and ML agree
10131103,Komen,Komen,0.9993187188676426,Komen,1.0,1,Huff and ML agree
10131111,Kopriva,Sežana,0.1443634700048021,Sežana,0.3422307244057985,1,Huff and ML agree
10131120,Kosovelje,Sežana,0.11193633531299584,Sežana,0.2847008009372535,1,Huff and ML agree
10131138,Kovčice,Hrpelje-Kozina,0.05175920055953034,Hrpelje-Kozina,0.137586979598238,1,Huff and ML agree
10131146,Kozina,Hrpelje-Kozina,0.8198918082634534,Hrpelje-Kozina,0.8907222277159069,1,Huff and ML agree
10131154,Kozjane,Ilirska Bistrica,0.052685703825090704,Ilirska Bistrica,0.1264974151786016,1,Huff and ML agree
10131162,Krajna vas,Sežana,0.14415878546734076,Sežana,0.3676397384598819,1,Huff and ML agree
10131189,Kregolišče,Komen,0.15451158445042848,Komen,0.2361737219271971,1,Huff and ML agree
10131197,Kreplje,Sežana,0.330392619704609,Sežana,0.5919422396100564,1,Huff and ML agree
10131219,Križ,Sežana,0.5062306475635885,Sežana,0.7066678295341018,1,Huff and ML agree
10131227,Krtinovica,Ajdovščina,0.07124733939623702,Sežana,0.1609192859017357,0,Huff and ML disagree
10131235,Krvavi Potok,Hrpelje-Kozina,0.44401332667178295,Hrpelje-Kozina,0.5207361134891926,1,Huff and ML agree
10131243,Laže,Postojna,0.08427580877454749,Postojna,0.2012440208538759,1,Huff and ML agree
10131251,Lipica,Sežana,0.5772377900585934,Sežana,0.7959131362534473,1,Huff and ML agree
10131260,Lisjaki,Ajdovščina,0.15201245266520247,Ajdovščina,0.1864654677345338,1,Huff and ML agree
10131278,Lokev,Sežana,0.35337663446256434,Sežana,0.4799737953009397,1,Huff and ML agree
10131286,Lukovec,Ajdovščina,0.07437747367801163,Nova Gorica,0.1529625918079823,0,Huff and ML disagree
10131294,Mahniči,Sežana,0.13762769646521064,Sežana,0.3715888029061331,1,Huff and ML agree
10131308,Majcni,Sežana,0.3402746553864136,Sežana,0.5796705866308137,1,Huff and ML agree
10131316,Mali Dol,Komen,0.25617364237178575,Komen,0.3923875265118935,1,Huff and ML agree
10131324,Markovščina,Hrpelje-Kozina,0.12725343266154232,Hrpelje-Kozina,0.2334727280087955,1,Huff and ML agree
10131332,Matavun,Divača,0.36868742207953725,Divača,0.4137003054332737,1,Huff and ML agree
10131359,Materija,Hrpelje-Kozina,0.31201253514999744,Hrpelje-Kozina,0.4667571762460835,1,Huff and ML agree
10131367,Merče,Sežana,0.6578896692613664,Sežana,0.8197200047034662,1,Huff and ML agree
10131375,Mihele,Hrpelje-Kozina,0.33517597730345955,Hrpelje-Kozina,0.4505484457440091,1,Huff and ML agree
10131383,Misliče,Divača,0.05224531642844408,Sežana,0.1488335456549795,0,Huff and ML disagree
10131391,Mrše,Hrpelje-Kozina,0.07477213238192382,Hrpelje-Kozina,0.1730335212021661,1,Huff and ML agree
10131405,Nadrožica,Komen,0.08446496763133485,Komen,0.1624229861744724,1,Huff and ML agree
10131413,Naklo,Divača,0.2605150098908863,Divača,0.3408332000882144,1,Huff and ML agree
10131421,Nasirec,Hrpelje-Kozina,0.49219436511225895,Hrpelje-Kozina,0.5821541086342412,1,Huff and ML agree
10131430,Nova vas,Sežana,0.11344161091940431,Sežana,0.307522489579639,1,Huff and ML agree
10131448,Obrov,Ilirska Bistrica,0.05448828698327431,Ilirska Bistrica,0.1302997481793952,1,Huff and ML agree
10131456,Ocizla,Hrpelje-Kozina,0.26660819888397586,Hrpelje-Kozina,0.3387331026519751,1,Huff and ML agree
10131464,Odolina,Hrpelje-Kozina,0.182993858366722,Hrpelje-Kozina,0.3144785680762843,1,Huff and ML agree
10131472,Orehek pri Materiji,Hrpelje-Kozina,0.06374899742740929,Hrpelje-Kozina,0.1564033617293872,1,Huff and ML agree
10131499,Orlek,Sežana,0.8263449851902592,Sežana,0.9270408447180176,1,Huff and ML agree
10131502,Ostrovica,Hrpelje-Kozina,0.06283439631528444,Hrpelje-Kozina,0.1539285410415163,1,Huff and ML agree
10131529,Otošče,Postojna,0.083107675369165,Postojna,0.1820743364325233,1,Huff and ML agree
10131537,Petrinje,Hrpelje-Kozina,0.20219630870680638,Hrpelje-Kozina,0.268414215914093,1,Huff and ML agree
10131545,Plešivica,Sežana,0.5069740518956929,Sežana,0.6661154710593324,1,Huff and ML agree
10131553,Pliskovica,Sežana,0.12277881252838592,Sežana,0.3007268896541551,1,Huff and ML agree
10131561,Podbreže,Sežana,0.43223970919845905,Sežana,0.6808091951878665,1,Huff and ML agree
10131570,Podgorje,Koper,0.10182536216838989,Koper,0.2765548688301973,1,Huff and ML agree
10131588,Podgrad pri Vremah,Divača,0.09022842647137913,Sežana,0.1746595061160927,0,Huff and ML disagree
10131596,Poljane pri Podgradu,Ilirska Bistrica,0.03872381099142018,Koper,0.1145241327141359,0,Huff and ML disagree
10131600,Poljane pri Štjaku,Sežana,0.0896812763250202,Sežana,0.2274782356367006,1,Huff and ML agree
10131618,Ponikve,Sežana,0.14229911290073183,Sežana,0.3593390640257041,1,Huff and ML agree
10131626,Potoče,Divača,0.1531279604561103,Sežana,0.2059781135103527,0,Huff and ML disagree
10131634,Povir,Sežana,0.4262873848107496,Sežana,0.5097607955904256,1,Huff and ML agree
10131642,Povžane,Hrpelje-Kozina,0.22995529128850456,Hrpelje-Kozina,0.3785683167289892,1,Huff and ML agree
10131669,Prelože pri Lokvi,Sežana,0.2854268657489205,Sežana,0.4199024602423096,1,Huff and ML agree
10131677,Preserje pri Komnu,Komen,0.4348747734099916,Komen,0.5860323407955158,1,Huff and ML agree
10131685,Prešnica,Hrpelje-Kozina,0.2321090867638858,Hrpelje-Kozina,0.3338037251890809,1,Huff and ML agree
10131693,Pristava,Sežana,0.1325149187776203,Sežana,0.3493051406018273,1,Huff and ML agree
10131707,Rakitovec,Koper,0.07453128779904543,Koper,0.2928071146315393,1,Huff and ML agree
10131715,Raša,Sežana,0.12085073641579125,Sežana,0.328285957273114,1,Huff and ML agree
10131723,Ravnje,Sežana,0.06385334390206188,Sežana,0.1808235631977166,1,Huff and ML agree
10131731,Razguri,Sežana,0.12166993226340375,Sežana,0.2957978808814759,1,Huff and ML agree
10131740,Ritomeče,Hrpelje-Kozina,0.05727736006010973,Hrpelje-Kozina,0.1462060608329015,1,Huff and ML agree
10131758,Rodik,Hrpelje-Kozina,0.30582134682908374,Hrpelje-Kozina,0.3531484953221458,1,Huff and ML agree
10131766,Rožice,Hrpelje-Kozina,0.37939865902579284,Hrpelje-Kozina,0.5015659604331661,1,Huff and ML agree
10131774,Rubije,Komen,0.2679329601668918,Komen,0.3905687806881419,1,Huff and ML agree
10131782,Sela,Sežana,0.1369757885054454,Sežana,0.360121260276686,1,Huff and ML agree
10131804,Selo,Sežana,0.08615830704275548,Sežana,0.2386659307329315,1,Huff and ML agree
10131812,Senadole,Sežana,0.16047343273297202,Sežana,0.3152083984539938,1,Huff and ML agree
10131839,Senadolice,Sežana,0.2840743217836227,Sežana,0.4698949371783381,1,Huff and ML agree
10131847,Senožeče,Divača,0.1315853866050732,Sežana,0.190937337515414,0,Huff and ML disagree
10131855,Sežana,Sežana,0.9967405657013237,Sežana,1.0,1,Huff and ML agree
10131863,Skadanščina,Hrpelje-Kozina,0.08048346337989028,Hrpelje-Kozina,0.1955206039524411,1,Huff and ML agree
10131871,Skopo,Sežana,0.16218608758331154,Sežana,0.3931107652659391,1,Huff and ML agree
10131880,Slivje,Hrpelje-Kozina,0.09637703754178581,Hrpelje-Kozina,0.2089337011603178,1,Huff and ML agree
10131898,Slope,Hrpelje-Kozina,0.3105366919469694,Hrpelje-Kozina,0.4107146195653219,1,Huff and ML agree
10131901,Stomaž,Sežana,0.12085073641579125,Sežana,0.3100501419229607,1,Huff and ML agree
10131910,Sveto,Komen,0.423478105706797,Komen,0.5521526978065128,1,Huff and ML agree
10131928,Šepulje,Sežana,0.40144275180101496,Sežana,0.6670855109647277,1,Huff and ML agree
10131936,Šibelji,Komen,0.10109560557082135,Nova Gorica,0.2132402837910925,0,Huff and ML disagree
10131944,Škocjan,Divača,0.3428619731973266,Divača,0.3762690990130327,1,Huff and ML agree
10131952,Škofi,Komen,0.10768781661320925,Komen,0.187046987477822,1,Huff and ML agree
10131979,Škoflje,Divača,0.17991544419998415,Divača,0.2258452417173909,1,Huff and ML agree
10131987,Škrbina,Komen,0.17854548465499714,Komen,0.2625050180488908,1,Huff and ML agree
10131995,Šmarje pri Sežani,Sežana,0.7959828345867729,Sežana,0.8886584574990862,1,Huff and ML agree
10132002,Štanjel,Ajdovščina,0.12528631910140894,Sežana,0.1847490322248902,0,Huff and ML disagree
10132029,Štjak,Sežana,0.09762358659341458,Sežana,0.2565157144883977,1,Huff and ML agree
10132037,Štorje,Sežana,0.43132834713505736,Sežana,0.6585529529403983,1,Huff and ML agree
10132045,Tabor,Sežana,0.09908046598011266,Sežana,0.2492383766005596,1,Huff and ML agree
10132053,Tatre,Ilirska Bistrica,0.07720617635575602,Ilirska Bistrica,0.1449547272123933,1,Huff and ML agree
10132061,Tomačevica,Komen,0.25881922363669874,Komen,0.3800597658286832,1,Huff and ML agree
10132070,Tomaj,Sežana,0.3416855072581418,Sežana,0.6153911258290377,1,Huff and ML agree
10132088,Trebižani,Ajdovščina,0.17734566691554426,Ajdovščina,0.219569039831923,1,Huff and ML agree
10132096,Tublje pri Hrpeljah,Hrpelje-Kozina,0.6406842144303926,Hrpelje-Kozina,0.7379633101065433,1,Huff and ML agree
10132100,Tublje pri Komnu,Sežana,0.08898749733194564,Sežana,0.2321316173374921,1,Huff and ML agree
10132118,Tupelče,Komen,0.07585738936369536,Sežana,0.1629445420822329,0,Huff and ML disagree
10132126,Utovlje,Sežana,0.32307474423125193,Sežana,0.5796700209912377,1,Huff and ML agree
10132134,Vale,Nova Gorica,0.06552184634555756,Nova Gorica,0.1804923673697556,1,Huff and ML agree
10132142,Vareje,Divača,0.08312808829269,Sežana,0.1697010640704233,0,Huff and ML disagree
10132169,Vatovlje,Sežana,0.043445875277269674,Sežana,0.1456359581965843,1,Huff and ML agree
10132177,Večkoti,Ajdovščina,0.13482943584478632,Ajdovščina,0.1746062464212523,1,Huff and ML agree
10132185,Velike Loče,Hrpelje-Kozina,0.07935118414134247,Hrpelje-Kozina,0.1832236653720502,1,Huff and ML agree
10132193,Veliki Dol,Sežana,0.09627395585287787,Sežana,0.2538820773354394,1,Huff and ML agree
10132207,Veliko Polje,Sežana,0.09762358659341458,Sežana,0.2216254009800866,1,Huff and ML agree
10132215,Voglje,Sežana,0.31950032484465124,Sežana,0.6132334872030882,1,Huff and ML agree
10132223,Volčji Grad,Komen,0.31174859629549617,Komen,0.5175020176438029,1,Huff and ML agree
10132231,Vrabče,Sežana,0.11494704544485806,Sežana,0.2571713587923511,1,Huff and ML agree
10132240,Vremski Britof,Divača,0.18460805343515246,Divača,0.2487198910194111,1,Huff and ML agree
10132258,Vrhovlje,Sežana,0.3941312250173692,Sežana,0.6652626304438023,1,Huff and ML agree
10132266,Vrhpolje,Hrpelje-Kozina,0.22882718264279234,Hrpelje-Kozina,0.3581611439983868,1,Huff and ML agree
10132274,Zagrajec,Komen,0.11024718228060877,Komen,0.1845703729884763,1,Huff and ML agree
10132282,Zavrhek,Divača,0.18003640654229008,Divača,0.2292768598935076,1,Huff and ML agree
10132304,Zazid,Koper,0.1110382485166849,Koper,0.3382833594750344,1,Huff and ML agree
10132312,Žirje,Sežana,0.5787263335778658,Sežana,0.7239341676356791,1,Huff and ML agree
10132339,Brda,Slovenj Gradec,0.3034694268690284,Slovenj Gradec,0.3802080223391751,1,Huff and ML agree
10132347,Dovže,Slovenj Gradec,0.2573166232964801,Mislinja,0.2918003845860605,0,Huff and ML disagree
10132355,Gmajna,Slovenj Gradec,0.7473185374432505,Slovenj Gradec,0.8337738991192637,1,Huff and ML agree
10132363,Golavabuka,Slovenj Gradec,0.18811451534625984,Slovenj Gradec,0.3471680771215683,1,Huff and ML agree
10132371,Gornji Dolič,Mislinja,0.27529070489490937,Mislinja,0.3082184778726893,1,Huff and ML agree
10132380,Gradišče,Slovenj Gradec,0.6203101328222289,Slovenj Gradec,0.7730968230387019,1,Huff and ML agree
10132398,Graška Gora,Velenje,0.1833726721855996,Velenje,0.2252228651565007,1,Huff and ML agree
10132401,Kozjak,Velenje,0.12173819910767408,Velenje,0.1668358868610483,1,Huff and ML agree
10132410,Legen,Slovenj Gradec,0.6499584625840897,Slovenj Gradec,0.7813609027657835,1,Huff and ML agree
10132428,Mala Mislinja,Mislinja,0.21715830498429553,Mislinja,0.3270979336458112,1,Huff and ML agree
10132436,Mislinja,Mislinja,0.9916582092498392,Mislinja,1.0,1,Huff and ML agree
10132444,Mislinjska Dobrava,Slovenj Gradec,0.28605318725559914,Slovenj Gradec,0.2827478661976947,1,Huff and ML agree
10132452,Paka - del,Velenje,0.14016480644281476,Velenje,0.1232417874724532,1,Huff and ML agree
10132479,Pameče,Slovenj Gradec,0.6495085248082545,Slovenj Gradec,0.758051013517054,1,Huff and ML agree
10132487,Podgorje,Slovenj Gradec,0.4387674844699147,Slovenj Gradec,0.5331426248470325,1,Huff and ML agree
10132495,Raduše,Slovenj Gradec,0.43649294796365656,Slovenj Gradec,0.5689170290947712,1,Huff and ML agree
10132509,Razborca,Mislinja,0.16783400750159977,Mislinja,0.2278954742145433,1,Huff and ML agree
10132517,Sele,Slovenj Gradec,0.2844895529186496,Slovenj Gradec,0.3654741972346085,1,Huff and ML agree
10132525,Slovenj Gradec,Slovenj Gradec,0.9974096114155766,Slovenj Gradec,1.0,1,Huff and ML agree
10132533,Spodnji Razbor,Slovenj Gradec,0.14457537628789854,Slovenj Gradec,0.226336252991793,1,Huff and ML agree
10132541,Srednji Dolič,Velenje,0.12707241046557205,Velenje,0.1640709713764974,1,Huff and ML agree
10132550,Stari trg,Slovenj Gradec,0.7793994067091907,Slovenj Gradec,0.8734971230817274,1,Huff and ML agree
10132568,Šentilj pod Turjakom,Mislinja,0.7380739283576411,Mislinja,0.8466598292041997,1,Huff and ML agree
10132576,Šmartno pri Slovenj Gradcu,Slovenj Gradec,0.7194075139508811,Slovenj Gradec,0.7806997205763837,1,Huff and ML agree
10132584,Šmiklavž,Slovenj Gradec,0.26828069055538895,Slovenj Gradec,0.2714128848271748,1,Huff and ML agree
10132592,Tolsti Vrh pri Mislinji,Mislinja,0.26201571949911345,Mislinja,0.3301272687896765,1,Huff and ML agree
10132606,Tomaška vas,Slovenj Gradec,0.48131036851839015,Slovenj Gradec,0.5824996204097462,1,Huff and ML agree
10132614,Troblje,Slovenj Gradec,0.8040317747025356,Slovenj Gradec,0.8807141375550558,1,Huff and ML agree
10132622,Turiška vas,Slovenj Gradec,0.36425021277495945,Slovenj Gradec,0.4927499661760708,1,Huff and ML agree
10132649,Vodriž,Slovenj Gradec,0.2883775387552491,Slovenj Gradec,0.3340171288271797,1,Huff and ML agree
10132657,Vrhe,Slovenj Gradec,0.3125331691826899,Slovenj Gradec,0.4484062461615823,1,Huff and ML agree
10132665,Završe,Velenje,0.12249958914822408,Velenje,0.163432465116859,1,Huff and ML agree
10132673,Zgornji Razbor,Slovenj Gradec,0.07380942513325668,Slovenj Gradec,0.1675645558099042,1,Huff and ML agree
10132681,Bojtina,Slovenska Bistrica,0.1244070988863386,Maribor,0.2098184353368811,0,Huff and ML disagree
10132690,Božje,Slovenske Konjice,0.1767630112623003,Zreče,0.1535938650677801,0,Huff and ML disagree
10132703,Brezje pri Oplotnici,Zreče,0.390393141547682,Zreče,0.2745069264560206,1,Huff and ML agree
10132711,Brezje pri Poljčanah,Slovenska Bistrica,0.15068796574183507,Slovenska Bistrica,0.1474271174342812,1,Huff and ML agree
10132720,Brezje pri Slov. Bistrici,Slovenska Bistrica,0.19158344392374121,Slovenska Bistrica,0.2478318294355121,1,Huff and ML agree
10132738,Bukovec,Maribor,0.3638078027193668,Maribor,0.288361506132671,1,Huff and ML agree
10132746,Cezlak,Slovenske Konjice,0.21641305457920437,Slovenske Konjice,0.1355609649570756,1,Huff and ML agree
10132754,Cigonca,Slovenska Bistrica,0.707483384807539,Slovenska Bistrica,0.6485228815940223,1,Huff and ML agree
10132762,Čadram,Oplotnica,0.5568645083309659,Oplotnica,0.585595843592191,1,Huff and ML agree
10132789,Čadramska vas,Poljčane,0.394528860462586,Poljčane,0.4367307187735879,1,Huff and ML agree
10132797,Črešnjevec,Slovenska Bistrica,0.5679603261831477,Slovenska Bistrica,0.5187249190888166,1,Huff and ML agree
10132819,Devina,Slovenska Bistrica,0.800882326662703,Slovenska Bistrica,0.795516325099167,1,Huff and ML agree
10132827,Dežno pri Makolah,Ptuj,0.139148385977835,Ptuj,0.1584610605821835,1,Huff and ML agree
10132835,Dobriška vas,Slovenske Konjice,0.40573838049897515,Slovenske Konjice,0.2863407808518903,1,Huff and ML agree
10132843,Dobrova pri Prihovi,Slovenske Konjice,0.3438028360324074,Slovenske Konjice,0.2910195931976459,1,Huff and ML agree
10132851,Dolgi Vrh,Slovenska Bistrica,0.199111369149671,Slovenska Bistrica,0.231384556302339,1,Huff and ML agree
10132860,Drumlažno,Slovenska Bistrica,0.19770315159692134,Slovenska Bistrica,0.2360465624396652,1,Huff and ML agree
10132878,Farovec,Maribor,0.18409146260667125,Slovenska Bistrica,0.2078839748615871,0,Huff and ML disagree
10132886,Fošt,Slovenska Bistrica,0.19240768859027615,Slovenska Bistrica,0.2639110829221493,1,Huff and ML agree
10132894,Frajhajm,Maribor,0.16574268493912175,Maribor,0.2752094672385005,1,Huff and ML agree
10132908,Gabernik,Slovenska Bistrica,0.3324959917473975,Slovenska Bistrica,0.3134482271804773,1,Huff and ML agree
10132916,Gaj,Maribor,0.2748072217613095,Maribor,0.1868839803935651,1,Huff and ML agree
10132924,Gladomes,Slovenska Bistrica,0.2542837917251541,Slovenska Bistrica,0.285608084955005,1,Huff and ML agree
10132932,Globoko ob Dravinji,Slovenska Bistrica,0.1306075066171125,Ptuj,0.1200182058536727,0,Huff and ML disagree
10132959,Gorica pri Oplotnici,Oplotnica,0.5418979385520309,Oplotnica,0.4829038439688937,1,Huff and ML agree
10132967,Hošnica,Slovenska Bistrica,0.14859287119204556,Slovenska Bistrica,0.1851346794244078,1,Huff and ML agree
10132975,Hrastovec pod Bočem,Ptuj,0.10338357170941215,Ptuj,0.1335999749108191,1,Huff and ML agree
10132983,Jelovec pri Makolah,Makole,0.21276068131174306,Makole,0.2032736778529617,1,Huff and ML agree
10132991,Ješovec,Slovenska Bistrica,0.14849685000766655,Slovenska Bistrica,0.2086004258228736,1,Huff and ML agree
10133009,Jurišna vas,Slovenska Bistrica,0.15931729463601874,Slovenska Bistrica,0.2755459591947055,1,Huff and ML agree
10133017,Kalše,Maribor,0.22863704498882423,Slovenska Bistrica,0.2415403455592488,0,Huff and ML disagree
10133025,Kebelj,Slovenske Konjice,0.15881811675275873,Slovenska Bistrica,0.1443107303442043,0,Huff and ML disagree
10133033,Klopce,Slovenska Bistrica,0.7159520940751315,Slovenska Bistrica,0.6422252470446285,1,Huff and ML agree
10133041,Kočno ob Ložnici,Slovenska Bistrica,0.19953635278574364,Slovenska Bistrica,0.2637191946559402,1,Huff and ML agree
10133050,Kočno pri Polskavi,Maribor,0.2663042753978886,Slovenska Bistrica,0.2572148137883578,0,Huff and ML disagree
10133068,Koritno,Slovenske Konjice,0.2634167487069841,Zreče,0.1542732011628877,0,Huff and ML disagree
10133076,Korplje,Slovenska Bistrica,0.35469452728416173,Slovenska Bistrica,0.3443689396288246,1,Huff and ML agree
10133084,Kostanjevec,Slovenska Bistrica,0.483828742458935,Slovenska Bistrica,0.4324216749974739,1,Huff and ML agree
10133092,Kot na Pohorju,Maribor,0.09696724213206051,Maribor,0.1779112813834435,1,Huff and ML agree
10133106,Kovača vas,Slovenska Bistrica,0.707483384807539,Slovenska Bistrica,0.6733961298201967,1,Huff and ML agree
10133114,Kovaški Vrh,Slovenske Konjice,0.27941069168819604,Zreče,0.1961380898612601,0,Huff and ML disagree
10133122,Krasna,Slovenska Bistrica,0.13260977994544906,Slovenska Bistrica,0.1258767255984386,1,Huff and ML agree
10133149,Križeča vas,Slovenska Bistrica,0.1383384697750306,Slovenska Bistrica,0.1342909765540697,1,Huff and ML agree
10133157,Lačna Gora,Oplotnica,0.3533857540872481,Oplotnica,0.3969702757580032,1,Huff and ML agree
10133165,Laporje,Slovenska Bistrica,0.3596436082011815,Slovenska Bistrica,0.3502572546669597,1,Huff and ML agree
10133173,Leskovec,Slovenska Bistrica,0.36901527979817567,Slovenska Bistrica,0.3497538656416889,1,Huff and ML agree
10133181,Levič,Slovenske Konjice,0.23783171132254047,Slovenska Bistrica,0.2719480253266026,0,Huff and ML disagree
10133190,Ljubično,Rogaška Slatina,0.16716465675193048,Poljčane,0.1208351067474566,0,Huff and ML disagree
10133203,Lokanja vas,Slovenska Bistrica,0.717781652253633,Slovenska Bistrica,0.6693764264823542,1,Huff and ML agree
10133211,Lovnik,Rogaška Slatina,0.29361359006729854,Rogaška Slatina,0.1976626127298865,1,Huff and ML agree
10133220,Ložnica,Slovenska Bistrica,0.15710548359390258,Slovenska Bistrica,0.150834304095924,1,Huff and ML agree
10133238,Lukanja,Maribor,0.1031000544951264,Maribor,0.1628088740803375,1,Huff and ML agree
10133246,Lušečka vas,Poljčane,0.21641175475267838,Poljčane,0.2136903039849504,1,Huff and ML agree
10133254,Makole,Makole,0.9990215768565734,Makole,1.0,1,Huff and ML agree
10133262,Malahorna,Slovenske Konjice,0.42127767231349234,Slovenske Konjice,0.2406854677402092,1,Huff and ML agree
10133289,Malo Tinje,Slovenska Bistrica,0.19890542175239426,Slovenska Bistrica,0.2654979891074431,1,Huff and ML agree
10133297,Markečica,Slovenske Konjice,0.44985187606298316,Slovenske Konjice,0.3149618680173143,1,Huff and ML agree
10133319,Modraže,Slovenska Bistrica,0.1292416667861799,Slovenska Bistrica,0.1272548982625798,1,Huff and ML agree
10133327,Modrič,Slovenske Konjice,0.19108558246555077,Slovenska Bistrica,0.1569109640838026,0,Huff and ML disagree
10133335,Mostečno,Ptuj,0.1537391084596252,Ptuj,0.1615531698384029,1,Huff and ML agree
10133343,Nadgrad,Slovenske Konjice,0.11073608154785164,Slovenska Bistrica,0.1311092606802374,0,Huff and ML disagree
10133351,Novake,Slovenska Bistrica,0.132691377619286,Slovenska Bistrica,0.1226112218302315,1,Huff and ML agree
10133360,Ogljenšak,Slovenska Bistrica,0.3596436082011815,Slovenska Bistrica,0.3148814695899477,1,Huff and ML agree
10133378,Okoška Gora,Slovenske Konjice,0.20941042264027035,Slovenska Bistrica,0.2559678660300774,0,Huff and ML disagree
10133386,Oplotnica,Oplotnica,0.9926769041621568,Oplotnica,1.0,1,Huff and ML agree
10133394,Ošelj,Slovenska Bistrica,0.13571859158048352,Slovenska Bistrica,0.2021553055996976,1,Huff and ML agree
10133408,Pečke,Ptuj,0.1537084866590243,Ptuj,0.1572310055473065,1,Huff and ML agree
10133416,Planina pod Šumikom,Maribor,0.13718184576245757,Maribor,0.1929861034618552,1,Huff and ML agree
10133424,Pobrež,Slovenske Konjice,0.45819938297339635,Slovenske Konjice,0.35276948886496,1,Huff and ML agree
10133432,Podboč,Rogaška Slatina,0.16859446142824158,Poljčane,0.1930990727365624,0,Huff and ML disagree
10133459,Podgrad na Pohorju,Slovenske Konjice,0.19068340518094307,Slovenske Konjice,0.1253685612298524,1,Huff and ML agree
10133467,Pokoše,Slovenska Bistrica,0.5374778290970607,Slovenska Bistrica,0.4403684737006049,1,Huff and ML agree
10133475,Poljčane,Poljčane,0.9895345001977524,Poljčane,1.0,1,Huff and ML agree
10133483,Pragersko,Maribor,0.24984102193801616,Slovenska Bistrica,0.2221034360375547,0,Huff and ML disagree
10133491,Preloge,Slovenske Konjice,0.3470656970304791,Slovenska Bistrica,0.2777948362721114,0,Huff and ML disagree
10133505,Prepuž,Slovenska Bistrica,0.32720160132572673,Slovenska Bistrica,0.3098984612972872,1,Huff and ML agree
10133513,Pretrež,Slovenska Bistrica,0.19477653438725573,Slovenska Bistrica,0.2468390273919215,1,Huff and ML agree
10133521,Prihova,Slovenske Konjice,0.33491719251619523,Slovenske Konjice,0.1798712023893472,1,Huff and ML agree
10133530,Raskovec,Slovenske Konjice,0.33905383978156584,Slovenske Konjice,0.1980920286216858,1,Huff and ML agree
10133548,Razgor pri Žabljeku,Slovenska Bistrica,0.28224508236731427,Slovenska Bistrica,0.2969826301630969,1,Huff and ML agree
10133556,Rep,Slovenska Bistrica,0.15725309327242662,Slovenska Bistrica,0.2372491469650512,1,Huff and ML agree
10133564,Ritoznoj,Slovenska Bistrica,0.6177677585117266,Slovenska Bistrica,0.5963743892368706,1,Huff and ML agree
10133572,Savinsko,Ptuj,0.17527541131452565,Ptuj,0.1864889373470508,1,Huff and ML agree
10133599,Sele pri Polskavi,Slovenska Bistrica,0.36698331572606546,Slovenska Bistrica,0.2861087018807374,1,Huff and ML agree
10133602,Sevec,Slovenska Bistrica,0.3336748804158457,Slovenska Bistrica,0.3097547369149903,1,Huff and ML agree
10133629,Slovenska Bistrica,Slovenska Bistrica,0.9962396779944379,Slovenska Bistrica,1.0,1,Huff and ML agree
10133637,Smrečno,Slovenska Bistrica,0.13644558126743248,Slovenska Bistrica,0.1990848340991858,1,Huff and ML agree
10133645,Spodnja Brežnica,Slovenska Bistrica,0.13694420667791685,Slovenska Bistrica,0.1978269302810201,1,Huff and ML agree
10133653,Spodnja Ložnica,Slovenska Bistrica,0.6114796108711323,Slovenska Bistrica,0.5752296855847994,1,Huff and ML agree
10133661,Spodnja Nova vas,Slovenska Bistrica,0.7526924576164781,Slovenska Bistrica,0.7094439111976786,1,Huff and ML agree
10133670,Spodnja Polskava,Maribor,0.2995099797131316,Maribor,0.2440292534320151,1,Huff and ML agree
10133688,Spodnje Poljčane,Poljčane,0.7387431400318616,Poljčane,0.7558825524199767,1,Huff and ML agree
10133696,Spodnje Prebukovje,Slovenska Bistrica,0.5201325581880244,Slovenska Bistrica,0.5151816913181425,1,Huff and ML agree
10133700,Stanovsko,Slovenska Bistrica,0.1641497272335686,Poljčane,0.1751360266030593,0,Huff and ML disagree
10133718,Stari Grad,Rogaška Slatina,0.21479666016583884,Rogaška Slatina,0.1569428148587556,1,Huff and ML agree
10133726,Stari Log,Slovenska Bistrica,0.2104035266393029,Slovenska Bistrica,0.2575768769549024,1,Huff and ML agree
10133734,Stopno,Majšperk,0.20156244811188503,Ptuj,0.185326483739358,0,Huff and ML disagree
10133742,Stranske Makole,Makole,0.3755306898730793,Makole,0.3372261573868332,1,Huff and ML agree
10133769,Straža pri Oplotnici,Slovenske Konjice,0.29874559512392224,Slovenska Bistrica,0.1681619078812564,0,Huff and ML disagree
10133777,Strug,Ptuj,0.17502339585409885,Ptuj,0.1878021717497703,1,Huff and ML agree
10133785,Studenice,Slovenska Bistrica,0.1181194007232562,Slovenska Bistrica,0.1125290788135654,1,Huff and ML agree
10133793,Šentovec,Slovenska Bistrica,0.7442497190921712,Slovenska Bistrica,0.6974352951702408,1,Huff and ML agree
10133807,Šmartno na Pohorju,Slovenska Bistrica,0.1970935872183576,Slovenska Bistrica,0.274465180975193,1,Huff and ML agree
10133815,Štatenberg,Slovenska Bistrica,0.15396130784442824,Slovenska Bistrica,0.1595704481042015,1,Huff and ML agree
10133823,Tinjska Gora,Slovenska Bistrica,0.32720160132572673,Slovenska Bistrica,0.3452145324187041,1,Huff and ML agree
10133831,Trnovec pri Slovenski Bistrici,Slovenska Bistrica,0.19240768859027615,Slovenska Bistrica,0.228695443603531,1,Huff and ML agree
10133840,Turiška vas na Pohorju,Slovenska Bistrica,0.20201311895878402,Slovenska Bistrica,0.3103704947328614,1,Huff and ML agree
10133858,Ugovec,Slovenske Konjice,0.28087925839071654,Slovenska Bistrica,0.2084515736028638,0,Huff and ML disagree
10133866,Urh,Slovenska Bistrica,0.14061577137009068,Slovenska Bistrica,0.2032529280781799,1,Huff and ML agree
10133874,Varoš,Ptuj,0.16987961618346736,Ptuj,0.1648362082427382,1,Huff and ML agree
10133882,Veliko Tinje,Slovenska Bistrica,0.2104035266393029,Slovenska Bistrica,0.3116892149837625,1,Huff and ML agree
10133904,Videž,Slovenska Bistrica,0.5756690976237231,Slovenska Bistrica,0.5374559273371002,1,Huff and ML agree
10133912,Vinarje,Slovenske Konjice,0.33320474489265584,Slovenska Bistrica,0.2695863992930032,0,Huff and ML disagree
10133939,Visole,Slovenska Bistrica,0.5865154028271446,Slovenska Bistrica,0.5706680626276024,1,Huff and ML agree
10133947,Vrhloga,Slovenska Bistrica,0.3335810986456968,Slovenska Bistrica,0.3245294951216639,1,Huff and ML agree
10133955,Vrhole pri Laporju,Slovenska Bistrica,0.13294702104001868,Slovenska Bistrica,0.1480359180791108,1,Huff and ML agree
10133963,Vrhole pri Slov. Konjicah,Slovenska Bistrica,0.48928019043538057,Slovenska Bistrica,0.4129313751787575,1,Huff and ML agree
10133971,Zgornja Bistrica,Slovenska Bistrica,0.7420485654342791,Slovenska Bistrica,0.7279192745528014,1,Huff and ML agree
10133980,Zgornja Brežnica,Slovenska Bistrica,0.2105463579589419,Slovenska Bistrica,0.2673057702654504,1,Huff and ML agree
10133998,Zgornja Ložnica,Slovenska Bistrica,0.482123749946382,Slovenska Bistrica,0.4226720242404779,1,Huff and ML agree
10134005,Zgornja Nova vas,Slovenska Bistrica,0.32717196803972615,Slovenska Bistrica,0.3765825365640504,1,Huff and ML agree
10134013,Zgornja Polskava,Slovenska Bistrica,0.4877252065918768,Slovenska Bistrica,0.375860023104579,1,Huff and ML agree
10134021,Zgornje Grušovje,Slovenske Konjice,0.3331789401592696,Slovenske Konjice,0.2156330019404407,1,Huff and ML agree
10134030,Zgornje Poljčane,Poljčane,0.26846782370767935,Poljčane,0.2992192434957597,1,Huff and ML agree
10134048,Zgornje Prebukovje,Slovenska Bistrica,0.3324959917473975,Slovenska Bistrica,0.384814895086816,1,Huff and ML agree
10134056,Zlakova,Zreče,0.6293392661445872,Zreče,0.660406202048744,1,Huff and ML agree
10134064,Zlogona Gora,Oplotnica,0.3307878434366191,Oplotnica,0.3219862157230999,1,Huff and ML agree
10134072,Zlogona vas,Slovenske Konjice,0.27936811985205096,Oplotnica,0.1985828223816188,0,Huff and ML disagree
10134099,Žabljek,Slovenska Bistrica,0.36282056940421015,Slovenska Bistrica,0.3583096521242511,1,Huff and ML agree
10134102,Križni Vrh,Slovenska Bistrica,0.3681776348064199,Slovenska Bistrica,0.367732277530602,1,Huff and ML agree
10134129,Bezina,Slovenske Konjice,0.6959475265396436,Slovenske Konjice,0.61733433376611,1,Huff and ML agree
10134137,Bezovje nad Zrečami,Zreče,0.41212924448685323,Zreče,0.4141125212252621,1,Huff and ML agree
10134145,Blato,Slovenske Konjice,0.8235820337330709,Slovenske Konjice,0.8357775976609859,1,Huff and ML agree
10134153,Boharina,Zreče,0.31470193039545397,Zreče,0.3602454570604005,1,Huff and ML agree
10134161,Brdo,Slovenske Konjice,0.5592924987171254,Slovenske Konjice,0.478254358664476,1,Huff and ML agree
10134170,Breg pri Konjicah,Slovenske Konjice,0.7168337318358876,Slovenske Konjice,0.689997072472231,1,Huff and ML agree
10134188,Brezen,Celje,0.09293761859000213,Celje,0.1053195687650681,1,Huff and ML agree
10134196,Brezje pri Ločah,Slovenske Konjice,0.32028192050135984,Slovenske Konjice,0.2362867765330722,1,Huff and ML agree
10134200,Bukovlje,Zreče,0.37744538831268903,Zreče,0.3053584099237553,1,Huff and ML agree
10134218,Črešnova,Zreče,0.470443726733581,Zreče,0.4884945233411057,1,Huff and ML agree
10134226,Dobrava pri Konjicah,Slovenske Konjice,0.900392089206045,Slovenske Konjice,0.8917840700577491,1,Huff and ML agree
10134234,Dobrnež,Slovenske Konjice,0.7208217181084229,Slovenske Konjice,0.6665494852499175,1,Huff and ML agree
10134242,Draža vas,Slovenske Konjice,0.35965024626089154,Slovenske Konjice,0.3049040806525783,1,Huff and ML agree
10134269,Gabrovlje,Slovenske Konjice,0.6681670195315083,Slovenske Konjice,0.4821204442610212,1,Huff and ML agree
10134277,Gabrovnik,Slovenske Konjice,0.7069795919227766,Slovenske Konjice,0.6290131991055273,1,Huff and ML agree
10134285,Gorenje pri Zrečah,Zreče,0.3655668724870446,Zreče,0.367294622347447,1,Huff and ML agree
10134293,Gračič,Zreče,0.5763414600391249,Zreče,0.5207119749718241,1,Huff and ML agree
10134307,Hudinja,Velenje,0.07738529272032729,Celje,0.0835343834465536,0,Huff and ML disagree
10134315,Sveti Jernej,Slovenske Konjice,0.2807467206617986,Slovenske Konjice,0.1525398171076875,1,Huff and ML agree
10134323,Kamna Gora,Slovenske Konjice,0.32170417050556643,Slovenske Konjice,0.2828031106526199,1,Huff and ML agree
10134331,Klokočovnik,Slovenske Konjice,0.34744912307246617,Slovenske Konjice,0.2233514067650905,1,Huff and ML agree
10134340,Koble,Slovenske Konjice,0.33591130378023243,Slovenske Konjice,0.2029467217766099,1,Huff and ML agree
10134358,Kolačno,Slovenske Konjice,0.34744912307246617,Slovenske Konjice,0.2170304485181282,1,Huff and ML agree
10134366,Konjiška vas,Slovenske Konjice,0.6959475265396436,Slovenske Konjice,0.6350214730990489,1,Huff and ML agree
10134374,Koroška vas na Pohorju,Zreče,0.3085175596449752,Zreče,0.3148190823871029,1,Huff and ML agree
10134382,Kraberk,Slovenske Konjice,0.34508043159962054,Slovenske Konjice,0.2485984535277048,1,Huff and ML agree
10134404,Spodnji Jernej,Slovenske Konjice,0.264714920650289,Slovenske Konjice,0.1480651994789691,1,Huff and ML agree
10134412,Križevec,Zreče,0.48354530703172827,Zreče,0.4110998194265156,1,Huff and ML agree
10134439,Ličenca,Slovenske Konjice,0.2920527694129873,Slovenska Bistrica,0.2385452313141409,0,Huff and ML disagree
10134447,Lipoglav,Slovenske Konjice,0.2967779386753034,Slovenske Konjice,0.1853206607488836,1,Huff and ML agree
10134455,Ljubnica,Slovenske Konjice,0.2279474393448839,Zreče,0.1821572576767951,0,Huff and ML disagree
10134463,Loče,Slovenske Konjice,0.33832620584652706,Slovenske Konjice,0.2081492640343381,1,Huff and ML agree
10134471,Loška gora pri Zrečah,Slovenske Konjice,0.1809209889034489,Zreče,0.1878952042728266,0,Huff and ML disagree
10134480,Mali Breg,Slovenske Konjice,0.29874559512392224,Slovenske Konjice,0.17744296592567,1,Huff and ML agree
10134498,Mlače,Slovenske Konjice,0.29814496553686526,Slovenske Konjice,0.1735266907618048,1,Huff and ML agree
10134501,Nova vas pri Konjicah,Slovenske Konjice,0.5141366795322366,Slovenske Konjice,0.4126829240283164,1,Huff and ML agree
10134510,Novo Tepanje,Slovenske Konjice,0.4456560659822218,Slovenske Konjice,0.331220822273595,1,Huff and ML agree
10134528,Ostrožno pri Ločah,Slovenske Konjice,0.24061879058549762,Slovenske Konjice,0.1396102293297881,1,Huff and ML agree
10134536,Padeški Vrh,Slovenske Konjice,0.19076002084858845,Zreče,0.2010631510088187,0,Huff and ML disagree
10134544,Paka,Velenje,0.09986808387749413,Velenje,0.0962743728425693,1,Huff and ML agree
10134552,Penoje,Slovenske Konjice,0.29313187467679674,Slovenske Konjice,0.1634707701994595,1,Huff and ML agree
10134579,Perovec,Slovenske Konjice,0.3586237408499924,Slovenske Konjice,0.2996951424364098,1,Huff and ML agree
10134587,Petelinjek pri Ločah,Slovenske Konjice,0.29874559512392224,Slovenske Konjice,0.1712997743810268,1,Huff and ML agree
10134595,Planina na Pohorju,Slovenske Konjice,0.11117688439783274,Zreče,0.1417605707336496,0,Huff and ML disagree
10134609,Podob,Slovenske Konjice,0.3442272726896092,Slovenske Konjice,0.2342648942308288,1,Huff and ML agree
10134617,Podpeč ob Dravinji,Slovenske Konjice,0.18649926909861306,Slovenske Konjice,0.1033075484863521,1,Huff and ML agree
10134625,Polene,Slovenske Konjice,0.702203392591978,Slovenske Konjice,0.6595206425258783,1,Huff and ML agree
10134633,Preloge pri Konjicah,Slovenske Konjice,0.7322307659513794,Slovenske Konjice,0.7298599205573151,1,Huff and ML agree
10134641,Prežigal,Slovenske Konjice,0.5704880256665985,Slovenske Konjice,0.5334856356790062,1,Huff and ML agree
10134650,Radana vas,Zreče,0.6650251784787801,Zreče,0.5654967133669224,1,Huff and ML agree
10134668,Resnik,Slovenske Konjice,0.10544985083305819,Zreče,0.1414537229915279,0,Huff and ML disagree
10134676,Selski Vrh,Slovenske Konjice,0.20995755933545668,Slovenske Konjice,0.1181851878559616,1,Huff and ML agree
10134684,Vitanjsko Skomarje,Slovenske Konjice,0.1539247078913175,Zreče,0.1578006079224863,0,Huff and ML disagree
10134692,Slovenske Konjice,Slovenske Konjice,0.9936106799541307,Slovenske Konjice,1.0,1,Huff and ML agree
10134706,Sojek,Slovenske Konjice,0.33320474489265584,Slovenske Konjice,0.2091072257898807,1,Huff and ML agree
10134714,Spodnja Pristava,Slovenske Konjice,0.4254383680047003,Slovenske Konjice,0.3410299742934983,1,Huff and ML agree
10134722,Spodnje Grušovje,Slovenske Konjice,0.3470656970304791,Slovenska Bistrica,0.2071825910748877,0,Huff and ML disagree
10134749,Spodnje Laže,Slovenske Konjice,0.1853618601185164,Slovenska Bistrica,0.102425053013585,0,Huff and ML disagree
10134757,Spodnje Preloge,Slovenske Konjice,0.8277096320121916,Slovenske Konjice,0.8118904022523815,1,Huff and ML agree
10134765,Spodnji Dolič,Velenje,0.13827177374095412,Velenje,0.1068505384208168,1,Huff and ML agree
10134773,Stare Slemene,Slovenske Konjice,0.21559856881994258,Celje,0.1436059320165541,0,Huff and ML disagree
10134781,Stenica,Vitanje,0.19823356078567722,Vitanje,0.1616447000298514,1,Huff and ML agree
10134790,Stranice,Zreče,0.5025771195282404,Zreče,0.4379117825397385,1,Huff and ML agree
10134803,Strtenik,Slovenske Konjice,0.5425596871193342,Slovenske Konjice,0.4363512611756179,1,Huff and ML agree
10134811,Suhadol,Slovenske Konjice,0.34842316533402806,Slovenske Konjice,0.2285521413707069,1,Huff and ML agree
10134820,Škalce,Slovenske Konjice,0.8082768729677778,Slovenske Konjice,0.8063428186289779,1,Huff and ML agree
10134838,Škedenj,Slovenske Konjice,0.3446265851822531,Slovenske Konjice,0.2555441388170998,1,Huff and ML agree
10134846,Špitalič pri Slov. Konjicah,Slovenske Konjice,0.2957525938900005,Slovenske Konjice,0.1874206420624662,1,Huff and ML agree
10134854,Tepanje,Slovenske Konjice,0.5386107878386084,Slovenske Konjice,0.434770995413997,1,Huff and ML agree
10134862,Tepanjski Vrh,Slovenske Konjice,0.6681670195315083,Slovenske Konjice,0.598888659911215,1,Huff and ML agree
10134889,Tolsti Vrh,Slovenske Konjice,0.3349715427975985,Slovenske Konjice,0.2108432520226952,1,Huff and ML agree
10134897,Vešenik,Slovenske Konjice,0.8029960001501835,Slovenske Konjice,0.7764393078142829,1,Huff and ML agree
10134919,Vitanje,Vitanje,0.9956727779992951,Vitanje,1.0,1,Huff and ML agree
10134927,Zbelovo,Slovenske Konjice,0.23858865550062638,Slovenske Konjice,0.1344795038105323,1,Huff and ML agree
10134935,Zbelovska Gora,Rogaška Slatina,0.21826942530364937,Rogaška Slatina,0.1282432420345303,1,Huff and ML agree
10134943,Zeče,Slovenske Konjice,0.71323796527503,Slovenske Konjice,0.5787883891948922,1,Huff and ML agree
10134951,Zgornja Pristava,Slovenske Konjice,0.864353757831165,Slovenske Konjice,0.8881042314744183,1,Huff and ML agree
10134960,Zgornje Laže,Slovenske Konjice,0.18260291848620017,Slovenska Bistrica,0.1482691088471242,0,Huff and ML disagree
10134978,Žiče,Slovenske Konjice,0.3454119165611615,Slovenske Konjice,0.2999407294267199,1,Huff and ML agree
10134986,Zreče,Zreče,0.9928156153831929,Zreče,1.0,1,Huff and ML agree
10134994,Rogla,Maribor,0.07199885584237425,Maribor,0.1434792291769168,1,Huff and ML agree
10135001,Bezovje pri Šentjurju,Šentjur,0.7175920579761808,Šentjur,0.7447478392900175,1,Huff and ML agree
10135010,Bobovo pri Ponikvi,Šentjur,0.13154012630353112,Celje,0.1118756915494689,0,Huff and ML disagree
10135028,Boletina,Šentjur,0.1871659765447927,Šentjur,0.154335464477388,1,Huff and ML agree
10135036,Botričnica,Šentjur,0.8593004850431402,Šentjur,0.8941430477058289,1,Huff and ML agree
10135044,Brdo,Celje,0.08327082529002724,Celje,0.118753160746773,1,Huff and ML agree
10135052,Brezje ob Slomu,Šentjur,0.39310790780649296,Šentjur,0.320838637993925,1,Huff and ML agree
10135079,Brezje pri Dobjem,Dobje,0.36627824225644573,Dobje,0.1495799364077255,1,Huff and ML agree
10135087,Bukovje pri Slivnici,Šentjur,0.20708727071970265,Šentjur,0.2252868184594792,1,Huff and ML agree
10135095,Cerovec,Šentjur,0.3232609454635272,Celje,0.333476366686602,0,Huff and ML disagree
10135109,Črnolica,Šentjur,0.5614939540525757,Šentjur,0.5567735326062281,1,Huff and ML agree
10135117,Dobje pri Lesičnem,Celje,0.08054619747231115,Celje,0.1032141160098031,1,Huff and ML agree
10135125,Dobje pri Planini,Dobje,0.9975719216269451,Dobje,1.0,1,Huff and ML agree
10135133,Dobovec pri Ponikvi,Slovenske Konjice,0.18491752024310096,Celje,0.1140920629707794,0,Huff and ML disagree
10135141,Dobrina,Šentjur,0.08804392461904481,Celje,0.1199745350119131,0,Huff and ML disagree
10135150,Dolga Gora,Slovenske Konjice,0.1790873751055063,Rogaška Slatina,0.117988028291217,0,Huff and ML disagree
10135168,Doropolje,Celje,0.08414087053931438,Celje,0.1054343046102825,1,Huff and ML agree
10135176,Dramlje,Šentjur,0.2760693193649655,Celje,0.2066078557398834,0,Huff and ML disagree
10135184,Drobinsko,Šentjur,0.1703761605901173,Šentjur,0.1803648589375582,1,Huff and ML agree
10135192,Golobinjek pri Planini,Sevnica,0.07579666150354152,Celje,0.1029683463848758,0,Huff and ML disagree
10135206,Gorica pri Dobjem,Šentjur,0.11335089922022229,Celje,0.1270724996425668,0,Huff and ML disagree
10135214,Gorica pri Slivnici,Šentjur,0.39310790780649296,Šentjur,0.3504713930655384,1,Huff and ML agree
10135222,Goričica,Šentjur,0.530139895026649,Šentjur,0.4237408238784572,1,Huff and ML agree
10135249,Grobelno - del,Šentjur,0.5085113486501711,Šentjur,0.4525107670116562,1,Huff and ML agree
10135257,Grušce,Slovenske Konjice,0.2159765459279547,Celje,0.1664908800234603,0,Huff and ML disagree
10135265,Hotunje,Šentjur,0.41751056823485627,Šentjur,0.3418290508293412,1,Huff and ML agree
10135273,Hrastje,Šentjur,0.11118684305652611,Celje,0.1184007481123645,0,Huff and ML disagree
10135281,Hruševec,Šentjur,0.6342017520198359,Šentjur,0.6276303604591542,1,Huff and ML agree
10135290,Hrušovje,Šentjur,0.09402241933493129,Celje,0.1225372843704703,0,Huff and ML disagree
10135303,Jakob pri Šentjurju,Šentjur,0.530139895026649,Šentjur,0.5113719392006019,1,Huff and ML agree
10135311,Jarmovec,Celje,0.2591345341491612,Celje,0.3109992908735112,1,Huff and ML agree
10135320,Javorje,Šentjur,0.1541852084334505,Šentjur,0.1797739745771157,1,Huff and ML agree
10135338,Jazbin Vrh,Šentjur,0.27940330668169905,Šentjur,0.2648450926245017,1,Huff and ML agree
10135346,Jazbine,Slovenske Konjice,0.1790873751055063,Celje,0.1667922647778373,0,Huff and ML disagree
10135354,Jelce,Šentjur,0.1498426412921507,Šentjur,0.1553781059596178,1,Huff and ML agree
10135362,Jezerce pri Dobjem,Šentjur,0.15436945569705257,Šentjur,0.1856399893937864,1,Huff and ML agree
10135389,Kalobje,Šentjur,0.27911095241637307,Šentjur,0.2684869706340722,1,Huff and ML agree
10135397,Kameno,Šentjur,0.7175920579761808,Šentjur,0.749731608578616,1,Huff and ML agree
10135419,Kostrivnica,Šentjur,0.15577980219415313,Celje,0.1777701475063382,0,Huff and ML disagree
10135427,Košnica,Šentjur,0.1302090129998545,Šentjur,0.1328310771273617,1,Huff and ML agree
10135435,Krajnčica,Šentjur,0.610083076154132,Šentjur,0.5388448703439106,1,Huff and ML agree
10135443,Krivica,Celje,0.07065126700656041,Celje,0.0964886204205129,1,Huff and ML agree
10135451,Laze pri Dramljah,Šentjur,0.22223210297417592,Celje,0.2095627167090014,0,Huff and ML disagree
10135460,Lažiše,Celje,0.10445240057843358,Celje,0.1407300292709921,1,Huff and ML agree
10135478,Loka pri Žusmu,Šentjur,0.08804392461904481,Šmarje pri Jelšah,0.12507954307076,0,Huff and ML disagree
10135486,Lokarje,Šentjur,0.7835829614992036,Šentjur,0.7434203253469317,1,Huff and ML agree
10135494,Loke pri Planini,Celje,0.09177400391305245,Celje,0.110515608853666,1,Huff and ML agree
10135508,Lopaca,Celje,0.0884901991670207,Celje,0.107452721738868,1,Huff and ML agree
10135516,Lutrje,Slovenske Konjice,0.207544430084882,Šentjur,0.1553060970269781,0,Huff and ML disagree
10135524,Marija Dobje,Celje,0.26404395254339835,Celje,0.2829127394755404,1,Huff and ML agree
10135532,Okrog,Šmarje pri Jelšah,0.16921290738886158,Šmarje pri Jelšah,0.219637324044729,1,Huff and ML agree
10135559,Osredek,Šentjur,0.375930470027226,Šentjur,0.3304652581622829,1,Huff and ML agree
10135567,Ostrožno pri Ponikvi - del,Šentjur,0.16185183756284602,Šentjur,0.1238587020594267,1,Huff and ML agree
10135575,Paridol,Šentjur,0.15021740258099622,Šentjur,0.18518890151238,1,Huff and ML agree
10135583,Planina pri Sevnici,Celje,0.08138920314357481,Celje,0.1078023100354211,1,Huff and ML agree
10135591,Planinca,Šentjur,0.4695917137770909,Šentjur,0.4219196375294978,1,Huff and ML agree
10135605,Planinska vas,Celje,0.08077868257532023,Celje,0.1046445809085185,1,Huff and ML agree
10135613,Planinski Vrh,Celje,0.07090336976559238,Celje,0.0992733600550946,1,Huff and ML agree
10135621,Pletovarje,Slovenske Konjice,0.3033402095827367,Slovenske Konjice,0.1609768408415506,1,Huff and ML agree
10135630,Podgaj,Šentjur,0.2126757701088887,Šmarje pri Jelšah,0.1987072835269886,0,Huff and ML disagree
10135648,Podgrad,Šentjur,0.8005625578042544,Šentjur,0.7601179707232055,1,Huff and ML agree
10135656,Podlešje,Šentjur,0.21457636402936608,Šentjur,0.2263126475456129,1,Huff and ML agree
10135664,Podlog pod Bohorjem,Celje,0.0696901163334498,Celje,0.0863567854217055,1,Huff and ML agree
10135672,Podpeč nad Marofom,Celje,0.08651945734181733,Celje,0.1217233882447355,1,Huff and ML agree
10135699,Podpeč pri Šentvidu,Celje,0.07285902290421975,Celje,0.0995743439044049,1,Huff and ML agree
10135702,Podvine,Celje,0.07071747988047267,Celje,0.0998052785803551,1,Huff and ML agree
10135729,Ponikva,Šentjur,0.2776007531427377,Šentjur,0.2028955575176922,1,Huff and ML agree
10135737,Ponkvica,Šentjur,0.20887105527426766,Šmarje pri Jelšah,0.216026645209423,0,Huff and ML disagree
10135745,Prapretno,Sevnica,0.07678553874009773,Sevnica,0.1162076962163651,1,Huff and ML agree
10135753,Presečno,Šentjur,0.12391263276632208,Šentjur,0.129712737970686,1,Huff and ML agree
10135761,Primož pri Šentjurju,Šentjur,0.5251269247636349,Šentjur,0.4363028745630397,1,Huff and ML agree
10135770,Proseniško,Celje,0.3586991965804717,Celje,0.426462087954315,1,Huff and ML agree
10135788,Rakitovec,Šentjur,0.3166508803957386,Šentjur,0.2629357412632801,1,Huff and ML agree
10135796,Ravno,Dobje,0.19353446257609103,Celje,0.127418504479443,0,Huff and ML disagree
10135800,Razbor,Šentjur,0.3217753501275064,Šentjur,0.2340984396966255,1,Huff and ML agree
10135818,Repno,Šentjur,0.6533639932743529,Šentjur,0.6210026675792226,1,Huff and ML agree
10135826,Repuš,Dobje,0.19353446257609103,Celje,0.1250839851664802,0,Huff and ML disagree
10135834,Rifnik,Šentjur,0.6637547244415974,Šentjur,0.6722911537394634,1,Huff and ML agree
10135842,Sele,Šentjur,0.21571094344840713,Šentjur,0.2340349858073695,1,Huff and ML agree
10135869,Slatina pri Dobjem,Šentjur,0.10714996704941943,Celje,0.126019593056249,0,Huff and ML disagree
10135877,Slatina pri Ponikvi,Slovenske Konjice,0.18347956306734325,Celje,0.1277407441768883,0,Huff and ML disagree
10135885,Slivnica pri Celju,Šentjur,0.2696263554299744,Šentjur,0.2601193178501704,1,Huff and ML agree
10135893,Sotensko pod Kalobjem,Šentjur,0.5384735107694812,Šentjur,0.5321384793582165,1,Huff and ML agree
10135907,Spodnje Slemene,Celje,0.17557877714043474,Celje,0.2097405088459116,1,Huff and ML agree
10135915,Srževica,Šentjur,0.16466231773703155,Šmarje pri Jelšah,0.1938691681905668,0,Huff and ML disagree
10135923,Stopče,Šentjur,0.666298332199839,Šentjur,0.6680528263940099,1,Huff and ML agree
10135931,Straška Gorca,Celje,0.08133388480514141,Celje,0.1023823211610307,1,Huff and ML agree
10135940,Straža na Gori,Slovenske Konjice,0.18953364485813645,Celje,0.1744075733195848,0,Huff and ML disagree
10135958,Suho,Šentjur,0.13241265444327316,Šentjur,0.1394276761516,1,Huff and ML agree
10135966,Svetelka,Šentjur,0.23078483719145498,Celje,0.2091660511663282,0,Huff and ML disagree
10135974,Šedina,Šentjur,0.2152158510286598,Celje,0.2035222065150471,0,Huff and ML disagree
10135982,Šentjur,Šentjur,0.9922940554329187,Šentjur,1.0,1,Huff and ML agree
10136008,Šentvid pri Planini,Celje,0.07155341832672123,Celje,0.1020559376377674,1,Huff and ML agree
10136016,Šibenik,Šentjur,0.6449342020873859,Šentjur,0.6423333454316713,1,Huff and ML agree
10136024,Škarnice,Dobje,0.19353446257609103,Celje,0.1423220436366482,0,Huff and ML disagree
10136032,Tajhte,Celje,0.09732956391511914,Celje,0.114282967771413,1,Huff and ML agree
10136059,Tratna ob Voglajni,Šentjur,0.3232609454635272,Šentjur,0.290819593155061,1,Huff and ML agree
10136067,Tratna pri Grobelnem,Šentjur,0.4067876224139761,Šentjur,0.3356768892960167,1,Huff and ML agree
10136075,Trno,Šentjur,0.3232609454635272,Šentjur,0.3013846310213379,1,Huff and ML agree
10136083,Trnovec pri Dramljah,Šentjur,0.41866229650029263,Šentjur,0.3066175427178606,1,Huff and ML agree
10136091,Trška Gorca,Šentjur,0.32114082427457347,Šentjur,0.28249690174116,1,Huff and ML agree
10136105,Turno,Šentjur,0.3242420950801095,Šentjur,0.3094577087354019,1,Huff and ML agree
10136113,Uniše,Šentjur,0.31750678170426505,Šentjur,0.2261720266612959,1,Huff and ML agree
10136121,Večje Brdo,Šentjur,0.10453925085201639,Celje,0.1312955882165103,0,Huff and ML disagree
10136130,Vejice,Sevnica,0.07908630536443872,Sevnica,0.1021733109265102,1,Huff and ML agree
10136148,Vezovje,Šentjur,0.38612104268797154,Šentjur,0.341727343006495,1,Huff and ML agree
10136156,Visoče,Celje,0.09052618573097838,Celje,0.111706121145406,1,Huff and ML agree
10136164,Vodice pri Kalobju,Šentjur,0.11118684305652611,Celje,0.1476563844488989,0,Huff and ML disagree
10136172,Vodice pri Slivnici,Šentjur,0.3217753501275064,Šentjur,0.2845011015660049,1,Huff and ML agree
10136199,Vodruž,Šentjur,0.4417396796748873,Šentjur,0.4100785689618711,1,Huff and ML agree
10136202,Voduce,Šentjur,0.15039488525828315,Šentjur,0.1859443399703874,1,Huff and ML agree
10136229,Vodule,Celje,0.17627056003616715,Celje,0.19336593922543,1,Huff and ML agree
10136237,Voglajna,Šentjur,0.3613412095547573,Šentjur,0.3265706596046366,1,Huff and ML agree
10136245,Vrbno,Šentjur,0.8005625578042544,Šentjur,0.741009633869351,1,Huff and ML agree
10136253,Zagaj pri Ponikvi,Slovenske Konjice,0.2575808900699554,Celje,0.1424084944525719,0,Huff and ML disagree
10136261,Zalog pod Uršulo,Slovenske Konjice,0.21604843589407416,Celje,0.1845457481615894,0,Huff and ML disagree
10136270,Završe pri Dobjem,Šentjur,0.11404288519644964,Celje,0.1449871033859995,0,Huff and ML disagree
10136288,Zgornje Selce,Šentjur,0.28850749908621154,Šentjur,0.2218886303090796,1,Huff and ML agree
10136296,Zgornje Slemene,Slovenske Konjice,0.2390748520989006,Celje,0.1762459736001366,0,Huff and ML disagree
10136300,Zlateče pri Šentjurju,Šentjur,0.5183775338535793,Šentjur,0.3773581438783785,1,Huff and ML agree
10136318,Žegar,Šentjur,0.12099254536507714,Šentjur,0.1300886494024065,1,Huff and ML agree
10136326,Sv. Andrej,Kranj,0.19266247009093895,Ljubljana,0.3198450393018681,0,Huff and ML disagree
10136334,Bačne,Gorenja vas-Poljane,0.12838602366209892,Ljubljana,0.2528830497060985,0,Huff and ML disagree
10136342,Binkelj,Škofja Loka,0.8742269260142692,Škofja Loka,0.8700939352444222,1,Huff and ML agree
10136369,Bodovlje,Škofja Loka,0.5082901770875587,Škofja Loka,0.3889288730819773,1,Huff and ML agree
10136377,Brebovnica,Gorenja vas-Poljane,0.14261200985522893,Ljubljana,0.2738488319288527,0,Huff and ML disagree
10136385,Brekovice,Žiri,0.16879137571020575,Žiri,0.3273736179760083,1,Huff and ML agree
10136393,Breznica pod Lubnikom,Kranj,0.18955335303885648,Ljubljana,0.31256534941693,0,Huff and ML disagree
10136407,Breznica pri Žireh,Žiri,0.10863480399324443,Žiri,0.2258167199595482,1,Huff and ML agree
10136415,Brode,Škofja Loka,0.23382842883681282,Ljubljana,0.2899097548787246,0,Huff and ML disagree
10136423,Bukov Vrh,Kranj,0.0920196428873706,Ljubljana,0.3007156207179076,0,Huff and ML disagree
10136431,Bukovica,Kranj,0.22407335527970887,Ljubljana,0.2523080822730747,0,Huff and ML disagree
10136440,Bukovščica,Kranj,0.2929321163683444,Kranj,0.3263125571747785,1,Huff and ML agree
10136458,Crngrob,Škofja Loka,0.5970880482370103,Škofja Loka,0.3810392374818535,1,Huff and ML agree
10136466,Čabrače,Gorenja vas-Poljane,0.10828203310650068,Ljubljana,0.2313001293681395,0,Huff and ML disagree
10136474,Četena Ravan,Kranj,0.1101286701895169,Ljubljana,0.2709152062492149,0,Huff and ML disagree
10136482,Davča,Kranj,0.03988041380473349,Ljubljana,0.2066765376448606,0,Huff and ML disagree
10136504,Debeni,Gorenja vas-Poljane,0.09619809286423432,Ljubljana,0.2282584499121173,0,Huff and ML disagree
10136512,Delnice,Kranj,0.09498524939262554,Ljubljana,0.2810193656409729,0,Huff and ML disagree
10136539,Dobje,Gorenja vas-Poljane,0.3278301864350353,Gorenja vas-Poljane,0.2833261995180737,1,Huff and ML agree
10136547,Dobravšce,Gorenja vas-Poljane,0.4663681016971424,Gorenja vas-Poljane,0.4463474083899468,1,Huff and ML agree
10136555,Dolenčice,Kranj,0.0927767337143098,Ljubljana,0.2739046212339679,0,Huff and ML disagree
10136563,Dolenja Dobrava,Gorenja vas-Poljane,0.6622799294374783,Gorenja vas-Poljane,0.7092245328970866,1,Huff and ML agree
10136571,Dolenja Ravan,Kranj,0.08427437220980968,Ljubljana,0.2664621362790225,0,Huff and ML disagree
10136580,Dolenja vas,Kranj,0.220863602918435,Ljubljana,0.2472840521577809,0,Huff and ML disagree
10136598,Dolenja Žetina,Kranj,0.07420872107017641,Ljubljana,0.2665667196288707,0,Huff and ML disagree
10136601,Dolenje Brdo,Gorenja vas-Poljane,0.19733005738061274,Ljubljana,0.2334599808974444,0,Huff and ML disagree
10136610,Dolge Njive,Ljubljana,0.0952654576991693,Ljubljana,0.358850445361438,1,Huff and ML agree
10136628,Dorfarje,Škofja Loka,0.5856264734631942,Kranj,0.3219932696468391,0,Huff and ML disagree
10136636,Draga,Škofja Loka,0.4325091366851455,Ljubljana,0.3637817128419683,0,Huff and ML disagree
10136644,Dražgoše,Kranj,0.19367469803271622,Ljubljana,0.2190502845537524,0,Huff and ML disagree
10136652,Sveti Florijan nad Škofjo Loko,Kranj,0.16667896901585524,Ljubljana,0.317522816862224,0,Huff and ML disagree
10136679,Forme,Škofja Loka,0.6233671736875083,Škofja Loka,0.3874554635545011,1,Huff and ML agree
10136687,Fužine,Gorenja vas-Poljane,0.12184812286414827,Ljubljana,0.2035218036769714,0,Huff and ML disagree
10136695,Gabrk,Kranj,0.2207050951957511,Ljubljana,0.2950804130139114,0,Huff and ML disagree
10136709,Gabrovo,Kranj,0.22277336323277352,Ljubljana,0.3012267721601684,0,Huff and ML disagree
10136717,Gabrška Gora,Kranj,0.14297721216199236,Ljubljana,0.3100063077340827,0,Huff and ML disagree
10136725,Godešič,Škofja Loka,0.4773566675938923,Ljubljana,0.3135198181322766,0,Huff and ML disagree
10136733,Goli Vrh,Ljubljana,0.06392045732296099,Ljubljana,0.3279098254290674,1,Huff and ML agree
10136741,Golica,Kranj,0.15109855096894287,Ljubljana,0.2619719556325519,0,Huff and ML disagree
10136750,Gorenja Dobrava,Gorenja vas-Poljane,0.5102730271116307,Gorenja vas-Poljane,0.4797356643841032,1,Huff and ML agree
10136768,Gorenja Ravan,Kranj,0.08427437220980968,Ljubljana,0.2664621362790225,0,Huff and ML disagree
10136776,Gorenja vas,Gorenja vas-Poljane,0.9968335499824041,Gorenja vas-Poljane,1.0,1,Huff and ML agree
10136784,Gorenja vas - Reteče,Medvode,0.42905964280979547,Ljubljana,0.3718921174857851,0,Huff and ML disagree
10136792,Gorenja Žetina,Kranj,0.07516212341025348,Ljubljana,0.2663754920373747,0,Huff and ML disagree
10136806,Gorenje Brdo,Gorenja vas-Poljane,0.1565655010513645,Ljubljana,0.2395832698556007,0,Huff and ML disagree
10136814,Goropeke,Žiri,0.2694018651489481,Žiri,0.4291549499084733,1,Huff and ML agree
10136822,Gosteče,Škofja Loka,0.5078052128350601,Ljubljana,0.3009053627308012,0,Huff and ML disagree
10136849,Grenc,Škofja Loka,0.7634082318800784,Škofja Loka,0.635028000567984,1,Huff and ML agree
10136857,Hlavče Njive,Gorenja vas-Poljane,0.13423640456182648,Ljubljana,0.2427410918433326,0,Huff and ML disagree
10136865,Hobovše pri Stari Oselici,Gorenja vas-Poljane,0.05941019861580202,Ljubljana,0.2145418810774648,0,Huff and ML disagree
10136873,Hosta,Škofja Loka,0.7095331560105987,Škofja Loka,0.5305034916686415,1,Huff and ML agree
10136881,Hotavlje,Gorenja vas-Poljane,0.32427805374145124,Gorenja vas-Poljane,0.3074424686150355,1,Huff and ML agree
10136890,Hotovlja,Gorenja vas-Poljane,0.21706863799372778,Ljubljana,0.2485695509897572,0,Huff and ML disagree
10136903,Sv. Petra Hrib,Kranj,0.19090184046226902,Ljubljana,0.3115519564579917,0,Huff and ML disagree
10136911,Izgorje,Idrija,0.07352182338715721,Ljubljana,0.2562746056492931,0,Huff and ML disagree
10136920,Jarčja Dolina,Idrija,0.0449314479509206,Ljubljana,0.2169564977326849,0,Huff and ML disagree
10136938,Jarčje Brdo,Kranj,0.15013837036632643,Ljubljana,0.286049104962353,0,Huff and ML disagree
10136946,Javorje,Kranj,0.1060239078818026,Ljubljana,0.2684565528947665,0,Huff and ML disagree
10136954,Javorjev Dol,Idrija,0.08160165055872806,Ljubljana,0.2005936519481264,0,Huff and ML disagree
10136962,Jazbine,Kranj,0.08155929499242535,Ljubljana,0.2670444295100466,0,Huff and ML disagree
10136989,Jelovica,Kranj,0.05999021924163379,Ljubljana,0.2629629396507407,0,Huff and ML disagree
10136997,Kališe,Kranj,0.16571300630723176,Ljubljana,0.2405590259846021,0,Huff and ML disagree
10137004,Kladje,Gorenja vas-Poljane,0.08160420776293947,Ljubljana,0.2256203502821025,0,Huff and ML disagree
10137012,Knape,Kranj,0.263100240651984,Kranj,0.2844255288817686,1,Huff and ML agree
10137039,Kopačnica,Gorenja vas-Poljane,0.06306736225420347,Ljubljana,0.2264805657675316,0,Huff and ML disagree
10137047,Koprivnik,Kranj,0.040168473638698944,Ljubljana,0.224982310423065,0,Huff and ML disagree
10137055,Kovski Vrh,Kranj,0.11580187430399258,Ljubljana,0.3117852083226398,0,Huff and ML disagree
10137063,Kremenik,Kranj,0.09809647566713654,Ljubljana,0.3390810252590915,0,Huff and ML disagree
10137071,Krivo Brdo,Kranj,0.13981464776305333,Ljubljana,0.2935110829038357,0,Huff and ML disagree
10137080,Križna Gora,Škofja Loka,0.4334562899566272,Škofja Loka,0.3306475158223761,1,Huff and ML agree
10137098,Krnice pri Novakih,Cerkno,0.10096228027311208,Ljubljana,0.2123529911993474,0,Huff and ML disagree
10137101,Lajše,Cerkno,0.09206990371056921,Ljubljana,0.2147407369199271,0,Huff and ML disagree
10137110,Laniše,Idrija,0.04499123640319635,Ljubljana,0.2089651547861622,0,Huff and ML disagree
10137128,Laze,Cerkno,0.09304367279807124,Ljubljana,0.2145534735824185,0,Huff and ML disagree
10137136,Ledinica,Žiri,0.31707494173220385,Žiri,0.4879590417477387,1,Huff and ML agree
10137152,Leskovica,Cerkno,0.06900716894139917,Ljubljana,0.2216367588221094,0,Huff and ML disagree
10137179,Lipica,Škofja Loka,0.5970880482370103,Škofja Loka,0.3664209387727042,1,Huff and ML agree
10137187,Log nad Škofjo Loko,Kranj,0.1884530214588866,Ljubljana,0.2961043533132269,0,Huff and ML disagree
10137195,Lom nad Volčo,Kranj,0.10268461745910443,Ljubljana,0.280825917650314,0,Huff and ML disagree
10137209,Lovsko Brdo,Kranj,0.1086373484001672,Ljubljana,0.2765695554269393,0,Huff and ML disagree
10137217,Lučine,Ljubljana,0.09157684113944166,Ljubljana,0.3502131753496574,1,Huff and ML agree
10137225,Malenski Vrh,Kranj,0.10187262943148463,Ljubljana,0.2641072111496148,0,Huff and ML disagree
10137233,Martinj Vrh,Kranj,0.08116264558898648,Ljubljana,0.2480628113972539,0,Huff and ML disagree
10137241,Mlaka nad Lušo,Kranj,0.1455454594836719,Ljubljana,0.2836144173611205,0,Huff and ML disagree
10137250,Moškrin,Škofja Loka,0.7194343333891073,Škofja Loka,0.6572438015584797,1,Huff and ML agree
10137268,Mrzli Vrh,Idrija,0.08913557172711252,Ljubljana,0.2088342269447441,0,Huff and ML disagree
10137276,Murave,Kranj,0.11486880154014997,Ljubljana,0.2674193573180323,0,Huff and ML disagree
10137284,Na Logu,Kranj,0.1523737997920083,Ljubljana,0.3014873016387341,0,Huff and ML disagree
10137292,Nova Oselica,Cerkno,0.055533664570796566,Ljubljana,0.2071789828120226,0,Huff and ML disagree
10137306,Ojstri Vrh,Železniki,0.1601425617834989,Ljubljana,0.2405868986674675,0,Huff and ML disagree
10137314,Opale,Idrija,0.06914411752792775,Ljubljana,0.2743593669955237,0,Huff and ML disagree
10137322,Osojnica,Žiri,0.21890148768744275,Žiri,0.3963538563800989,1,Huff and ML agree
10137349,Osojnik,Kranj,0.07720325318271055,Ljubljana,0.2400757428479781,0,Huff and ML disagree
10137357,Sv. Ožbolt,Kranj,0.16719060570174893,Ljubljana,0.33463609372088,0,Huff and ML disagree
10137365,Papirnica,Škofja Loka,0.7696818091991057,Škofja Loka,0.672731960143329,1,Huff and ML agree
10137373,Pevno,Škofja Loka,0.704767535975797,Škofja Loka,0.5764538999627206,1,Huff and ML agree
10137381,Podgora,Gorenja vas-Poljane,0.31743584136623154,Gorenja vas-Poljane,0.2815950431470619,1,Huff and ML agree
10137390,Podjelovo Brdo,Cerkno,0.05394314615313761,Ljubljana,0.2085215244080124,0,Huff and ML disagree
10137403,Podklanec,Idrija,0.08412872771906768,Ljubljana,0.2411288170888162,0,Huff and ML disagree
10137411,Podlonk,Kranj,0.10890522131820334,Ljubljana,0.2487377054662686,0,Huff and ML disagree
10137420,Podobeno,Kranj,0.10803576064130026,Ljubljana,0.2754882157571691,0,Huff and ML disagree
10137438,Podporezen,Kranj,0.036601976185584785,Ljubljana,0.2134146083132906,0,Huff and ML disagree
10137446,Podpulfrca,Škofja Loka,0.6816771250365403,Škofja Loka,0.552132533397896,1,Huff and ML agree
10137454,Podvrh,Kranj,0.10439837865308615,Ljubljana,0.2706759154794595,0,Huff and ML disagree
10137462,Poljane nad Škofjo Loko,Gorenja vas-Poljane,0.23832677691286208,Ljubljana,0.2394539188207252,0,Huff and ML disagree
10137489,Potok,Kranj,0.07871988508935324,Ljubljana,0.2428404761306548,0,Huff and ML disagree
10137497,Pozirno,Kranj,0.2336512747006251,Kranj,0.28178653226848,1,Huff and ML agree
10137519,Praprotno,Škofja Loka,0.36626236989205796,Škofja Loka,0.2828919013035929,1,Huff and ML agree
10137527,Predmost,Gorenja vas-Poljane,0.23151541860691174,Ljubljana,0.2417836630679649,0,Huff and ML disagree
10137535,Prelesje,Ljubljana,0.08367067981612049,Ljubljana,0.3424843601694944,1,Huff and ML agree
10137543,Prtovč,Kranj,0.10141428597740221,Ljubljana,0.2554436641682069,0,Huff and ML disagree
10137551,Pungert,Škofja Loka,0.6163535394546066,Škofja Loka,0.3909047507345677,1,Huff and ML agree
10137560,Puštal,Škofja Loka,0.840673999944279,Škofja Loka,0.7472823741972892,1,Huff and ML agree
10137578,Račeva,Žiri,0.1079077243154937,Ljubljana,0.2397092656922246,0,Huff and ML disagree
10137586,Ravne,Kranj,0.05646204878408426,Ljubljana,0.2432295206633797,0,Huff and ML disagree
10137594,Ravne pri Žireh,Idrija,0.09478111094257302,Ljubljana,0.2379232715783304,0,Huff and ML disagree
10137608,Reteče,Medvode,0.4227965836614178,Ljubljana,0.3569303264712474,0,Huff and ML disagree
10137616,Robidnica,Cerkno,0.09872566265137184,Ljubljana,0.211620773373403,0,Huff and ML disagree
10137624,Rovte v Selški dolini,Kranj,0.11575034038732974,Ljubljana,0.2667666191363159,0,Huff and ML disagree
10137632,Rudno,Železniki,0.18959987303732842,Ljubljana,0.21310663995334,0,Huff and ML disagree
10137659,Selca,Kranj,0.18992625264319687,Ljubljana,0.2230154138922127,0,Huff and ML disagree
10137667,Selo,Žiri,0.16841911194823322,Žiri,0.324399813890831,1,Huff and ML agree
10137675,Lajše,Kranj,0.18419946427886605,Ljubljana,0.2327473067786241,0,Huff and ML disagree
10137683,Smoldno,Kranj,0.14086623055859693,Ljubljana,0.2863803963981665,0,Huff and ML disagree
10137691,Smoleva,Železniki,0.255940504643978,Železniki,0.3488764166324696,1,Huff and ML agree
10137705,Sopotnica,Kranj,0.18002944092934078,Ljubljana,0.3187197165501951,0,Huff and ML disagree
10137713,Sovodenj,Cerkno,0.05427557830326275,Ljubljana,0.2050661518651256,0,Huff and ML disagree
10137721,Sovra,Žiri,0.1079077243154937,Ljubljana,0.2131103588780059,0,Huff and ML disagree
10137730,Spodnja Luša,Kranj,0.19229256547069576,Ljubljana,0.2818561885384413,0,Huff and ML disagree
10137748,Spodnja Sorica,Kranj,0.04202704412951153,Ljubljana,0.2277017917259804,0,Huff and ML disagree
10137756,Spodnje Danje,Kranj,0.04206484836473846,Ljubljana,0.2220401244924589,0,Huff and ML disagree
10137764,Srednja vas-Poljane,Gorenja vas-Poljane,0.5433543094207265,Gorenja vas-Poljane,0.5874451870102698,1,Huff and ML agree
10137772,Srednje Brdo,Gorenja vas-Poljane,0.17829420300590035,Ljubljana,0.2119081180387875,0,Huff and ML disagree
10137799,Staniše,Kranj,0.19571032383493098,Ljubljana,0.312853276842795,0,Huff and ML disagree
10137802,Stara Loka,Škofja Loka,0.9752491076969066,Škofja Loka,0.9420580302622624,1,Huff and ML agree
10137829,Stara Oselica,Gorenja vas-Poljane,0.06806615882829793,Ljubljana,0.2281803473613717,0,Huff and ML disagree
10137837,Stirpnik,Kranj,0.18916661655866066,Ljubljana,0.2751894652089672,0,Huff and ML disagree
10137845,Strmica,Kranj,0.32807952173492866,Kranj,0.4039135863041407,1,Huff and ML agree
10137853,Studor,Gorenja vas-Poljane,0.0660575416272249,Ljubljana,0.2274514976886876,0,Huff and ML disagree
10137861,Suha,Škofja Loka,0.7793429171736278,Škofja Loka,0.7034085077320761,1,Huff and ML agree
10137870,Suša,Gorenja vas-Poljane,0.09573083718227761,Ljubljana,0.2523131649426579,0,Huff and ML disagree
10137888,Sv. Barbara,Kranj,0.19093041378503184,Ljubljana,0.3153065313606522,0,Huff and ML disagree
10137896,Sv. Duh,Škofja Loka,0.643753214236759,Škofja Loka,0.4220077088242729,1,Huff and ML agree
10137900,Ševlje,Kranj,0.23816855617687435,Ljubljana,0.2437128636958243,0,Huff and ML disagree
10137918,Škofja Loka,Škofja Loka,0.9982871783556909,Škofja Loka,1.0,1,Huff and ML agree
10137926,Todraž,Gorenja vas-Poljane,0.3252641992951736,Gorenja vas-Poljane,0.2948031645605064,1,Huff and ML agree
10137934,Sv. Tomaž,Kranj,0.18965205018572745,Ljubljana,0.2812172708485383,0,Huff and ML disagree
10137942,Topolje,Kranj,0.2177170422473363,Ljubljana,0.2305544541901283,0,Huff and ML disagree
10137969,Torka,Kranj,0.04498486363233138,Ljubljana,0.2405559317540334,0,Huff and ML disagree
10137977,Trata,Škofja Loka,0.4450978127200601,Ljubljana,0.2713358365682617,0,Huff and ML disagree
10137985,Trebija,Gorenja vas-Poljane,0.16949640316903594,Ljubljana,0.2016888642156783,0,Huff and ML disagree
10137993,Trnje,Škofja Loka,0.8415077211126183,Škofja Loka,0.7975229966198156,1,Huff and ML agree
10138019,Valterski Vrh,Kranj,0.11632614468899062,Ljubljana,0.3270313622276247,0,Huff and ML disagree
10138027,Vešter,Škofja Loka,0.8415077211126183,Škofja Loka,0.7863758941361301,1,Huff and ML agree
10138035,Vincarje,Škofja Loka,0.9441637757716305,Škofja Loka,0.9116287630707895,1,Huff and ML agree
10138043,Vinharje,Kranj,0.09518457840539718,Ljubljana,0.3132590600611772,0,Huff and ML disagree
10138051,Virlog,Škofja Loka,0.8619041817023602,Škofja Loka,0.8618494368656615,1,Huff and ML agree
10138060,Virmaše,Škofja Loka,0.6849577659433541,Škofja Loka,0.4951446407269551,1,Huff and ML agree
10138078,Visoko pri Poljanah,Kranj,0.16756537365721313,Ljubljana,0.2940543877982833,0,Huff and ML disagree
10138086,Volaka,Gorenja vas-Poljane,0.1393733894827668,Ljubljana,0.2188404432961662,0,Huff and ML disagree
10138094,Volča,Gorenja vas-Poljane,0.1393733894827668,Ljubljana,0.2642831038461451,0,Huff and ML disagree
10138108,Zabrdo,Kranj,0.04498486363233138,Ljubljana,0.2405559317540334,0,Huff and ML disagree
10138116,Zabrekve,Kranj,0.18585077166214709,Ljubljana,0.2400069665931892,0,Huff and ML disagree
10138124,Zabrežnik,Gorenja vas-Poljane,0.07209789011555608,Ljubljana,0.2176293213735024,0,Huff and ML disagree
10138132,Zadobje,Ljubljana,0.06441494865577897,Ljubljana,0.3479612097860331,1,Huff and ML agree
10138159,Zakobiljek,Kranj,0.09263848336749687,Ljubljana,0.2818857838682063,0,Huff and ML disagree
10138167,Zala,Kranj,0.0573164888624179,Ljubljana,0.2466977361051491,0,Huff and ML disagree
10138175,Zali Log,Železniki,0.10322104129150793,Ljubljana,0.2266791159686387,0,Huff and ML disagree
10138183,Zapreval,Kranj,0.106632163389023,Ljubljana,0.2751213225203457,0,Huff and ML disagree
10138191,Zgornja Luša,Kranj,0.17271194035260165,Ljubljana,0.2848769975549194,0,Huff and ML disagree
10138205,Zgornja Sorica,Kranj,0.051253086558101416,Ljubljana,0.2227234416989256,0,Huff and ML disagree
10138213,Zgornje Danje,Kranj,0.04265979871108569,Ljubljana,0.2223602682190378,0,Huff and ML disagree
10138221,Zminec,Škofja Loka,0.49609995607215235,Škofja Loka,0.3735687207727718,1,Huff and ML agree
10138230,Žabja vas,Gorenja vas-Poljane,0.47011511072777934,Gorenja vas-Poljane,0.4271820261002611,1,Huff and ML agree
10138248,Železniki,Železniki,0.9944648109807184,Železniki,1.0,1,Huff and ML agree
10138256,Žiri,Žiri,0.9959820359451242,Žiri,1.0,1,Huff and ML agree
10138264,Žirovski Vrh,Žiri,0.09041128156377637,Ljubljana,0.2106647315221129,0,Huff and ML disagree
10138272,Žirovski Vrh Sv. Antona,Gorenja vas-Poljane,0.2055221138039997,Gorenja vas-Poljane,0.2018058135438454,1,Huff and ML agree
10138299,Žirovski Vrh Sv. Urbana,Gorenja vas-Poljane,0.0677516609186495,Ljubljana,0.2607056316849703,0,Huff and ML disagree
10138302,Studeno,Železniki,0.32822823120731875,Železniki,0.3701125070184844,1,Huff and ML agree
10138329,Babna Brda,Šentjur,0.1300476053589024,Šentjur,0.1291336497280809,1,Huff and ML agree
10138337,Babna Gora,Šentjur,0.13480966948425943,Šentjur,0.1226342018631544,1,Huff and ML agree
10138345,Babna Reka,Šmarje pri Jelšah,0.10662674220869839,Šmarje pri Jelšah,0.1907774321056458,1,Huff and ML agree
10138353,Beli Potok pri Lembergu,Rogaška Slatina,0.296872261285901,Rogaška Slatina,0.2027987527904714,1,Huff and ML agree
10138361,Belo,Šmarje pri Jelšah,0.4836700374689707,Šmarje pri Jelšah,0.5525595588151759,1,Huff and ML agree
10138370,Bezgovica,Rogaška Slatina,0.21317340194396256,Rogaška Slatina,0.1576021379965754,1,Huff and ML agree
10138388,Bistrica,Celje,0.06968392160788893,Celje,0.0909677623634525,1,Huff and ML agree
10138396,Bistrica ob Sotli,Bistrica ob Sotli,0.9924212741968377,Bistrica ob Sotli,1.0,1,Huff and ML agree
10138400,Bobovo pri Šmarju,Šmarje pri Jelšah,0.5024551717746096,Šmarje pri Jelšah,0.6176396887901748,1,Huff and ML agree
10138418,Bodrež,Šmarje pri Jelšah,0.24212333269403222,Šmarje pri Jelšah,0.3056723030254676,1,Huff and ML agree
10138426,Bodrišna vas,Šentjur,0.2771100379788327,Šmarje pri Jelšah,0.2562489504111482,0,Huff and ML disagree
10138434,Brecljevo,Šmarje pri Jelšah,0.531559740189827,Šmarje pri Jelšah,0.6669922015305009,1,Huff and ML agree
10138442,Brestovec,Rogaška Slatina,0.7556390222094785,Rogaška Slatina,0.8607258971491885,1,Huff and ML agree
10138469,Brezje pri Lekmarju,Šmarje pri Jelšah,0.20940602092511548,Šmarje pri Jelšah,0.313665497054887,1,Huff and ML agree
10138477,Brezje pri Podplatu,Rogaška Slatina,0.3766076062459904,Rogaška Slatina,0.3394810121493729,1,Huff and ML agree
10138485,Brezovec pri Polju,Kozje,0.11210129723376269,Kozje,0.1388305178542763,1,Huff and ML agree
10138493,Brezovec pri Rogatcu,Rogaška Slatina,0.5698422785449664,Rogaška Slatina,0.4967924361717756,1,Huff and ML agree
10138507,Buče,Kozje,0.1140725806331527,Kozje,0.1293152358933657,1,Huff and ML agree
10138515,Bukovje v Babni Gori,Šentjur,0.16386607079329,Šentjur,0.1604602207860465,1,Huff and ML agree
10138523,Cerovec pod Bočem,Rogaška Slatina,0.7059688080728134,Rogaška Slatina,0.7749467663358913,1,Huff and ML agree
10138531,Cerovec pri Šmarju,Šmarje pri Jelšah,0.4933993496116768,Šmarje pri Jelšah,0.6329949173037273,1,Huff and ML agree
10138540,Ceste,Rogaška Slatina,0.7125973397155236,Rogaška Slatina,0.7679359901612073,1,Huff and ML agree
10138558,Cmereška Gorca,Rogaška Slatina,0.25755841410956704,Rogaška Slatina,0.2165318435255338,1,Huff and ML agree
10138566,Čača vas,Rogaška Slatina,0.5684302273150409,Rogaška Slatina,0.5983548305495661,1,Huff and ML agree
10138574,Črešnjevec ob Bistrici,Krško,0.053322496807752834,Krško,0.089306075113801,1,Huff and ML agree
10138582,Dekmanca,Celje,0.05669813764177447,Rogaška Slatina,0.0925421077928613,0,Huff and ML disagree
10138604,Dobležiče,Podčetrtek,0.07331636232353843,Podčetrtek,0.1073756284085334,1,Huff and ML agree
10138612,Dobovec pri Rogatcu,Rogaška Slatina,0.22322926235476537,Rogaška Slatina,0.2293642974175242,1,Huff and ML agree
10138639,Dol pri Pristavi,Rogaška Slatina,0.3347356464702454,Rogaška Slatina,0.2603727486040715,1,Huff and ML agree
10138647,Dol pri Šmarju,Šmarje pri Jelšah,0.2748265372382515,Šmarje pri Jelšah,0.3947375737967724,1,Huff and ML agree
10138655,Donačka Gora,Rogaška Slatina,0.2608326479676869,Rogaška Slatina,0.2527483399877114,1,Huff and ML agree
10138663,Dragomilo,Šmarje pri Jelšah,0.28523015698828513,Šmarje pri Jelšah,0.3922905696099011,1,Huff and ML agree
10138671,Drensko Rebro,Celje,0.07389011685986684,Kozje,0.0855930277469309,0,Huff and ML disagree
10138680,Drevenik,Rogaška Slatina,0.3724293909892654,Rogaška Slatina,0.3679435454135782,1,Huff and ML agree
10138698,Dvor,Šmarje pri Jelšah,0.5871370827688197,Šmarje pri Jelšah,0.7295226646721554,1,Huff and ML agree
10138701,Gabrce,Rogaška Slatina,0.5042620512000588,Rogaška Slatina,0.497604269537661,1,Huff and ML agree
10138710,Gabrovec pri Kostrivnici,Rogaška Slatina,0.4366206157038946,Rogaška Slatina,0.4321867561760655,1,Huff and ML agree
10138728,Gaj,Šmarje pri Jelšah,0.3692586714463464,Šmarje pri Jelšah,0.4634251096630185,1,Huff and ML agree
10138736,Globoko pri Šmarju,Šmarje pri Jelšah,0.5589918833344002,Šmarje pri Jelšah,0.6908632962366954,1,Huff and ML agree
10138744,Golobinjek ob Sotli,Podčetrtek,0.20193777105091712,Podčetrtek,0.2909806615576111,1,Huff and ML agree
10138752,Gorjane,Krško,0.10348468543155832,Krško,0.1846616181770365,1,Huff and ML agree
10138779,Gornja vas,Šmarje pri Jelšah,0.27417670027438457,Šmarje pri Jelšah,0.3262562940396664,1,Huff and ML agree
10138787,Gostinca,Podčetrtek,0.10546722140090732,Podčetrtek,0.1324819715023572,1,Huff and ML agree
10138795,Gradišče,Kozje,0.1077864960766858,Kozje,0.1449803121306735,1,Huff and ML agree
10138809,Gradiški Dol,Rogaška Slatina,0.5927050700198909,Rogaška Slatina,0.6395808480033445,1,Huff and ML agree
10138817,Grliče,Rogaška Slatina,0.3629645548070368,Rogaška Slatina,0.2850604333983277,1,Huff and ML agree
10138825,Grobelce,Šentjur,0.20633686527535133,Šentjur,0.173845702279601,1,Huff and ML agree
10138833,Grobelno - del,Šentjur,0.47846422714494596,Šentjur,0.3925276608133282,1,Huff and ML agree
10138841,Gubno,Celje,0.06143072215340267,Celje,0.0823181727589866,1,Huff and ML agree
10138850,Hajnsko,Rogaška Slatina,0.4034856341522552,Rogaška Slatina,0.3530326008788607,1,Huff and ML agree
10138868,Hrastje ob Bistrici,Bistrica ob Sotli,0.18417108459759107,Bistrica ob Sotli,0.1128625574724038,1,Huff and ML agree
10138876,Imeno,Podčetrtek,0.3159496916237151,Podčetrtek,0.4329136018169158,1,Huff and ML agree
10138884,Imenska Gorca,Podčetrtek,0.24903464438566922,Podčetrtek,0.339118454122593,1,Huff and ML agree
10138892,Irje,Rogaška Slatina,0.6906174183393291,Rogaška Slatina,0.7565674755942692,1,Huff and ML agree
10138906,Jazbina,Šmarje pri Jelšah,0.4280201357477252,Šmarje pri Jelšah,0.5002281128941243,1,Huff and ML agree
10138914,Jerčin,Rogaška Slatina,0.5060805864304802,Rogaška Slatina,0.5105746731874861,1,Huff and ML agree
10138922,Jerovska vas,Rogaška Slatina,0.2590833477971791,Rogaška Slatina,0.1768283839188465,1,Huff and ML agree
10138949,Ješovec pri Kozjem,Kozje,0.5028288489827359,Kozje,0.6138888977380664,1,Huff and ML agree
10138957,Ješovec pri Šmarju,Šmarje pri Jelšah,0.5587403729855034,Šmarje pri Jelšah,0.705820632387274,1,Huff and ML agree
10138965,Kačji Dol,Rogaška Slatina,0.5312343616414663,Rogaška Slatina,0.537857082313046,1,Huff and ML agree
10138973,Kamence,Rogaška Slatina,0.6167572299839921,Rogaška Slatina,0.6854147036458685,1,Huff and ML agree
10138981,Kamenik,Šmarje pri Jelšah,0.16061584409598909,Šmarje pri Jelšah,0.251500572533847,1,Huff and ML agree
10138990,Kamna Gorca,Rogaška Slatina,0.5927050700198909,Rogaška Slatina,0.6109870660065211,1,Huff and ML agree
10139007,Klake,Kozje,0.10597874735351441,Kozje,0.1233071218600742,1,Huff and ML agree
10139015,Konuško,Rogaška Slatina,0.27239626977854436,Šmarje pri Jelšah,0.2535063710625745,0,Huff and ML disagree
10139023,Koretno,Rogaška Slatina,0.2710913491678448,Šmarje pri Jelšah,0.2551275419175692,0,Huff and ML disagree
10139031,Korpule,Šmarje pri Jelšah,0.6972167055960189,Šmarje pri Jelšah,0.8241552759917296,1,Huff and ML agree
10139040,Kozje,Kozje,0.9975421461261018,Kozje,1.0,1,Huff and ML agree
10139058,Kristan Vrh,Rogaška Slatina,0.48948234437104915,Rogaška Slatina,0.4477542655047298,1,Huff and ML agree
10139066,Križan Vrh,Brežice,0.04667431352009178,Krško,0.0853619575016745,0,Huff and ML disagree
10139074,Krtince,Rogaška Slatina,0.41123840831008,Rogaška Slatina,0.3756009628206151,1,Huff and ML agree
10139082,Kunšperk,Bistrica ob Sotli,0.08747377738471447,Bistrica ob Sotli,0.0832545422933582,1,Huff and ML agree
10139104,Lastnič,Podčetrtek,0.058719809831890186,Rogaška Slatina,0.096122488910734,0,Huff and ML disagree
10139112,Laše,Rogaška Slatina,0.4034856341522552,Rogaška Slatina,0.3038564680027035,1,Huff and ML agree
10139139,Lekmarje,Šmarje pri Jelšah,0.18556226487972782,Šmarje pri Jelšah,0.2713329784086605,1,Huff and ML agree
10139147,Lemberg pri Šmarju,Rogaška Slatina,0.285172054591176,Šmarje pri Jelšah,0.1998722483736228,0,Huff and ML disagree
10139155,Lesično,Celje,0.06471656471629715,Kozje,0.0860907639907831,0,Huff and ML disagree
10139163,Lipovec,Šentjur,0.22194168498096928,Šentjur,0.2119962848624587,1,Huff and ML agree
10139171,Log,Rogaška Slatina,0.12473760369484788,Rogaška Slatina,0.182489379483468,1,Huff and ML agree
10139180,Mala Pristava,Šmarje pri Jelšah,0.5554400939568724,Šmarje pri Jelšah,0.6852798357658045,1,Huff and ML agree
10139198,Male Rodne,Rogaška Slatina,0.6359325078966319,Rogaška Slatina,0.7206959866972288,1,Huff and ML agree
10139201,Mestinje,Rogaška Slatina,0.3670073362107823,Rogaška Slatina,0.2836779793427555,1,Huff and ML agree
10139210,Močle,Šmarje pri Jelšah,0.3449505217415026,Šmarje pri Jelšah,0.4451002663779015,1,Huff and ML agree
10139228,Nezbiše,Rogaška Slatina,0.44070546675738564,Rogaška Slatina,0.4390386059048629,1,Huff and ML agree
10139236,Nimno,Rogaška Slatina,0.42683531646617534,Rogaška Slatina,0.4826247468487765,1,Huff and ML agree
10139244,Nova vas pri Šmarju,Šmarje pri Jelšah,0.22803415427330231,Šmarje pri Jelšah,0.3122221494112941,1,Huff and ML agree
10139252,Orehovec,Rogaška Slatina,0.12265641764988836,Šmarje pri Jelšah,0.1848117457097549,0,Huff and ML disagree
10139279,Ortnice,Celje,0.07348006958457058,Podčetrtek,0.104768300949697,0,Huff and ML disagree
10139287,Osredek pri Podsredi,Krško,0.12547168733666297,Krško,0.2168508427030797,1,Huff and ML agree
10139295,Pecelj,Podčetrtek,0.114107242126292,Podčetrtek,0.1438828589743735,1,Huff and ML agree
10139309,Pečica,Rogaška Slatina,0.2484599438803723,Rogaška Slatina,0.1458717054015973,1,Huff and ML agree
10139317,Pijovci,Šmarje pri Jelšah,0.3280816236232974,Šmarje pri Jelšah,0.4265249168370352,1,Huff and ML agree
10139325,Pilštanj,Kozje,0.11875072560644066,Kozje,0.1476320906396557,1,Huff and ML agree
10139333,Plat,Rogaška Slatina,0.5607023861293208,Rogaška Slatina,0.5510304278805191,1,Huff and ML agree
10139341,Platinovec,Šentjur,0.3217753501275064,Šentjur,0.2414730033279364,1,Huff and ML agree
10139350,Ples,Bistrica ob Sotli,0.052086474953368524,Rogaška Slatina,0.0819501006921733,0,Huff and ML disagree
10139368,Podčetrtek,Podčetrtek,0.9874167209621778,Podčetrtek,1.0,1,Huff and ML agree
10139376,Podplat,Rogaška Slatina,0.49095114853413535,Rogaška Slatina,0.4206920711535115,1,Huff and ML agree
10139384,Podsreda,Kozje,0.13283200561639952,Kozje,0.1782947171165048,1,Huff and ML agree
10139392,Podturn,Rogaška Slatina,0.40785871649238636,Rogaška Slatina,0.3812665838961221,1,Huff and ML agree
10139406,Poklek pri Podsredi,Krško,0.10348468543155832,Krško,0.1824249674624124,1,Huff and ML agree
10139414,Polje ob Sotli,Podčetrtek,0.07331636232353843,Podčetrtek,0.1111159984740998,1,Huff and ML agree
10139422,Polje pri Bistrici,Bistrica ob Sotli,0.22709961421213648,Bistrica ob Sotli,0.1579685504587189,1,Huff and ML agree
10139449,Polžanska Gorca,Rogaška Slatina,0.16716465675193048,Šmarje pri Jelšah,0.1387417024271153,0,Huff and ML disagree
10139457,Polžanska vas,Rogaška Slatina,0.2155839534728474,Šmarje pri Jelšah,0.1711766142768647,0,Huff and ML disagree
10139465,Predel,Šmarje pri Jelšah,0.33562918596143354,Šmarje pri Jelšah,0.4249964344422154,1,Huff and ML agree
10139473,Predenca,Šmarje pri Jelšah,0.7429166744633804,Šmarje pri Jelšah,0.8782460607942103,1,Huff and ML agree
10139481,Prelasko,Podčetrtek,0.14552114778109523,Podčetrtek,0.2002038823495363,1,Huff and ML agree
10139490,Preloge pri Šmarju,Šmarje pri Jelšah,0.47463676738736604,Šmarje pri Jelšah,0.5394949051659612,1,Huff and ML agree
10139503,Pristava pri Lesičnem,Podčetrtek,0.07008220607811899,Podčetrtek,0.0997950723208101,1,Huff and ML agree
10139511,Pristava pri Mestinju,Rogaška Slatina,0.3704183618463408,Rogaška Slatina,0.3210110408952115,1,Huff and ML agree
10139520,Pristavica,Rogaška Slatina,0.648891445380836,Rogaška Slatina,0.7496471171477144,1,Huff and ML agree
10139538,Prnek,Rogaška Slatina,0.7626801740086296,Rogaška Slatina,0.8780242294518159,1,Huff and ML agree
10139546,Pustike,Rogaška Slatina,0.26550458600703236,Šmarje pri Jelšah,0.2273999982164294,0,Huff and ML disagree
10139554,Rajnkovec,Rogaška Slatina,0.7365148075366487,Rogaška Slatina,0.8445380149224094,1,Huff and ML agree
10139562,Rakovec,Šentjur,0.17285759878122897,Šmarje pri Jelšah,0.2307846223269937,0,Huff and ML disagree
10139589,Ratanska vas,Rogaška Slatina,0.7421748464523691,Rogaška Slatina,0.8435166123135581,1,Huff and ML agree
10139597,Rjavica,Rogaška Slatina,0.7125973397155236,Rogaška Slatina,0.7741001947986587,1,Huff and ML agree
10139619,Rogaška Slatina,Rogaška Slatina,0.9954840744385884,Rogaška Slatina,1.0,1,Huff and ML agree
10139627,Rogatec,Rogatec,0.9943916262583091,Rogatec,1.0,1,Huff and ML agree
10139635,Roginska Gorca,Rogaška Slatina,0.25832107803372145,Rogaška Slatina,0.182887334650328,1,Huff and ML agree
10139643,Rudnica,Podčetrtek,0.06313839410149126,Podčetrtek,0.0930266856933123,1,Huff and ML agree
10139651,Sedlarjevo,Podčetrtek,0.08080779429222193,Podčetrtek,0.1279850719967969,1,Huff and ML agree
10139660,Sela,Podčetrtek,0.15204457826978754,Podčetrtek,0.2168204526357469,1,Huff and ML agree
10139678,Senovica,Šmarje pri Jelšah,0.5796349596996673,Šmarje pri Jelšah,0.7035810743788385,1,Huff and ML agree
10139686,Sladka Gora,Rogaška Slatina,0.25886571613891735,Šmarje pri Jelšah,0.1849635730417702,0,Huff and ML disagree
10139708,Sodna vas,Podčetrtek,0.3592721714120017,Podčetrtek,0.3987121794253979,1,Huff and ML agree
10139716,Olimje,Podčetrtek,0.21109196088709997,Podčetrtek,0.3141815753731697,1,Huff and ML agree
10139724,Sotensko pri Šmarju,Šmarje pri Jelšah,0.5056137535000349,Šmarje pri Jelšah,0.6381614944888945,1,Huff and ML agree
10139732,Spodnja Kostrivnica,Rogaška Slatina,0.41145054662475955,Rogaška Slatina,0.3777807001993136,1,Huff and ML agree
10139759,Spodnja Ponkvica,Šmarje pri Jelšah,0.2117984588553482,Šmarje pri Jelšah,0.2661338932719419,1,Huff and ML agree
10139767,Spodnje Mestinje,Rogaška Slatina,0.2932352957451827,Rogaška Slatina,0.2169771807349745,1,Huff and ML agree
10139775,Spodnje Negonje,Rogaška Slatina,0.7269644927797978,Rogaška Slatina,0.8043494607583432,1,Huff and ML agree
10139783,Spodnje Sečovo,Rogaška Slatina,0.7169510149783197,Rogaška Slatina,0.7945769669293153,1,Huff and ML agree
10139791,Spodnje Selce,Šentjur,0.3223112653001731,Šentjur,0.2371467081049987,1,Huff and ML agree
10139805,Spodnje Tinsko,Rogaška Slatina,0.16506506329123366,Rogaška Slatina,0.1432232187862878,1,Huff and ML agree
10139813,Spodnji Gabernik,Rogaška Slatina,0.3406804688937736,Rogaška Slatina,0.2749949625757576,1,Huff and ML agree
10139821,Srebrnik,Bistrica ob Sotli,0.05490912226252099,Rogaška Slatina,0.084226189856354,0,Huff and ML disagree
10139830,Sv. Florijan,Rogaška Slatina,0.4738830596116062,Rogaška Slatina,0.5001326899849926,1,Huff and ML agree
10139848,Stranje,Rogaška Slatina,0.33498532429114375,Šmarje pri Jelšah,0.3483395949079209,0,Huff and ML disagree
10139856,Strmec pri Sv. Florijanu,Rogaška Slatina,0.40785871649238636,Rogaška Slatina,0.4070691009126861,1,Huff and ML agree
10139864,Strtenica,Šmarje pri Jelšah,0.2011347442599152,Šmarje pri Jelšah,0.2839908486697689,1,Huff and ML agree
10139872,Sv. Ema,Rogaška Slatina,0.3750461542013983,Rogaška Slatina,0.3459160235009531,1,Huff and ML agree
10139899,Sv. Jurij,Rogaška Slatina,0.26835079470004053,Rogaška Slatina,0.2490691143948998,1,Huff and ML agree
10139902,Šentvid pri Grobelnem,Šentjur,0.3253362857738374,Šmarje pri Jelšah,0.2509493511894366,0,Huff and ML disagree
10139929,Šerovo,Rogaška Slatina,0.3068357402954437,Šmarje pri Jelšah,0.3485782744861761,0,Huff and ML disagree
10139937,Škofija,Rogaška Slatina,0.2630379257221699,Šmarje pri Jelšah,0.237395045257688,0,Huff and ML disagree
10139945,Šmarje pri Jelšah,Šmarje pri Jelšah,0.9934641788124473,Šmarje pri Jelšah,1.0,1,Huff and ML agree
10139953,Tekačevo,Rogaška Slatina,0.7556390222094785,Rogaška Slatina,0.8551951506617463,1,Huff and ML agree
10139961,Tlake,Rogaška Slatina,0.32475326532321774,Rogaška Slatina,0.299916758955912,1,Huff and ML agree
10139970,Topole,Rogaška Slatina,0.7703378477706372,Rogaška Slatina,0.8927335688089508,1,Huff and ML agree
10139988,Topolovec,Rogaška Slatina,0.3062345577787794,Rogaška Slatina,0.2200331566945863,1,Huff and ML agree
10139996,Topolovo,Celje,0.06344762761531472,Celje,0.0852024284419942,1,Huff and ML agree
10140005,Trebče,Krško,0.060007340323260855,Krško,0.0994856369981632,1,Huff and ML agree
10140013,Trlično,Rogaška Slatina,0.16624169264147523,Rogaška Slatina,0.2119441816428466,1,Huff and ML agree
10140021,Tržišče,Rogaška Slatina,0.71168266166868,Rogaška Slatina,0.7656005800603802,1,Huff and ML agree
10140030,Tuncovec,Rogaška Slatina,0.6945796660121304,Rogaška Slatina,0.7432114025426935,1,Huff and ML agree
10140048,Velike Rodne,Rogaška Slatina,0.7156224759717594,Rogaška Slatina,0.7940807823510311,1,Huff and ML agree
10140056,Verače,Podčetrtek,0.114107242126292,Podčetrtek,0.1398407129023553,1,Huff and ML agree
10140064,Vetrnik,Kozje,0.09895987659013293,Krško,0.1482352370937115,0,Huff and ML disagree
10140072,Vidovica,Rogaška Slatina,0.4067313687807675,Rogaška Slatina,0.4546609078013343,1,Huff and ML agree
10140099,Vinec,Rogaška Slatina,0.6145338133769591,Rogaška Slatina,0.6961921831751926,1,Huff and ML agree
10140102,Sveti Štefan,Šentjur,0.1323136498964051,Šmarje pri Jelšah,0.2082771790455489,0,Huff and ML disagree
10140129,Vinski Vrh pri Šmarju,Šmarje pri Jelšah,0.632178637346424,Šmarje pri Jelšah,0.7876961897796877,1,Huff and ML agree
10140137,Virštanj,Podčetrtek,0.1524029469910322,Podčetrtek,0.2098633818265867,1,Huff and ML agree
10140145,Vodenovo,Šmarje pri Jelšah,0.33562918596143354,Šmarje pri Jelšah,0.4336988637329378,1,Huff and ML agree
10140153,Vojsko,Krško,0.14500919566669537,Krško,0.2141697271202082,1,Huff and ML agree
10140161,Vonarje,Rogaška Slatina,0.3524203537841996,Rogaška Slatina,0.3126334185236307,1,Huff and ML agree
10140170,Vrenska Gorca,Kozje,0.12180740286955516,Kozje,0.1496444467438475,1,Huff and ML agree
10140188,Vrh,Šmarje pri Jelšah,0.3692586714463464,Šmarje pri Jelšah,0.4674768217693225,1,Huff and ML agree
10140196,Vršna vas,Rogaška Slatina,0.1769936738857904,Šmarje pri Jelšah,0.2370755357163188,0,Huff and ML disagree
10140200,Zadrže,Šmarje pri Jelšah,0.7418062647923123,Šmarje pri Jelšah,0.8718707699632365,1,Huff and ML agree
10140218,Zagaj,Bistrica ob Sotli,0.34413736653093835,Bistrica ob Sotli,0.1833293429300598,1,Huff and ML agree
10140226,Zagaj pod Bočem,Rogaška Slatina,0.6161325143672842,Rogaška Slatina,0.6757847436255939,1,Huff and ML agree
10140234,Zagorje,Celje,0.07451300080039364,Celje,0.0812082551683149,1,Huff and ML agree
10140242,Zastranje,Šmarje pri Jelšah,0.6257464941104414,Šmarje pri Jelšah,0.754882607986124,1,Huff and ML agree
10140269,Završe pri Grobelnem,Šentjur,0.38612104268797154,Šentjur,0.2968971999596368,1,Huff and ML agree
10140277,Zdole,Kozje,0.2654975203500112,Kozje,0.3192683253584761,1,Huff and ML agree
10140285,Zeče pri Bučah,Kozje,0.15277804210523455,Kozje,0.1841872592051515,1,Huff and ML agree
10140293,Zgornja Kostrivnica,Rogaška Slatina,0.48140847741433374,Rogaška Slatina,0.4599203651833491,1,Huff and ML agree
10140307,Zgornje Negonje,Rogaška Slatina,0.3779097528254397,Rogaška Slatina,0.4321488118354963,1,Huff and ML agree
10140315,Zgornje Sečovo,Rogaška Slatina,0.5995124379816865,Rogaška Slatina,0.665624312958422,1,Huff and ML agree
10140323,Zgornje Tinsko,Rogaška Slatina,0.11995934860405817,Rogaška Slatina,0.1300370632187924,1,Huff and ML agree
10140331,Zgornji Gabernik,Rogaška Slatina,0.3750461542013983,Rogaška Slatina,0.3203539206708282,1,Huff and ML agree
10140340,Zibika,Rogaška Slatina,0.21872998568674723,Šmarje pri Jelšah,0.1627359704445439,0,Huff and ML disagree
10140358,Zibiška vas,Rogaška Slatina,0.2525613776339298,Rogaška Slatina,0.1726092751074152,1,Huff and ML agree
10140366,Žahenberc,Rogaška Slatina,0.25609410405828703,Rogaška Slatina,0.2453444643424656,1,Huff and ML agree
10140374,Avsa,Kobarid,0.11791463891311559,Kobarid,0.2253497975547973,1,Huff and ML agree
10140382,Bača pri Modreju,Tolmin,0.43137809848528186,Tolmin,0.5947758339946138,1,Huff and ML agree
10140404,Bača pri Podbrdu,Ljubljana,0.03342419185413124,Ljubljana,0.2008403038063126,1,Huff and ML agree
10140412,Bavšica,Bovec,0.1506050158534594,Bovec,0.4069417113630311,1,Huff and ML agree
10140439,Borjana,Kobarid,0.12344121848014089,Kobarid,0.2726643417666523,1,Huff and ML agree
10140447,Bovec,Bovec,0.9945775518584297,Bovec,1.0,1,Huff and ML agree
10140455,Breginj,Kobarid,0.03283161374668511,Kobarid,0.1298479410253978,1,Huff and ML agree
10140463,Bukovski Vrh,Tolmin,0.04753420448728936,Ljubljana,0.149690365063322,0,Huff and ML disagree
10140471,Čadrg,Tolmin,0.3414803649648404,Tolmin,0.6127693860651462,1,Huff and ML agree
10140480,Čezsoča,Bovec,0.33370495843330644,Bovec,0.6864350077776341,1,Huff and ML agree
10140498,Čiginj,Tolmin,0.5569844736185634,Tolmin,0.7254199620019591,1,Huff and ML agree
10140501,Daber,Tolmin,0.048178707658456076,Tolmin,0.1561699409644646,1,Huff and ML agree
10140510,Dolenja Trebuša,Tolmin,0.0944825131477757,Tolmin,0.1922222899138962,1,Huff and ML agree
10140528,Dolgi Laz,Tolmin,0.1265490674522858,Tolmin,0.2577501083747896,1,Huff and ML agree
10140536,Dolje,Tolmin,0.7984805810409042,Tolmin,0.9256061006878448,1,Huff and ML agree
10140544,Drežnica,Kobarid,0.21685758860606172,Kobarid,0.3763893058312407,1,Huff and ML agree
10140552,Drežniške Ravne,Kobarid,0.13668804377946253,Kobarid,0.2746694322492793,1,Huff and ML agree
10140579,Drobočnik,Tolmin,0.3453259525162644,Tolmin,0.5556093702961337,1,Huff and ML agree
10140587,Gabrje,Tolmin,0.6394494893809144,Tolmin,0.848093478517044,1,Huff and ML agree
10140595,Gorenja Trebuša,Nova Gorica,0.04204773973518784,Nova Gorica,0.147789676394034,1,Huff and ML agree
10140609,Gorenji Log,Tolmin,0.27477744583638586,Tolmin,0.4694497985120869,1,Huff and ML agree
10140617,Gorski Vrh,Tolmin,0.05548869858015589,Tolmin,0.152409790386999,1,Huff and ML agree
10140625,Grahovo ob Bači,Tolmin,0.10149156313284409,Tolmin,0.228934433660148,1,Huff and ML agree
10140633,Grant,Tolmin,0.028276482409138066,Ljubljana,0.1595635263341097,0,Huff and ML disagree
10140641,Grudnica,Nova Gorica,0.06256669850980677,Nova Gorica,0.2104183347030072,1,Huff and ML agree
10140650,Homec,Kobarid,0.05403338329361571,Kobarid,0.1797660110815787,1,Huff and ML agree
10140668,Hudajužna,Tolmin,0.04848799945849589,Ljubljana,0.1622384688656065,0,Huff and ML disagree
10140676,Idrija pri Bači,Tolmin,0.3354106057922138,Tolmin,0.5106581882109693,1,Huff and ML agree
10140684,Idrsko,Kobarid,0.48079862964918235,Kobarid,0.7377969473304162,1,Huff and ML agree
10140692,Jevšček,Kobarid,0.06842352982968099,Kobarid,0.1829667277049238,1,Huff and ML agree
10140706,Jezerca,Kobarid,0.13707280948963785,Kobarid,0.2754373122661163,1,Huff and ML agree
10140714,Kal,Ljubljana,0.02366002946207697,Ljubljana,0.1797268064652091,1,Huff and ML agree
10140722,Kal-Koritnica,Bovec,0.3924472367868788,Bovec,0.7633283214975871,1,Huff and ML agree
10140749,Kamno,Tolmin,0.2854324884722661,Tolmin,0.4574911363177895,1,Huff and ML agree
10140757,Kanalski Lom,Tolmin,0.15905410559923655,Tolmin,0.3179295361820134,1,Huff and ML agree
10140765,Klavže,Tolmin,0.23974104913363234,Tolmin,0.4038611722973748,1,Huff and ML agree
10140773,Kneške Ravne,Tolmin,0.04783979609049716,Tolmin,0.1748185804475063,1,Huff and ML agree
10140781,Kneža,Tolmin,0.2068843228517882,Tolmin,0.3643745014276727,1,Huff and ML agree
10140790,Kobarid,Kobarid,0.9959818474271509,Kobarid,1.0,1,Huff and ML agree
10140803,Koritnica,Tolmin,0.08808313090447868,Tolmin,0.1965042784111567,1,Huff and ML agree
10140811,Koseč,Kobarid,0.16586507324823535,Kobarid,0.2971056813674861,1,Huff and ML agree
10140820,Kozaršče,Tolmin,0.4955121835760093,Tolmin,0.671155802342069,1,Huff and ML agree
10140838,Kozmerice,Tolmin,0.4587430209871834,Tolmin,0.6362139913664001,1,Huff and ML agree
10140846,Kred,Kobarid,0.22589597454921695,Kobarid,0.4217228470205791,1,Huff and ML agree
10140854,Krn,Tolmin,0.08412580538855088,Tolmin,0.2577454089105832,1,Huff and ML agree
10140862,Kuk,Tolmin,0.031451490563721075,Ljubljana,0.1816951824213789,0,Huff and ML disagree
10140889,Ladra,Kobarid,0.4345134501808519,Kobarid,0.6281853090160582,1,Huff and ML agree
10140897,Lepena,Bovec,0.04286872067572881,Bovec,0.1842312422691159,1,Huff and ML agree
10140919,Libušnje,Kobarid,0.2250047794079353,Kobarid,0.3338237488230149,1,Huff and ML agree
10140927,Lisec,Tolmin,0.10197222454215503,Tolmin,0.2621202848717223,1,Huff and ML agree
10140935,Livek,Kobarid,0.17020031409094727,Kobarid,0.2833696797990144,1,Huff and ML agree
10140943,Livške Ravne,Tolmin,0.08230605435112234,Tolmin,0.234994979924118,1,Huff and ML agree
10140951,Ljubinj,Tolmin,0.5257256973297101,Tolmin,0.725127831336215,1,Huff and ML agree
10140960,Log Čezsoški,Bovec,0.23721406414091686,Bovec,0.4566275156669279,1,Huff and ML agree
10140978,Log pod Mangartom,Bovec,0.08147244656761582,Bovec,0.3109808205098147,1,Huff and ML agree
10140986,Logaršče,Tolmin,0.15810428546188937,Tolmin,0.3068780623685321,1,Huff and ML agree
10140994,Logje,Kobarid,0.020522981244294854,Tolmin,0.1195114864905589,0,Huff and ML disagree
10141001,Loje,Tolmin,0.13138648004172807,Tolmin,0.2888666931453815,1,Huff and ML agree
10141010,Magozd,Kobarid,0.12179421465875175,Kobarid,0.2572807812675803,1,Huff and ML agree
10141028,Mlinsko,Kobarid,0.6292893848400615,Kobarid,0.8925799300929254,1,Huff and ML agree
10141036,Modrej,Tolmin,0.5852617117590457,Tolmin,0.7709088481475743,1,Huff and ML agree
10141044,Modrejce,Tolmin,0.43116686140768756,Tolmin,0.6003102264622957,1,Huff and ML agree
10141052,Most na Soči,Tolmin,0.49816978170791104,Tolmin,0.6744112426475202,1,Huff and ML agree
10141079,Obloke,Tolmin,0.04731072571724335,Ljubljana,0.1614899861400979,0,Huff and ML disagree
10141087,Pečine,Tolmin,0.08510374889254291,Tolmin,0.2197519412050465,1,Huff and ML agree
10141095,Petrovo Brdo,Kranj,0.036149966251362825,Ljubljana,0.2100896844526301,0,Huff and ML disagree
10141109,Plužna,Bovec,0.4335605511280519,Bovec,0.8101873345525397,1,Huff and ML agree
10141117,Podbela,Kobarid,0.06709705644359541,Kobarid,0.194769048511281,1,Huff and ML agree
10141125,Podbrdo,Kranj,0.03351432415138642,Ljubljana,0.1983717232953795,0,Huff and ML disagree
10141133,Podmelec,Tolmin,0.27477744583638586,Tolmin,0.4427971380178628,1,Huff and ML agree
10141141,Polje,Tolmin,0.060394226766484406,Tolmin,0.1781356229617296,1,Huff and ML agree
10141150,Poljubinj,Tolmin,0.7856781069297173,Tolmin,0.8967112256129982,1,Huff and ML agree
10141168,Ponikve,Tolmin,0.14215745572487648,Tolmin,0.2948221792125626,1,Huff and ML agree
10141176,Porezen,Ljubljana,0.029775446556487815,Ljubljana,0.2049110491655003,1,Huff and ML agree
10141184,Postaja,Tolmin,0.3455537828920662,Tolmin,0.52609331303979,1,Huff and ML agree
10141192,Potoki,Kobarid,0.20967839930744617,Kobarid,0.3771681498887538,1,Huff and ML agree
10141206,Prapetno,Tolmin,0.6683831402504633,Tolmin,0.8520631586482167,1,Huff and ML agree
10141214,Prapetno Brdo,Tolmin,0.08939828817728712,Tolmin,0.2081795007522755,1,Huff and ML agree
10141222,Robič,Kobarid,0.25580962170882193,Kobarid,0.4610076245630294,1,Huff and ML agree
10141249,Robidišče,Kobarid,0.021109801959759325,Tolmin,0.1192365794495314,0,Huff and ML disagree
10141257,Roče,Tolmin,0.15723459657042993,Tolmin,0.3090827472606549,1,Huff and ML agree
10141265,Rut,Tolmin,0.039320254053477,Ljubljana,0.1566675951851245,0,Huff and ML disagree
10141273,Sedlo,Kobarid,0.045573662731386355,Kobarid,0.1572472181350025,1,Huff and ML agree
10141281,Sela nad Podmelcem,Tolmin,0.18501470404151996,Tolmin,0.4074573854679669,1,Huff and ML agree
10141290,Sela pri Volčah,Tolmin,0.3276394338957834,Tolmin,0.4963882562836569,1,Huff and ML agree
10141303,Selce,Tolmin,0.20402064212060553,Tolmin,0.3926800223425333,1,Huff and ML agree
10141311,Selišče,Tolmin,0.3631457544515404,Tolmin,0.5822953305709229,1,Huff and ML agree
10141320,Slap ob Idrijci,Tolmin,0.21090905743534336,Tolmin,0.3586601698050369,1,Huff and ML agree
10141338,Smast,Kobarid,0.31116185901473287,Kobarid,0.4689983590330748,1,Huff and ML agree
10141346,Soča,Bovec,0.063275261885937,Bovec,0.2368268773508695,1,Huff and ML agree
10141354,Srpenica,Bovec,0.10417180293796262,Bovec,0.2226613366459533,1,Huff and ML agree
10141362,Stanovišče,Kobarid,0.05858952437112756,Kobarid,0.1883794314145869,1,Huff and ML agree
10141389,Staro selo,Kobarid,0.3292213644837294,Kobarid,0.5864139685365156,1,Huff and ML agree
10141397,Stopnik,Tolmin,0.060502329807047436,Ljubljana,0.13600751371109,0,Huff and ML disagree
10141419,Strmec na Predelu,Bovec,0.04374030536726621,Bovec,0.2144628466189119,1,Huff and ML agree
10141427,Stržišče,Ljubljana,0.025716191500605633,Ljubljana,0.1772592811491316,1,Huff and ML agree
10141435,Sužid,Kobarid,0.46143181687369145,Kobarid,0.7244253529621515,1,Huff and ML agree
10141443,Svino,Kobarid,0.5231560180575802,Kobarid,0.8510466116599302,1,Huff and ML agree
10141451,Šentviška Gora,Tolmin,0.058707114229191906,Tolmin,0.1691937541850893,1,Huff and ML agree
10141460,Temljine,Tolmin,0.1320432050924928,Tolmin,0.2709367515453189,1,Huff and ML agree
10141478,Tolmin,Tolmin,0.997704236820605,Tolmin,1.0,1,Huff and ML agree
10141486,Tolminske Ravne,Tolmin,0.16536489314064995,Tolmin,0.3938581636299911,1,Huff and ML agree
10141494,Tolminski Lom,Tolmin,0.23957675303858525,Tolmin,0.4102353960644371,1,Huff and ML agree
10141508,Trenta,Bovec,0.015942818817442788,Ljubljana,0.1435780831725979,0,Huff and ML disagree
10141516,Trnovo ob Soči,Kobarid,0.21321133519455462,Kobarid,0.3557253686473864,1,Huff and ML agree
10141524,Trtnik,Ljubljana,0.03478595874414648,Ljubljana,0.1989994005115586,1,Huff and ML agree
10141532,Volarje,Tolmin,0.47703257148104533,Tolmin,0.6730783117445339,1,Huff and ML agree
10141559,Volčanski Ruti,Tolmin,0.22218366029313544,Tolmin,0.375511008813659,1,Huff and ML agree
10141567,Volče,Tolmin,0.6323551573168428,Tolmin,0.8227359575585842,1,Huff and ML agree
10141575,Vrsno,Tolmin,0.14810264432739095,Tolmin,0.3103130557298193,1,Huff and ML agree
10141583,Zadlaz-Čadrg,Tolmin,0.5785818996166924,Tolmin,0.791031499865744,1,Huff and ML agree
10141591,Zadlaz-Žabče,Tolmin,0.5294632214348625,Tolmin,0.7567492555683606,1,Huff and ML agree
10141605,Zakraj,Tolmin,0.05335945041274533,Tolmin,0.1621686072878037,1,Huff and ML agree
10141613,Zatolmin,Tolmin,0.8601548826606411,Tolmin,0.9567065414866192,1,Huff and ML agree
10141621,Znojile,Tolmin,0.028276482409138066,Ljubljana,0.175842613983562,0,Huff and ML disagree
10141630,Žabče,Tolmin,0.8347988210546621,Tolmin,0.945977120326752,1,Huff and ML agree
10141648,Žaga,Bovec,0.13235660250882805,Bovec,0.2738089802957764,1,Huff and ML agree
10141656,Čebine,Trbovlje,0.33875426176522033,Trbovlje,0.3014245758889847,1,Huff and ML agree
10141664,Čeče - del,Trbovlje,0.546818147679061,Trbovlje,0.5052597997262896,1,Huff and ML agree
10141672,Dobovec,Trbovlje,0.3407086718033527,Trbovlje,0.3492749499908234,1,Huff and ML agree
10141699,Gabrsko,Trbovlje,0.7167880614397373,Trbovlje,0.7067583384022327,1,Huff and ML agree
10141702,Ključevica,Trbovlje,0.14119595469086202,Trbovlje,0.1732333943594383,1,Huff and ML agree
10141729,Knezdol,Trbovlje,0.3127083288800919,Trbovlje,0.3426490948564787,1,Huff and ML agree
10141737,Ojstro,Trbovlje,0.8307120084822763,Trbovlje,0.8714012964499059,1,Huff and ML agree
10141745,Ostenk,Trbovlje,0.6012938219325548,Trbovlje,0.5598326472153095,1,Huff and ML agree
10141753,Sveta Planina,Trbovlje,0.34158317992791254,Trbovlje,0.3535389305045357,1,Huff and ML agree
10141761,Planinska vas,Trbovlje,0.37296819502716927,Trbovlje,0.4690173182077265,1,Huff and ML agree
10141770,Prapreče - del,Trbovlje,0.49826242787562447,Trbovlje,0.4004197992572604,1,Huff and ML agree
10141796,Škofja Riža,Trbovlje,0.3409481451521132,Trbovlje,0.3537556261694172,1,Huff and ML agree
10141800,Trbovlje,Trbovlje,0.9953773269368504,Trbovlje,1.0,1,Huff and ML agree
10141818,Vrhe - del,Trbovlje,0.22740207914820196,Trbovlje,0.1760682299218503,1,Huff and ML agree
10141826,Završje,Trbovlje,0.21732945957048128,Trbovlje,0.2400693895434521,1,Huff and ML agree
10141834,Župa,Trbovlje,0.24886460353914897,Trbovlje,0.2556647157521161,1,Huff and ML agree
10141842,Arčelca,Žužemberk,0.12940796129348203,Ljubljana,0.1747012313781378,0,Huff and ML disagree
10141869,Artmanja vas,Trebnje,0.22134657946552147,Trebnje,0.2947494203022153,1,Huff and ML agree
10141877,Babna Gora,Trebnje,0.15233906648506595,Trebnje,0.1870727852325251,1,Huff and ML agree
10141885,Beli Grič,Mokronog-Trebelno,0.13855871840303025,Mokronog-Trebelno,0.2836011191104567,1,Huff and ML agree
10141893,Belšinja vas,Trebnje,0.5460501733141441,Trebnje,0.6404168864953306,1,Huff and ML agree
10141907,Benečija,Trebnje,0.7013050013045458,Trebnje,0.7782690812974256,1,Huff and ML agree
10141915,Bič,Ivančna Gorica,0.19445872379365098,Ivančna Gorica,0.2173622335271665,1,Huff and ML agree
10141923,Bistrica,Šentrupert,0.12144970133462582,Mokronog-Trebelno,0.1252140695401632,0,Huff and ML disagree
10141931,Bitnja vas,Novo mesto,0.17082844118985516,Novo mesto,0.2336509556967516,1,Huff and ML agree
10141940,Blato,Trebnje,0.6051104604151851,Trebnje,0.6988770614988399,1,Huff and ML agree
10141958,Bogneča vas,Novo mesto,0.20423693167280826,Novo mesto,0.2166438047195784,1,Huff and ML agree
10141966,Breza,Trebnje,0.5831915939630836,Trebnje,0.6567791806682736,1,Huff and ML agree
10141974,Brezje pri Trebelnem,Novo mesto,0.21323720126907741,Novo mesto,0.3310996687801986,1,Huff and ML agree
10141982,Brezovica pri Mirni,Trebnje,0.29119149689882723,Trebnje,0.3757459972038726,1,Huff and ML agree
10142008,Brezovica pri Trebelnem,Novo mesto,0.17568945834175065,Mokronog-Trebelno,0.1833446273082394,0,Huff and ML disagree
10142016,Brinje,Šentrupert,0.36854836637666244,Šentrupert,0.5082770351113373,1,Huff and ML agree
10142024,Bruna vas,Mokronog-Trebelno,0.3692271444650907,Mokronog-Trebelno,0.3790144798509824,1,Huff and ML agree
10142032,Cerovec pri Trebelnem,Novo mesto,0.16764502129681233,Novo mesto,0.2347302674336473,1,Huff and ML agree
10142059,Cesta,Ivančna Gorica,0.1744550884396412,Ivančna Gorica,0.2013429372904161,1,Huff and ML agree
10142067,Cikava,Novo mesto,0.17996624392574462,Novo mesto,0.1803543080028218,1,Huff and ML agree
10142075,Cirnik,Novo mesto,0.06335898463471419,Ljubljana,0.1397847677680622,0,Huff and ML disagree
10142083,Čatež,Trebnje,0.1350121697885826,Trebnje,0.1814905085446677,1,Huff and ML agree
10142091,Češnjevek,Trebnje,0.30353123097411155,Trebnje,0.4156664219955804,1,Huff and ML agree
10142105,Češnjice pri Trebelnem,Novo mesto,0.1817124692305839,Novo mesto,0.2446688643788803,1,Huff and ML agree
10142113,Čilpah,Novo mesto,0.21240532019352265,Novo mesto,0.2207877946757522,1,Huff and ML agree
10142121,Čužnja vas,Novo mesto,0.17359118247135247,Novo mesto,0.1620187181183736,1,Huff and ML agree
10142130,Debenec,Novo mesto,0.15539364408032572,Trebnje,0.1520880905506435,0,Huff and ML disagree
10142148,Dečja vas,Trebnje,0.23595341493653618,Trebnje,0.300953075725156,1,Huff and ML agree
10142156,Dobrava,Žužemberk,0.21454316961164377,Žužemberk,0.2367615003386568,1,Huff and ML agree
10142164,Dobravica pri Vel. Gabru,Ivančna Gorica,0.2269012947422024,Ivančna Gorica,0.2381868443187006,1,Huff and ML agree
10142172,Dobrnič,Trebnje,0.2842175974168893,Trebnje,0.3667888316194417,1,Huff and ML agree
10142199,Dol pri Trebnjem,Trebnje,0.4839961225372158,Trebnje,0.5436968866511607,1,Huff and ML agree
10142202,Dolenja Dobrava,Trebnje,0.25804072527035465,Trebnje,0.3316189134676882,1,Huff and ML agree
10142229,Dolenja Nemška vas,Trebnje,0.6271652614411098,Trebnje,0.6959601954277955,1,Huff and ML agree
10142237,Dolenja vas pri Čatežu,Trebnje,0.1512497733864312,Trebnje,0.217200028208073,1,Huff and ML agree
10142245,Dolenje Jesenice,Mokronog-Trebelno,0.09300776350676948,Mokronog-Trebelno,0.1257801391729746,1,Huff and ML agree
10142253,Dolenje Kamenje pri Dobrniču,Trebnje,0.16296597320982634,Trebnje,0.2326540128787659,1,Huff and ML agree
10142261,Dolenje Laknice,Novo mesto,0.17382224556301906,Novo mesto,0.1476311662992458,1,Huff and ML agree
10142270,Dolenje Medvedje selo,Trebnje,0.8020592935775452,Trebnje,0.8646179109011612,1,Huff and ML agree
10142288,Dolenje Ponikve,Trebnje,0.4839961225372158,Trebnje,0.5188503226343442,1,Huff and ML agree
10142296,Dolenje Selce,Trebnje,0.15450939123011528,Trebnje,0.2582221547582557,1,Huff and ML agree
10142300,Dolenje Zabukovje,Novo mesto,0.18749262202046965,Novo mesto,0.1690379501166894,1,Huff and ML agree
10142318,Dolenji Podboršt pri Treb.,Trebnje,0.6311442680959171,Trebnje,0.7100762925229807,1,Huff and ML agree
10142326,Dolenji Podšumberk,Žužemberk,0.09413594159021542,Ljubljana,0.1836560298398808,0,Huff and ML disagree
10142334,Dolenji Vrh,Trebnje,0.23581942601853442,Trebnje,0.3357463217061608,1,Huff and ML agree
10142342,Dolga Njiva pri Šentlovren.,Trebnje,0.13937379551240187,Trebnje,0.1830064487902174,1,Huff and ML agree
10142369,Dolnje Prapreče,Trebnje,0.15438544098957815,Trebnje,0.1984381907527293,1,Huff and ML agree
10142377,Draga pri Šentrupertu,Šentrupert,0.3081413941358671,Šentrupert,0.3321988621302856,1,Huff and ML agree
10142385,Drečji Vrh,Novo mesto,0.1546947410677404,Novo mesto,0.1425546907958609,1,Huff and ML agree
10142393,Glinek,Trebnje,0.10495987886465849,Trebnje,0.1490296781126814,1,Huff and ML agree
10142407,Goljek,Trebnje,0.2219849195316554,Trebnje,0.3169042361037184,1,Huff and ML agree
10142415,Gombišče,Ivančna Gorica,0.0969025818370811,Ljubljana,0.190219304446371,0,Huff and ML disagree
10142423,Gomila,Trebnje,0.29373084772194136,Trebnje,0.3767298052745818,1,Huff and ML agree
10142431,Gorenja Dobrava,Trebnje,0.44589656054086085,Trebnje,0.5155170374293283,1,Huff and ML agree
10142440,Gorenja Nemška vas,Trebnje,0.6238966699742181,Trebnje,0.696293466128204,1,Huff and ML agree
10142458,Gorenja vas,Trebnje,0.2976428499227442,Trebnje,0.4072508610975764,1,Huff and ML agree
10142466,Gorenja vas pri Čatežu,Trebnje,0.15459542711635538,Trebnje,0.2227903949191892,1,Huff and ML agree
10142474,Gorenja vas pri Mirni,Trebnje,0.15450939123011528,Trebnje,0.2560324646158517,1,Huff and ML agree
10142482,Gorenja vas pri Mokronogu,Novo mesto,0.1300294408796473,Mokronog-Trebelno,0.2002921853577228,0,Huff and ML disagree
10142504,Gorenje Jesenice,Novo mesto,0.10023138306118685,Mokronog-Trebelno,0.1056029307781784,0,Huff and ML disagree
10142512,Gorenje Kamenje pri Dobrniču,Trebnje,0.16368737488715726,Trebnje,0.250343715185595,1,Huff and ML agree
10142539,Gorenje Laknice,Mokronog-Trebelno,0.13898185101935456,Mokronog-Trebelno,0.2893099784684796,1,Huff and ML agree
10142547,Gorenje Medvedje selo,Trebnje,0.7052260306870292,Trebnje,0.8064395105035969,1,Huff and ML agree
10142555,Gorenje Ponikve,Trebnje,0.5034844291634549,Trebnje,0.5670480052880559,1,Huff and ML agree
10142563,Gorenje Selce,Trebnje,0.1903763204244202,Trebnje,0.2673702398094384,1,Huff and ML agree
10142571,Gorenje Zabukovje,Novo mesto,0.19055525462124073,Novo mesto,0.1583072961574903,1,Huff and ML agree
10142580,Gorenji Mokronog,Novo mesto,0.18909306732825187,Mokronog-Trebelno,0.1769456959921047,0,Huff and ML disagree
10142598,Gorenji Podboršt pri V. Loki,Trebnje,0.25052288087756813,Trebnje,0.3557267721519441,1,Huff and ML agree
10142601,Gorenji Podšumberk,Žužemberk,0.08636623740740827,Ljubljana,0.1877457110484272,0,Huff and ML disagree
10142610,Gorenji Vrh pri Dobrniču,Trebnje,0.2876025207382991,Trebnje,0.3752667638997132,1,Huff and ML agree
10142628,Gornje Prapreče,Trebnje,0.13461452267957175,Ljubljana,0.1832872971458246,0,Huff and ML disagree
10142636,Gradišče pri Trebnjem,Trebnje,0.2205192348631497,Trebnje,0.2972826994980174,1,Huff and ML agree
10142644,Grič pri Trebnjem,Trebnje,0.48523733809478536,Trebnje,0.5572917562429289,1,Huff and ML agree
10142652,Grm,Trebnje,0.43865859119099015,Trebnje,0.4840932587925001,1,Huff and ML agree
10142679,Grmada,Trebnje,0.5895281047689145,Trebnje,0.6850271904548172,1,Huff and ML agree
10142687,Hom,Šentrupert,0.12450045801844688,Šentrupert,0.1781140018323179,1,Huff and ML agree
10142695,Hrastno,Šentrupert,0.08930138296203333,Ljubljana,0.1028534742081443,0,Huff and ML disagree
10142709,Hrastovica,Novo mesto,0.09752288356512663,Mokronog-Trebelno,0.1125552671854249,0,Huff and ML disagree
10142717,Hudeje,Trebnje,0.3788247445711216,Trebnje,0.4967010941595089,1,Huff and ML agree
10142725,Iglenik pri Veliki Loki,Trebnje,0.39529238635539166,Trebnje,0.4949763318197617,1,Huff and ML agree
10142733,Jelševec,Novo mesto,0.18908632413957438,Novo mesto,0.1758541887482696,1,Huff and ML agree
10142741,Jezero,Trebnje,0.29373084772194136,Trebnje,0.3795121339281176,1,Huff and ML agree
10142750,Kamni Potok,Trebnje,0.4912676881590434,Trebnje,0.5755918062843506,1,Huff and ML agree
10142768,Kamnje,Šentrupert,0.36854836637666244,Šentrupert,0.5376598823414549,1,Huff and ML agree
10142776,Knežja vas,Trebnje,0.22562697496331793,Trebnje,0.3056839615714384,1,Huff and ML agree
10142784,Korenitka,Trebnje,0.2536103836849253,Trebnje,0.3348536940421809,1,Huff and ML agree
10142792,Korita,Novo mesto,0.17424362629675713,Trebnje,0.2444852904604912,0,Huff and ML disagree
10142806,Kriška Reber,Trebnje,0.27323462405772303,Trebnje,0.3805129777780252,1,Huff and ML agree
10142814,Križ,Trebnje,0.2765465323637063,Trebnje,0.3811965456229522,1,Huff and ML agree
10142822,Križni Vrh,Novo mesto,0.11357895283025085,Mokronog-Trebelno,0.1487209255983485,0,Huff and ML disagree
10142849,Krtina,Trebnje,0.22352504814473115,Trebnje,0.2963829111051919,1,Huff and ML agree
10142857,Krušni Vrh,Trebnje,0.15705879076073875,Trebnje,0.2624485970754769,1,Huff and ML agree
10142865,Kukenberk,Trebnje,0.21379607499664363,Trebnje,0.2681573145649878,1,Huff and ML agree
10142873,Lipnik,Trebnje,0.22022231939110654,Trebnje,0.2878137129634162,1,Huff and ML agree
10142881,Lisec,Žužemberk,0.23544323069718603,Žužemberk,0.2772379988277494,1,Huff and ML agree
10142890,Log,Novo mesto,0.1019425485156521,Mokronog-Trebelno,0.1366795903864606,0,Huff and ML disagree
10142903,Log pri Žužemberku,Žužemberk,0.12622189445601284,Ljubljana,0.1762042262262926,0,Huff and ML disagree
10142911,Lokve pri Dobrniču,Trebnje,0.25221243487229106,Trebnje,0.3409889942608533,1,Huff and ML agree
10142920,Lukovek,Trebnje,0.28921188265962694,Trebnje,0.3647697332454023,1,Huff and ML agree
10142938,Luža,Trebnje,0.29722607121477523,Trebnje,0.4041835060446122,1,Huff and ML agree
10142946,Mačji Dol,Trebnje,0.13491586317307352,Ljubljana,0.1756284293549452,0,Huff and ML disagree
10142954,Mačkovec,Trebnje,0.15951149134477072,Trebnje,0.2440945003596248,1,Huff and ML agree
10142962,Mala Loka,Trebnje,0.22046092464395028,Trebnje,0.2928196913334045,1,Huff and ML agree
10142989,Mala Ševnica,Trebnje,0.3788247445711216,Trebnje,0.4960012878158724,1,Huff and ML agree
10142997,Male Dole pri Stehanji vasi,Trebnje,0.10452175356982175,Ljubljana,0.1892441458711974,0,Huff and ML disagree
10143004,Mali Gaber,Ivančna Gorica,0.15368153563442286,Ljubljana,0.1900613444994815,0,Huff and ML disagree
10143012,Mali Videm,Trebnje,0.16840243192752757,Trebnje,0.2473896517050518,1,Huff and ML agree
10143039,Maline,Novo mesto,0.1914555853648859,Novo mesto,0.1814087787107434,1,Huff and ML agree
10143047,Martinja vas,Trebnje,0.15171413110816226,Trebnje,0.1847470544507246,1,Huff and ML agree
10143055,Martinja vas pri Mokronogu,Mokronog-Trebelno,0.29108288572949914,Mokronog-Trebelno,0.3476625165934128,1,Huff and ML agree
10143063,Meglenik,Trebnje,0.3633920217013758,Trebnje,0.4726210666088701,1,Huff and ML agree
10143071,Migolica,Trebnje,0.12199316339589983,Trebnje,0.1513452506372648,1,Huff and ML agree
10143080,Migolska Gora,Trebnje,0.0690809172525672,Trebnje,0.1329387409321298,1,Huff and ML agree
10143098,Mirna,Mirna,0.9998124070394607,Mirna,1.0,1,Huff and ML agree
10143101,Mirna vas,Novo mesto,0.17512121693132368,Novo mesto,0.1791554914922545,1,Huff and ML agree
10143110,Mokronog,Mokronog-Trebelno,1.0,Mokronog-Trebelno,1.0,1,Huff and ML agree
10143128,Most,Novo mesto,0.08627681821443016,Ljubljana,0.0952673855375607,0,Huff and ML disagree
10143136,Mrzla Luža,Trebnje,0.48523733809478536,Trebnje,0.5657025332662182,1,Huff and ML agree
10143144,Muhabran,Trebnje,0.1603192467358307,Trebnje,0.2281840621122998,1,Huff and ML agree
10143152,Občine,Trebnje,0.35871772081896014,Trebnje,0.4490288442082212,1,Huff and ML agree
10143179,Odrga,Trebnje,0.8093175766839041,Trebnje,0.888374876612366,1,Huff and ML agree
10143187,Okrog,Šentrupert,0.09171047116346065,Ljubljana,0.1136988034011119,0,Huff and ML disagree
10143195,Orlaka,Žužemberk,0.07335133676192385,Ljubljana,0.1983554942932597,0,Huff and ML disagree
10143209,Ornuška vas,Novo mesto,0.1862139878072222,Novo mesto,0.2751585381335438,1,Huff and ML agree
10143217,Ostrožnik,Novo mesto,0.1320946494468675,Mokronog-Trebelno,0.2258108910714165,0,Huff and ML disagree
10143225,Pekel,Trebnje,0.8239342522399853,Trebnje,0.9601743655268214,1,Huff and ML agree
10143233,Pluska,Trebnje,0.44589656054086085,Trebnje,0.4971842441081621,1,Huff and ML agree
10143241,Podlisec,Trebnje,0.23623327901631616,Trebnje,0.3340708393233608,1,Huff and ML agree
10143250,Podturn,Novo mesto,0.17212876523630566,Novo mesto,0.2643517400202377,1,Huff and ML agree
10143268,Potok,Trebnje,0.143154184286742,Trebnje,0.1887253299652981,1,Huff and ML agree
10143276,Praprotnica,Trebnje,0.16249498863417725,Trebnje,0.2219625000178088,1,Huff and ML agree
10143284,Prelesje,Šentrupert,0.2230465516228626,Šentrupert,0.2066509636236802,1,Huff and ML agree
10143292,Preska pri Dobrniču,Trebnje,0.23688449320815586,Trebnje,0.3202652398561414,1,Huff and ML agree
10143306,Primštal,Trebnje,0.5831915939630836,Trebnje,0.6634368621728977,1,Huff and ML agree
10143314,Pristavica pri Vel. Gabru,Ivančna Gorica,0.2269012947422024,Ivančna Gorica,0.2374461857057583,1,Huff and ML agree
10143322,Pugled pri Mokronogu,Mokronog-Trebelno,0.44143496476721084,Mokronog-Trebelno,0.5158350578896497,1,Huff and ML agree
10143349,Puščava,Mokronog-Trebelno,0.12747164022045956,Mokronog-Trebelno,0.2232831184096678,1,Huff and ML agree
10143357,Račje selo,Trebnje,0.7106919789052745,Trebnje,0.8139501837559326,1,Huff and ML agree
10143365,Radna vas,Novo mesto,0.2070414854650424,Novo mesto,0.2150510361489044,1,Huff and ML agree
10143373,Rakovnik pri Šentrupertu,Šentrupert,0.2256502542943031,Šentrupert,0.2020666857516538,1,Huff and ML agree
10143381,Ravne,Novo mesto,0.06571551634195662,Ljubljana,0.1432233923767234,0,Huff and ML disagree
10143390,Ravnik,Šentrupert,0.10807933458303255,Trebnje,0.1226762840976613,0,Huff and ML disagree
10143403,Razbore,Trebnje,0.10485614134768992,Ljubljana,0.1689920897481253,0,Huff and ML disagree
10143411,Rdeči Kal,Novo mesto,0.21560539650460098,Trebnje,0.2258763504166742,0,Huff and ML disagree
10143420,Repče,Trebnje,0.4839961225372158,Trebnje,0.5435289599981401,1,Huff and ML agree
10143438,Replje,Žužemberk,0.16199609890477568,Ljubljana,0.1684770120097395,0,Huff and ML disagree
10143446,Reva,Trebnje,0.22129838559729492,Trebnje,0.2929034805920843,1,Huff and ML agree
10143454,Ribjek,Mokronog-Trebelno,0.37315402264646147,Mokronog-Trebelno,0.382959758837409,1,Huff and ML agree
10143462,Rihpovec,Novo mesto,0.20635304011106295,Trebnje,0.2607743457019436,0,Huff and ML disagree
10143489,Rodine pri Trebnjem,Trebnje,0.44589656054086085,Trebnje,0.5080039298846571,1,Huff and ML agree
10143497,Roje pri Čatežu,Trebnje,0.22129838559729492,Trebnje,0.3103652655016063,1,Huff and ML agree
10143519,Roje pri Trebelnem,Novo mesto,0.20390601373535047,Novo mesto,0.2169418852954262,1,Huff and ML agree
10143527,Roženpelj,Trebnje,0.19282969688940163,Trebnje,0.2737846754818133,1,Huff and ML agree
10143535,Rožni Vrh,Trebnje,0.7613719379176987,Trebnje,0.8232815234279719,1,Huff and ML agree
10143543,Sajenice,Novo mesto,0.09096046077062599,Trebnje,0.1382012298487656,0,Huff and ML disagree
10143551,Sejenice,Trebnje,0.15450939123011528,Trebnje,0.2798324303472276,1,Huff and ML agree
10143560,Sela pri Šumberku,Ivančna Gorica,0.10444340825987451,Ljubljana,0.1989078790679821,0,Huff and ML disagree
10143578,Selo pri Mirni,Novo mesto,0.07488824016778788,Ljubljana,0.1300193306865895,0,Huff and ML disagree
10143586,Selska Gora,Novo mesto,0.07501221640814505,Ljubljana,0.131770095895054,0,Huff and ML disagree
10143594,Slepšek,Mokronog-Trebelno,0.37315402264646147,Mokronog-Trebelno,0.3760927620081704,1,Huff and ML agree
10143608,Slovenska vas,Šentrupert,0.10935895317197016,Trebnje,0.1342306727783028,0,Huff and ML disagree
10143616,Srednje Laknice,Novo mesto,0.13827023933203306,Mokronog-Trebelno,0.1348881445336041,0,Huff and ML disagree
10143624,Stan,Novo mesto,0.13785975254136373,Trebnje,0.1524845107971688,0,Huff and ML disagree
10143632,Stara Gora,Novo mesto,0.16911572358642477,Trebnje,0.2457903651098209,0,Huff and ML disagree
10143659,Stehanja vas,Trebnje,0.12373299346006333,Ljubljana,0.1861428726439247,0,Huff and ML disagree
10143667,Stranje pri Dobrniču,Trebnje,0.23781187021607342,Trebnje,0.3537536062119099,1,Huff and ML agree
10143675,Stranje pri Velikem Gabru,Ivančna Gorica,0.13301369279773104,Ljubljana,0.1878086754332432,0,Huff and ML disagree
10143683,Straža,Šentrupert,0.29744147502301754,Šentrupert,0.2523917959082527,1,Huff and ML agree
10143691,Studenec,Trebnje,0.8093175766839041,Trebnje,0.8878246359740177,1,Huff and ML agree
10143705,Svetinja,Trebnje,0.22520177683549186,Trebnje,0.3035292361373847,1,Huff and ML agree
10143713,Šahovec,Trebnje,0.18900422799522648,Trebnje,0.2673762129289303,1,Huff and ML agree
10143721,Šentlovrenc,Trebnje,0.16934396997677734,Trebnje,0.2380408151224813,1,Huff and ML agree
10143730,Šentrupert,Šentrupert,0.9998124070394607,Šentrupert,1.0,1,Huff and ML agree
10143748,Ševnica,Trebnje,0.19282969688940163,Trebnje,0.2743027229813257,1,Huff and ML agree
10143756,Škovec,Trebnje,0.29835645003574635,Trebnje,0.4189010469449167,1,Huff and ML agree
10143764,Škrjanče,Trebnje,0.25184130813423145,Trebnje,0.3585270925623909,1,Huff and ML agree
10143772,Škrljevo,Šentrupert,0.36854836637666244,Šentrupert,0.5264224641823937,1,Huff and ML agree
10143799,Šmaver,Trebnje,0.2205192348631497,Trebnje,0.2736872686861026,1,Huff and ML agree
10143802,Štatenberk,Novo mesto,0.1817124692305839,Novo mesto,0.2541043743511161,1,Huff and ML agree
10143829,Štefan pri Trebnjem,Trebnje,0.77834960675683,Trebnje,0.8391190269497664,1,Huff and ML agree
10143837,Trbinc,Trebnje,0.16993371466417515,Trebnje,0.213939692114018,1,Huff and ML agree
10143845,Trebanjski Vrh,Trebnje,0.16993371466417515,Trebnje,0.2705035858274942,1,Huff and ML agree
10143853,Trebelno,Novo mesto,0.20919267149125276,Novo mesto,0.1755056027201905,1,Huff and ML agree
10143861,Trebnje,Trebnje,1.0,Trebnje,1.0,1,Huff and ML agree
10143870,Trnje,Trebnje,0.2864079170545673,Trebnje,0.3745205989735283,1,Huff and ML agree
10143888,Trstenik,Mirna,0.16312265946061033,Mirna,0.1788166287543088,1,Huff and ML agree
10143896,Vavpča vas pri Dobrniču,Trebnje,0.2371098731435388,Trebnje,0.3483434500222106,1,Huff and ML agree
10143900,Velika Loka,Trebnje,0.3009863603218048,Trebnje,0.4149833876909464,1,Huff and ML agree
10143918,Velika Strmica,Novo mesto,0.1715760449807774,Novo mesto,0.1698394982916292,1,Huff and ML agree
10143926,Velika Ševnica,Trebnje,0.4449725565165594,Trebnje,0.5227988976609268,1,Huff and ML agree
10143934,Velike Dole,Ivančna Gorica,0.136150337140377,Ljubljana,0.1991051694066686,0,Huff and ML disagree
10143942,Veliki Gaber,Ivančna Gorica,0.1338814018384184,Ljubljana,0.1869325734975628,0,Huff and ML disagree
10143969,Veliki Videm,Trebnje,0.143154184286742,Trebnje,0.1918704711657161,1,Huff and ML agree
10143977,Volčja Jama,Žužemberk,0.15264467742153948,Ljubljana,0.1635153797247388,0,Huff and ML disagree
10143985,Volčje Njive,Trebnje,0.1353413060024891,Trebnje,0.1604386870187322,1,Huff and ML agree
10143993,Vrbovec,Novo mesto,0.1798371790273441,Trebnje,0.2375969783948398,0,Huff and ML disagree
10144019,Vrh,Šentrupert,0.36265044326872725,Šentrupert,0.4509931624182681,1,Huff and ML agree
10144027,Sv. Vrh,Mokronog-Trebelno,0.11349665198403244,Mokronog-Trebelno,0.2177722918152751,1,Huff and ML agree
10144035,Vrh pri Trebelnem,Novo mesto,0.20390601373535047,Novo mesto,0.195774262685771,1,Huff and ML agree
10144043,Vrhovo pri Šentlovrencu,Trebnje,0.13933857660687599,Ljubljana,0.179314111002417,0,Huff and ML disagree
10144051,Vrhtrebnje,Trebnje,0.3105040352165871,Trebnje,0.4477410922886674,1,Huff and ML agree
10144060,Vrtače,Žužemberk,0.14204845798121093,Ljubljana,0.17242897239649,0,Huff and ML disagree
10144078,Zabrdje,Trebnje,0.1903763204244202,Trebnje,0.2355845952579783,1,Huff and ML agree
10144086,Zabukovje,Novo mesto,0.06390297708996316,Trebnje,0.1223487576115473,0,Huff and ML disagree
10144094,Zagorica,Trebnje,0.22046092464395028,Trebnje,0.3076947504629169,1,Huff and ML agree
10144108,Zagorica pri Čatežu,Trebnje,0.12673129142986744,Trebnje,0.1722184884883791,1,Huff and ML agree
10144116,Zagorica pri Dobrniču,Žužemberk,0.17599856394535332,Trebnje,0.2334383337241838,0,Huff and ML disagree
10144124,Zagorica pri Velikem Gabru,Ivančna Gorica,0.17135685838902837,Ivančna Gorica,0.2105804435389166,1,Huff and ML agree
10144132,Zaloka,Trebnje,0.07424646493240239,Ljubljana,0.1350713122789674,0,Huff and ML disagree
10144159,Zavrh,Trebnje,0.07249775866032088,Ljubljana,0.2029753954894168,0,Huff and ML disagree
10144167,Zidani Most,Trebnje,0.6290869305661287,Trebnje,0.7337944651027473,1,Huff and ML agree
10144175,Žabjek,Trebnje,0.19282969688940163,Trebnje,0.2719795240884863,1,Huff and ML agree
10144183,Železno,Trebnje,0.1601562260793105,Trebnje,0.2611297517154173,1,Huff and ML agree
10144191,Žubina,Ivančna Gorica,0.12088372779090686,Ljubljana,0.1938864111202134,0,Huff and ML disagree
10144205,Vesela Gora,Šentrupert,0.28571202307035204,Šentrupert,0.2582328036632802,1,Huff and ML agree
10144213,Bistrica pri Tržiču,Tržič,0.7115217448010689,Tržič,0.6225258833180769,1,Huff and ML agree
10144221,Brdo,Radovljica,0.34989274609127535,Radovljica,0.2208964864518643,1,Huff and ML agree
10144230,Breg ob Bistrici,Kranj,0.31924412722144924,Kranj,0.2779119231651179,1,Huff and ML agree
10144248,Brezje pri Tržiču,Tržič,0.3922946454955404,Tržič,0.3417970978174383,1,Huff and ML agree
10144256,Čadovlje pri Tržiču,Tržič,0.6368526537584169,Tržič,0.5913470681540651,1,Huff and ML agree
10144264,Dolina,Tržič,0.33550558659034174,Tržič,0.3532860537958274,1,Huff and ML agree
10144272,Gozd,Kranj,0.2093558485169634,Kranj,0.2256649945561607,1,Huff and ML agree
10144299,Grahovše,Tržič,0.3722054123720583,Tržič,0.3805606206230701,1,Huff and ML agree
10144302,Hudi Graben,Tržič,0.31559711364031817,Tržič,0.260991470794077,1,Huff and ML agree
10144329,Hudo,Tržič,0.33550558659034174,Tržič,0.2534213597156365,1,Huff and ML agree
10144337,Hušica,Tržič,0.39021050625405396,Tržič,0.3043184329994096,1,Huff and ML agree
10144345,Jelendol,Tržič,0.20455459068236168,Tržič,0.2520555773147776,1,Huff and ML agree
10144353,Kovor,Tržič,0.4873327562866152,Tržič,0.36903398160627,1,Huff and ML agree
10144361,Križe,Tržič,0.49782950002936593,Tržič,0.3969692587760793,1,Huff and ML agree
10144370,Leše,Radovljica,0.28552240330510814,Radovljica,0.1954389476403896,1,Huff and ML agree
10144388,Loka,Tržič,0.4911309028882052,Tržič,0.38649016302025,1,Huff and ML agree
10144396,Lom pod Storžičem,Tržič,0.6031319017343568,Tržič,0.5488511402059163,1,Huff and ML agree
10144400,Novake,Kranj,0.29164741243248987,Kranj,0.3167218178206177,1,Huff and ML agree
10144418,Paloviče,Radovljica,0.2702170757614547,Radovljica,0.1858190138547792,1,Huff and ML agree
10144426,Podljubelj,Tržič,0.3870774635213097,Tržič,0.4051683659856649,1,Huff and ML agree
10144434,Popovo,Radovljica,0.27079143705731845,Tržič,0.2068060274161096,0,Huff and ML disagree
10144442,Potarje,Tržič,0.48856137999285404,Tržič,0.483138014841138,1,Huff and ML agree
10144469,Pristava,Tržič,0.648648042064537,Tržič,0.5479509741376657,1,Huff and ML agree
10144477,Retnje,Tržič,0.3758422307104922,Tržič,0.2572521245784104,1,Huff and ML agree
10144485,Sebenje,Tržič,0.37565721010725267,Tržič,0.258373873049813,1,Huff and ML agree
10144493,Senično,Tržič,0.3018342517749374,Kranj,0.2724839914536096,0,Huff and ML disagree
10144507,Slap,Tržič,0.8370731169864465,Tržič,0.823321074169781,1,Huff and ML agree
10144515,Spodnje Vetrno,Kranj,0.280491077034911,Kranj,0.2645116571467868,1,Huff and ML agree
10144523,Tržič,Tržič,0.9939319234082739,Tržič,1.0,1,Huff and ML agree
10144531,Vadiče,Radovljica,0.27016637241098407,Tržič,0.1938410402306817,0,Huff and ML disagree
10144540,Visoče,Radovljica,0.276813204093825,Tržič,0.2348072507458181,0,Huff and ML disagree
10144558,Zgornje Vetrno,Tržič,0.2879010804423542,Kranj,0.2317930828592422,0,Huff and ML disagree
10144566,Zvirče,Tržič,0.3226409994737952,Kranj,0.2293744229572864,0,Huff and ML disagree
10144574,Žiganja vas,Tržič,0.30019944755612005,Kranj,0.2716669573735195,0,Huff and ML disagree
10144582,Ročevnica,Tržič,0.6407111583864337,Tržič,0.53837314251618,1,Huff and ML agree
10144604,Arnače,Velenje,0.4559489230326785,Velenje,0.5908280694329221,1,Huff and ML agree
10144612,Bele Vode,Velenje,0.1288389488896666,Velenje,0.1388326097330863,1,Huff and ML agree
10144639,Bevče,Velenje,0.679952205416996,Velenje,0.7666207790262232,1,Huff and ML agree
10144647,Družmirje,Šoštanj,0.5452515428835137,Šoštanj,0.4691325663017821,1,Huff and ML agree
10144655,Gaberke,Šoštanj,0.36783402362712003,Šoštanj,0.3686793695164045,1,Huff and ML agree
10144663,Gavce,Velenje,0.22604819525282746,Velenje,0.1865465758333109,1,Huff and ML agree
10144671,Gorenje,Velenje,0.2491613402013261,Velenje,0.2092376395459188,1,Huff and ML agree
10144680,Hrastovec,Velenje,0.5858062662803374,Velenje,0.7574792620998687,1,Huff and ML agree
10144698,Kavče,Velenje,0.7094702906913893,Velenje,0.7853571519103267,1,Huff and ML agree
10144701,Laze,Velenje,0.43974055198700746,Velenje,0.5657413907098023,1,Huff and ML agree
10144710,Lokovica,Velenje,0.4407842686050005,Šoštanj,0.3859890522718632,0,Huff and ML disagree
10144728,Ložnica,Velenje,0.4878380638130026,Velenje,0.6280612776872965,1,Huff and ML agree
10144736,Mali Vrh,Šmartno ob Paki,0.3138800614193199,Šmartno ob Paki,0.2909820863489821,1,Huff and ML agree
10144744,Paka pri Velenju,Velenje,0.5358605120339146,Velenje,0.7078961628807973,1,Huff and ML agree
10144752,Paška vas,Velenje,0.2120951141719214,Velenje,0.1779157009674515,1,Huff and ML agree
10144779,Paški Kozjak,Velenje,0.3457680201206418,Velenje,0.4361948347156321,1,Huff and ML agree
10144787,Plešivec,Velenje,0.34188759550776415,Velenje,0.3814234409231164,1,Huff and ML agree
10144795,Podgora,Velenje,0.1977389866266635,Velenje,0.1732999338083296,1,Huff and ML agree
10144809,Podgorje,Velenje,0.5858062662803374,Velenje,0.6654011055723875,1,Huff and ML agree
10144817,Podkraj pri Velenju,Velenje,0.4397266110385363,Velenje,0.5591220707762922,1,Huff and ML agree
10144825,Ravne,Šoštanj,0.4326453547131328,Šoštanj,0.5826859659366005,1,Huff and ML agree
10144833,Rečica ob Paki,Šmartno ob Paki,0.3369499573319784,Šmartno ob Paki,0.3020240890473847,1,Huff and ML agree
10144841,Silova,Velenje,0.3909628046071042,Velenje,0.498586828741708,1,Huff and ML agree
10144850,Skorno,Velenje,0.2759863297751251,Velenje,0.2557242947327662,1,Huff and ML agree
10144868,Skorno pri Šoštanju,Velenje,0.196714260015644,Šoštanj,0.2540664366190057,0,Huff and ML disagree
10144876,Slatina,Velenje,0.16095568703129298,Velenje,0.1630777860790466,1,Huff and ML agree
10144884,Šentvid pri Zavodnju,Velenje,0.10397368385917818,Velenje,0.1320311214591425,1,Huff and ML agree
10144892,Škale,Velenje,0.5372029683678269,Velenje,0.6973879081931984,1,Huff and ML agree
10144906,Škalske Cirkovce,Velenje,0.4183487994095427,Velenje,0.5801045601598844,1,Huff and ML agree
10144914,Šmartinske Cirkovce,Velenje,0.3517628840227829,Velenje,0.4981670220540556,1,Huff and ML agree
10144922,Šmartno ob Paki,Šmartno ob Paki,0.9947298166057204,Šmartno ob Paki,1.0,1,Huff and ML agree
10144949,Šoštanj,Šoštanj,0.9927567500239207,Šoštanj,1.0,1,Huff and ML agree
10144957,Topolšica,Šoštanj,0.2891329213605868,Šoštanj,0.4062726419718724,1,Huff and ML agree
10144965,Velenje,Velenje,0.9947461762617807,Velenje,1.0,1,Huff and ML agree
10144973,Veliki Vrh,Velenje,0.34303331746732574,Velenje,0.303347552870613,1,Huff and ML agree
10144981,Zavodnje,Velenje,0.12514026095861414,Velenje,0.2014210187874459,1,Huff and ML agree
10144990,Šenbric,Velenje,0.7094702906913893,Velenje,0.8059689065247913,1,Huff and ML agree
10145007,Lopatnik pri Velenju,Velenje,0.35102501500224226,Velenje,0.506995973206098,1,Huff and ML agree
10145015,Florjan,Velenje,0.20250256607942696,Šoštanj,0.3279523430266309,0,Huff and ML disagree
10145023,Bevke,Ljubljana,0.3657040086396674,Ljubljana,0.4797663720609569,1,Huff and ML agree
10145031,Bistra,Vrhnika,0.5542416148104956,Vrhnika,0.4388267976132909,1,Huff and ML agree
10145040,Blatna Brezovica,Vrhnika,0.5556459634479226,Vrhnika,0.4244124145527436,1,Huff and ML agree
10145058,Borovnica,Borovnica,0.9954657597207541,Borovnica,1.0,1,Huff and ML agree
10145066,Breg pri Borovnici,Borovnica,0.3492022138798509,Borovnica,0.3452245634772859,1,Huff and ML agree
10145074,Brezovica pri Borovnici,Borovnica,0.3117420642569409,Borovnica,0.3607874730881265,1,Huff and ML agree
10145082,Dol pri Borovnici,Borovnica,0.47122138081826387,Borovnica,0.4952643719207816,1,Huff and ML agree
10145104,Dragomer,Log-Dragomer,0.9966633723813538,Log-Dragomer,1.0,1,Huff and ML agree
10145112,Dražica,Borovnica,0.47122138081826387,Borovnica,0.5493200458670817,1,Huff and ML agree
10145139,Drenov Grič,Vrhnika,0.5336778432588847,Ljubljana,0.4037869460553162,0,Huff and ML disagree
10145147,Lašče,Vrhnika,0.15927598589759803,Ljubljana,0.31512044965181,0,Huff and ML disagree
10145155,Laze pri Borovnici,Borovnica,0.46495636591531914,Borovnica,0.4572642794227636,1,Huff and ML agree
10145163,Lesno Brdo,Vrhnika,0.4625360369320195,Ljubljana,0.447058062999456,0,Huff and ML disagree
10145171,Log pri Brezovici,Ljubljana,0.45662605677969187,Ljubljana,0.5074333132617754,1,Huff and ML agree
10145180,Lukovica pri Brezovici,Brezovica,0.5743541683333564,Ljubljana,0.4267034257504243,0,Huff and ML disagree
10145198,Mala Ligojna,Vrhnika,0.5622122859541279,Vrhnika,0.4482411583609252,1,Huff and ML agree
10145201,Mirke,Vrhnika,0.9545295773846091,Vrhnika,0.9579587416962722,1,Huff and ML agree
10145210,Niževec,Borovnica,0.2518435206036865,Borovnica,0.2954155456967909,1,Huff and ML agree
10145228,Ohonica,Borovnica,0.32657405501820136,Borovnica,0.3806646322333419,1,Huff and ML agree
10145236,Padež,Vrhnika,0.15337012708189354,Ljubljana,0.2930517163607541,0,Huff and ML disagree
10145244,Pako,Ljubljana,0.22016280786852235,Ljubljana,0.3609395803459331,1,Huff and ML agree
10145252,Podlipa,Vrhnika,0.23712275163815458,Ljubljana,0.3295930969484341,0,Huff and ML disagree
10145279,Pokojišče,Vrhnika,0.17686998193389528,Ljubljana,0.2832184196159429,0,Huff and ML disagree
10145287,Pristava,Vrhnika,0.1596131984590343,Ljubljana,0.3114570347651136,0,Huff and ML disagree
10145295,Sinja Gorica,Vrhnika,0.712955500090744,Vrhnika,0.6485557309608144,1,Huff and ML agree
10145309,Smrečje,Vrhnika,0.2008123010830051,Ljubljana,0.341973253323076,0,Huff and ML disagree
10145317,Stara Vrhnika,Vrhnika,0.7434332503032849,Vrhnika,0.7374254336617879,1,Huff and ML agree
10145325,Velika Ligojna,Vrhnika,0.5877476488089878,Vrhnika,0.4908409824295002,1,Huff and ML agree
10145333,Verd,Vrhnika,0.7487397756146582,Vrhnika,0.7517530478947759,1,Huff and ML agree
10145341,Vrhnika,Vrhnika,0.9971700854285567,Vrhnika,1.0,1,Huff and ML agree
10145350,Zabočevo,Vrhnika,0.17364523910207985,Ljubljana,0.2953238755709215,0,Huff and ML disagree
10145368,Zaplana,Vrhnika,0.21494685690755472,Ljubljana,0.2764424485025121,0,Huff and ML disagree
10145376,Zavrh pri Borovnici,Vrhnika,0.18346488264493566,Ljubljana,0.2933680855767417,0,Huff and ML disagree
10145384,Blodnik,Celje,0.07024437133641434,Ljubljana,0.1885054489087251,0,Huff and ML disagree
10145392,Borje,Zagorje ob Savi,0.18849091412761712,Zagorje ob Savi,0.2231360418256633,1,Huff and ML agree
10145406,Borje pri Mlinšah,Kamnik,0.1133472705511067,Ljubljana,0.2545518077584669,0,Huff and ML disagree
10145414,Borovak pri Podkumu,Trbovlje,0.07023224714961313,Ljubljana,0.1228742983679779,0,Huff and ML disagree
10145422,Brezje,Trbovlje,0.07241557488613594,Ljubljana,0.1764504939869967,0,Huff and ML disagree
10145449,Breznik,Litija,0.07008642967710353,Ljubljana,0.1929559817056378,0,Huff and ML disagree
10145457,Briše,Trbovlje,0.10849431587969681,Ljubljana,0.1815525222716795,0,Huff and ML disagree
10145465,Čemšenik,Trbovlje,0.13425361135482408,Ljubljana,0.160216415106602,0,Huff and ML disagree
10145473,Čolnišče,Zagorje ob Savi,0.40471535182197227,Zagorje ob Savi,0.4923654710586106,1,Huff and ML agree
10145481,Dobrljevo,Trbovlje,0.10723445547997688,Ljubljana,0.1707601862221298,0,Huff and ML disagree
10145490,Dolenja vas,Zagorje ob Savi,0.7999272885606307,Zagorje ob Savi,0.8047538620307204,1,Huff and ML agree
10145503,Dolgo Brdo pri Mlinšah,Litija,0.08447973583521959,Ljubljana,0.2277714144757333,0,Huff and ML disagree
10145511,Družina,Zagorje ob Savi,0.5178925225071526,Zagorje ob Savi,0.4949482188836341,1,Huff and ML agree
10145520,Golče,Litija,0.21717073186998678,Ljubljana,0.1593771610426924,0,Huff and ML disagree
10145538,Gorenja vas,Trbovlje,0.15021976997787453,Trbovlje,0.154392418514115,1,Huff and ML agree
10145546,Hrastnik pri Trojanah,Kamnik,0.06997465927384022,Ljubljana,0.1871889317800733,0,Huff and ML disagree
10145554,Izlake,Zagorje ob Savi,0.19320137102367765,Zagorje ob Savi,0.2287434586524144,1,Huff and ML agree
10145562,Jablana,Zagorje ob Savi,0.21070572749706262,Zagorje ob Savi,0.2727959487700843,1,Huff and ML agree
10145589,Jarše,Litija,0.18382533783486749,Zagorje ob Savi,0.2119000778923106,0,Huff and ML disagree
10145597,Jelenk,Trbovlje,0.06184447553061667,Ljubljana,0.1817907343888248,0,Huff and ML disagree
10145619,Jelševica,Kamnik,0.09134533544295177,Ljubljana,0.1761268405622545,0,Huff and ML disagree
10145627,Jesenovo,Trbovlje,0.13923958068561323,Ljubljana,0.1487883530488399,0,Huff and ML disagree
10145635,Kandrše - del,Litija,0.21652361668658443,Ljubljana,0.2299518532589742,0,Huff and ML disagree
10145643,Kisovec,Zagorje ob Savi,0.6042539927461591,Zagorje ob Savi,0.6494338338042892,1,Huff and ML agree
10145651,Kolk,Litija,0.0919844405334418,Ljubljana,0.1527462230698415,0,Huff and ML disagree
10145660,Kolovrat,Kamnik,0.07187415938654079,Ljubljana,0.198117731573761,0,Huff and ML disagree
10145678,Konjšica - del,Zagorje ob Savi,0.5751543219881663,Zagorje ob Savi,0.5468821952024421,1,Huff and ML agree
10145686,Kostrevnica,Litija,0.07992597508929185,Ljubljana,0.2002553779277087,0,Huff and ML disagree
10145694,Kotredež,Zagorje ob Savi,0.4169870134461677,Zagorje ob Savi,0.4603813789115565,1,Huff and ML agree
10145708,Log pri Mlinšah,Litija,0.12158803867850908,Ljubljana,0.2099166452026548,0,Huff and ML disagree
10145716,Loke pri Zagorju,Zagorje ob Savi,0.5536982035440218,Zagorje ob Savi,0.5708071746269153,1,Huff and ML agree
10145724,Mali Kum,Trbovlje,0.048436071638138845,Ljubljana,0.1273660834857264,0,Huff and ML disagree
10145732,Medija,Kamnik,0.08617067385987541,Ljubljana,0.2264940778016606,0,Huff and ML disagree
10145759,Mlinše,Litija,0.07752473835182906,Ljubljana,0.1948282113418031,0,Huff and ML disagree
10145767,Mošenik,Litija,0.26060110871996567,Litija,0.2156328377345385,1,Huff and ML agree
10145775,Orehovica,Zagorje ob Savi,0.115587649136356,Zagorje ob Savi,0.1618494825444203,1,Huff and ML agree
10145783,Osredek,Litija,0.06324159961406894,Ljubljana,0.1433494029429271,0,Huff and ML disagree
10145791,Padež,Trbovlje,0.06311904932375838,Ljubljana,0.1410719825530552,0,Huff and ML disagree
10145805,Podkraj pri Zagorju,Zagorje ob Savi,0.7516366867184874,Zagorje ob Savi,0.7755024242031363,1,Huff and ML agree
10145813,Podkum,Trbovlje,0.13166369685736945,Trbovlje,0.1374358432845887,1,Huff and ML agree
10145821,Podlipovica,Trbovlje,0.10577412859459492,Ljubljana,0.1585032068261752,0,Huff and ML disagree
10145830,Polšina,Trbovlje,0.07238480019360137,Ljubljana,0.1794892364032136,0,Huff and ML disagree
10145848,Potoška vas,Zagorje ob Savi,0.39717529352922076,Zagorje ob Savi,0.3822718943415046,1,Huff and ML agree
10145856,Požarje,Zagorje ob Savi,0.20609386243865696,Zagorje ob Savi,0.263795136596901,1,Huff and ML agree
10145864,Prapreče - del,Trbovlje,0.5490814593568145,Trbovlje,0.4110346271051084,1,Huff and ML agree
10145872,Zgornji Prhovec,Trbovlje,0.1572834327984541,Zagorje ob Savi,0.1864127889459099,0,Huff and ML disagree
10145899,Ravenska vas,Trbovlje,0.5987869310305018,Trbovlje,0.4286910637744048,1,Huff and ML agree
10145902,Ravne pri Mlinšah,Zagorje ob Savi,0.08444066115665837,Ljubljana,0.1824562525415927,0,Huff and ML disagree
10145929,Razbor pri Čemšeniku,Trbovlje,0.14824429146569515,Ljubljana,0.1496936354653731,0,Huff and ML disagree
10145937,Razpotje,Trbovlje,0.11616072248232485,Ljubljana,0.1683886709479237,0,Huff and ML disagree
10145945,Rodež,Litija,0.1372842404545065,Ljubljana,0.1565568132633101,0,Huff and ML disagree
10145953,Rove,Trbovlje,0.2844158555759195,Zagorje ob Savi,0.306071046570656,0,Huff and ML disagree
10145961,Rovišče,Litija,0.21485291488459604,Ljubljana,0.1785921056879615,0,Huff and ML disagree
10145970,Rtiče,Trbovlje,0.09644034683014915,Ljubljana,0.1416672725756057,0,Huff and ML disagree
10145988,Ržiše,Trbovlje,0.17960865319814637,Zagorje ob Savi,0.1857423173741859,0,Huff and ML disagree
10145996,Selo pri Zagorju,Zagorje ob Savi,0.7063834259919776,Zagorje ob Savi,0.6456833399904717,1,Huff and ML agree
10146003,Senožeti,Litija,0.20407140912890806,Zagorje ob Savi,0.1907182073378001,0,Huff and ML disagree
10146011,Šemnik,Zagorje ob Savi,0.24321475036472287,Zagorje ob Savi,0.2843688944008625,1,Huff and ML agree
10146020,Šentgotard,Kamnik,0.07623415058027266,Ljubljana,0.1896923923038425,0,Huff and ML disagree
10146038,Šentlambert,Litija,0.2148540543275705,Zagorje ob Savi,0.2100133072741478,0,Huff and ML disagree
10146046,Šklendrovec,Zagorje ob Savi,0.5751543219881663,Zagorje ob Savi,0.5468821952024421,1,Huff and ML agree
10146054,Tirna,Litija,0.20725833919717368,Ljubljana,0.1659630771858657,0,Huff and ML disagree
10146062,Vine,Zagorje ob Savi,0.7479461387916106,Zagorje ob Savi,0.7537589907234337,1,Huff and ML agree
10146089,Vrh,Zagorje ob Savi,0.3310370930263307,Zagorje ob Savi,0.4007447811464033,1,Huff and ML agree
10146097,Vrh pri Mlinšah,Litija,0.11679251832598377,Ljubljana,0.234381310398791,0,Huff and ML disagree
10146119,Vrhe - del,Trbovlje,0.12566638428873633,Ljubljana,0.150529890619579,0,Huff and ML disagree
10146127,Zabava,Litija,0.0732188894159751,Ljubljana,0.1984055397137579,0,Huff and ML disagree
10146135,Zabreznik,Trbovlje,0.1290491714107093,Zagorje ob Savi,0.1782290635856973,0,Huff and ML disagree
10146143,Zagorje ob Savi,Zagorje ob Savi,0.9950219354941966,Zagorje ob Savi,1.0,1,Huff and ML agree
10146151,Zavine,Zagorje ob Savi,0.3310370930263307,Zagorje ob Savi,0.4004422813799437,1,Huff and ML agree
10146160,Znojile,Trbovlje,0.19035949109723257,Zagorje ob Savi,0.1728247885417078,0,Huff and ML disagree
10146178,Žvarulje,Kamnik,0.07872044625981736,Ljubljana,0.2143592943306388,0,Huff and ML disagree
10146186,Andraž nad Polzelo,Velenje,0.33911872060203613,Velenje,0.3583093909917091,1,Huff and ML agree
10146194,Arja vas,Žalec,0.6753417469923594,Žalec,0.4731958233937236,1,Huff and ML agree
10146208,Braslovče,Braslovče,0.9875636033959467,Braslovče,1.0,1,Huff and ML agree
10146216,Breg pri Polzeli,Polzela,0.3281975356219952,Polzela,0.2662753471692208,1,Huff and ML agree
10146224,Brnica,Celje,0.24356765484086793,Celje,0.3381472798033884,1,Huff and ML agree
10146232,Brode,Vransko,0.6967930792449833,Vransko,0.7088728288769733,1,Huff and ML agree
10146259,Čeplje,Vransko,0.41014818374432815,Vransko,0.3611709215666605,1,Huff and ML agree
10146267,Čreta,Vransko,0.07007978344998218,Ljubljana,0.110105466060823,0,Huff and ML disagree
10146275,Črni Vrh,Celje,0.08058298170042616,Ljubljana,0.1010922984511268,0,Huff and ML disagree
10146283,Črnova,Velenje,0.31182166620473967,Velenje,0.2817034920834477,1,Huff and ML agree
10146291,Dobrič,Velenje,0.27440008370572166,Velenje,0.27644375877924,1,Huff and ML agree
10146305,Dobriša vas,Žalec,0.8196265251110986,Žalec,0.771394774177873,1,Huff and ML agree
10146313,Dobrovlje,Velenje,0.12204575364882281,Velenje,0.1020237088113302,1,Huff and ML agree
10146330,Dolenja vas,Prebold,0.6510304008141506,Prebold,0.774929655519001,1,Huff and ML agree
10146348,Drešinja vas,Žalec,0.5755652160252199,Celje,0.4570828044319806,0,Huff and ML disagree
10146356,Galicija,Celje,0.3022689161020165,Celje,0.4421099653138481,1,Huff and ML agree
10146364,Glinje,Celje,0.15301278252368092,Celje,0.1049568127840628,1,Huff and ML agree
10146372,Gomilsko,Žalec,0.15936866171686673,Celje,0.1160957517405604,0,Huff and ML disagree
10146399,Sv. Lovrenc,Prebold,0.5246298633983312,Prebold,0.453627879081822,1,Huff and ML agree
10146402,Gotovlje,Žalec,0.811714682364952,Žalec,0.7417664318011878,1,Huff and ML agree
10146429,Grajska vas,Prebold,0.1702435546472451,Prebold,0.1491463839718939,1,Huff and ML agree
10146437,Griže,Žalec,0.28537740398321637,Celje,0.3188366306461984,0,Huff and ML disagree
10146445,Hramše,Celje,0.21253460009171615,Celje,0.2553449285395704,1,Huff and ML agree
10146453,Janškovo selo,Velenje,0.3206398986918455,Velenje,0.4070484710409578,1,Huff and ML agree
10146461,Jeronim,Vransko,0.21372042048692702,Vransko,0.2330859464611666,1,Huff and ML agree
10146470,Kale,Žalec,0.2127174720048294,Velenje,0.1857742421321898,0,Huff and ML disagree
10146488,Kamenče,Braslovče,0.1415867399372715,Braslovče,0.1527855856312223,1,Huff and ML agree
10146496,Kapla,Tabor,0.1518636185322577,Tabor,0.1072283855073302,1,Huff and ML agree
10146500,Kaplja vas,Prebold,0.5011638215683855,Prebold,0.4620134482622176,1,Huff and ML agree
10146518,Kasaze,Žalec,0.416029920229537,Celje,0.3690281499708186,0,Huff and ML disagree
10146526,Latkova vas,Prebold,0.5603245518853233,Prebold,0.5142156693506039,1,Huff and ML agree
10146534,Letuš,Velenje,0.18576843884061034,Velenje,0.1618887429009938,1,Huff and ML agree
10146542,Levec,Celje,0.6456045741919592,Celje,0.6622628008864723,1,Huff and ML agree
10146569,Liboje,Celje,0.30246300999653614,Celje,0.4139269930743822,1,Huff and ML agree
10146577,Limovce,Celje,0.06755042579901722,Ljubljana,0.1878351003966568,0,Huff and ML disagree
10146585,Lipje,Velenje,0.4407142823860304,Velenje,0.5734392711176458,1,Huff and ML agree
10146593,Ločica ob Savinji,Žalec,0.40264381608921096,Žalec,0.2538609177109376,1,Huff and ML agree
10146607,Ločica pri Vranskem,Vransko,0.38879553106879655,Vransko,0.3817748333450642,1,Huff and ML agree
10146615,Loke,Tabor,0.15255316429328283,Tabor,0.1255403496964277,1,Huff and ML agree
10146623,Lopatnik,Velenje,0.334937930169602,Velenje,0.37354279890838,1,Huff and ML agree
10146631,Ložnica pri Žalcu,Žalec,0.8090746009710528,Žalec,0.7132054024850897,1,Huff and ML agree
10146640,Mala Pirešica,Žalec,0.5132880923878139,Žalec,0.3482158311050717,1,Huff and ML agree
10146658,Male Braslovče,Braslovče,0.36159695399201847,Braslovče,0.331563212469687,1,Huff and ML agree
10146666,Marija Reka,Trbovlje,0.19814786942519327,Celje,0.1223823651022104,0,Huff and ML disagree
10146674,Matke,Žalec,0.26554110431984407,Žalec,0.2136874343226457,1,Huff and ML agree
10146682,Migojnice,Žalec,0.2856199875374271,Celje,0.3277809120253025,0,Huff and ML disagree
10146704,Miklavž pri Taboru,Celje,0.09549796273623373,Celje,0.1068564009248909,1,Huff and ML agree
10146712,Ojstriška vas,Tabor,0.47673775162010995,Tabor,0.3453062010156219,1,Huff and ML agree
10146739,Orla vas,Žalec,0.2591044430227268,Žalec,0.1836846842646347,1,Huff and ML agree
10146747,Orova vas,Polzela,0.38166654404969025,Polzela,0.3500069946538247,1,Huff and ML agree
10146755,Parižlje,Polzela,0.3525843211611911,Polzela,0.3061340860989354,1,Huff and ML agree
10146763,Pernovo,Žalec,0.3814100284306178,Celje,0.299606294403646,0,Huff and ML disagree
10146771,Petrovče,Žalec,0.7304656093658377,Žalec,0.538864740457974,1,Huff and ML agree
10146780,Pirešica,Velenje,0.43974055198700746,Velenje,0.553026326477177,1,Huff and ML agree
10146798,Podgorje pri Letušu,Velenje,0.13858658255062936,Velenje,0.1564923288269998,1,Huff and ML agree
10146801,Podkraj,Velenje,0.3502796798051552,Velenje,0.3999690390599024,1,Huff and ML agree
10146810,Podlog v Savinjski dolini,Žalec,0.5716055943703078,Žalec,0.4897314278731211,1,Huff and ML agree
10146828,Podvin pri Polzeli,Velenje,0.15527793478143775,Velenje,0.1432764472310962,1,Huff and ML agree
10146836,Podvrh,Velenje,0.13534404472434283,Velenje,0.1388381782804382,1,Huff and ML agree
10146844,Poljče,Celje,0.14966066502909264,Žalec,0.1109784475730508,0,Huff and ML disagree
10146852,Polzela,Polzela,0.9941075935859429,Polzela,1.0,1,Huff and ML agree
10146879,Pondor,Vransko,0.15823934409035303,Vransko,0.1213645049176948,1,Huff and ML agree
10146887,Pongrac,Celje,0.226803346430806,Celje,0.259959382072,1,Huff and ML agree
10146895,Ponikva pri Žalcu,Velenje,0.24501348237631781,Velenje,0.2365164172152821,1,Huff and ML agree
10146909,Prapreče,Vransko,0.46105917493025184,Vransko,0.4551411555734339,1,Huff and ML agree
10146917,Prebold,Prebold,0.9938045669822679,Prebold,1.0,1,Huff and ML agree
10146925,Prekopa,Vransko,0.27218274876783743,Vransko,0.2229302549139903,1,Huff and ML agree
10146933,Prelska,Velenje,0.3329599724072675,Velenje,0.3652400731714545,1,Huff and ML agree
10146941,Preserje,Braslovče,0.3798224484684883,Braslovče,0.3704589912732106,1,Huff and ML agree
10146950,Rakovlje,Braslovče,0.912760265845659,Braslovče,0.7952378155688601,1,Huff and ML agree
10146968,Ruše,Žalec,0.5070436814344831,Žalec,0.3444324650441013,1,Huff and ML agree
10146976,Selo pri Vranskem,Vransko,0.438607464318712,Vransko,0.4271551368354689,1,Huff and ML agree
10146984,Spodnje Gorče,Braslovče,0.2252905038157558,Braslovče,0.227167633837406,1,Huff and ML agree
10146992,Spodnje Grušovlje,Žalec,0.4779734159539202,Žalec,0.3567981197493681,1,Huff and ML agree
10147000,Spodnje Roje,Žalec,0.7357922563262218,Žalec,0.6564474890279448,1,Huff and ML agree
10147018,Stopnik,Vransko,0.2983387132446112,Vransko,0.2591899817449644,1,Huff and ML agree
10147026,Studence,Žalec,0.21719180492936513,Celje,0.2024681439333842,0,Huff and ML disagree
10147034,Šempeter v Savinj. dolini,Žalec,0.5485207156132658,Žalec,0.4535183106635975,1,Huff and ML agree
10147042,Šentrupert,Prebold,0.30237617942446715,Prebold,0.2117397020209157,1,Huff and ML agree
10147069,Šešče pri Preboldu,Žalec,0.46130243372132945,Žalec,0.318283498100248,1,Huff and ML agree
10147077,Šmatevž,Žalec,0.15299231565877547,Celje,0.1154834342688075,0,Huff and ML disagree
10147085,Tabor,Tabor,0.9958292850336556,Tabor,1.0,1,Huff and ML agree
10147093,Tešova,Vransko,0.5088925109895905,Vransko,0.4969978444596896,1,Huff and ML agree
10147107,Topovlje,Žalec,0.19427704294430068,Žalec,0.1251382977205428,1,Huff and ML agree
10147115,Trnava,Žalec,0.20940814992280743,Žalec,0.1551127697038579,1,Huff and ML agree
10147123,Velika Pirešica,Žalec,0.4032853768338007,Žalec,0.2980974150361639,1,Huff and ML agree
10147131,Vinska Gora,Velenje,0.3852064969096473,Velenje,0.4910168542853906,1,Huff and ML agree
10147140,Vologa,Vransko,0.20744375959485242,Vransko,0.2151889024156635,1,Huff and ML agree
10147158,Vransko,Vransko,0.987315294749429,Vransko,1.0,1,Huff and ML agree
10147166,Vrbje,Žalec,0.8652022196275055,Žalec,0.871191481203078,1,Huff and ML agree
10147174,Zabukovica,Celje,0.25271026194909774,Celje,0.2932140378206707,1,Huff and ML agree
10147182,Zahomce,Vransko,0.526023576417243,Vransko,0.5222304364747636,1,Huff and ML agree
10147204,Zajasovnik - del,Vransko,0.13795268553338935,Ljubljana,0.1499038345637542,0,Huff and ML disagree
10147212,Zakl,Žalec,0.17944155677142232,Žalec,0.1330729458421389,1,Huff and ML agree
10147239,Zalog pri Šempetru,Žalec,0.43874280492767653,Žalec,0.3376531528526303,1,Huff and ML agree
10147247,Zaloška Gorica,Žalec,0.42806397092946474,Celje,0.4215998014090218,0,Huff and ML disagree
10147255,Založe,Žalec,0.20921589575453642,Žalec,0.1682259631618178,1,Huff and ML agree
10147263,Zaplanina,Celje,0.07509575522418965,Ljubljana,0.1735474260275297,0,Huff and ML disagree
10147271,Zavrh pri Galiciji,Celje,0.2677106417740454,Celje,0.3090158488003795,1,Huff and ML agree
10147280,Zgornje Gorče,Braslovče,0.18315618187196242,Braslovče,0.1921260692914075,1,Huff and ML agree
10147298,Zgornje Grušovlje,Žalec,0.3685194125452484,Žalec,0.2646047772708882,1,Huff and ML agree
10147301,Zgornje Roje,Žalec,0.6573713710450584,Žalec,0.5282520251392268,1,Huff and ML agree
10147310,Žalec,Žalec,0.9959814130314517,Žalec,1.0,1,Huff and ML agree
10147328,Železno,Žalec,0.28584067324560986,Celje,0.308185286019685,0,Huff and ML disagree
10147336,Novo Celje,Žalec,0.8522607563337588,Žalec,0.7860287695675626,1,Huff and ML agree
10147344,Podvin,Žalec,0.8646104467590662,Žalec,0.8627310601526681,1,Huff and ML agree
10147352,Bohova,Hoče-Slivnica,0.5656178366242286,Hoče-Slivnica,0.4324517714936719,1,Huff and ML agree
10147379,Bresternica,Maribor,0.529532458183934,Maribor,0.8517239409626322,1,Huff and ML agree
10147387,Brezula,Rače-Fram,0.5499901512668136,Rače-Fram,0.4711975776365115,1,Huff and ML agree
10147395,Brunšvik,Maribor,0.3039932729353557,Ptuj,0.2297441862100282,0,Huff and ML disagree
10147409,Celestrina,Maribor,0.5262717949649823,Maribor,0.8106096427978937,1,Huff and ML agree
10147417,Ciglence,Maribor,0.3776574869433727,Maribor,0.3276377345687433,1,Huff and ML agree
10147425,Čreta,Maribor,0.4927080131825262,Maribor,0.4045945288161755,1,Huff and ML agree
10147433,Dobrovce,Maribor,0.4166916530684562,Maribor,0.3752350615773474,1,Huff and ML agree
10147441,Dogoše,Maribor,0.5666456793326994,Maribor,0.6450657247182939,1,Huff and ML agree
10147450,Dragučova,Maribor,0.527306459979829,Maribor,0.7880924826733964,1,Huff and ML agree
10147468,Dravski Dvor,Maribor,0.393282588715939,Maribor,0.2891013728065897,1,Huff and ML agree
10147476,Dvorjane,Maribor,0.34943418649882374,Maribor,0.3488467544901025,1,Huff and ML agree
10147484,Fram,Maribor,0.35640789815808605,Maribor,0.3315339784638899,1,Huff and ML agree
10147492,Gaj nad Mariborom,Maribor,0.4984778712190061,Maribor,0.6343786808679235,1,Huff and ML agree
10147506,Grušova,Maribor,0.4916370116648167,Maribor,0.5476506694326442,1,Huff and ML agree
10147514,Hočko Pohorje,Maribor,0.32547513470982037,Maribor,0.4521805977660044,1,Huff and ML agree
10147522,Hotinja vas,Maribor,0.4380152287695141,Maribor,0.321496008142019,1,Huff and ML agree
10147549,Hrastje,Maribor,0.5265058394372637,Maribor,0.8114746098236953,1,Huff and ML agree
10147557,Hrenca,Maribor,0.4924094359410707,Maribor,0.8058953200769661,1,Huff and ML agree
10147565,Jablance,Maribor,0.3917687539999065,Maribor,0.4240007818849227,1,Huff and ML agree
10147573,Jelovec,Maribor,0.526490313963708,Maribor,0.8111403938710671,1,Huff and ML agree
10147581,Ješenca,Maribor,0.36351085641334707,Maribor,0.2879716461605888,1,Huff and ML agree
10147590,Kamnica,Maribor,0.6572855586471864,Maribor,0.9518600467911116,1,Huff and ML agree
10147603,Kopivnik,Maribor,0.3358177837597892,Maribor,0.3349980711667081,1,Huff and ML agree
10147638,Laznica,Maribor,0.5251179122374521,Maribor,0.7604990010421637,1,Huff and ML agree
10147646,Limbuš,Maribor,0.49099596653000466,Maribor,0.8126858350686936,1,Huff and ML agree
10147654,Loka,Maribor,0.41863586306241696,Maribor,0.3943430783629852,1,Huff and ML agree
10147662,Loka pri Framu,Maribor,0.296956666610744,Maribor,0.2787717609002771,1,Huff and ML agree
10147689,Ložane,Maribor,0.4720964594294038,Maribor,0.6081792012298843,1,Huff and ML agree
10147697,Malečnik,Maribor,0.5678811487345089,Maribor,0.8707069552255398,1,Huff and ML agree
10147719,Maribor,Maribor,0.9958455178794705,Maribor,1.0,1,Huff and ML agree
10147727,Marjeta na Dravskem polju,Maribor,0.37124679743981226,Maribor,0.2493035926850897,1,Huff and ML agree
10147735,Meljski Hrib,Maribor,0.683009796378401,Maribor,0.9600893156623778,1,Huff and ML agree
10147743,Metava,Maribor,0.5525959030381432,Maribor,0.7041299945697713,1,Huff and ML agree
10147751,Miklavž na Dravskem polju,Miklavž na Dravskem polju,0.991210275414047,Miklavž na Dravskem polju,1.0,1,Huff and ML agree
10147760,Morje,Maribor,0.3481132827935034,Maribor,0.3193623984879256,1,Huff and ML agree
10147778,Nebova,Maribor,0.5666456793326994,Maribor,0.7511735633904407,1,Huff and ML agree
10147786,Orehova vas,Maribor,0.43209540869171015,Maribor,0.3608882271045193,1,Huff and ML agree
10147794,Pekel,Maribor,0.526426026397913,Maribor,0.7670022392851608,1,Huff and ML agree
10147808,Pekre,Maribor,0.5414089834222918,Maribor,0.8451919237616027,1,Huff and ML agree
10147816,Pernica,Maribor,0.4702853246573197,Maribor,0.669417568185851,1,Huff and ML agree
10147824,Pivola,Hoče-Slivnica,0.4886144722681619,Hoče-Slivnica,0.4212458438241522,1,Huff and ML agree
10147832,Planica,Maribor,0.3067652395143009,Maribor,0.3227509642809665,1,Huff and ML agree
10147859,Počehova,Maribor,0.6561782581154318,Maribor,0.9257377994350492,1,Huff and ML agree
10147867,Podova,Rače-Fram,0.37840592795039407,Rače-Fram,0.2898477990437599,1,Huff and ML agree
10147875,Polana,Maribor,0.4320452175459551,Maribor,0.4471810363432053,1,Huff and ML agree
10147883,Požeg,Maribor,0.3603512447137998,Maribor,0.2912505951528619,1,Huff and ML agree
10147891,Prepolje,Maribor,0.30078060499674597,Ptuj,0.2909788841023843,0,Huff and ML disagree
10147905,Rače,Rače-Fram,0.9965189114579414,Rače-Fram,1.0,1,Huff and ML agree
10147913,Radizel,Maribor,0.49880625041871596,Maribor,0.3783933417523871,1,Huff and ML agree
10147921,Ranče,Maribor,0.323770263562887,Maribor,0.3631391280468913,1,Huff and ML agree
10147930,Razvanje,Maribor,0.5229384674038146,Maribor,0.5035965624787779,1,Huff and ML agree
10147948,Ribniško selo,Maribor,0.7235660715260663,Maribor,0.975756469031714,1,Huff and ML agree
10147956,Rogoza,Maribor,0.47072996024938796,Maribor,0.39315858486796,1,Huff and ML agree
10147964,Rošnja,Maribor,0.40184482816794614,Maribor,0.3115541521852181,1,Huff and ML agree
10147972,Rošpoh - del,Maribor,0.5691641289146397,Maribor,0.912306502732858,1,Huff and ML agree
10147999,Ruperče,Maribor,0.4701878462129641,Maribor,0.6313511391442166,1,Huff and ML agree
10148006,Skoke,Maribor,0.41696602033624314,Maribor,0.3808258810535833,1,Huff and ML agree
10148014,Slivnica pri Mariboru,Maribor,0.4939623514344019,Maribor,0.3697872817671066,1,Huff and ML agree
10148022,Slivniško Pohorje,Maribor,0.34391649557094744,Maribor,0.4329964030993437,1,Huff and ML agree
10148049,Spodnja Gorica,Maribor,0.3074479844930982,Maribor,0.2082412848933845,1,Huff and ML agree
10148057,Spodnja Korena,Maribor,0.3539304584068968,Maribor,0.3747641675857293,1,Huff and ML agree
10148065,Spodnje Hoče,Hoče-Slivnica,0.9994067487205729,Hoče-Slivnica,1.0,1,Huff and ML agree
10148073,Spodnji Duplek,Duplek,0.9936564810490692,Duplek,1.0,1,Huff and ML agree
10148081,Srednje,Maribor,0.4702853246573197,Maribor,0.7459656820061973,1,Huff and ML agree
10148090,Starše,Starše,0.9861528827103219,Starše,1.0,1,Huff and ML agree
10148103,Šober,Maribor,0.3934255485358387,Maribor,0.6334291182301954,1,Huff and ML agree
10148111,Trčova,Maribor,0.5667169677491276,Maribor,0.7385605659499465,1,Huff and ML agree
10148120,Trniče,Maribor,0.33632975378952407,Ptuj,0.2284110516293913,0,Huff and ML disagree
10148138,Vinarje,Maribor,0.659980560456406,Maribor,0.956085616403657,1,Huff and ML agree
10148146,Vodole,Maribor,0.5405808454504171,Maribor,0.8339395755896087,1,Huff and ML agree
10148154,Vosek,Maribor,0.47119053320993504,Maribor,0.6736425991175172,1,Huff and ML agree
10148162,Vrhov Dol,Maribor,0.5554095533397253,Maribor,0.7643101843136964,1,Huff and ML agree
10148189,Vukovje,Maribor,0.4289791981106912,Maribor,0.5400711031695653,1,Huff and ML agree
10148197,Vurberk,Maribor,0.3710458160848411,Ptuj,0.3701769359865114,0,Huff and ML disagree
10148219,Za Kalvarijo,Maribor,0.8511947979392587,Maribor,0.9918008260363074,1,Huff and ML agree
10148227,Zgornja Gorica,Maribor,0.29781817428669266,Maribor,0.2228952347964723,1,Huff and ML agree
10148235,Zgornja Korena,Maribor,0.38103141476028163,Maribor,0.3582976348470157,1,Huff and ML agree
10148243,Zgornje Hoče,Maribor,0.47478485908755447,Hoče-Slivnica,0.4356108124445259,0,Huff and ML disagree
10148251,Zgornji Duplek,Maribor,0.47180370599522425,Maribor,0.4681929860707146,1,Huff and ML agree
10148260,Zgornji Slemen - del,Maribor,0.32839919263756057,Maribor,0.547476718982776,1,Huff and ML agree
10148278,Zimica,Maribor,0.41614969677629693,Maribor,0.4982379719130838,1,Huff and ML agree
10148286,Zlatoličje,Maribor,0.3012907290005313,Ptuj,0.3716325423241354,0,Huff and ML disagree
10148294,Zrkovci,Maribor,0.48970084738509956,Maribor,0.7789261934180802,1,Huff and ML agree
10148308,Žikarce,Maribor,0.3365721243187199,Maribor,0.3197785025829594,1,Huff and ML agree
10148316,Ceršak,Maribor,0.29706887032556745,Šentilj,0.3667323026021384,0,Huff and ML disagree
10148324,Ciringa,Maribor,0.33553595798467156,Maribor,0.4853446716811841,1,Huff and ML agree
10148332,Cirknica,Maribor,0.43260290546534597,Maribor,0.5470496609204059,1,Huff and ML agree
10148359,Dolnja Počehova,Maribor,0.5405808454504171,Maribor,0.8206915332498554,1,Huff and ML agree
10148367,Drankovec,Maribor,0.37977769318902754,Maribor,0.5444763082099218,1,Huff and ML agree
10148375,Zgornji Dražen Vrh,Maribor,0.16967097757154226,Maribor,0.2957517223952967,1,Huff and ML agree
10148383,Flekušek,Maribor,0.40528337452310637,Maribor,0.5429934321285608,1,Huff and ML agree
10148391,Gačnik,Maribor,0.4729562997560084,Maribor,0.6013851638089049,1,Huff and ML agree
10148405,Gradiška,Maribor,0.5525959030381432,Maribor,0.7321198602302843,1,Huff and ML agree
10148413,Grušena,Maribor,0.34254446808119515,Maribor,0.5163051758361009,1,Huff and ML agree
10148421,Jareninski Dol,Maribor,0.45112176892568273,Maribor,0.6038282681212979,1,Huff and ML agree
10148430,Jareninski Vrh,Maribor,0.4471012049987778,Maribor,0.5640074128991341,1,Huff and ML agree
10148448,Jedlovnik,Maribor,0.3646252333091966,Maribor,0.4909257732426746,1,Huff and ML agree
10148456,Jelenče,Maribor,0.4742571392169245,Maribor,0.585501925383346,1,Huff and ML agree
10148464,Jurjevski Dol,Maribor,0.30078060499674597,Maribor,0.4037521868926054,1,Huff and ML agree
10148472,Jurski Vrh,Maribor,0.35056674534353555,Maribor,0.512748708643725,1,Huff and ML agree
10148499,Kaniža,Maribor,0.44457444253083794,Maribor,0.5519610238764769,1,Huff and ML agree
10148502,Kozjak nad Pesnico,Maribor,0.587471409553737,Maribor,0.7636785580259327,1,Huff and ML agree
10148529,Kozjak pri Ceršaku,Maribor,0.30398530559711967,Maribor,0.3465531102191196,1,Huff and ML agree
10148537,Kresnica,Maribor,0.3784804513368514,Maribor,0.4072050534113076,1,Huff and ML agree
10148545,Kušernik,Maribor,0.4324950580158236,Maribor,0.6065349822533556,1,Huff and ML agree
10148553,Mali Dol,Maribor,0.35268215591984936,Maribor,0.5241283222446741,1,Huff and ML agree
10148561,Pesnica,Maribor,0.34673018155770613,Maribor,0.5167150088296069,1,Huff and ML agree
10148570,Pesnica pri Mariboru,Pesnica,0.9927352701751806,Pesnica,1.0,1,Huff and ML agree
10148588,Pesniški Dvor,Maribor,0.529936232731998,Maribor,0.690038556589087,1,Huff and ML agree
10148596,Plač,Maribor,0.34854145827842925,Maribor,0.5019759075771258,1,Huff and ML agree
10148600,Plintovec,Kungota,0.4504597478332316,Kungota,0.6357928428881595,1,Huff and ML agree
10148618,Plodršnica,Maribor,0.30189386199073487,Maribor,0.3875638681197592,1,Huff and ML agree
10148626,Počenik,Maribor,0.2677070844055246,Maribor,0.4010839214915599,1,Huff and ML agree
10148634,Podigrac,Maribor,0.34673018155770613,Maribor,0.4501258786329576,1,Huff and ML agree
10148642,Polička vas,Maribor,0.3776069269914704,Maribor,0.4518084375542157,1,Huff and ML agree
10148669,Polički Vrh,Maribor,0.4228573606531004,Maribor,0.5551142056383505,1,Huff and ML agree
10148677,Ranca,Maribor,0.47653873944499686,Maribor,0.5802955836826161,1,Huff and ML agree
10148685,Ročica,Maribor,0.3426076067122301,Maribor,0.4693371218818598,1,Huff and ML agree
10148693,Selnica ob Muri,Maribor,0.3034713456998187,Maribor,0.3811763245353072,1,Huff and ML agree
10148707,Sladki Vrh,Maribor,0.24876371398484243,Maribor,0.3876272861841869,1,Huff and ML agree
10148715,Slatenik,Maribor,0.37859584819370695,Maribor,0.5471447613730556,1,Huff and ML agree
10148723,Slatina,Maribor,0.3139608385041436,Maribor,0.5051643611504031,1,Huff and ML agree
10148731,Slatinski Dol,Maribor,0.3981131345608728,Maribor,0.4201309918142457,1,Huff and ML agree
10148740,Spodnja Velka,Maribor,0.23654022957859713,Maribor,0.333344428865893,1,Huff and ML agree
10148758,Spodnje Dobrenje,Maribor,0.5260754985776974,Maribor,0.6297939525738102,1,Huff and ML agree
10148766,Spodnje Hlapje,Maribor,0.32140377638900347,Maribor,0.4580681044334733,1,Huff and ML agree
10148774,Spodnje Vrtiče,Kungota,0.422232086535971,Kungota,0.4493019539239864,1,Huff and ML agree
10148782,Spodnji Jakobski Dol,Maribor,0.35362039163225006,Maribor,0.5205203660302261,1,Huff and ML agree
10148804,Srebotje,Maribor,0.3033771978380799,Maribor,0.4350715635515388,1,Huff and ML agree
10148812,Stara Gora pri Šentilju,Maribor,0.3914967208874725,Maribor,0.5381260705878202,1,Huff and ML agree
10148839,Svečane,Maribor,0.25527301062166124,Maribor,0.3661056773252878,1,Huff and ML agree
10148847,Svečina,Maribor,0.3234914213212507,Maribor,0.4927603989075493,1,Huff and ML agree
10148855,Šentilj v Slov. goricah,Šentilj,0.9910998605686019,Šentilj,1.0,1,Huff and ML agree
10148863,Šomat,Maribor,0.2659242345532467,Maribor,0.3987269605223884,1,Huff and ML agree
10148871,Špičnik,Maribor,0.30324802902521014,Maribor,0.5072992760017555,1,Huff and ML agree
10148880,Štrihovec,Maribor,0.3533351650212549,Maribor,0.4222444045167099,1,Huff and ML agree
10148898,Trate,Maribor,0.17426768415075589,Maribor,0.308599222547697,1,Huff and ML agree
10148901,Vajgen,Maribor,0.3849475390244909,Maribor,0.5611031159265667,1,Huff and ML agree
10148910,Vranji Vrh,Maribor,0.2656940522359349,Maribor,0.4017382030228794,1,Huff and ML agree
10148928,Vršnik,Maribor,0.3493536108673607,Maribor,0.5099087179278873,1,Huff and ML agree
10148936,Vukovski Dol,Maribor,0.49849750814878635,Maribor,0.6342897948423565,1,Huff and ML agree
10148944,Vukovski Vrh,Maribor,0.4371032878851899,Maribor,0.6159556014792702,1,Huff and ML agree
10148952,Zgornja Kungota,Kungota,0.9947075360339848,Kungota,1.0,1,Huff and ML agree
10148979,Zgornja Velka,Maribor,0.17259187433457643,Maribor,0.3216719897487461,1,Huff and ML agree
10148987,Zgornje Dobrenje,Maribor,0.42811592010172667,Maribor,0.5494115669493148,1,Huff and ML agree
10148995,Zgornje Gradišče,Maribor,0.2555877310213106,Maribor,0.3786403602874192,1,Huff and ML agree
10149002,Zgornje Hlapje,Maribor,0.35172003309826566,Maribor,0.4908166226534479,1,Huff and ML agree
10149029,Zgornje Vrtiče,Maribor,0.38103141476028163,Maribor,0.4742524004138578,1,Huff and ML agree
10149037,Zgornji Jakobski Dol,Maribor,0.3481188693204935,Maribor,0.493064768330346,1,Huff and ML agree
10149045,Rošpoh - del,Maribor,0.5709823765007984,Maribor,0.7654684138284754,1,Huff and ML agree
10149053,Bezena,Maribor,0.474157395128906,Ruše,0.4714879809505098,0,Huff and ML disagree
10149061,Činžat,Maribor,0.311729721450721,Maribor,0.36264375297628,1,Huff and ML agree
10149070,Črešnjevec ob Dravi,Selnica ob Dravi,0.39620068379682477,Selnica ob Dravi,0.3534650076903854,1,Huff and ML agree
10149088,Fala,Maribor,0.3718817607319086,Maribor,0.4162039020492205,1,Huff and ML agree
10149096,Gradišče na Kozjaku,Maribor,0.10236106751455447,Maribor,0.3043864177368905,1,Huff and ML agree
10149100,Janževa Gora,Maribor,0.3782201959932713,Maribor,0.3840481911207377,1,Huff and ML agree
10149118,Kumen,Lovrenc na Pohorju,0.35622963810300656,Lovrenc na Pohorju,0.3198034307428645,1,Huff and ML agree
10149126,Lobnica,Maribor,0.3984781124685937,Ruše,0.4914993550355258,0,Huff and ML disagree
10149134,Log,Maribor,0.4984778712190061,Maribor,0.6363337074160902,1,Huff and ML agree
10149142,Lovrenc na Pohorju,Lovrenc na Pohorju,0.9938786283896028,Lovrenc na Pohorju,1.0,1,Huff and ML agree
10149169,Puščava,Lovrenc na Pohorju,0.4535027694697286,Lovrenc na Pohorju,0.3663072213941581,1,Huff and ML agree
10149177,Rdeči Breg - del,Lovrenc na Pohorju,0.368905207011887,Lovrenc na Pohorju,0.3400193598802155,1,Huff and ML agree
10149185,Recenjak,Lovrenc na Pohorju,0.45629948041127727,Lovrenc na Pohorju,0.4307930506101554,1,Huff and ML agree
10149193,Ruše,Ruše,0.9952207613676829,Ruše,1.0,1,Huff and ML agree
10149207,Ruta,Maribor,0.2677070844055246,Maribor,0.3866477173328013,1,Huff and ML agree
10149215,Selnica ob Dravi,Selnica ob Dravi,0.9955361483650548,Selnica ob Dravi,1.0,1,Huff and ML agree
10149223,Smolnik,Maribor,0.39661595184671994,Ruše,0.4608545207113402,0,Huff and ML disagree
10149231,Spodnja Selnica,Maribor,0.4955932914691817,Maribor,0.3625379620996355,1,Huff and ML agree
10149240,Spodnji Boč,Maribor,0.31107420199790664,Maribor,0.4622732853558785,1,Huff and ML agree
10149258,Spodnji Slemen,Maribor,0.4701674584170701,Maribor,0.5524069107098675,1,Huff and ML agree
10149266,Veliki Boč,Maribor,0.23426334556449904,Maribor,0.4240012228912908,1,Huff and ML agree
10149274,Vurmat - del,Maribor,0.13825421897804385,Maribor,0.3782792404080999,1,Huff and ML agree
10149282,Zgornja Selnica,Selnica ob Dravi,0.5363453277502765,Selnica ob Dravi,0.3991040889960187,1,Huff and ML agree
10149304,Zgornji Boč,Maribor,0.3643316901199376,Maribor,0.419538455026695,1,Huff and ML agree
10149312,Zgornji Slemen - del,Maribor,0.36910722825282327,Maribor,0.5179799012370823,1,Huff and ML agree
10149339,Bistrica ob Dravi,Maribor,0.5547356971962192,Maribor,0.642528361933914,1,Huff and ML agree
11023843,Ravne,Kamnik,0.2955340910515894,Ljubljana,0.2181391522885483,0,Huff and ML disagree
11023851,Osredek pri Zrečah,Zreče,0.7548866690496705,Zreče,0.7824675980360564,1,Huff and ML agree
11023860,Dobrovlje,Slovenske Konjice,0.7101214083836173,Slovenske Konjice,0.4494532718994087,1,Huff and ML agree
11023967,Dilce,Postojna,0.33559970296458985,Postojna,0.5468057398393282,1,Huff and ML agree
11023991,Ribnica,Ilirska Bistrica,0.16654597882783495,Ilirska Bistrica,0.2054846916716275,1,Huff and ML agree
11024033,Lohača,Postojna,0.3393177836044052,Postojna,0.4463395740491687,1,Huff and ML agree
11024114,Zgornji Janževski Vrh,Ribnica na Pohorju,0.11174778354844708,Maribor,0.2074518077418654,0,Huff and ML disagree
11024122,Zgornji Kozji Vrh,Radlje ob Dravi,0.41033104991242086,Radlje ob Dravi,0.5260177856058499,1,Huff and ML agree
11024149,Zgornji Lehen na Pohorju,Ribnica na Pohorju,0.15007436237997346,Maribor,0.2007362188423963,0,Huff and ML disagree
11024157,Zgornja Orlica,Ribnica na Pohorju,0.18516931118399366,Ribnica na Pohorju,0.2030712606764646,1,Huff and ML agree
11024165,Spodnja Orlica,Radlje ob Dravi,0.10271285035196007,Radlje ob Dravi,0.1709614446859058,1,Huff and ML agree
11024173,Dole,Šentjur,0.6480857280765175,Šentjur,0.6028251627445335,1,Huff and ML agree
11024181,Fala,Maribor,0.30324802902521014,Maribor,0.4001454312404134,1,Huff and ML agree
11024190,Brdo,Rečica ob Savinji,0.08113492803103696,Ljubljana,0.1071578666236042,0,Huff and ML disagree
11024483,Medvedjek,Trebnje,0.14077777408060319,Ljubljana,0.1800552904060616,0,Huff and ML disagree
11025056,Setnica - del,Ljubljana,0.2777902907386604,Ljubljana,0.553120582666504,1,Huff and ML agree
16150991,Obrežje,Radeče,0.5361409914586039,Radeče,0.6802173056273946,1,Huff and ML agree
16151106,Sv. Duh na Ostrem vrhu,Maribor,0.18481162072551954,Maribor,0.4169705439652186,1,Huff and ML agree
16358312,Tolsti Vrh,Litija,0.29787597884358014,Litija,0.2874247389366962,1,Huff and ML agree
16358363,Bogenšperk,Litija,0.4488611664139958,Litija,0.4510573648294517,1,Huff and ML agree
16361291,Magolnik,Celje,0.052285962653892716,Ljubljana,0.1238605779013047,0,Huff and ML disagree
16361399,Sopota,Celje,0.056945544968493786,Ljubljana,0.1223075317813385,0,Huff and ML disagree
16366161,Kumpolje,Trebnje,0.057954895215921585,Ljubljana,0.1498490592040888,0,Huff and ML disagree
16366200,Pogonik,Litija,0.5285506708753214,Litija,0.5179665853876134,1,Huff and ML agree
16366242,Dobje,Trebnje,0.048811289449392205,Ljubljana,0.1274163352801844,0,Huff and ML disagree
16366471,Berinjek,Trebnje,0.04377735143453684,Ljubljana,0.1450658039564352,0,Huff and ML disagree
16366668,Bistrica,Trebnje,0.05386194378984341,Ljubljana,0.1542755461846242,0,Huff and ML disagree
16366897,Jelenska Reber,Celje,0.043470925939485844,Ljubljana,0.1468689160605077,0,Huff and ML disagree
16367087,Zagorica,Litija,0.8141309060788443,Litija,0.7932489534644926,1,Huff and ML agree
16391565,Laznica,Cerkno,0.4180855760271031,Cerkno,0.608990064555821,1,Huff and ML agree
16505919,Koglo,Novo mesto,0.1748455612378218,Novo mesto,0.2794312426452154,1,Huff and ML agree
16506273,Travnik,Idrija,0.13679580319485374,Idrija,0.2093872479019182,1,Huff and ML agree
16515442,Galantiči,Koper,0.20956028264947185,Koper,0.4810673345171171,1,Huff and ML agree
16567361,Spodnje Stranice,Slovenske Konjice,0.34744912307246617,Zreče,0.2137225336774243,0,Huff and ML disagree
16567400,Mala gora,Slovenske Konjice,0.3320861197913971,Zreče,0.2441906556722921,0,Huff and ML disagree
16567485,Polajna,Slovenske Konjice,0.33916022858353606,Zreče,0.2683656370323077,0,Huff and ML disagree
16567515,Lipa,Zreče,0.3746777602020164,Zreče,0.3201407916541696,1,Huff and ML agree
16567540,Zabork,Slovenske Konjice,0.2919454453212676,Zreče,0.2209885862779945,0,Huff and ML disagree
16567574,Gornja vas,Slovenske Konjice,0.3492503180411613,Zreče,0.2807392102694773,0,Huff and ML disagree
16567639,Čretvež,Slovenske Konjice,0.32360733429828803,Zreče,0.2393989427301274,0,Huff and ML disagree
16568457,Štajerska vas,Slovenske Konjice,0.28175318347774775,Slovenske Konjice,0.1579647287863915,1,Huff and ML agree
16925209,Zalči,Ilirska Bistrica,0.34737429288525673,Ilirska Bistrica,0.4871067870327295,1,Huff and ML agree
17028073,Nožed,Koper,0.33796416044294086,Koper,0.3342384711970956,1,Huff and ML agree
17357751,Koroška Bela,Jesenice,0.5725913618256456,Jesenice,0.6529735777565294,1,Huff and ML agree
17357808,Slovenski Javornik,Jesenice,0.7970469848811825,Jesenice,0.8704172790151532,1,Huff and ML agree
17577662,Log v Bohinju,Bohinj,0.6127355266959073,Bohinj,0.6709917405724972,1,Huff and ML agree
17603612,Zatrnik,Radovljica,0.14635344764557992,Bled,0.1520669831072786,0,Huff and ML disagree
17687786,Bukov Vrh nad Visokim,Kranj,0.13324785093213545,Ljubljana,0.3204630415288216,0,Huff and ML disagree
17691490,Sv. Lenart,Kranj,0.11192126564189535,Ljubljana,0.2871809458074367,0,Huff and ML disagree
17910329,Praproče pri Grosupljem,Grosuplje,0.7307091342578973,Grosuplje,0.7323148842730728,1,Huff and ML agree
18039877,Poslovna cona Žeje pri Komendi,Kamnik,0.3561445053327944,Ljubljana,0.2816824201507023,0,Huff and ML disagree
18129876,Male Vinice,Ribnica,0.37426677437922234,Ribnica,0.3366618307172124,1,Huff and ML agree
18129914,Travna Gora,Ribnica,0.13436268826132966,Ljubljana,0.1996718329709539,0,Huff and ML disagree
18139570,Griček pri Željnah,Kočevje,0.7173601569031309,Kočevje,0.8035861974991326,1,Huff and ML agree
18139847,Podjetniško naselje Kočevje,Kočevje,0.8243579955488295,Kočevje,0.9177991429153588,1,Huff and ML agree
18575655,Sveta Ana pri Ložu,Loška dolina,0.3697171383945706,Cerknica,0.2338985157189301,0,Huff and ML disagree
18679850,Vidrga,Litija,0.18242356268409146,Ljubljana,0.2157590618755117,0,Huff and ML disagree
18681137,Sopota,Celje,0.05803919032347236,Ljubljana,0.122541250409841,0,Huff and ML disagree
18688387,Kal,Zagorje ob Savi,0.2518619975110605,Zagorje ob Savi,0.3046026635192778,1,Huff and ML agree
18688638,Špital,Trbovlje,0.14404905998481513,Zagorje ob Savi,0.2083977691912271,0,Huff and ML disagree
18696690,Strahovlje,Zagorje ob Savi,0.2565555309630791,Zagorje ob Savi,0.3165662120597926,1,Huff and ML agree
18696738,Spodnji Šemnik,Zagorje ob Savi,0.2444093619662026,Zagorje ob Savi,0.2898933070058052,1,Huff and ML agree
18700450,Retje nad Trbovljami,Trbovlje,0.5039575173266748,Trbovlje,0.540997428022858,1,Huff and ML agree
18700514,Klek,Trbovlje,0.7658911005090495,Trbovlje,0.7737818606837089,1,Huff and ML agree
18800837,Jamnik,Vrhnika,0.2364967586141273,Ljubljana,0.3108396965726831,0,Huff and ML disagree
18800900,Jerinov Grič,Vrhnika,0.38313331399721234,Vrhnika,0.3149316219070207,1,Huff and ML agree
18800942,Marinčev Grič,Vrhnika,0.23118275739684646,Ljubljana,0.2527261433529179,0,Huff and ML disagree
18800985,Trčkov Grič,Vrhnika,0.3710276796518852,Vrhnika,0.3498196214566161,1,Huff and ML agree
18801027,Mizni Dol,Vrhnika,0.20330825251147855,Ljubljana,0.3160583685703053,0,Huff and ML disagree
18801051,Prezid,Logatec,0.3504492383764574,Logatec,0.2703913281994,1,Huff and ML agree
18801086,Strmica,Vrhnika,0.545539299597364,Vrhnika,0.4351773936012817,1,Huff and ML agree
19022587,Nova Gora nad Slovensko Bistrico,Slovenska Bistrica,0.5084784278966281,Slovenska Bistrica,0.4960588491011122,1,Huff and ML agree
19022650,Radkovec,Slovenske Konjice,0.18756033836571764,Slovenska Bistrica,0.1885200764152412,0,Huff and ML disagree
19466779,Pušča,Murska Sobota,0.7039395235229877,Murska Sobota,0.8826157502472818,1,Huff and ML agree
19676498,Rejcov Grič,Idrija,0.25029151714924747,Idrija,0.395972495272147,1,Huff and ML agree
19676811,Razpotje,Idrija,0.25491461328561316,Idrija,0.3790600054123451,1,Huff and ML agree
19678725,Ledinsko Razpotje,Idrija,0.23904308435862984,Idrija,0.3020149015278545,1,Huff and ML agree
19777863,Podgozd,Nova Gorica,0.25625772611318737,Nova Gorica,0.5999134396670474,1,Huff and ML agree
19807258,Dragovica,Nova Gorica,0.20927360634757022,Nova Gorica,0.518837097120136,1,Huff and ML agree
19810925,Sveta Gora,Nova Gorica,0.36797256678045026,Nova Gorica,0.7240155473675102,1,Huff and ML agree
19812111,Goljevica,Nova Gorica,0.17177234606788505,Nova Gorica,0.3754576964602993,1,Huff and ML agree
19812600,Kamenca nad Ložicami,Nova Gorica,0.15566708255682468,Nova Gorica,0.3626319791074606,1,Huff and ML agree
19813169,Zagomila,Nova Gorica,0.17961376069020812,Nova Gorica,0.4798572494930728,1,Huff and ML agree
19813207,Zagora,Nova Gorica,0.22515826718478876,Nova Gorica,0.5416378184863737,1,Huff and ML agree
19813240,Paljevo,Nova Gorica,0.1895897943776131,Nova Gorica,0.4463579650691529,1,Huff and ML agree
19813274,Prilesje pri Plavah,Nova Gorica,0.20927360634757022,Nova Gorica,0.4591575941037634,1,Huff and ML agree
19813436,Ravna,Kanal,0.06859259619430808,Nova Gorica,0.246527486170829,0,Huff and ML disagree
19813479,Jesen,Kanal,0.33015263670457,Kanal,0.437601500299992,1,Huff and ML agree
19813509,Krstenica,Kanal,0.46476445063924354,Kanal,0.6750647507728189,1,Huff and ML agree
19813606,Čolnica,Kanal,0.16967482628531483,Kanal,0.2469484266416214,1,Huff and ML agree
19814726,Ložice,Kanal,0.23528459613768543,Nova Gorica,0.375842174940659,0,Huff and ML disagree
19814831,Močila,Kanal,0.26556902857478676,Kanal,0.3188487328814077,1,Huff and ML agree
19814874,Robidni Breg,Kanal,0.2974990809724357,Kanal,0.3324149713258888,1,Huff and ML agree
19815285,Gorenje Nekovo,Kanal,0.10785122359575078,Nova Gorica,0.2135928610033377,0,Huff and ML disagree
19815323,Gorenje Polje,Kanal,0.27379024093868165,Kanal,0.3299273295336761,1,Huff and ML agree
19815625,Dolenje Nekovo,Kanal,0.23623107453623415,Kanal,0.3338411035895056,1,Huff and ML agree
19821846,Pedrovo,Nova Gorica,0.08983110965344732,Nova Gorica,0.1976346116017545,1,Huff and ML agree
19887936,Perati,Kobarid,0.11668844042022193,Kobarid,0.2233189667068507,1,Huff and ML agree
20006927,Kot pri Damlju,Črnomelj,0.06309047311772248,Črnomelj,0.1553601081295166,1,Huff and ML agree
20007117,Selce pri Špeharjih,Črnomelj,0.04767544351812,Ljubljana,0.1421828676780149,0,Huff and ML disagree
20007141,Hrib,Črnomelj,0.06343035982765156,Ljubljana,0.1394973810061776,0,Huff and ML disagree
20007478,Sovinek,Semič,0.13113711908409287,Semič,0.2481104622180888,1,Huff and ML agree
20021683,Rim,Črnomelj,0.12033099001953086,Črnomelj,0.3582754280272006,1,Huff and ML agree
20021721,Pavičiči,Črnomelj,0.3328973483512813,Črnomelj,0.605902546858603,1,Huff and ML agree
20225432,Jagodnik,Novo mesto,0.17955626889983112,Novo mesto,0.3124254747373319,1,Huff and ML agree
20239107,Gorica na Medvedjeku,Trebnje,0.12673129142986744,Ljubljana,0.1894520440050706,0,Huff and ML disagree
20240229,Vejar,Trebnje,0.6264380858159962,Trebnje,0.7119048514761976,1,Huff and ML agree
20460423,Kerinov Grm,Krško,0.3567352485646051,Krško,0.3766551900060704,1,Huff and ML agree
20547898,Hinje,Sevnica,0.07699651327402501,Ljubljana,0.0888161049471676,0,Huff and ML disagree
20553995,Kamenško,Sevnica,0.08924820492453395,Sevnica,0.1395268338660023,1,Huff and ML agree
20556951,Hinjce,Sevnica,0.10989548197352801,Sevnica,0.1575236714751325,1,Huff and ML agree
20557427,Brezje,Sevnica,0.11379651770140656,Sevnica,0.1656588900455702,1,Huff and ML agree
20557532,Križišče,Sevnica,0.13059933746312916,Sevnica,0.1970063664451086,1,Huff and ML agree
20559233,Marendol,Novo mesto,0.10229119497823914,Sevnica,0.1363737358697887,0,Huff and ML disagree
20662069,Stražišče,Prevalje,0.3823777460023215,Prevalje,0.3441058068953445,1,Huff and ML agree
20785241,Bukovje,Dravograd,0.4404909854771388,Dravograd,0.6482156123581427,1,Huff and ML agree
20885645,Svetinje,Ormož,0.2586707488199973,Ormož,0.292548396605405,1,Huff and ML agree
20886951,Trstenik,Ormož,0.26113322204047246,Ormož,0.3065797395697107,1,Huff and ML agree
21107620,Nova Štifta,Gornji Grad,0.24176872452389728,Gornji Grad,0.260869786092835,1,Huff and ML agree
21222623,Grče,Žalec,0.22782793502559484,Žalec,0.2106351546170618,1,Huff and ML agree
23771098,Dedni Vrh pri Vojniku,Celje,0.22863478885616217,Celje,0.281136391168745,1,Huff and ML agree
24031837,Draga,Ljubljana,0.382951859822469,Ljubljana,0.5653636552484778,1,Huff and ML agree
24032698,Podgozd,Ljubljana,0.33687650558031135,Ljubljana,0.5894353486084938,1,Huff and ML agree
24034160,Podkraj,Ljubljana,0.4544256509661952,Ljubljana,0.6509685106900601,1,Huff and ML agree
24034313,Suša,Ljubljana,0.22558288049357164,Ljubljana,0.5542309730712197,1,Huff and ML agree
24267245,Šestdobe,Maribor,0.36529539613450995,Maribor,0.3987485939192529,1,Huff and ML agree
