Village_ID,Village_Name,ml_dominant_muni,ml_dominant_Pij,huff_dominant_muni,huff_dominant_Pij,agreement,agreement_label
10083931,Ajdovščina,Ajdovščina,0.9959028323665636,Ajdovščina,1.0,1,Huff and ML agree
10083940,Batuje,Ajdovščina,0.1564634689574038,Ajdovščina,0.2413997360597126,1,Huff and ML agree
10083958,Bela,Ajdovščina,0.13593677112430838,Ajdovščina,0.2022346151095362,1,Huff and ML agree
10083966,Brje,Ajdovščina,0.16981161764546704,Ajdovščina,0.3036790001644958,1,Huff and ML agree
10083974,Budanje,Ajdovščina,0.44692557965249746,Ajdovščina,0.4727502693270051,1,Huff and ML agree
10083982,Cesta,Ajdovščina,0.6940875897419843,Ajdovščina,0.8527671788807577,1,Huff and ML agree
10084008,Col,Ajdovščina,0.2072983520461696,Ajdovščina,0.30786477561427,1,Huff and ML agree
10084016,Črniče,Nova Gorica,0.18646672653466875,Nova Gorica,0.3065038924799168,1,Huff and ML agree
10084024,Dobravlje,Ajdovščina,0.47591838906929795,Ajdovščina,0.6353928833241291,1,Huff and ML agree
10084032,Dolenje,Ajdovščina,0.6628255389436007,Ajdovščina,0.8041161699103393,1,Huff and ML agree
10084059,Dolga Poljana,Ajdovščina,0.6146307272428237,Ajdovščina,0.6851020655417537,1,Huff and ML agree
10084067,Duplje,Ajdovščina,0.4549239948856988,Ajdovščina,0.4751146864491758,1,Huff and ML agree
10084075,Erzelj,Ajdovščina,0.23448708575456853,Ajdovščina,0.3712243059116069,1,Huff and ML agree
10084083,Gaberje,Ajdovščina,0.2341717095951829,Ajdovščina,0.3760907035281881,1,Huff and ML agree
10084091,Goče,Ajdovščina,0.14183627383498768,Ajdovščina,0.2582481910666391,1,Huff and ML agree
10084105,Gojače,Ajdovščina,0.20607506385503563,Ajdovščina,0.2883574186388286,1,Huff and ML agree
10084113,Gozd,Ajdovščina,0.13631856446513763,Ajdovščina,0.2236610239057508,1,Huff and ML agree
10084121,Gradišče pri Vipavi,Vipava,0.5212615373800457,Vipava,0.6416541704934093,1,Huff and ML agree
10084130,Grivče,Ajdovščina,0.7971687001122885,Ajdovščina,0.917197586364099,1,Huff and ML agree
10084148,Kamnje,Ajdovščina,0.34507551200288605,Ajdovščina,0.4561493418757475,1,Huff and ML agree
10084156,Kovk,Ajdovščina,0.13721594020743602,Ajdovščina,0.1601084386737165,1,Huff and ML agree
10084164,Križna Gora,Ajdovščina,0.1523758988317238,Ajdovščina,0.2093246498664296,1,Huff and ML agree
10084172,Lokavec,Ajdovščina,0.6694367153657637,Ajdovščina,0.841369847516853,1,Huff and ML agree
10084199,Lozice,Ajdovščina,0.11932945456442585,Ajdovščina,0.1424982751924836,1,Huff and ML agree
10084202,Lože,Vipava,0.26549461586505674,Vipava,0.3330999729408774,1,Huff and ML agree
10084229,Male Žablje,Ajdovščina,0.5606223438291992,Ajdovščina,0.6896380855823193,1,Huff and ML agree
10084237,Malo Polje,Ajdovščina,0.14469539575352514,Ajdovščina,0.253298232222382,1,Huff and ML agree
10084245,Manče,Vipava,0.18032002623795373,Vipava,0.2623827678743718,1,Huff and ML agree
10084253,Nanos,Ajdovščina,0.11361630365825291,Ljubljana,0.140033438611506,0,Huff and ML disagree
10084261,Orehovica,Ajdovščina,0.13239042397463027,Ajdovščina,0.1783810702687367,1,Huff and ML agree
10084270,Otlica,Ajdovščina,0.1169305949955675,Ajdovščina,0.1525502629503374,1,Huff and ML agree
10084288,Plače,Ajdovščina,0.5825688728671652,Ajdovščina,0.7042593320868179,1,Huff and ML agree
10084296,Planina,Ajdovščina,0.4457214871194748,Ajdovščina,0.6150946203747053,1,Huff and ML agree
10084300,Podbreg,Ajdovščina,0.1512971379258263,Ajdovščina,0.1644535968266418,1,Huff and ML agree
10084318,Podgrič,Ajdovščina,0.15538783082533908,Ajdovščina,0.1492159823392421,1,Huff and ML agree
10084326,Podkraj,Ajdovščina,0.15456679917444072,Ajdovščina,0.1501524358611196,1,Huff and ML agree
10084334,Podnanos,Ajdovščina,0.15949869297342964,Ajdovščina,0.1891762571773067,1,Huff and ML agree
10084342,Podraga,Ajdovščina,0.13836123561750222,Ajdovščina,0.2085046780603787,1,Huff and ML agree
10084369,Poreče,Ajdovščina,0.1582564224654672,Ajdovščina,0.1904752019961708,1,Huff and ML agree
10084377,Predmeja,Ajdovščina,0.1564327759811571,Ajdovščina,0.213314254260775,1,Huff and ML agree
10084385,Ravne,Nova Gorica,0.18168693589824067,Nova Gorica,0.2964531262982653,1,Huff and ML agree
10084393,Sanabor,Ajdovščina,0.19086990645579271,Ajdovščina,0.2705449801223772,1,Huff and ML agree
10084407,Selo,Ajdovščina,0.19110728540569408,Ajdovščina,0.274095657917202,1,Huff and ML agree
10084415,Skrilje,Ajdovščina,0.4648215893147337,Ajdovščina,0.6253602077245151,1,Huff and ML agree
10084423,Slap,Ajdovščina,0.27910819437575685,Ajdovščina,0.3249243432750489,1,Huff and ML agree
10084431,Šmarje,Ajdovščina,0.23706590800159721,Ajdovščina,0.3693463443885272,1,Huff and ML agree
10084440,Stomaž,Ajdovščina,0.4272177368326565,Ajdovščina,0.596197147823973,1,Huff and ML agree
10084458,Tevče,Ajdovščina,0.47770209840609806,Ajdovščina,0.6534368243721836,1,Huff and ML agree
10084466,Ustje,Ajdovščina,0.6984038659354345,Ajdovščina,0.8566766475241011,1,Huff and ML agree
10084474,Velike Žablje,Ajdovščina,0.39469124532918115,Ajdovščina,0.5256561165574992,1,Huff and ML agree
10084482,Vipava,Vipava,0.9965226409932326,Vipava,1.0,1,Huff and ML agree
10084504,Vipavski Križ,Ajdovščina,0.6108581331568261,Ajdovščina,0.7404649811772135,1,Huff and ML agree
10084512,Višnje,Ajdovščina,0.14905839392697365,Ajdovščina,0.2368338995779369,1,Huff and ML agree
10084539,Vodice,Ajdovščina,0.13266859684007368,Ajdovščina,0.1468585630868358,1,Huff and ML agree
10084547,Vrhpolje,Vipava,0.5069454059576916,Vipava,0.5513516626637551,1,Huff and ML agree
10084555,Vrtovče,Ajdovščina,0.3450121925022016,Ajdovščina,0.4738610397743665,1,Huff and ML agree
10084563,Vrtovin,Ajdovščina,0.23779945368816094,Ajdovščina,0.3479674467026563,1,Huff and ML agree
10084571,Zavino,Ajdovščina,0.15819311023630395,Ajdovščina,0.2876382029077211,1,Huff and ML agree
10084580,Zemono,Vipava,0.6062141014157526,Vipava,0.7119353377848998,1,Huff and ML agree
10084598,Žapuže,Ajdovščina,0.7990420560514581,Ajdovščina,0.9111259984224273,1,Huff and ML agree
10084601,Potoče,Ajdovščina,0.3425436362219008,Ajdovščina,0.4594701741557613,1,Huff and ML agree
10084610,Malovše,Ajdovščina,0.1753486775023642,Ajdovščina,0.263014827701431,1,Huff and ML agree
10084628,Hrašče,Ajdovščina,0.13474285145004186,Ajdovščina,0.1763734979991698,1,Huff and ML agree
10084636,Žagolič,Ajdovščina,0.15701746686775386,Ajdovščina,0.2734421296686264,1,Huff and ML agree
10084644,Kožmani,Ajdovščina,0.766039973973675,Ajdovščina,0.8604995550605077,1,Huff and ML agree
10084652,Arnovo selo,Brežice,0.47174425130964975,Brežice,0.4416540574504237,1,Huff and ML agree
10084679,Artiče,Brežice,0.5370395461711657,Brežice,0.5113101550961144,1,Huff and ML agree
10084687,Bizeljska vas,Bistrica ob Sotli,0.06280313370952384,Brežice,0.119338653323679,0,Huff and ML disagree
10084695,Bizeljsko,Brežice,0.12785024145249588,Brežice,0.1749751563499148,1,Huff and ML agree
10084709,Blatno,Brežice,0.2982146882179358,Brežice,0.3670178206848232,1,Huff and ML agree
10084717,Bojsno,Brežice,0.2380408122125192,Brežice,0.3197056179225674,1,Huff and ML agree
10084725,Boršt,Brežice,0.60188231031915,Brežice,0.6895247050800861,1,Huff and ML agree
10084733,Bračna vas,Brežice,0.10801883041105159,Brežice,0.1807194022044768,1,Huff and ML agree
10084741,Slovenska vas,Brežice,0.20484658335047343,Brežice,0.3734515654658239,1,Huff and ML agree
10084750,Brezje pri Bojsnem,Brežice,0.2174365958847122,Brežice,0.3070210226268938,1,Huff and ML agree
10084768,Brezje pri Veliki Dolini,Brežice,0.2194424833751165,Brežice,0.398597838878454,1,Huff and ML agree
10084776,Brezovica na Bizeljskem,Brežice,0.14038836642743177,Brežice,0.2131511783683442,1,Huff and ML agree
10084784,Brežice,Brežice,0.9928911382539108,Brežice,1.0,1,Huff and ML agree
10084792,Brvi,Brežice,0.4075294092322818,Brežice,0.4737829122870529,1,Huff and ML agree
10084806,Bukošek,Brežice,0.6584957367359153,Brežice,0.7615018226625027,1,Huff and ML agree
10084814,Bukovje,Brežice,0.05502594151398402,Brežice,0.1327672603241044,1,Huff and ML agree
10084822,Bušeča vas,Brežice,0.375281282341042,Brežice,0.4289397366219574,1,Huff and ML agree
10084849,Cerina,Brežice,0.6204456730178906,Brežice,0.7715775267348031,1,Huff and ML agree
10084857,Cerklje ob Krki,Brežice,0.48160736376743407,Brežice,0.4910705267734994,1,Huff and ML agree
10084865,Cirnik,Brežice,0.33546411993705244,Brežice,0.477722464661985,1,Huff and ML agree
10084873,Cundrovec,Brežice,0.7880045100193743,Brežice,0.8796016082175062,1,Huff and ML agree
10084881,Curnovec,Brežice,0.4213078975785981,Brežice,0.4697052774379677,1,Huff and ML agree
10084890,Čatež ob Savi,Brežice,0.8264229423434807,Brežice,0.9029219907440622,1,Huff and ML agree
10084903,Čedem,Brežice,0.20484658335047343,Brežice,0.3265886617249905,1,Huff and ML agree
10084911,Črešnjice pri Cerkljah,Brežice,0.4066056393418201,Brežice,0.3942155869268196,1,Huff and ML agree
10084920,Dečno selo,Brežice,0.5605303859182326,Brežice,0.5708584217687281,1,Huff and ML agree
10084938,Dednja vas,Brežice,0.2225955458584157,Brežice,0.317669623683118,1,Huff and ML agree
10084946,Dobeno,Brežice,0.5263498329681459,Brežice,0.6470377279876557,1,Huff and ML agree
10084954,Dobova,Brežice,0.5511102935258326,Brežice,0.6569054504725277,1,Huff and ML agree
10084962,Dolenja Pirošica,Brežice,0.4750500085064913,Brežice,0.5078556985860873,1,Huff and ML agree
10084989,Dolenje Skopice,Brežice,0.60188231031915,Brežice,0.654489767909906,1,Huff and ML agree
10084997,Dramlja,Brežice,0.2174365958847122,Brežice,0.3155833305453252,1,Huff and ML agree
10085004,Drenovec pri Bukovju,Brežice,0.07188531270833112,Brežice,0.1643448677307017,1,Huff and ML agree
10085012,Dvorce,Brežice,0.773577909581381,Brežice,0.8618183003818685,1,Huff and ML agree
10085039,Gabrje pri Dobovi,Brežice,0.5979740255694866,Brežice,0.6956173585338706,1,Huff and ML agree
10085047,Gaj,Brežice,0.34985968892479663,Brežice,0.4989860381834721,1,Huff and ML agree
10085055,Gazice,Brežice,0.35039838361637826,Brežice,0.3766205494377492,1,Huff and ML agree
10085063,Globočice,Brežice,0.5048977962194895,Brežice,0.6096838667968845,1,Huff and ML agree
10085071,Globoko,Brežice,0.4213078975785981,Brežice,0.4791882319621808,1,Huff and ML agree
10085080,Glogov Brod,Brežice,0.60188231031915,Brežice,0.6706834744576472,1,Huff and ML agree
10085098,Gorenja Pirošica,Brežice,0.4502475119645459,Brežice,0.5118816032163658,1,Huff and ML agree
10085101,Gorenje Skopice,Brežice,0.5993501803901645,Brežice,0.609163519125914,1,Huff and ML agree
10085110,Gornji Lenart,Brežice,0.693173459298221,Brežice,0.7313615539088105,1,Huff and ML agree
10085128,Gregovce,Brežice,0.14477399269731087,Brežice,0.2432150662694457,1,Huff and ML agree
10085136,Hrastje pri Cerkljah,Brežice,0.34507796812919905,Krško,0.3121079199534669,0,Huff and ML disagree
10085144,Izvir,Brežice,0.2982146882179358,Brežice,0.3970141300662726,1,Huff and ML agree
10085152,Jereslavec,Brežice,0.25181724779499853,Brežice,0.3667331471202572,1,Huff and ML agree
10085179,Jesenice,Brežice,0.3021235683525802,Brežice,0.4608541652338921,1,Huff and ML agree
10085187,Kamence,Brežice,0.2177630156019745,Brežice,0.3458195969774502,1,Huff and ML agree
10085195,Kapele,Brežice,0.34985968892479663,Brežice,0.4506718874975349,1,Huff and ML agree
10085209,Koritno,Brežice,0.21722542367379608,Brežice,0.3945524430470049,1,Huff and ML agree
10085217,Kraška vas,Brežice,0.42048398182112323,Brežice,0.5171730975599156,1,Huff and ML agree
10085225,Križe,Krško,0.2062173768191047,Krško,0.2292657587206941,1,Huff and ML agree
10085233,Krška vas,Brežice,0.7837693437370049,Brežice,0.859027425432859,1,Huff and ML agree
10085241,Laze,Brežice,0.21476883193811472,Brežice,0.3881897385843478,1,Huff and ML agree
10085250,Loče,Brežice,0.41913739990277277,Brežice,0.5770500691353442,1,Huff and ML agree
10085268,Mala Dolina,Brežice,0.33896034266051944,Brežice,0.4878502321923828,1,Huff and ML agree
10085276,Mali Cirnik,Brežice,0.12785024145249588,Brežice,0.2756236036268576,1,Huff and ML agree
10085284,Mali Obrež,Brežice,0.5132077128607441,Brežice,0.6303445378959213,1,Huff and ML agree
10085292,Mali Vrh,Brežice,0.3611866127175047,Brežice,0.4391613900519078,1,Huff and ML agree
10085306,Mihalovec,Brežice,0.5352413440978545,Brežice,0.6461084456939579,1,Huff and ML agree
10085314,Mostec,Brežice,0.7074466351380234,Brežice,0.8340225632490581,1,Huff and ML agree
10085322,Mrzlava vas,Brežice,0.6006565493680148,Brežice,0.7117240424019208,1,Huff and ML agree
10085349,Nova vas ob Sotli,Brežice,0.137499551278753,Brežice,0.1996930503550799,1,Huff and ML agree
10085357,Nova vas pri Mokricah,Brežice,0.27977567839576223,Brežice,0.4352268260680953,1,Huff and ML agree
10085365,Obrežje,Brežice,0.25779120777355496,Brežice,0.4211940384113385,1,Huff and ML agree
10085373,Oklukova Gora,Krško,0.33393685259423656,Krško,0.3454600846384844,1,Huff and ML agree
10085381,Orešje na Bizeljskem,Bistrica ob Sotli,0.056671245899147155,Brežice,0.1094779274639675,0,Huff and ML disagree
10085390,Pavlova vas,Brežice,0.20219402339956094,Brežice,0.2436106296733479,1,Huff and ML agree
10085403,Pečice,Krško,0.205003965648009,Krško,0.2285967654871751,1,Huff and ML agree
10085411,Perišče,Brežice,0.2492543349931516,Brežice,0.4121598993922345,1,Huff and ML agree
10085420,Piršenbreg,Brežice,0.2812358940487446,Brežice,0.3563388004562386,1,Huff and ML agree
10085438,Pišece,Brežice,0.20207526594374803,Brežice,0.2518386000693198,1,Huff and ML agree
10085446,Podgorje pri Pišecah,Brežice,0.14559043291252471,Brežice,0.2357025482434972,1,Huff and ML agree
10085454,Podgračeno,Brežice,0.4747060625599934,Brežice,0.607781313258612,1,Huff and ML agree
10085462,Podvinje,Brežice,0.3529354624871963,Brežice,0.4700801842957455,1,Huff and ML agree
10085489,Ponikve,Brežice,0.20618090142626572,Brežice,0.3684794494041751,1,Huff and ML agree
10085497,Poštena vas,Brežice,0.3523988126906767,Brežice,0.4225652920335477,1,Huff and ML agree
10085519,Prilipe,Brežice,0.6006565493680148,Brežice,0.7344994626113255,1,Huff and ML agree
10085527,Račja vas,Brežice,0.595907034511232,Brežice,0.6310787189605049,1,Huff and ML agree
10085535,Rajec,Brežice,0.2492543349931516,Brežice,0.4120037021731247,1,Huff and ML agree
10085543,Rakovec,Brežice,0.25885741172083565,Brežice,0.386669268749322,1,Huff and ML agree
10085551,Ribnica,Brežice,0.3552854418255247,Brežice,0.5217845921543066,1,Huff and ML agree
10085560,Rigonce,Brežice,0.3882490597973903,Brežice,0.5315800454407156,1,Huff and ML agree
10085578,Sela pri Dobovi,Brežice,0.7478202151094868,Brežice,0.8425155073960846,1,Huff and ML agree
10085586,Silovec,Brežice,0.25259013242052264,Brežice,0.2833488043394443,1,Huff and ML agree
10085594,Slogonsko,Brežice,0.22152853326607025,Brežice,0.3428720311265408,1,Huff and ML agree
10085608,Sobenja vas,Brežice,0.48160736376743407,Brežice,0.5896800772332024,1,Huff and ML agree
10085616,Spodnja Pohanca,Brežice,0.5891138377506935,Brežice,0.494769970425115,1,Huff and ML agree
10085624,Sromlje,Brežice,0.2770478206070527,Brežice,0.2845201158454096,1,Huff and ML agree
10085632,Stankovo,Brežice,0.5048977962194895,Brežice,0.5945377389869981,1,Huff and ML agree
10085659,Stara vas-Bizeljsko,Brežice,0.19694139900080632,Brežice,0.2637774404120243,1,Huff and ML agree
10085667,Stojanski Vrh,Brežice,0.3552854418255247,Brežice,0.443708084796398,1,Huff and ML agree
10085675,Trebež,Brežice,0.6722814668051568,Brežice,0.6993793659064744,1,Huff and ML agree
10085683,Velika Dolina,Brežice,0.28938226307594433,Brežice,0.4464550393101514,1,Huff and ML agree
10085691,Velike Malence,Brežice,0.7074466351380234,Brežice,0.8167734322996166,1,Huff and ML agree
10085705,Veliki Obrež,Brežice,0.47120797075586185,Brežice,0.5879511487517475,1,Huff and ML agree
10085713,Vinji Vrh,Brežice,0.28186400674434686,Brežice,0.3478006191972712,1,Huff and ML agree
10085721,Vitna vas,Brežice,0.1423874581239775,Brežice,0.2268083491233883,1,Huff and ML agree
10085730,Volčje,Brežice,0.33546411993705244,Krško,0.3195856207389497,0,Huff and ML disagree
10085748,Vrhje,Brežice,0.25826295708427977,Brežice,0.3628193423208682,1,Huff and ML agree
10085756,Vrhovska vas,Brežice,0.31322746051130435,Brežice,0.3660116507298439,1,Huff and ML agree
10085764,Zasap,Brežice,0.363415057629587,Brežice,0.3596970173147163,1,Huff and ML agree
10085772,Zgornja Pohanca,Krško,0.29000224427484983,Krško,0.3239092089767363,1,Huff and ML agree
10085799,Zgornji Obrež,Brežice,0.5993501803901645,Brežice,0.5424784312843286,1,Huff and ML agree
10085802,Žejno,Brežice,0.5592517858759765,Brežice,0.6516821119324839,1,Huff and ML agree
10085829,Župeča vas,Brežice,0.5192164691665225,Brežice,0.5539933565082292,1,Huff and ML agree
10085837,Župelevec,Brežice,0.2961606279242001,Brežice,0.3795081681695756,1,Huff and ML agree
10085845,Dolenja vas pri Artičah,Brežice,0.5048977962194895,Brežice,0.4207354498939803,1,Huff and ML agree
10085853,Arclin,Celje,0.41536057586148845,Celje,0.3944576090203936,1,Huff and ML agree
10085861,Beli Potok pri Frankolovem,Celje,0.16954537098961514,Celje,0.1485438436868237,1,Huff and ML agree
10085870,Bezenškovo Bukovje,Celje,0.1689367562822258,Celje,0.1861854415911656,1,Huff and ML agree
10085888,Bezovica,Celje,0.20363050190720525,Celje,0.2466796474707737,1,Huff and ML agree
10085896,Bovše,Celje,0.2219555880412021,Celje,0.2920747114046594,1,Huff and ML agree
10085900,Brdce,Celje,0.1564431489021792,Celje,0.1668812244051029,1,Huff and ML agree
10085918,Brdce nad Dobrno,Celje,0.09554928423040661,Celje,0.1081935616822393,1,Huff and ML agree
10085926,Brezova,Celje,0.2926634506945526,Celje,0.3507094726908701,1,Huff and ML agree
10085934,Bukovžlak,Celje,0.6282655780936385,Celje,0.6124566673821451,1,Huff and ML agree
10085942,Celje,Celje,0.997131831820597,Celje,1.0,1,Huff and ML agree
10085969,Čreškova,Celje,0.17000368013653314,Celje,0.1566949641510583,1,Huff and ML agree
10085977,Črešnjevec,Celje,0.16521710685083352,Celje,0.2178322837920646,1,Huff and ML agree
10085985,Črešnjice,Celje,0.17114076641215445,Celje,0.16074634762288,1,Huff and ML agree
10085993,Dobrna,Dobrna,0.9994785321020244,Dobrna,1.0,1,Huff and ML agree
10086019,Dol pod Gojko,Celje,0.1693321474939889,Celje,0.1761485387597844,1,Huff and ML agree
10086027,Frankolovo,Celje,0.1750549270758704,Celje,0.2127068223024946,1,Huff and ML agree
10086035,Gabrovec pri Dramljah,Celje,0.16758633867067207,Celje,0.2304813364911717,1,Huff and ML agree
10086043,Glinsko,Celje,0.22916161560494872,Celje,0.3007231035382537,1,Huff and ML agree
10086051,Globoče,Vojnik,0.28716171833419984,Vojnik,0.277222084799768,1,Huff and ML agree
10086060,Gorica pri Šmartnem,Celje,0.44105123310245503,Celje,0.5174680009353197,1,Huff and ML agree
10086078,Gradišče pri Vojniku,Celje,0.20264489388015433,Celje,0.2803097404372445,1,Huff and ML agree
10086086,Homec,Celje,0.16841132462304542,Celje,0.1819721011255837,1,Huff and ML agree
10086094,Hrastnik,Celje,0.17581005543402903,Celje,0.1803404710056123,1,Huff and ML agree
10086108,Hrenova,Celje,0.16430017139235464,Celje,0.1914632006502175,1,Huff and ML agree
10086116,Ilovca,Vojnik,0.22939857620793963,Celje,0.2227095262571785,0,Huff and ML disagree
10086124,Ivenca,Vojnik,0.5110004692637056,Vojnik,0.484606453358861,1,Huff and ML agree
10086132,Jankova,Vojnik,0.197953996105074,Celje,0.222369350575889,0,Huff and ML disagree
10086159,Javornik,Celje,0.24085013162749838,Celje,0.3290910188259625,1,Huff and ML agree
10086167,Jezerce pri Šmartnem,Celje,0.21918935449213287,Celje,0.3260417801805545,1,Huff and ML agree
10086175,Kanjuce,Celje,0.1617194843284976,Celje,0.2297809122148533,1,Huff and ML agree
10086183,Kladnart,Celje,0.17325142330999366,Celje,0.2089490747974093,1,Huff and ML agree
10086191,Klanc,Dobrna,0.20600402895704673,Dobrna,0.2135297479682834,1,Huff and ML agree
10086205,Koblek,Celje,0.24210132283586897,Celje,0.2934130734632522,1,Huff and ML agree
10086213,Kompole,Celje,0.38414133418828006,Celje,0.3870538401882846,1,Huff and ML agree
10086221,Konjsko,Vojnik,0.3236692788636374,Vojnik,0.36525608364467,1,Huff and ML agree
10086230,Košnica pri Celju,Celje,0.6641424030887619,Celje,0.7685098498351821,1,Huff and ML agree
10086248,Lahovna,Celje,0.6100439274098894,Celje,0.6962919607144279,1,Huff and ML agree
10086256,Landek,Celje,0.15158985666328467,Celje,0.1781643088400681,1,Huff and ML agree
10086264,Laška vas pri Štorah,Celje,0.41569296583050475,Celje,0.4196152535869845,1,Huff and ML agree
10086272,Lemberg pri Novi Cerkvi,Celje,0.1680628953272522,Celje,0.1779055047264872,1,Huff and ML agree
10086299,Leskovec,Celje,0.5060187617024464,Celje,0.524963646876974,1,Huff and ML agree
10086302,Lešje,Celje,0.325373850640156,Celje,0.3835982262512891,1,Huff and ML agree
10086329,Lindek,Slovenske Konjice,0.14145980433995203,Slovenske Konjice,0.1341477721952917,1,Huff and ML agree
10086337,Lipa pri Frankolovem,Celje,0.15630680280381537,Celje,0.1428401898729979,1,Huff and ML agree
10086345,Lipovec pri Škofji vasi,Celje,0.3218762574081085,Celje,0.4046044536977909,1,Huff and ML agree
10086353,Ljubečna,Celje,0.3968589091685131,Celje,0.4545007492124929,1,Huff and ML agree
10086361,Loče,Celje,0.3275838417761733,Celje,0.465909138345653,1,Huff and ML agree
10086370,Loka pri Dobrni,Celje,0.1369529377567289,Velenje,0.1352121037367603,0,Huff and ML disagree
10086388,Lokovina,Dobrna,0.20600402895704673,Velenje,0.1756038944375336,0,Huff and ML disagree
10086396,Lokrovec,Celje,0.6586954557679258,Celje,0.7317411388355973,1,Huff and ML agree
10086400,Lopata,Celje,0.5420862952642821,Celje,0.5946678496196924,1,Huff and ML agree
10086418,Male Dole,Celje,0.1689367562822258,Celje,0.213743560889688,1,Huff and ML agree
10086426,Medlog,Celje,0.659331307533598,Celje,0.7027807734505432,1,Huff and ML agree
10086434,Novake,Celje,0.17388968272983507,Celje,0.1819703650558135,1,Huff and ML agree
10086442,Ogorevc,Šentjur,0.5748906554372379,Celje,0.3484606658541743,0,Huff and ML disagree
10086469,Osenca,Celje,0.5426475977212459,Celje,0.6226269243082809,1,Huff and ML agree
10086477,Otemna,Celje,0.24252208337114609,Celje,0.3673408949542626,1,Huff and ML agree
10086485,Parož,Velenje,0.1201802681345328,Velenje,0.1151598123199703,1,Huff and ML agree
10086493,Pečovje,Celje,0.43841276130120177,Celje,0.4633224708654186,1,Huff and ML agree
10086507,Pečovnik,Celje,0.6092204291747353,Celje,0.7230365837172504,1,Huff and ML agree
10086515,Pepelno,Celje,0.23215773435553408,Celje,0.328990340501559,1,Huff and ML agree
10086523,Podgorje pod Čerinom,Celje,0.15244241161641695,Celje,0.1709555383495232,1,Huff and ML agree
10086531,Polže,Vojnik,0.19153895553349293,Celje,0.2151497748947074,0,Huff and ML disagree
10086540,Prekorje,Celje,0.541007569107384,Celje,0.6132990555550382,1,Huff and ML agree
10086558,Pristava,Celje,0.24544706395055405,Celje,0.316394958383993,1,Huff and ML agree
10086566,Pristova,Dobrna,0.3321652789225822,Dobrna,0.2288415439377324,1,Huff and ML agree
10086574,Prožinska vas,Šentjur,0.3989196957187056,Celje,0.3627344044959653,0,Huff and ML disagree
10086582,Rakova Steza,Celje,0.1634326187419457,Celje,0.1980643690102196,1,Huff and ML agree
10086604,Razdelj,Vojnik,0.19220836879667808,Celje,0.2162066663785218,0,Huff and ML disagree
10086612,Razgor,Celje,0.24034718762424545,Celje,0.3267282367036266,1,Huff and ML agree
10086639,Razgorce,Celje,0.16794364269970072,Celje,0.2060554514889663,1,Huff and ML agree
10086647,Rove,Celje,0.16342543085551597,Celje,0.1959569974437184,1,Huff and ML agree
10086655,Rožni Vrh,Celje,0.24156223714145572,Celje,0.3564537442546785,1,Huff and ML agree
10086663,Runtole,Celje,0.5060187617024464,Celje,0.5409188802829582,1,Huff and ML agree
10086671,Rupe,Celje,0.22039369498783157,Celje,0.318208493420838,1,Huff and ML agree
10086680,Selce,Celje,0.15682638314154046,Celje,0.1495826357977215,1,Huff and ML agree
10086698,Slance,Celje,0.7042825297414406,Celje,0.6288799001359308,1,Huff and ML agree
10086701,Slatina v Rožni dolini,Celje,0.32462084427087357,Celje,0.4628773629624576,1,Huff and ML agree
10086710,Socka,Celje,0.16098592773318343,Celje,0.1637516415216116,1,Huff and ML agree
10086728,Straža pri Dolu,Celje,0.1635986847632515,Celje,0.1556806129909119,1,Huff and ML agree
10086736,Straža pri Novi Cerkvi,Celje,0.16992643912185976,Celje,0.1656563229154951,1,Huff and ML agree
10086744,Stražica,Celje,0.16366695702831027,Celje,0.194877425077786,1,Huff and ML agree
10086752,Strmec nad Dobrno,Velenje,0.11175965107877296,Velenje,0.144766440205013,1,Huff and ML agree
10086779,Nova Cerkev,Vojnik,0.23618683900573917,Vojnik,0.2331775590186169,1,Huff and ML agree
10086787,Svetina,Laško,0.22457690822644738,Celje,0.2590285883977967,0,Huff and ML disagree
10086795,Svetli Dol,Celje,0.20363050190720525,Celje,0.2851916962130643,1,Huff and ML agree
10086809,Šentjanž nad Štorami,Celje,0.31484416969341483,Celje,0.3824679204464148,1,Huff and ML agree
10086817,Škofja vas,Celje,0.541007569107384,Celje,0.5697083331088356,1,Huff and ML agree
10086825,Šmarjeta pri Celju,Celje,0.646595030785822,Celje,0.7011928113449294,1,Huff and ML agree
10086833,Šmartno v Rožni dolini,Celje,0.29635388967986726,Celje,0.4052668375766807,1,Huff and ML agree
10086841,Šmiklavž pri Škofji vasi,Celje,0.3077368340142987,Celje,0.3951616370231556,1,Huff and ML agree
10086850,Štore,Štore,0.9995710349818591,Štore,1.0,1,Huff and ML agree
10086868,Teharje,Celje,0.7631530168779702,Celje,0.5922031731730486,1,Huff and ML agree
10086876,Tomaž nad Vojnikom,Vojnik,0.3218079182845732,Vojnik,0.3701826539899194,1,Huff and ML agree
10086884,Tremerje,Celje,0.542775227801414,Celje,0.612778202641128,1,Huff and ML agree
10086892,Trnovlje pri Celju,Celje,0.6525116473249275,Celje,0.704406818347905,1,Huff and ML agree
10086906,Trnovlje pri Socki,Celje,0.1714541018425823,Celje,0.1608847491274324,1,Huff and ML agree
10086914,Velika Raven,Celje,0.15820161747760988,Celje,0.158834424895257,1,Huff and ML agree
10086922,Verpete,Celje,0.1688257577599771,Celje,0.1672887636702754,1,Huff and ML agree
10086949,Vine,Celje,0.17115830360397838,Celje,0.1559839916153655,1,Huff and ML agree
10086957,Vinska Gorica,Dobrna,0.3703171119032256,Dobrna,0.2891869805108913,1,Huff and ML agree
10086965,Višnja vas,Vojnik,0.4938639069206805,Vojnik,0.43063432704953,1,Huff and ML agree
10086973,Vizore,Celje,0.1650953768630026,Celje,0.2089559590266416,1,Huff and ML agree
10086981,Vojnik,Vojnik,0.9997899534510029,Vojnik,1.0,1,Huff and ML agree
10086990,Vrba,Dobrna,0.5101669102382274,Dobrna,0.523663113913024,1,Huff and ML agree
10087007,Vrhe,Štore,0.683438053733514,Štore,0.4760205973992289,1,Huff and ML agree
10087015,Zabukovje,Celje,0.17514561583038776,Celje,0.1589030063062343,1,Huff and ML agree
10087023,Začret,Celje,0.5060187617024464,Celje,0.5151725082207571,1,Huff and ML agree
10087031,Zadobrova,Celje,0.542775227801414,Celje,0.5689486017168608,1,Huff and ML agree
10087040,Zavrh nad Dobrno,Dobrna,0.27498736200371154,Dobrna,0.2071019351888444,1,Huff and ML agree
10087058,Dobrova,Celje,0.6304619590058457,Celje,0.6911687017394953,1,Huff and ML agree
10087066,Zlateče,Celje,0.1688257577599771,Celje,0.1964006893361653,1,Huff and ML agree
10087074,Zvodno,Celje,0.6017123248725984,Celje,0.6797210614246052,1,Huff and ML agree
10087082,Želče,Celje,0.16702259039930023,Celje,0.2363584744285649,1,Huff and ML agree
10087104,Žepina,Celje,0.3277498500826737,Celje,0.3994649119514132,1,Huff and ML agree
10087112,Šentjungert,Celje,0.21518678924403278,Celje,0.324885369184449,1,Huff and ML agree
10087139,Draga,Šentjur,0.5030029205691634,Celje,0.3694366320996642,0,Huff and ML disagree
10087147,Andrejčje,Bloke,0.10386935576614603,Ljubljana,0.2323106727510849,0,Huff and ML disagree
10087155,Babna Polica,Loška dolina,0.08686537792999298,Ljubljana,0.1616366645032961,0,Huff and ML disagree
10087163,Babno Polje,Loška dolina,0.028653715390993068,Ljubljana,0.1735795351086244,0,Huff and ML disagree
10087171,Beč,Cerknica,0.1048045751911649,Ljubljana,0.2677309505390428,0,Huff and ML disagree
10087180,Bečaje,Cerknica,0.1013559318181804,Ljubljana,0.2105053241418038,0,Huff and ML disagree
10087198,Begunje pri Cerknici,Cerknica,0.7572282103255837,Cerknica,0.7707440984698374,1,Huff and ML agree
10087201,Benete,Bloke,0.11173884318004575,Ljubljana,0.1866815498122666,0,Huff and ML disagree
10087210,Bezuljak,Cerknica,0.4374926955486023,Cerknica,0.421297989515656,1,Huff and ML agree
10087228,Bločice,Loška dolina,0.19082201325084688,Cerknica,0.2321768370024211,0,Huff and ML disagree
10087236,Bloška Polica,Loška dolina,0.27239629817082855,Cerknica,0.1696899373140918,0,Huff and ML disagree
10087244,Bočkovo,Cerknica,0.059894118981118474,Ljubljana,0.2183107395912772,0,Huff and ML disagree
10087252,Brezje,Cerknica,0.7525668433789092,Cerknica,0.760842258194237,1,Huff and ML agree
10087279,Cajnarje,Cerknica,0.1130578776326943,Ljubljana,0.2007789013255109,0,Huff and ML disagree
10087287,Cerknica,Cerknica,0.9983801211606458,Cerknica,1.0,1,Huff and ML agree
10087295,Čohovo,Ljubljana,0.05763849248030468,Ljubljana,0.2597897938394179,1,Huff and ML agree
10087309,Dane,Loška dolina,0.3700862972782924,Loška dolina,0.2673361002150995,1,Huff and ML agree
10087317,Dobec,Cerknica,0.22328607048828514,Cerknica,0.2899912969123503,1,Huff and ML agree
10087325,Dolenja vas,Cerknica,0.8399924174340978,Cerknica,0.8909392982307712,1,Huff and ML agree
10087333,Dolenje Jezero,Cerknica,0.7635016049902077,Cerknica,0.7985527681098644,1,Huff and ML agree
10087341,Dolenje Otave,Cerknica,0.14633479250937842,Ljubljana,0.225275906920873,0,Huff and ML disagree
10087350,Dolenje Poljane,Loška dolina,0.04974248878908518,Ljubljana,0.1686465141065051,0,Huff and ML disagree
10087368,Fara,Bloke,0.8175294662091875,Bloke,0.9135420657243224,1,Huff and ML agree
10087376,Glina,Bloke,0.5209988170700605,Bloke,0.6257612043206932,1,Huff and ML agree
10087384,Godičevo,Bloke,0.1563871005939475,Ljubljana,0.2048983796575368,0,Huff and ML disagree
10087392,Gora,Cerknica,0.13754229159562661,Cerknica,0.2382851274994062,1,Huff and ML agree
10087406,Gorenje Jezero,Loška dolina,0.1313974087383503,Cerknica,0.1938207902552842,0,Huff and ML disagree
10087414,Gorenje Otave,Cerknica,0.13588585535491418,Ljubljana,0.2407861442650468,0,Huff and ML disagree
10087422,Gradiško,Bloke,0.08411798499410869,Ljubljana,0.2360354449231601,0,Huff and ML disagree
10087449,Grahovo,Cerknica,0.39714787588404055,Cerknica,0.4213596377449521,1,Huff and ML agree
10087457,Hiteno,Ljubljana,0.0528808389837471,Ljubljana,0.2270470970894407,1,Huff and ML agree
10087465,Hribarjevo,Cerknica,0.11761799698762594,Cerknica,0.1896036070444784,1,Huff and ML agree
10087473,Hribljane,Cerknica,0.09875933109217314,Ljubljana,0.2140609550069723,0,Huff and ML disagree
10087481,Hruškarje,Cerknica,0.10039655237587239,Ljubljana,0.2185189162156251,0,Huff and ML disagree
10087490,Hudi Vrh,Bloke,0.3466613423051876,Bloke,0.4403650010186398,1,Huff and ML agree
10087503,Iga vas,Loška dolina,0.3288099048910402,Loška dolina,0.2256305101115129,1,Huff and ML agree
10087511,Ivanje selo,Cerknica,0.2465209430280716,Cerknica,0.2434993076630519,1,Huff and ML agree
10087520,Jeršanovo,Cerknica,0.06299452174565573,Ljubljana,0.2055174308979613,0,Huff and ML disagree
10087538,Jeršiče,Ljubljana,0.05518661057174525,Ljubljana,0.2544127232035283,1,Huff and ML agree
10087546,Knežja Njiva,Loška dolina,0.2254715827409222,Loška dolina,0.1850945477527414,1,Huff and ML agree
10087554,Korošče,Cerknica,0.08594418465103662,Ljubljana,0.263280595751437,0,Huff and ML disagree
10087562,Koščake,Cerknica,0.091973002772361,Ljubljana,0.2562822368282809,0,Huff and ML disagree
10087589,Kozarišče,Loška dolina,0.21718476270916312,Loška dolina,0.1857572753417941,1,Huff and ML agree
10087597,Kožljek,Cerknica,0.2744743453832786,Cerknica,0.3220791104029913,1,Huff and ML agree
10087619,Sveti Duh,Bloke,0.259549297971852,Bloke,0.2337736552262975,1,Huff and ML agree
10087627,Kramplje,Bloke,0.30624010391905054,Bloke,0.2867183066454025,1,Huff and ML agree
10087635,Kranjče,Cerknica,0.13754229159562661,Cerknica,0.2382851274994062,1,Huff and ML agree
10087643,Kremenca,Cerknica,0.10794445317447784,Ljubljana,0.1966658412499596,0,Huff and ML disagree
10087651,Krušče,Cerknica,0.1343590612974036,Cerknica,0.2042030069571853,1,Huff and ML agree
10087660,Kržišče,Cerknica,0.1048045751911649,Ljubljana,0.2677309505390428,0,Huff and ML disagree
10087678,Lahovo,Bloke,0.22946531420512448,Ljubljana,0.2035226039688126,0,Huff and ML disagree
10087686,Laze pri Gorenjem Jezeru,Cerknica,0.10834341696002316,Cerknica,0.2104774296316329,1,Huff and ML agree
10087694,Lepi Vrh,Bloke,0.08365880006183202,Ljubljana,0.2384279060566461,0,Huff and ML disagree
10087708,Lešnjake,Ljubljana,0.05746975617579906,Ljubljana,0.2617201729735277,1,Huff and ML agree
10087716,Lipsenj,Loška dolina,0.23451051420751487,Cerknica,0.2337899407048781,0,Huff and ML disagree
10087724,Lovranovo,Cerknica,0.0746657517922604,Ljubljana,0.20249687195117,0,Huff and ML disagree
10087732,Lož,Loška dolina,0.9992467370857666,Loška dolina,1.0,1,Huff and ML agree
10087759,Mahneti,Cerknica,0.18409729599695054,Cerknica,0.2650313986303503,1,Huff and ML agree
10087767,Malni,Bloke,0.09598189419277801,Ljubljana,0.1908341727650418,0,Huff and ML disagree
10087775,Markovec,Loška dolina,0.42015302991263404,Loška dolina,0.3501168843814159,1,Huff and ML agree
10087783,Martinjak,Cerknica,0.5907233685982705,Cerknica,0.5994450742765781,1,Huff and ML agree
10087791,Metulje,Bloke,0.2577497041582154,Bloke,0.2526496210555752,1,Huff and ML agree
10087805,Milava,Cerknica,0.13474526830559758,Cerknica,0.2067151622482918,1,Huff and ML agree
10087813,Mramorovo pri Lužarjih,Bloke,0.07636614412435384,Ljubljana,0.2328104638944386,0,Huff and ML disagree
10087821,Mramorovo pri Pajkovem,Bloke,0.07619786506385863,Ljubljana,0.2317395773179466,0,Huff and ML disagree
10087830,Nadlesk,Loška dolina,0.39325611599671556,Loška dolina,0.4144483069311214,1,Huff and ML agree
10087848,Nemška vas na Blokah,Bloke,0.7576234184286686,Bloke,0.8861386621274149,1,Huff and ML agree
10087856,Nova vas,Bloke,0.9987261600789603,Bloke,1.0,1,Huff and ML agree
10087864,Ograda,Cerknica,0.07511279739040368,Ljubljana,0.2068807561123467,0,Huff and ML disagree
10087872,Osredek,Ljubljana,0.05086645522531163,Ljubljana,0.2632646607163252,1,Huff and ML agree
10087899,Otok,Cerknica,0.21051250882434597,Cerknica,0.3488667263089681,1,Huff and ML agree
10087902,Otonica,Cerknica,0.24398792156946392,Cerknica,0.3395301396642826,1,Huff and ML agree
10087929,Pikovnik,Cerknica,0.09142624288282006,Ljubljana,0.2857664445010666,0,Huff and ML disagree
10087937,Pirmane,Cerknica,0.08638530331266182,Ljubljana,0.2146253649950896,0,Huff and ML disagree
10087945,Podcerkev,Loška dolina,0.3867004444830109,Loška dolina,0.4302118661242288,1,Huff and ML agree
10087953,Podgora pri Ložu,Loška dolina,0.21572282819446462,Loška dolina,0.1840498110720774,1,Huff and ML agree
10087961,Podlož,Loška dolina,0.39456716837384087,Loška dolina,0.4568167373544601,1,Huff and ML agree
10087970,Podskrajnik,Cerknica,0.8529514757653931,Cerknica,0.9213342920412788,1,Huff and ML agree
10087988,Podslivnica,Cerknica,0.1458066258130978,Cerknica,0.2425934121932434,1,Huff and ML agree
10087996,Polšeče,Ljubljana,0.05763808693447445,Ljubljana,0.2550816890225602,1,Huff and ML agree
10088003,Ponikve,Cerknica,0.13366566647729652,Cerknica,0.2260194614984922,1,Huff and ML agree
10088011,Pudob,Loška dolina,0.38033296483045703,Loška dolina,0.3182976905908494,1,Huff and ML agree
10088020,Radlek,Bloke,0.23522334303448825,Cerknica,0.1826014762228938,0,Huff and ML disagree
10088038,Rakek,Cerknica,0.5676638802739773,Cerknica,0.4804673509455188,1,Huff and ML agree
10088046,Ravne,Ljubljana,0.053965094901133506,Ljubljana,0.262430127516628,1,Huff and ML agree
10088054,Ravne na Blokah,Bloke,0.1376069446503831,Ljubljana,0.1655491307957701,0,Huff and ML disagree
10088062,Ravnik,Bloke,0.11481026102770034,Ljubljana,0.2313985927565034,0,Huff and ML disagree
10088089,Reparje,Cerknica,0.13182010430871763,Cerknica,0.2100899963725919,1,Huff and ML agree
10088097,Rožanče,Bloke,0.10386935576614603,Ljubljana,0.1729233806481124,0,Huff and ML disagree
10088119,Rudolfovo,Ljubljana,0.053362834716732616,Ljubljana,0.260280126971228,1,Huff and ML agree
10088127,Runarsko,Bloke,0.32189766798127095,Bloke,0.3068010189447321,1,Huff and ML agree
10088135,Selšček,Cerknica,0.5343566439817274,Cerknica,0.5155490194601824,1,Huff and ML agree
10088143,Sleme,Bloke,0.08811991278849111,Ljubljana,0.1751134800269666,0,Huff and ML disagree
10088151,Slivice,Cerknica,0.4258344189660329,Cerknica,0.3016662470726066,1,Huff and ML agree
10088160,Slugovo,Cerknica,0.08146957134591255,Ljubljana,0.2007527415726042,0,Huff and ML disagree
10088178,Stari trg pri Ložu,Loška dolina,0.49573802100628683,Loška dolina,0.6002793749190769,1,Huff and ML agree
10088186,Stražišče,Cerknica,0.19286705122732203,Cerknica,0.2487064714625512,1,Huff and ML agree
10088194,Strmca,Bloke,0.09447550448167047,Ljubljana,0.2320892626213857,0,Huff and ML disagree
10088208,Studenec na Blokah,Bloke,0.3477834931892682,Bloke,0.4153956935793665,1,Huff and ML agree
10088216,Studeno na Blokah,Bloke,0.3423261852805537,Bloke,0.3782884649306998,1,Huff and ML agree
10088224,Ščurkovo,Ljubljana,0.05634314767724764,Ljubljana,0.2504930981044148,1,Huff and ML agree
10088232,Sveta Trojica,Bloke,0.08997713025019641,Ljubljana,0.1917872983506682,0,Huff and ML disagree
10088259,Škrabče,Bloke,0.23522334303448825,Ljubljana,0.1941935565663592,0,Huff and ML disagree
10088267,Škufče,Bloke,0.13026274026264112,Ljubljana,0.2160296323016703,0,Huff and ML disagree
10088275,Šmarata,Loška dolina,0.20208976837305478,Loška dolina,0.1549278405846292,1,Huff and ML agree
10088283,Štorovo,Bloke,0.07619786506385863,Ljubljana,0.2559091602251438,0,Huff and ML disagree
10088291,Štrukljeva vas,Cerknica,0.08621734293845959,Ljubljana,0.2168061201759853,0,Huff and ML disagree
10088305,Tavžlje,Ljubljana,0.05494978398600515,Ljubljana,0.2616707878224873,1,Huff and ML agree
10088313,Topol,Bloke,0.2929924829970946,Bloke,0.2950545026335646,1,Huff and ML agree
10088321,Topol pri Begunjah,Cerknica,0.4278170333121777,Cerknica,0.4152507956087095,1,Huff and ML agree
10088330,Ulaka,Bloke,0.24343535607555788,Bloke,0.1949031191196961,1,Huff and ML agree
10088348,Unec,Cerknica,0.3610824321506854,Cerknica,0.290864556064724,1,Huff and ML agree
10088356,Velike Bloke,Bloke,0.3386448445316718,Bloke,0.3738270606419716,1,Huff and ML agree
10088364,Veliki Vrh,Bloke,0.5779056035871837,Bloke,0.6819789992870262,1,Huff and ML agree
10088372,Viševek,Loška dolina,0.36852401663194206,Loška dolina,0.2756368903503455,1,Huff and ML agree
10088399,Volčje,Bloke,0.5639297894066191,Bloke,0.6697637961460688,1,Huff and ML agree
10088402,Vrh,Loška dolina,0.19715913306275168,Ljubljana,0.1486359739051363,0,Huff and ML disagree
10088429,Vrhnika pri Ložu,Loška dolina,0.2580531366782847,Loška dolina,0.2037319687781793,1,Huff and ML agree
10088437,Zahrib,Ljubljana,0.051316036089115856,Ljubljana,0.2629220365026143,1,Huff and ML agree
10088445,Zakraj,Bloke,0.08402233942018719,Ljubljana,0.2329520853510303,0,Huff and ML disagree
10088453,Zala,Ljubljana,0.05518661057174525,Ljubljana,0.2609070859355021,1,Huff and ML agree
10088461,Zales,Ljubljana,0.053412353474548036,Ljubljana,0.220567164330289,1,Huff and ML agree
10088470,Zavrh,Ljubljana,0.05418777003743443,Ljubljana,0.2620541091735247,1,Huff and ML agree
10088488,Zelše,Cerknica,0.7622721706840769,Cerknica,0.7789299364063225,1,Huff and ML agree
10088496,Žerovnica,Cerknica,0.22048935040265707,Cerknica,0.3343902826970718,1,Huff and ML agree
10088500,Zibovnik,Cerknica,0.1573089854727517,Cerknica,0.2323431196868221,1,Huff and ML agree
10088518,Sveti Vid,Ljubljana,0.06994100903912565,Ljubljana,0.2589946242687567,1,Huff and ML agree
10088526,Župeno,Cerknica,0.11422134290365107,Ljubljana,0.2548529278111741,0,Huff and ML disagree
10088534,Klance,Loška dolina,0.18057088061859555,Cerknica,0.143303517268115,0,Huff and ML disagree
10088542,Rakov Škocjan,Cerknica,0.4358744027651689,Cerknica,0.357235819479602,1,Huff and ML agree
10088569,Goričice,Cerknica,0.13506647798341562,Cerknica,0.2355067276014466,1,Huff and ML agree
10088577,Adlešiči,Črnomelj,0.1424468740268061,Črnomelj,0.3610548882147679,1,Huff and ML agree
10088585,Balkovci,Črnomelj,0.0400847089912901,Črnomelj,0.193675234336474,1,Huff and ML agree
10088593,Bedenj,Črnomelj,0.30709230765330164,Črnomelj,0.5031670164266255,1,Huff and ML agree
10088607,Belčji Vrh,Črnomelj,0.14310415817370176,Črnomelj,0.3603037946751182,1,Huff and ML agree
10088615,Bistrica,Črnomelj,0.28089706799250735,Črnomelj,0.4500991538372246,1,Huff and ML agree
10088623,Blatnik pri Črmošnjicah,Semič,0.17842709220307287,Črnomelj,0.2242980828083886,0,Huff and ML disagree
10088631,Blatnik pri Črnomlju,Črnomelj,0.5940978332613016,Črnomelj,0.7990187627913065,1,Huff and ML agree
10088640,Bojanci,Črnomelj,0.16285252190416893,Črnomelj,0.4027428848714673,1,Huff and ML agree
10088658,Brdarci,Črnomelj,0.40123957308843683,Črnomelj,0.6197638222044685,1,Huff and ML agree
10088666,Breg pri Sinjem Vrhu,Črnomelj,0.033975886459885904,Črnomelj,0.1491514567113618,1,Huff and ML agree
10088674,Brezje pri Rožnem Dolu,Novo mesto,0.15112948551136485,Novo mesto,0.1771255365580118,1,Huff and ML agree
10088682,Brezje pri Vinjem Vrhu,Črnomelj,0.3008256258223786,Črnomelj,0.3184635710226282,1,Huff and ML agree
10088704,Breznik,Črnomelj,0.3299210732626273,Črnomelj,0.5239991899182986,1,Huff and ML agree
10088712,Brezova Reber,Semič,0.17972359122446957,Novo mesto,0.1613056548167574,0,Huff and ML disagree
10088739,Brezovica pri Črmošnjicah,Semič,0.2407837652331483,Črnomelj,0.203978430597804,0,Huff and ML disagree
10088747,Brstovec,Črnomelj,0.2802563465588722,Črnomelj,0.3206902264210869,1,Huff and ML agree
10088755,Butoraj,Črnomelj,0.6083471752164872,Črnomelj,0.8174851585754972,1,Huff and ML agree
10088763,Cerkvišče,Črnomelj,0.35644745715011666,Črnomelj,0.486301001931009,1,Huff and ML agree
10088771,Cerovec pri Črešnjevcu,Semič,0.1956894931344156,Metlika,0.2349015742666999,0,Huff and ML disagree
10088798,Črešnjevec pri Dragatušu,Črnomelj,0.14236688363036729,Črnomelj,0.3701734188594456,1,Huff and ML agree
10088801,Črešnjevec pri Semiču,Semič,0.24811094012607968,Črnomelj,0.2320711599816954,0,Huff and ML disagree
10088810,Črmošnjice,Novo mesto,0.10589051915238461,Črnomelj,0.1510697693312463,0,Huff and ML disagree
10088828,Črnomelj,Črnomelj,0.9986826885662319,Črnomelj,1.0,1,Huff and ML agree
10088836,Čudno selo,Črnomelj,0.6230565146422896,Črnomelj,0.8328695435788954,1,Huff and ML agree
10088844,Dalnje Njive,Črnomelj,0.038941957100168324,Črnomelj,0.1796450621350752,1,Huff and ML agree
10088852,Damelj,Črnomelj,0.0386013769239942,Črnomelj,0.1988889657440432,1,Huff and ML agree
10088879,Dečina,Črnomelj,0.039959572270911396,Črnomelj,0.1654832240010766,1,Huff and ML agree
10088887,Desinec,Črnomelj,0.5256843085723596,Črnomelj,0.7578942139708709,1,Huff and ML agree
10088895,Deskova vas,Črnomelj,0.06454456717506563,Črnomelj,0.2083993632633542,1,Huff and ML agree
10088909,Dobliče,Črnomelj,0.5080179392151665,Črnomelj,0.7148943876556397,1,Huff and ML agree
10088917,Doblička Gora,Črnomelj,0.414133167318797,Črnomelj,0.6169383987122367,1,Huff and ML agree
10088925,Dolenja Podgora,Črnomelj,0.0404591825966765,Črnomelj,0.1403940104405177,1,Huff and ML agree
10088933,Dolenja vas pri Črnomlju,Črnomelj,0.8463626044762816,Črnomelj,0.9602049918251722,1,Huff and ML agree
10088941,Dolenjci,Črnomelj,0.21659222612230195,Črnomelj,0.4152267985417635,1,Huff and ML agree
10088950,Dolenji Radenci,Črnomelj,0.050216322730836815,Črnomelj,0.1889065097369438,1,Huff and ML agree
10088968,Dolenji Suhor pri Vinici,Črnomelj,0.1595633181812672,Črnomelj,0.389042305401572,1,Huff and ML agree
10088976,Dolnja Paka,Črnomelj,0.7096709688455006,Črnomelj,0.8701166975347342,1,Huff and ML agree
10088984,Draga pri Sinjem Vrhu,Črnomelj,0.04011075091554892,Črnomelj,0.1812059698516155,1,Huff and ML agree
10088992,Dragatuš,Črnomelj,0.3129771097239237,Črnomelj,0.5088179512397092,1,Huff and ML agree
10089000,Dragoši,Črnomelj,0.16681347359860688,Črnomelj,0.3568588386127167,1,Huff and ML agree
10089018,Dragovanja vas,Črnomelj,0.484223987658465,Črnomelj,0.6850803799444735,1,Huff and ML agree
10089026,Drenovec,Črnomelj,0.06341151201409208,Črnomelj,0.2559970280360045,1,Huff and ML agree
10089034,Drežnik,Črnomelj,0.07041058656708855,Črnomelj,0.2793924443712803,1,Huff and ML agree
10089042,Fučkovci,Črnomelj,0.17303183907164946,Črnomelj,0.3816387827466083,1,Huff and ML agree
10089069,Gaber pri Črmošnjicah,Črnomelj,0.20580840250674853,Črnomelj,0.2255318268068526,1,Huff and ML agree
10089085,Golek,Črnomelj,0.32790323658453313,Črnomelj,0.5204041621965639,1,Huff and ML agree
10089093,Golek pri Vinici,Črnomelj,0.06489831287849769,Črnomelj,0.2504184194854687,1,Huff and ML agree
10089107,Gorenja Podgora,Črnomelj,0.03925424009735168,Črnomelj,0.1456900656000765,1,Huff and ML agree
10089115,Gorenjci pri Adlešičih,Črnomelj,0.10371416915680759,Črnomelj,0.3301396472593483,1,Huff and ML agree
10089123,Gorenji Radenci,Črnomelj,0.04572130160520569,Črnomelj,0.1851334270611528,1,Huff and ML agree
10089131,Gorica,Črnomelj,0.04173104302867921,Črnomelj,0.1958353429273653,1,Huff and ML agree
10089140,Gornja Paka,Črnomelj,0.5011984285859107,Črnomelj,0.6344601868518077,1,Huff and ML agree
10089158,Gornje Laze,Novo mesto,0.1776393564230163,Novo mesto,0.2152331237403626,1,Huff and ML agree
10089166,Gornji Suhor pri Vinici,Črnomelj,0.14151685988767665,Črnomelj,0.3763113021749169,1,Huff and ML agree
10089174,Gradnik,Semič,0.11415283973460826,Metlika,0.1881739507686649,0,Huff and ML disagree
10089182,Griblje,Črnomelj,0.23220711142271533,Črnomelj,0.3916680301323574,1,Huff and ML agree
10089204,Grič pri Dobličah,Črnomelj,0.42771154671,Črnomelj,0.6318035011440637,1,Huff and ML agree
10089212,Hrast pri Vinici,Črnomelj,0.068539771450815,Črnomelj,0.2714055424268007,1,Huff and ML agree
10089239,Hrib pri Cerovcu,Semič,0.17316386220949462,Metlika,0.2162106605013021,0,Huff and ML disagree
10089247,Hrib pri Rožnem Dolu,Novo mesto,0.15851001622630123,Novo mesto,0.2073203091585358,1,Huff and ML agree
10089255,Jankoviči,Črnomelj,0.24311694553989888,Črnomelj,0.4521262964609956,1,Huff and ML agree
10089263,Jelševnik,Črnomelj,0.5256843085723596,Črnomelj,0.739683887381102,1,Huff and ML agree
10089271,Jerneja vas,Črnomelj,0.5125400459495247,Črnomelj,0.7358389556304478,1,Huff and ML agree
10089280,Kal,Semič,0.17842709220307287,Semič,0.2196953274498203,1,Huff and ML agree
10089298,Kanižarica,Črnomelj,0.7194217466663284,Črnomelj,0.8754108308296146,1,Huff and ML agree
10089310,Knežina,Črnomelj,0.11255062179861017,Črnomelj,0.3411767410949978,1,Huff and ML agree
10089336,Komarna vas,Novo mesto,0.0884328946571535,Novo mesto,0.119424209707113,1,Huff and ML agree
10089344,Kot ob Kolpi,Črnomelj,0.04040508859014181,Črnomelj,0.1723733218023372,1,Huff and ML agree
10089379,Kovača vas,Črnomelj,0.06308335828689796,Črnomelj,0.1939450915936975,1,Huff and ML agree
10089387,Kovačji Grad,Črnomelj,0.03938407168479679,Črnomelj,0.1982014400604671,1,Huff and ML agree
10089395,Krupa,Črnomelj,0.3184994722883069,Črnomelj,0.3470991935352602,1,Huff and ML agree
10089409,Krvavčji Vrh,Metlika,0.20303575748051741,Metlika,0.3049305240512546,1,Huff and ML agree
10089417,Kvasica,Črnomelj,0.49308153501648744,Črnomelj,0.7046278913034099,1,Huff and ML agree
10089425,Lipovec,Črnomelj,0.30349598056441385,Semič,0.3702470881895018,0,Huff and ML disagree
10089433,Lokve,Črnomelj,0.6849781156976165,Črnomelj,0.8235679493741287,1,Huff and ML agree
10089441,Mala Lahinja,Črnomelj,0.1455971964686424,Črnomelj,0.3795946337470937,1,Huff and ML agree
10089450,Mala sela,Črnomelj,0.1206338695050047,Črnomelj,0.337394861202857,1,Huff and ML agree
10089468,Mali Nerajec,Črnomelj,0.20580840250674853,Črnomelj,0.4182526430743682,1,Huff and ML agree
10089476,Maline pri Štrekljevcu,Novo mesto,0.14210790993143535,Novo mesto,0.1832190276870783,1,Huff and ML agree
10089484,Marindol,Črnomelj,0.07377947377272043,Črnomelj,0.2922875994701746,1,Huff and ML agree
10089492,Mašelj,Novo mesto,0.10575024277212423,Črnomelj,0.1506540807848884,0,Huff and ML disagree
10089506,Mavrlen,Črnomelj,0.4359989948248635,Črnomelj,0.6298356101457934,1,Huff and ML agree
10089514,Mihelja vas,Črnomelj,0.4540668381541629,Črnomelj,0.5546554019787808,1,Huff and ML agree
10089522,Miklarji,Črnomelj,0.1455971964686424,Črnomelj,0.331972024085195,1,Huff and ML agree
10089549,Miliči,Črnomelj,0.06437020190245811,Črnomelj,0.235171207541547,1,Huff and ML agree
10089565,Močile,Črnomelj,0.06450169759392825,Črnomelj,0.2207138711595858,1,Huff and ML agree
10089573,Moverna vas,Črnomelj,0.2906068927051357,Črnomelj,0.3404396031949162,1,Huff and ML agree
10089581,Naklo,Črnomelj,0.4540668381541629,Črnomelj,0.6224845772914871,1,Huff and ML agree
10089590,Nestoplja vas,Črnomelj,0.3184994722883069,Črnomelj,0.3232856642721792,1,Huff and ML agree
10089603,Nova Lipa,Črnomelj,0.07696718592506416,Črnomelj,0.2996813237455489,1,Huff and ML agree
10089611,Obrh pri Dragatušu,Črnomelj,0.28660541473292883,Črnomelj,0.4933308736339293,1,Huff and ML agree
10089620,Ogulin,Črnomelj,0.06389885815002773,Črnomelj,0.2622031163711432,1,Huff and ML agree
10089638,Omota,Semič,0.238839206569423,Črnomelj,0.2207513861757291,0,Huff and ML disagree
10089646,Oskoršnica,Semič,0.26979439429904656,Semič,0.3523565800508478,1,Huff and ML agree
10089654,Osojnik,Semič,0.24123071384844846,Črnomelj,0.1743150503237288,0,Huff and ML disagree
10089662,Otovec,Črnomelj,0.580788573572734,Črnomelj,0.741952913886787,1,Huff and ML agree
10089689,Paunoviči,Črnomelj,0.04173104302867921,Črnomelj,0.2086201114732041,1,Huff and ML agree
10089697,Perudina,Črnomelj,0.06854083024902487,Črnomelj,0.2764611370305306,1,Huff and ML agree
10089719,Petrova vas,Črnomelj,0.47807508186713826,Črnomelj,0.586919453193395,1,Huff and ML agree
10089727,Planina,Semič,0.08660825306005127,Črnomelj,0.1738741610315944,0,Huff and ML disagree
10089735,Pobrežje,Črnomelj,0.1406059718329334,Črnomelj,0.3413942465095346,1,Huff and ML agree
10089743,Podklanec,Črnomelj,0.06437020190245811,Črnomelj,0.2388864752546121,1,Huff and ML agree
10089751,Podlog,Črnomelj,0.37365816190183937,Črnomelj,0.5601693813469535,1,Huff and ML agree
10089760,Podreber,Semič,0.27024039939576494,Semič,0.3676427509287923,1,Huff and ML agree
10089778,Potoki,Semič,0.2192521979690593,Črnomelj,0.1899238607230681,0,Huff and ML disagree
10089786,Praproče,Semič,0.12027074787582327,Črnomelj,0.1751149299701885,0,Huff and ML disagree
10089794,Praprot,Črnomelj,0.3440565278472744,Črnomelj,0.3341460992043616,1,Huff and ML agree
10089808,Prelesje,Črnomelj,0.04173104302867921,Črnomelj,0.1730040531118769,1,Huff and ML agree
10089816,Preloge,Semič,0.24158802155428494,Črnomelj,0.1960249864968762,0,Huff and ML disagree
10089824,Preloka,Črnomelj,0.056314420891491794,Črnomelj,0.21981878591881,1,Huff and ML agree
10089832,Pribinci,Črnomelj,0.36367264283658224,Črnomelj,0.542177842748356,1,Huff and ML agree
10089859,Pribišje,Semič,0.24782546351948095,Novo mesto,0.1655619577257011,0,Huff and ML disagree
10089867,Pugled,Semič,0.23108114378117584,Semič,0.3089294383491515,1,Huff and ML agree
10089875,Purga,Črnomelj,0.15697831663657966,Črnomelj,0.3801288915233939,1,Huff and ML agree
10089883,Pusti Gradec,Črnomelj,0.2272198807252618,Črnomelj,0.4355762250135647,1,Huff and ML agree
10089891,Rodine,Črnomelj,0.4005930212252935,Črnomelj,0.5643509057851341,1,Huff and ML agree
10089905,Rožanec,Črnomelj,0.5121890831225425,Črnomelj,0.6681209143391867,1,Huff and ML agree
10089913,Rožič Vrh,Črnomelj,0.4853352920249101,Črnomelj,0.6585291162287586,1,Huff and ML agree
10089921,Rožni Dol,Novo mesto,0.15198800510345278,Novo mesto,0.1768943534849447,1,Huff and ML agree
10089930,Ručetna vas,Črnomelj,0.41426104112267637,Črnomelj,0.4953726131781628,1,Huff and ML agree
10089956,Sečje selo,Črnomelj,0.0628210333950503,Črnomelj,0.243355494014567,1,Huff and ML agree
10089964,Sela pri Dragatušu,Črnomelj,0.39662645615914954,Črnomelj,0.5963229081897204,1,Huff and ML agree
10089972,Sela pri Otovcu,Črnomelj,0.5340433381985789,Črnomelj,0.7284006820435642,1,Huff and ML agree
10090008,Sela pri Vrčicah,Črnomelj,0.22025865989887794,Semič,0.2479269993112974,0,Huff and ML disagree
10090016,Semič,Semič,0.9999612682515925,Semič,1.0,1,Huff and ML agree
10090024,Sinji Vrh,Črnomelj,0.038724892665502546,Črnomelj,0.1901886909962577,1,Huff and ML agree
10090032,Sodevci,Črnomelj,0.040220179728349514,Črnomelj,0.1596230100891361,1,Huff and ML agree
10090059,Sodji Vrh,Novo mesto,0.11819130979791348,Metlika,0.1685488541826118,0,Huff and ML disagree
10090067,Sredgora,Črnomelj,0.14151685988767665,Črnomelj,0.2808149707702966,1,Huff and ML agree
10090075,Srednja vas,Semič,0.15624945593096642,Črnomelj,0.1691745953109169,0,Huff and ML disagree
10090083,Srednji Radenci,Črnomelj,0.04566399019660351,Črnomelj,0.1865176621204073,1,Huff and ML agree
10090091,Stara Lipa,Črnomelj,0.10470705675598552,Črnomelj,0.3368389079621754,1,Huff and ML agree
10090105,Stari trg ob Kolpi,Črnomelj,0.06341151201409208,Črnomelj,0.2144076725314354,1,Huff and ML agree
10090113,Starihov Vrh,Črnomelj,0.37297012971796556,Črnomelj,0.3594945601219365,1,Huff and ML agree
10090121,Stranska vas pri Semiču,Črnomelj,0.3990053364136218,Črnomelj,0.448513257565143,1,Huff and ML agree
10090130,Stražnji Vrh,Črnomelj,0.49469502167722723,Črnomelj,0.6904344911841367,1,Huff and ML agree
10090148,Svibnik,Črnomelj,0.8401010260229487,Črnomelj,0.943600479190696,1,Huff and ML agree
10090156,Šipek,Črnomelj,0.398755816128686,Črnomelj,0.6101291903479641,1,Huff and ML agree
10090164,Špeharji,Črnomelj,0.0386655565598021,Črnomelj,0.1580888997399709,1,Huff and ML agree
10090172,Štrekljevec,Semič,0.17842709220307287,Semič,0.208558769192326,1,Huff and ML agree
10090199,Talčji Vrh,Črnomelj,0.5049794596792343,Črnomelj,0.6834646407526591,1,Huff and ML agree
10090202,Tanča Gora,Črnomelj,0.4281111987831997,Črnomelj,0.645846891047986,1,Huff and ML agree
10090237,Trebnji Vrh,Črnomelj,0.28471137568288585,Semič,0.287675043741579,0,Huff and ML disagree
10090245,Tribuče,Črnomelj,0.47218974901448063,Črnomelj,0.6791393449420662,1,Huff and ML agree
10090253,Tušev Dol,Črnomelj,0.565794793207345,Črnomelj,0.7570016276723384,1,Huff and ML agree
10090261,Učakovci,Črnomelj,0.042711562773442936,Črnomelj,0.2068881444816915,1,Huff and ML agree
10090288,Velika Lahinja,Črnomelj,0.5094471043890952,Črnomelj,0.7445901186813733,1,Huff and ML agree
10090296,Velika sela,Črnomelj,0.14471692663389726,Črnomelj,0.3443822469625335,1,Huff and ML agree
10090300,Veliki Nerajec,Črnomelj,0.23280088577182811,Črnomelj,0.4487062684524914,1,Huff and ML agree
10090318,Vinica,Črnomelj,0.06341326188976343,Črnomelj,0.2564935131257126,1,Huff and ML agree
10090326,Vinji Vrh pri Semiču,Črnomelj,0.3286911880726293,Črnomelj,0.371548978443575,1,Huff and ML agree
10090334,Vojna vas,Črnomelj,0.8778880733333848,Črnomelj,0.9879855227261376,1,Huff and ML agree
10090342,Vranoviči,Črnomelj,0.5104262350221627,Črnomelj,0.6864798491720446,1,Huff and ML agree
10090369,Vrčice,Črnomelj,0.21866892011960157,Semič,0.2407701125346391,0,Huff and ML disagree
10090377,Vrhovci,Črnomelj,0.08841795958377147,Črnomelj,0.3106344702847966,1,Huff and ML agree
10090393,Vukovci,Črnomelj,0.04005372318440359,Črnomelj,0.1916365486136038,1,Huff and ML agree
10090407,Zagozdac,Črnomelj,0.04020892232018887,Črnomelj,0.1391699552018485,1,Huff and ML agree
10090415,Zajčji Vrh,Črnomelj,0.6408257894852539,Črnomelj,0.8405665529094102,1,Huff and ML agree
10090423,Zapudje,Črnomelj,0.1678407994909303,Črnomelj,0.3955039303817029,1,Huff and ML agree
10090431,Zastava,Črnomelj,0.5011984285859107,Črnomelj,0.7069693225077062,1,Huff and ML agree
10090440,Zilje,Črnomelj,0.039959572270911396,Črnomelj,0.1939863182140846,1,Huff and ML agree
10090458,Zorenci,Črnomelj,0.5146459980241407,Črnomelj,0.761293601857627,1,Huff and ML agree
10090466,Žuniči,Črnomelj,0.05548833801994881,Črnomelj,0.2227473131369282,1,Huff and ML agree
10090474,Bišče,Ljubljana,0.4247043276447318,Ljubljana,0.484393471389986,1,Huff and ML agree
10090482,Blagovica,Kamnik,0.1233746312407501,Ljubljana,0.2336017592175507,0,Huff and ML disagree
10090504,Brdo,Domžale,0.45459045956655375,Ljubljana,0.3461340091152132,0,Huff and ML disagree
10090512,Brdo pri Lukovici,Lukovica,0.9478395925016375,Lukovica,0.8810277460710103,1,Huff and ML agree
10090539,Brezje pri Dobu,Domžale,0.42909960686712817,Domžale,0.2902336170827086,1,Huff and ML agree
10090547,Brezovica pri Dobu,Domžale,0.4897028258650351,Domžale,0.3505179603256211,1,Huff and ML agree
10090555,Brezovica pri Zlatem Polju,Kamnik,0.18710922569490454,Ljubljana,0.2525870652027422,0,Huff and ML disagree
10090563,Bršlenovica,Kamnik,0.08135382364496607,Ljubljana,0.1929202701385071,0,Huff and ML disagree
10090571,Čeplje,Lukovica,0.3314225469088557,Lukovica,0.3120688415535014,1,Huff and ML agree
10090580,Češenik,Domžale,0.6927754397916637,Domžale,0.5729032458767455,1,Huff and ML agree
10090598,Češnjice,Kamnik,0.17626853255407618,Ljubljana,0.2376204326005628,0,Huff and ML disagree
10090601,Češnjice pri Moravčah,Moravče,0.6041753192757787,Moravče,0.6358648552434205,1,Huff and ML agree
10090610,Depala vas,Domžale,0.6373962212523275,Trzin,0.3049327238139284,0,Huff and ML disagree
10090628,Dešen,Litija,0.10517721441225682,Ljubljana,0.2572572808955243,0,Huff and ML disagree
10090636,Dob,Domžale,0.7405705573009179,Domžale,0.6874609709495317,1,Huff and ML agree
10090644,Dobeno,Ljubljana,0.3050847009698429,Ljubljana,0.3972365932030416,1,Huff and ML agree
10090652,Dole pod Sv. Trojico,Domžale,0.21346214883705206,Ljubljana,0.2791561700131349,0,Huff and ML disagree
10090679,Dole pri Krašcah,Moravče,0.3273152344263984,Moravče,0.2380056427033158,1,Huff and ML agree
10090687,Dolenje,Kamnik,0.2641852597389617,Ljubljana,0.2314659890671278,0,Huff and ML disagree
10090695,Domžale,Domžale,0.9989810721814132,Domžale,1.0,1,Huff and ML agree
10090709,Dragomelj,Domžale,0.531216697262187,Ljubljana,0.4383904465757396,0,Huff and ML disagree
10090717,Drtija,Moravče,0.5345598382001978,Moravče,0.5073934690495311,1,Huff and ML agree
10090725,Dupeljne,Kamnik,0.22214865177868579,Ljubljana,0.2508970763097937,0,Huff and ML disagree
10090733,Gabrje pod Limbarsko Goro,Moravče,0.30892525947792415,Moravče,0.2577311020476414,1,Huff and ML agree
10090741,Gabrje pod Špilkom,Kamnik,0.11844764633793593,Ljubljana,0.2315739757405053,0,Huff and ML disagree
10090750,Golčaj,Kamnik,0.11594816174880104,Ljubljana,0.232955384303676,0,Huff and ML disagree
10090768,Gora pri Pečah,Moravče,0.11235229824830853,Ljubljana,0.2255162765207969,0,Huff and ML disagree
10090776,Gorenje,Kamnik,0.07841875239477601,Ljubljana,0.2274481399233172,0,Huff and ML disagree
10090784,Gorica,Moravče,0.49124884717499845,Moravče,0.4526440561357981,1,Huff and ML agree
10090792,Goričica pri Ihanu,Domžale,0.5153394592606031,Domžale,0.3692983249528964,1,Huff and ML agree
10090806,Goričica pri Moravčah,Ljubljana,0.24372034559802536,Ljubljana,0.2765121678800278,1,Huff and ML agree
10090814,Gorjuša,Domžale,0.6176163502872538,Domžale,0.4517982221363392,1,Huff and ML agree
10090822,Gradišče pri Lukovici,Lukovica,0.4867955190731596,Lukovica,0.4778503257491658,1,Huff and ML agree
10090849,Homec,Domžale,0.5094448147811945,Domžale,0.3276284208971294,1,Huff and ML agree
10090857,Hrastnik,Moravče,0.11954928490188398,Ljubljana,0.2394001174564582,0,Huff and ML disagree
10090865,Hrib nad Ribčami,Moravče,0.14765367496584547,Ljubljana,0.2890327943791241,0,Huff and ML disagree
10090873,Hribi,Trbovlje,0.07170542479329688,Ljubljana,0.1679358189187924,0,Huff and ML disagree
10090881,Hudo,Domžale,0.49982582436883893,Domžale,0.2874323646316176,1,Huff and ML agree
10090890,Ihan,Domžale,0.6347829360982512,Domžale,0.4476897792348081,1,Huff and ML agree
10090903,Imenje,Moravče,0.19642535070134984,Ljubljana,0.2395382079518102,0,Huff and ML disagree
10090911,Imovica,Lukovica,0.3341547195553973,Lukovica,0.2591399039877657,1,Huff and ML agree
10090920,Jasen,Kamnik,0.2487236327496047,Ljubljana,0.2537368308647805,0,Huff and ML disagree
10090938,Javorje pri Blagovici,Kamnik,0.08526180747179588,Ljubljana,0.2267205109236892,0,Huff and ML disagree
10090946,Jelša,Kamnik,0.12604691707408633,Ljubljana,0.2340489174742709,0,Huff and ML disagree
10090954,Katarija,Ljubljana,0.14009216641571293,Ljubljana,0.2745971162553585,1,Huff and ML agree
10090962,Kokošnje,Ljubljana,0.24612347339970359,Ljubljana,0.2899511628168822,1,Huff and ML agree
10090989,Količevo,Domžale,0.7869576763247683,Domžale,0.7559191614252749,1,Huff and ML agree
10090997,Kolovec,Kamnik,0.28648937849515455,Ljubljana,0.2605040002930467,0,Huff and ML disagree
10091004,Kompolje,Lukovica,0.23267295969658305,Ljubljana,0.2219022137066898,0,Huff and ML disagree
10091012,Koreno,Ljubljana,0.1440701583739824,Ljubljana,0.2550032033297683,1,Huff and ML agree
10091039,Korpe,Kamnik,0.09894424007410066,Ljubljana,0.2445951073451662,0,Huff and ML disagree
10091047,Krajno Brdo,Kamnik,0.13879582494658144,Ljubljana,0.2511912749044032,0,Huff and ML disagree
10091055,Krašce,Moravče,0.3485942075530033,Moravče,0.2892460267229652,1,Huff and ML agree
10091063,Krašnja,Kamnik,0.1395489352016229,Ljubljana,0.2405781125046751,0,Huff and ML disagree
10091071,Križate,Trbovlje,0.06999080929316895,Ljubljana,0.212557475356971,0,Huff and ML disagree
10091080,Krtina,Domžale,0.5311068401892007,Domžale,0.4185474864635373,1,Huff and ML agree
10091098,Laze pri Domžalah,Domžale,0.49943375503283555,Domžale,0.3533521207316276,1,Huff and ML agree
10091101,Limbarska Gora,Kamnik,0.07882153184164134,Ljubljana,0.2486490596110203,0,Huff and ML disagree
10091110,Lipa,Kamnik,0.1842261052243795,Ljubljana,0.2461296884694623,0,Huff and ML disagree
10091128,Log,Kamnik,0.08024564403539308,Ljubljana,0.2271200874709812,0,Huff and ML disagree
10091136,Loka pri Mengšu,Mengeš,0.5548556734709557,Mengeš,0.3646725741015063,1,Huff and ML agree
10091144,Lukovica pri Domžalah,Lukovica,0.9977873601996238,Lukovica,1.0,1,Huff and ML agree
10091152,Mala Lašna,Kamnik,0.19256204715132874,Ljubljana,0.2574883263928252,0,Huff and ML disagree
10091179,Mala Loka,Domžale,0.5071829665182165,Ljubljana,0.4366027745913702,0,Huff and ML disagree
10091187,Mali Jelnik,Kamnik,0.12776670973111257,Ljubljana,0.2385875110638375,0,Huff and ML disagree
10091195,Mengeš,Mengeš,0.9981543596507539,Mengeš,1.0,1,Huff and ML agree
10091209,Moravče,Moravče,0.995506695368328,Moravče,1.0,1,Huff and ML agree
10091217,Mošenik,Moravče,0.2556695132860044,Moravče,0.2149922932377922,1,Huff and ML agree
10091225,Negastrn,Moravče,0.2550687294855965,Ljubljana,0.2138285091700278,0,Huff and ML disagree
10091233,Nožice,Kamnik,0.5277855109780274,Domžale,0.2693909635715061,0,Huff and ML disagree
10091241,Obrše,Kamnik,0.2501537735508457,Ljubljana,0.2319086303904408,0,Huff and ML disagree
10091250,Peče,Moravče,0.09159324604754644,Ljubljana,0.2234154214633441,0,Huff and ML disagree
10091268,Ples,Moravče,0.14738263938199872,Ljubljana,0.2337611989154983,0,Huff and ML disagree
10091276,Podgora pri Zlatem Polju,Kamnik,0.20526599201317328,Ljubljana,0.2487146994819285,0,Huff and ML disagree
10091284,Podgorica pri Pečah,Ljubljana,0.07159790599974941,Ljubljana,0.2202519513896116,1,Huff and ML agree
10091292,Podmilj,Kamnik,0.0840441717722298,Ljubljana,0.2106208709376058,0,Huff and ML disagree
10091306,Podrečje,Domžale,0.8056062865589897,Domžale,0.8220967505844846,1,Huff and ML agree
10091314,Podsmrečje,Kamnik,0.10935240564331902,Ljubljana,0.2409895283845267,0,Huff and ML disagree
10091322,Podstran,Moravče,0.5504746703787258,Moravče,0.4937404883457913,1,Huff and ML agree
10091349,Pogled,Moravče,0.40314687591532483,Moravče,0.3754338337855111,1,Huff and ML agree
10091357,Poljane nad Blagovico,Kamnik,0.15965286921091087,Ljubljana,0.2356006922515105,0,Huff and ML disagree
10091365,Prelog,Domžale,0.7156564943356888,Domžale,0.6275224822800289,1,Huff and ML agree
10091373,Preserje pri Lukovici,Lukovica,0.2683534327239152,Ljubljana,0.2310616319568334,0,Huff and ML disagree
10091381,Preserje pri Radomljah,Domžale,0.6943892878340968,Domžale,0.4907764417882654,1,Huff and ML agree
10091390,Preserje pri Zlatem Polju,Kamnik,0.261009796580024,Ljubljana,0.2253115844383614,0,Huff and ML disagree
10091403,Pretrž,Kamnik,0.06841494106906419,Ljubljana,0.2197245460940654,0,Huff and ML disagree
10091411,Prevalje,Domžale,0.2940342842850186,Domžale,0.2366839629119964,1,Huff and ML agree
10091420,Prevoje,Kamnik,0.1153513748857662,Ljubljana,0.2269839794349871,0,Huff and ML disagree
10091438,Prevoje pri Šentvidu,Domžale,0.5084023634272944,Domžale,0.3126122336207218,1,Huff and ML agree
10091446,Prikrnica,Moravče,0.2607969530840169,Ljubljana,0.2424694572646602,0,Huff and ML disagree
10091454,Prilesje,Kamnik,0.12032132723665909,Ljubljana,0.2301435309091696,0,Huff and ML disagree
10091462,Prvine,Kamnik,0.07760497445070343,Ljubljana,0.2021544984637026,0,Huff and ML disagree
10091489,Pšata,Ljubljana,0.42734348962245833,Ljubljana,0.5191252081765609,1,Huff and ML agree
10091497,Rača,Domžale,0.26409121202661395,Ljubljana,0.2886704868017548,0,Huff and ML disagree
10091519,Račni Vrh,Domžale,0.2979965192443514,Ljubljana,0.2902608823497795,0,Huff and ML disagree
10091527,Radomlje,Domžale,0.5311068401892007,Domžale,0.3556479157190261,1,Huff and ML agree
10091535,Rafolče,Lukovica,0.3377935589670367,Lukovica,0.2997136413185907,1,Huff and ML agree
10091543,Rodica,Domžale,0.8811046152095252,Domžale,0.9330264817152772,1,Huff and ML agree
10091551,Rova,Domžale,0.4534933524889154,Domžale,0.2915965508256335,1,Huff and ML agree
10091560,Rudnik pri Moravčah,Moravče,0.941130437670852,Moravče,0.957101007123173,1,Huff and ML agree
10091578,Selce,Kamnik,0.14825931939774734,Ljubljana,0.2356139215762537,0,Huff and ML disagree
10091586,Selce pri Moravčah,Moravče,0.3188066248124531,Moravče,0.2762379805866249,1,Huff and ML agree
10091594,Selo pri Ihanu,Domžale,0.5062828754975517,Ljubljana,0.3941246561098376,0,Huff and ML disagree
10091608,Selo pri Moravčah,Domžale,0.22433627810001633,Ljubljana,0.2695028001450228,0,Huff and ML disagree
10091616,Serjuče,Moravče,0.46755581532943624,Moravče,0.4581933469717645,1,Huff and ML agree
10091624,Soteska pri Moravčah,Moravče,0.5977199265506998,Moravče,0.6128385127436037,1,Huff and ML agree
10091632,Spodnja Dobrava,Moravče,0.2839056752496097,Moravče,0.237854557763275,1,Huff and ML agree
10091659,Spodnja Javoršica,Ljubljana,0.20817820487778854,Ljubljana,0.3289480139519949,1,Huff and ML agree
10091667,Spodnje Jarše,Domžale,0.8495771314934261,Domžale,0.9069660472806014,1,Huff and ML agree
10091675,Spodnje Koseze,Ljubljana,0.19571360090197454,Ljubljana,0.2522748321773296,1,Huff and ML agree
10091683,Spodnje Loke,Kamnik,0.12772749528480534,Ljubljana,0.2417917802527802,0,Huff and ML disagree
10091691,Spodnje Prapreče,Lukovica,0.5976454065494596,Lukovica,0.6074929757320223,1,Huff and ML agree
10091705,Spodnji Petelinjek,Kamnik,0.10366966403980651,Ljubljana,0.2216518379385662,0,Huff and ML disagree
10091713,Spodnji Prekar,Ljubljana,0.15437323957452023,Ljubljana,0.2967021078278364,1,Huff and ML agree
10091721,Spodnji Tuštanj,Moravče,0.2757561853743193,Ljubljana,0.2392362608517168,0,Huff and ML disagree
10091730,Srednje Jarše,Domžale,0.7895898187695018,Domžale,0.7614448821155165,1,Huff and ML agree
10091748,Stegne,Ljubljana,0.19697933074171925,Ljubljana,0.2812028187553814,1,Huff and ML agree
10091756,Straža,Kamnik,0.22699892954372902,Ljubljana,0.2482954413068316,0,Huff and ML disagree
10091764,Studenec pri Krtini,Domžale,0.3448622545289875,Ljubljana,0.266783811262235,0,Huff and ML disagree
10091772,Suša,Kamnik,0.08334104830700129,Ljubljana,0.2272394057508466,0,Huff and ML disagree
10091799,Šentožbolt,Kamnik,0.07343595562938136,Ljubljana,0.1924915264722331,0,Huff and ML disagree
10091802,Šentpavel pri Domžalah,Domžale,0.5137819951348465,Ljubljana,0.4213599883810579,0,Huff and ML disagree
10091829,Šentvid pri Lukovici,Lukovica,0.5526218080230686,Lukovica,0.4438137845789734,1,Huff and ML agree
10091837,Škocjan,Domžale,0.3448622545289875,Domžale,0.2549737759185349,1,Huff and ML agree
10091845,Škrjančevo,Domžale,0.6865695642962538,Domžale,0.5335494417627049,1,Huff and ML agree
10091853,Topole,Domžale,0.4343657104451718,Ljubljana,0.218094081534815,0,Huff and ML disagree
10091861,Trnjava,Lukovica,0.42313860289671046,Lukovica,0.3729831441812022,1,Huff and ML agree
10091870,Trnovče,Kamnik,0.2220144038322682,Ljubljana,0.2421037932985993,0,Huff and ML disagree
10091888,Trojane,Trbovlje,0.08259491908246025,Ljubljana,0.1728534564396797,0,Huff and ML disagree
10091896,Sv. Trojica,Ljubljana,0.25338069239746963,Ljubljana,0.2998758708775673,1,Huff and ML agree
10091900,Trzin,Trzin,0.9987191740842094,Trzin,1.0,1,Huff and ML agree
10091918,Turnše,Domžale,0.6178330416748173,Domžale,0.4561516901811486,1,Huff and ML agree
10091926,Učak,Kamnik,0.08143765899843594,Ljubljana,0.1866717645370666,0,Huff and ML disagree
10091934,V Zideh,Trbovlje,0.0935528127492396,Ljubljana,0.1630298131769763,0,Huff and ML disagree
10091942,Velika vas,Ljubljana,0.19430365268852923,Ljubljana,0.361176469716929,1,Huff and ML agree
10091969,Veliki Jelnik,Kamnik,0.11358571531401644,Ljubljana,0.2358278703690633,0,Huff and ML disagree
10091977,Videm pri Lukovici,Lukovica,0.2798117976914589,Ljubljana,0.2334006514258775,0,Huff and ML disagree
10091985,Vinje pri Moravčah,Moravče,0.16484534893362215,Ljubljana,0.232795602904041,0,Huff and ML disagree
10091993,Vir,Domžale,0.8780438916523334,Domžale,0.9360276853029112,1,Huff and ML agree
10092019,Vošce,Kamnik,0.13825494099136348,Ljubljana,0.2465708841075959,0,Huff and ML disagree
10092027,Vranke,Kamnik,0.09906710103554543,Ljubljana,0.2256337331019126,0,Huff and ML disagree
10092035,Vrba,Domžale,0.4042063911959419,Domžale,0.2459942849694231,1,Huff and ML agree
10092043,Vrh nad Krašnjo,Kamnik,0.17572877238451506,Ljubljana,0.2505330715941276,0,Huff and ML disagree
10092051,Vrhovlje,Kamnik,0.2533086099806154,Ljubljana,0.2245783724072813,0,Huff and ML disagree
10092060,Vrhpolje pri Moravčah,Ljubljana,0.19607175626382486,Ljubljana,0.2713044570463108,1,Huff and ML agree
10092078,Zaboršt,Domžale,0.7478141515349285,Domžale,0.6832515420413249,1,Huff and ML agree
10092086,Zagorica pri Rovah,Kamnik,0.27840330869495594,Ljubljana,0.2414091379864892,0,Huff and ML disagree
10092094,Zalog pod Sv. Trojico,Domžale,0.24168841281794745,Ljubljana,0.2793555953579238,0,Huff and ML disagree
10092108,Zalog pri Kresnicah,Ljubljana,0.178283143699645,Ljubljana,0.3184062669153214,1,Huff and ML agree
10092116,Zalog pri Moravčah,Moravče,0.8367363350577507,Moravče,0.7954919264305581,1,Huff and ML agree
10092124,Zavrh pri Trojanah,Trbovlje,0.09210571315945641,Ljubljana,0.1757809256595834,0,Huff and ML disagree
10092132,Zgornja Dobrava,Moravče,0.20747754547549785,Ljubljana,0.2232282267041512,0,Huff and ML disagree
10092159,Zgornja Javoršica,Ljubljana,0.24372034559802536,Ljubljana,0.3367490725722896,1,Huff and ML agree
10092167,Zgornje Jarše,Domžale,0.7143521667338599,Domžale,0.5128203169192418,1,Huff and ML agree
10092175,Zgornje Koseze,Moravče,0.11748645906101396,Ljubljana,0.2268384131684556,0,Huff and ML disagree
10092183,Zgornje Loke,Kamnik,0.10836969925186138,Ljubljana,0.2437237728896024,0,Huff and ML disagree
10092191,Zgornje Prapreče,Lukovica,0.5414866100793826,Lukovica,0.4989852902365536,1,Huff and ML agree
10092205,Zgornji Petelinjek,Kamnik,0.1044058792633841,Ljubljana,0.2230203118774702,0,Huff and ML disagree
10092213,Zgornji Prekar,Ljubljana,0.147851522204079,Ljubljana,0.270141454335038,1,Huff and ML agree
10092221,Zgornji Tuštanj,Moravče,0.2935285560144841,Ljubljana,0.2316269257900255,0,Huff and ML disagree
10092230,Zlatenek,Kamnik,0.12569519194554363,Ljubljana,0.2333030975269075,0,Huff and ML disagree
10092248,Zlato Polje,Kamnik,0.1901421516359727,Ljubljana,0.2513042313165832,0,Huff and ML disagree
10092256,Žeje,Ljubljana,0.2626384308413538,Ljubljana,0.3018174360741764,1,Huff and ML agree
10092264,Želodnik,Domžale,0.6603938424477727,Domžale,0.5476053324390143,1,Huff and ML agree
10092272,Žiče,Kamnik,0.2968906124201677,Ljubljana,0.2394324823857657,0,Huff and ML disagree
10092299,Žirovše,Ljubljana,0.13780856229694183,Ljubljana,0.2441147656096734,1,Huff and ML agree
10092302,Straža pri Moravčah,Moravče,0.34386603944627525,Moravče,0.339867456549661,1,Huff and ML agree
10092329,Dvorje,Moravče,0.2484017336288484,Ljubljana,0.2523929651661238,0,Huff and ML disagree
10092337,Sveti Andrej,Moravče,0.28598042579081273,Ljubljana,0.2399581611344711,0,Huff and ML disagree
10092345,Dobovlje,Domžale,0.297300701716736,Ljubljana,0.3696238938426441,0,Huff and ML disagree
10092353,Bukovska vas,Slovenj Gradec,0.5264155087724446,Slovenj Gradec,0.4216356276251784,1,Huff and ML agree
10092361,Črneče,Dravograd,0.7516886039209618,Dravograd,0.6683861142219464,1,Huff and ML agree
10092370,Črneška Gora,Dravograd,0.4238056887552444,Dravograd,0.4308635119912816,1,Huff and ML agree
10092388,Dobrova pri Dravogradu,Dravograd,0.7452497277555594,Dravograd,0.6185490240340027,1,Huff and ML agree
10092396,Dravograd,Dravograd,0.9984258417714316,Dravograd,1.0,1,Huff and ML agree
10092400,Gorče,Dravograd,0.23692719312069907,Dravograd,0.2904751628724988,1,Huff and ML agree
10092418,Goriški Vrh,Dravograd,0.25058581337082436,Dravograd,0.3170900841555354,1,Huff and ML agree
10092426,Kozji Vrh nad Dravogradom,Dravograd,0.3533382760499553,Dravograd,0.3413218431962504,1,Huff and ML agree
10092434,Libeliče,Dravograd,0.22321319794213576,Dravograd,0.2681650240544185,1,Huff and ML agree
10092442,Libeliška Gora,Dravograd,0.21120578312227792,Dravograd,0.226417136402394,1,Huff and ML agree
10092469,Ojstrica,Dravograd,0.23631162075183398,Dravograd,0.2974493775083189,1,Huff and ML agree
10092477,Otiški Vrh,Dravograd,0.758171373821248,Dravograd,0.6099803798181472,1,Huff and ML agree
10092485,Podklanc,Dravograd,0.7815925017776505,Dravograd,0.6848009121368811,1,Huff and ML agree
10092493,Selovec,Slovenj Gradec,0.4218088980748199,Slovenj Gradec,0.4163930863146237,1,Huff and ML agree
10092507,Sv. Boštjan,Dravograd,0.7827774128598386,Dravograd,0.7358131193356061,1,Huff and ML agree
10092515,Sv. Danijel,Dravograd,0.2018256842483297,Slovenj Gradec,0.2073099034386153,0,Huff and ML disagree
10092523,Sv. Duh,Dravograd,0.4581514657644341,Dravograd,0.4526937699699406,1,Huff and ML agree
10092531,Šentjanž pri Dravogradu,Dravograd,0.5813596020519358,Dravograd,0.3973572245821582,1,Huff and ML agree
10092540,Tolsti Vrh p. R. na K. - del,Dravograd,0.5813596020519358,Dravograd,0.5053992379665654,1,Huff and ML agree
10092558,Trbonje,Dravograd,0.2633649220930541,Dravograd,0.1938699108661827,1,Huff and ML agree
10092566,Tribej,Dravograd,0.4523644997832951,Dravograd,0.4345150323778786,1,Huff and ML agree
10092574,Velka,Dravograd,0.5336973513979835,Dravograd,0.4470492204584096,1,Huff and ML agree
10092582,Vič,Dravograd,0.7516886039209618,Dravograd,0.6851115636857709,1,Huff and ML agree
10092604,Vrata,Dravograd,0.30840727250395816,Dravograd,0.2631608764049869,1,Huff and ML agree
10092612,Apače,Apače,0.9991378932277855,Apače,1.0,1,Huff and ML agree
10092639,Aženski Vrh,Gornja Radgona,0.17689187260568168,Gornja Radgona,0.3156122457759291,1,Huff and ML agree
10092647,Biserjane,Sveti Jurij ob Ščavnici,0.6442112443441032,Sveti Jurij ob Ščavnici,0.7554264607391071,1,Huff and ML agree
10092655,Blaguš,Sveti Jurij ob Ščavnici,0.46100315193529684,Sveti Jurij ob Ščavnici,0.5450798803755157,1,Huff and ML agree
10092663,Boračeva,Radenci,0.4625268038025599,Radenci,0.5779755984548585,1,Huff and ML agree
10092671,Brezje,Sveti Jurij ob Ščavnici,0.4763152066252736,Sveti Jurij ob Ščavnici,0.5829671152946898,1,Huff and ML agree
10092680,Čakova,Sveti Jurij ob Ščavnici,0.48286706408504904,Sveti Jurij ob Ščavnici,0.6030429022504705,1,Huff and ML agree
10092698,Črešnjevci,Gornja Radgona,0.5376245905293751,Gornja Radgona,0.6440032837248721,1,Huff and ML agree
10092701,Črnci,Apače,0.44115612575869373,Apače,0.5741774374710616,1,Huff and ML agree
10092710,Dragotinci,Sveti Jurij ob Ščavnici,0.31666136444873266,Sveti Jurij ob Ščavnici,0.4075560287221599,1,Huff and ML agree
10092728,Drobtinci,Apače,0.14806363811351259,Maribor,0.1453230215210276,0,Huff and ML disagree
10092736,Gabrc,Ptuj,0.22688661623012737,Sveti Jurij ob Ščavnici,0.1337075794736396,0,Huff and ML disagree
10092744,Galušak,Ptuj,0.22518176816731367,Sveti Jurij ob Ščavnici,0.1368918675297502,0,Huff and ML disagree
10092752,Gornja Radgona,Gornja Radgona,1.0,Gornja Radgona,1.0,1,Huff and ML agree
10092779,Gornji Ivanjci,Murska Sobota,0.15618449512559487,Maribor,0.109311344974153,0,Huff and ML disagree
10092787,Grabe,Maribor,0.10106242268610106,Maribor,0.1597785807447891,1,Huff and ML agree
10092795,Grabonoš,Sveti Jurij ob Ščavnici,0.22968867769412835,Sveti Jurij ob Ščavnici,0.2820958314176734,1,Huff and ML agree
10092809,Grabšinci,Ptuj,0.2506226598326325,Ptuj,0.1341131869139103,1,Huff and ML agree
10092817,Hercegovščak,Gornja Radgona,0.6670056949644833,Gornja Radgona,0.8151065998504129,1,Huff and ML agree
10092825,Hrastje-Mota,Murska Sobota,0.14806045301022644,Radenci,0.188513216492025,0,Huff and ML disagree
10092833,Hrašenski Vrh,Murska Sobota,0.1894633013169221,Radenci,0.1686095516321349,0,Huff and ML disagree
10092841,Ivanjski Vrh,Ptuj,0.1481789965258889,Cerkvenjak,0.1672719660453556,0,Huff and ML disagree
10092850,Ivanjševci ob Ščavnici,Murska Sobota,0.1577101125911285,Gornja Radgona,0.1295078587121306,0,Huff and ML disagree
10092868,Ivanjševski Vrh,Murska Sobota,0.15618449512559487,Gornja Radgona,0.1590136558437903,0,Huff and ML disagree
10092876,Jamna,Sveti Jurij ob Ščavnici,0.7291671065253751,Sveti Jurij ob Ščavnici,0.8202151049359524,1,Huff and ML agree
10092884,Janhova,Maribor,0.09261648828272082,Maribor,0.1516683389918506,1,Huff and ML agree
10092892,Janžev Vrh,Murska Sobota,0.1887300490760718,Gornja Radgona,0.234606961031543,0,Huff and ML disagree
10092906,Kapelski Vrh,Radenci,0.21516840692587538,Radenci,0.2727536650334328,1,Huff and ML agree
10092914,Kobilščak,Radenci,0.3443914217937381,Radenci,0.361319153751769,1,Huff and ML agree
10092922,Kocjan,Murska Sobota,0.18932981215732564,Radenci,0.1602272994020643,0,Huff and ML disagree
10092949,Kočki Vrh,Cerkvenjak,0.2217313145236979,Cerkvenjak,0.3189603547144483,1,Huff and ML agree
10092957,Kokolajnščak,Ptuj,0.23994841228934508,Ptuj,0.1343580627364299,1,Huff and ML agree
10092965,Kraljevci,Ptuj,0.21049057899038268,Sveti Jurij ob Ščavnici,0.2189265755005218,0,Huff and ML disagree
10092973,Kunova,Ptuj,0.14455904567807523,Cerkvenjak,0.1535624676998981,0,Huff and ML disagree
10092981,Kupetinci,Murska Sobota,0.1462844550577215,Murska Sobota,0.1984836945961204,1,Huff and ML agree
10092990,Kutinci,Ptuj,0.21282370614552956,Sveti Jurij ob Ščavnici,0.1835712517377687,0,Huff and ML disagree
10093007,Lastomerci,Murska Sobota,0.1592828737251742,Gornja Radgona,0.2272778069203953,0,Huff and ML disagree
10093015,Lešane,Apače,0.18968277024813165,Apače,0.1513998330600408,1,Huff and ML agree
10093023,Lokavci,Maribor,0.1645715092679885,Maribor,0.1411854208924016,1,Huff and ML agree
10093031,Lomanoše,Gornja Radgona,0.2743311827368211,Gornja Radgona,0.4061216699105487,1,Huff and ML agree
10093040,Lutverci,Gornja Radgona,0.2758469686983349,Gornja Radgona,0.3992420390146322,1,Huff and ML agree
10093058,Mahovci,Apače,0.2727018967338943,Apače,0.3177447210938624,1,Huff and ML agree
10093066,Mali Moravščak,Ptuj,0.24135452787717765,Ptuj,0.1416143656824833,1,Huff and ML agree
10093074,Melanjski Vrh,Murska Sobota,0.1879380009655543,Radenci,0.1715614268563311,0,Huff and ML disagree
10093082,Mele,Gornja Radgona,0.34581064698420116,Gornja Radgona,0.4193049413937477,1,Huff and ML agree
10093104,Murski Vrh,Murska Sobota,0.15444581526330176,Murska Sobota,0.1674382675386112,1,Huff and ML agree
10093112,Murščak,Murska Sobota,0.14910775537010384,Murska Sobota,0.1776007800281508,1,Huff and ML agree
10093139,Nasova,Apače,0.11813418416929937,Maribor,0.144108953327927,0,Huff and ML disagree
10093147,Negova,Maribor,0.16344871804631705,Maribor,0.1320990581116168,1,Huff and ML agree
10093155,Norički Vrh,Gornja Radgona,0.7096899321556502,Gornja Radgona,0.8888555055788577,1,Huff and ML agree
10093163,Novi Vrh,Maribor,0.15339667099871288,Maribor,0.2138594975101787,1,Huff and ML agree
10093171,Očeslavci,Murska Sobota,0.1748737897681916,Sveti Jurij ob Ščavnici,0.1286247769324515,0,Huff and ML disagree
10093180,Okoslavci,Murska Sobota,0.1808578537294078,Sveti Jurij ob Ščavnici,0.1587321469700857,0,Huff and ML disagree
10093198,Orehovci,Gornja Radgona,0.2845691520430448,Gornja Radgona,0.3942620572573526,1,Huff and ML agree
10093201,Orehovski Vrh,Gornja Radgona,0.2758469686983349,Gornja Radgona,0.4020066702740854,1,Huff and ML agree
10093210,Paričjak,Radenci,0.42108999518788287,Radenci,0.520758055682729,1,Huff and ML agree
10093228,Plitvica,Apače,0.2503434164188333,Apače,0.2194682107366184,1,Huff and ML agree
10093236,Plitvički Vrh,Murska Sobota,0.12998285081604755,Gornja Radgona,0.2248246751012796,0,Huff and ML disagree
10093244,Podgorje,Maribor,0.09677948742902678,Maribor,0.1790570910774854,1,Huff and ML agree
10093252,Podgrad,Gornja Radgona,0.46735756562054787,Gornja Radgona,0.6312004537564766,1,Huff and ML agree
10093279,Pogled,Maribor,0.10711624856698303,Maribor,0.1986854490991701,1,Huff and ML agree
10093287,Police,Gornja Radgona,0.2758373437120357,Gornja Radgona,0.449944051190747,1,Huff and ML agree
10093295,Ptujska Cesta,Murska Sobota,0.19149517539173758,Gornja Radgona,0.2527223491592632,0,Huff and ML disagree
10093309,Rački Vrh,Murska Sobota,0.18927315680275061,Radenci,0.2399595212780142,0,Huff and ML disagree
10093317,Radenci,Radenci,0.9996870840518247,Radenci,1.0,1,Huff and ML agree
10093325,Radenski Vrh,Radenci,0.27150737161586364,Radenci,0.3048259627018733,1,Huff and ML agree
10093333,Radvenci,Murska Sobota,0.14071268628008832,Maribor,0.1323184316013059,0,Huff and ML disagree
10093341,Rihtarovci,Radenci,0.433176805870831,Radenci,0.5494518273986493,1,Huff and ML agree
10093350,Rodmošci,Murska Sobota,0.17832659649302854,Gornja Radgona,0.2201224587267676,0,Huff and ML disagree
10093368,Rožički Vrh,Murska Sobota,0.19214723925807958,Sveti Jurij ob Ščavnici,0.1680329867104927,0,Huff and ML disagree
10093376,Segovci,Apače,0.6480727610921224,Apače,0.7387770120332586,1,Huff and ML agree
10093384,Selišči,Murska Sobota,0.1489591668143269,Sveti Jurij ob Ščavnici,0.1721455494659123,0,Huff and ML disagree
10093392,Slaptinci,Sveti Jurij ob Ščavnici,0.3029757134473298,Sveti Jurij ob Ščavnici,0.3936005236373157,1,Huff and ML agree
10093406,Sovjak,Sveti Jurij ob Ščavnici,0.2703286763351136,Sveti Jurij ob Ščavnici,0.3319058062390159,1,Huff and ML agree
10093414,Spodnja Ščavnica,Gornja Radgona,0.13137663896567517,Gornja Radgona,0.1987380697432751,1,Huff and ML agree
10093422,Spodnje Konjišče,Apače,0.14806363811351259,Apače,0.1561841233267986,1,Huff and ML agree
10093449,Spodnji Ivanjci,Murska Sobota,0.15495991921939253,Sveti Jurij ob Ščavnici,0.1289646682305248,0,Huff and ML disagree
10093457,Spodnji Kocjan,Murska Sobota,0.19187029446398957,Radenci,0.1937621452442338,0,Huff and ML disagree
10093465,Stanetinci,Murska Sobota,0.1547809983054747,Murska Sobota,0.1638496047719259,1,Huff and ML agree
10093473,Stara Gora,Ptuj,0.21532061245963774,Sveti Jurij ob Ščavnici,0.169129078985448,0,Huff and ML disagree
10093481,Stavešinci,Murska Sobota,0.17484929121158452,Maribor,0.1029060119874671,0,Huff and ML disagree
10093490,Stavešinski Vrh,Murska Sobota,0.1806401574793906,Gornja Radgona,0.1541686815302547,0,Huff and ML disagree
10093503,Stogovci,Apače,0.13154845183728708,Maribor,0.1478754000898978,0,Huff and ML disagree
10093511,Šratovci,Radenci,0.4449588366809585,Radenci,0.4871638541988637,1,Huff and ML agree
10093520,Terbegovci,Ptuj,0.21447635139483354,Sveti Jurij ob Ščavnici,0.1399595646667546,0,Huff and ML disagree
10093538,Turjanci,Radenci,0.39799118858729515,Radenci,0.4761982591607824,1,Huff and ML agree
10093546,Turjanski Vrh,Radenci,0.1951657958173993,Radenci,0.2576714676526732,1,Huff and ML agree
10093554,Sveti Jurij ob Ščavnici,Sveti Jurij ob Ščavnici,0.9986944146136465,Sveti Jurij ob Ščavnici,1.0,1,Huff and ML agree
10093562,Vratja vas,Maribor,0.09972485080960831,Maribor,0.2044213840237624,1,Huff and ML agree
10093589,Vratji Vrh,Maribor,0.15376800933498577,Maribor,0.2252375602941942,1,Huff and ML agree
10093597,Zagajski Vrh,Maribor,0.12428184076176206,Maribor,0.1386701606353542,1,Huff and ML agree
10093619,Zbigovci,Gornja Radgona,0.20707241003162974,Gornja Radgona,0.3473456901831765,1,Huff and ML agree
10093627,Zgornje Konjišče,Maribor,0.09207772450896216,Maribor,0.1954986233809524,1,Huff and ML agree
10093635,Zgornji Kocjan,Radenci,0.2248135235574165,Radenci,0.2901779740197298,1,Huff and ML agree
10093643,Ženik,Sveti Jurij ob Ščavnici,0.24542166741708168,Sveti Jurij ob Ščavnici,0.3336028217581698,1,Huff and ML agree
10093651,Žepovci,Apače,0.21134952109173435,Apače,0.2478452354257516,1,Huff and ML agree
10093660,Žiberci,Apače,0.18968277024813165,Apače,0.1875529600675348,1,Huff and ML agree
10093678,Žihlava,Sveti Jurij ob Ščavnici,0.20178859983580388,Sveti Jurij ob Ščavnici,0.260096499023549,1,Huff and ML agree
10093686,Žrnova,Murska Sobota,0.1893395494171582,Radenci,0.2196147172651444,0,Huff and ML disagree
10093694,Ambrus,Ivančna Gorica,0.048146398551620936,Ljubljana,0.2074179314571837,0,Huff and ML disagree
10093708,Artiža vas,Ivančna Gorica,0.7469506913153157,Ivančna Gorica,0.7475091825936941,1,Huff and ML agree
10093716,Bakrc,Novo mesto,0.03934922360713751,Ljubljana,0.2011627607711201,0,Huff and ML disagree
10093724,Bičje,Grosuplje,0.3765770939967878,Ljubljana,0.3468985251825022,0,Huff and ML disagree
10093732,Blečji Vrh,Grosuplje,0.22996947951043054,Ljubljana,0.3185585163758123,0,Huff and ML disagree
10093759,Boga vas,Ivančna Gorica,0.30892825191539625,Ivančna Gorica,0.3031466878371248,1,Huff and ML agree
10093767,Bojanji Vrh,Ivančna Gorica,0.4736673609684982,Ivančna Gorica,0.5122748757819819,1,Huff and ML agree
10093775,Bratnice,Ivančna Gorica,0.16602456737355037,Ljubljana,0.1666916620896982,0,Huff and ML disagree
10093783,Breg pri Dobu,Ivančna Gorica,0.3624652672988918,Ivančna Gorica,0.3584801620037582,1,Huff and ML agree
10093791,Breg pri Temenici,Ivančna Gorica,0.24396024603092145,Ivančna Gorica,0.2189119675004382,1,Huff and ML agree
10093805,Breg pri Zagradcu,Žužemberk,0.12583706935068173,Ljubljana,0.185578922269237,0,Huff and ML disagree
10093813,Brezje pri Grosupljem,Grosuplje,0.7451067117703299,Grosuplje,0.7340106440340282,1,Huff and ML agree
10093821,Brezovi Dol,Novo mesto,0.045460302696186485,Ljubljana,0.2014227858112235,0,Huff and ML disagree
10093830,Bruhanja vas,Dobrepolje,0.5229217244912093,Dobrepolje,0.5847546988074029,1,Huff and ML agree
10093848,Brvace,Grosuplje,0.8090138846318926,Grosuplje,0.8427800949892752,1,Huff and ML agree
10093856,Bukovica,Ivančna Gorica,0.26385365692675306,Ivančna Gorica,0.2597623334824122,1,Huff and ML agree
10093864,Cerovo,Grosuplje,0.34015570675119833,Grosuplje,0.3384010013423026,1,Huff and ML agree
10093872,Cesta,Dobrepolje,0.5661413042733794,Dobrepolje,0.6180834166645887,1,Huff and ML agree
10093899,Cikava,Grosuplje,0.6869970792619547,Grosuplje,0.601220197627107,1,Huff and ML agree
10093902,Čagošče,Ivančna Gorica,0.22785736332130135,Ivančna Gorica,0.2229844843028733,1,Huff and ML agree
10093929,Češnjice pri Zagradcu,Ivančna Gorica,0.11592290523198993,Ljubljana,0.1945384874535297,0,Huff and ML disagree
10093937,Čušperk,Grosuplje,0.22093082432203676,Ljubljana,0.2977802861387328,0,Huff and ML disagree
10093945,Debeče,Ivančna Gorica,0.19250410197500603,Ljubljana,0.2110696233384325,0,Huff and ML disagree
10093953,Dečja vas pri Zagradcu,Ivančna Gorica,0.1246467180982622,Ljubljana,0.1987491113215584,0,Huff and ML disagree
10093961,Dedni Dol,Ivančna Gorica,0.2696161590703441,Ljubljana,0.2820113589716566,0,Huff and ML disagree
10093970,Dob pri Šentvidu,Ivančna Gorica,0.4317866502725371,Ivančna Gorica,0.4106412829112147,1,Huff and ML agree
10093988,Dobrava pri Stični,Ivančna Gorica,0.43561441474492824,Ivančna Gorica,0.4184848727749515,1,Huff and ML agree
10093996,Dole pri Polici,Grosuplje,0.2989047599371675,Ljubljana,0.3538466229322623,0,Huff and ML disagree
10094003,Dolenja vas pri Polici,Grosuplje,0.27405300199981975,Ljubljana,0.3209301386052553,0,Huff and ML disagree
10094011,Dolenja vas pri Temenici,Ivančna Gorica,0.21735720246195633,Ivančna Gorica,0.1962373796089467,1,Huff and ML agree
10094020,Fužina,Ivančna Gorica,0.14704101003854217,Ljubljana,0.1982589915923495,0,Huff and ML disagree
10094038,Gabrje pri Ilovi Gori,Grosuplje,0.18606243381578594,Ljubljana,0.3004855479337649,0,Huff and ML disagree
10094046,Gabrje pri Stični,Ivančna Gorica,0.6654437904991758,Ivančna Gorica,0.6946449529368752,1,Huff and ML agree
10094054,Gabrovčec,Ivančna Gorica,0.3086073273505469,Ivančna Gorica,0.2977030737916911,1,Huff and ML agree
10094062,Gabrovka pri Zagradcu,Ivančna Gorica,0.17029063984189907,Ivančna Gorica,0.2027143613729409,1,Huff and ML agree
10094089,Gajniče,Ljubljana,0.3863304434245287,Ljubljana,0.397850006351869,1,Huff and ML agree
10094097,Gatina,Grosuplje,0.611101055382647,Grosuplje,0.6263201226984964,1,Huff and ML agree
10094119,Glogovica,Ivančna Gorica,0.6547879701863032,Ivančna Gorica,0.6770337582513626,1,Huff and ML agree
10094127,Gorenja vas,Ivančna Gorica,0.7547643439050727,Ivančna Gorica,0.7588349365373296,1,Huff and ML agree
10094135,Gorenja vas pri Polici,Grosuplje,0.2206072719945182,Ljubljana,0.3255455279670791,0,Huff and ML disagree
10094143,Gorenje Brezovo,Ivančna Gorica,0.16004795943964528,Ljubljana,0.283949090570317,0,Huff and ML disagree
10094151,Gornji Rogatec,Grosuplje,0.21405959373764671,Ljubljana,0.3584516816551745,0,Huff and ML disagree
10094160,Gradiček,Ivančna Gorica,0.21370206513379142,Ljubljana,0.2198380719232857,0,Huff and ML disagree
10094178,Grintovec,Ivančna Gorica,0.11374620819654674,Ljubljana,0.2006794694842686,0,Huff and ML disagree
10094186,Griže,Ivančna Gorica,0.7947627783136927,Ivančna Gorica,0.7979843529087506,1,Huff and ML agree
10094194,Grm,Ivančna Gorica,0.3036948764174398,Ivančna Gorica,0.3237003110193421,1,Huff and ML agree
10094208,Grosuplje,Grosuplje,0.997624000715629,Grosuplje,1.0,1,Huff and ML agree
10094216,Hočevje,Ivančna Gorica,0.11315262199736159,Ljubljana,0.249922339484885,0,Huff and ML disagree
10094224,Hrastje pri Grosupljem,Grosuplje,0.5825659250827371,Grosuplje,0.4883495579919811,1,Huff and ML agree
10094232,Hrastov Dol,Ivančna Gorica,0.29145294519351705,Ivančna Gorica,0.2966741337611372,1,Huff and ML agree
10094259,Huda Polica,Grosuplje,0.3765770939967878,Ljubljana,0.4057851908618485,0,Huff and ML disagree
10094267,Ivančna Gorica,Ivančna Gorica,0.9947576834802045,Ivančna Gorica,1.0,1,Huff and ML agree
10094275,Kal,Ivančna Gorica,0.049793859247756096,Ljubljana,0.208033285827862,0,Huff and ML disagree
10094283,Kamni Vrh pri Ambrusu,Ljubljana,0.05017470849067969,Ljubljana,0.20409753749226,1,Huff and ML agree
10094291,Kamno Brdo,Ivančna Gorica,0.16670891853062325,Ljubljana,0.2722210204455809,0,Huff and ML disagree
10094305,Kitni Vrh,Ivančna Gorica,0.22481655858233526,Ivančna Gorica,0.2405488740633807,1,Huff and ML agree
10094313,Kompolje,Dobrepolje,0.193874592740506,Ljubljana,0.2155159429030298,0,Huff and ML disagree
10094321,Kožljevec,Grosuplje,0.21350735427606948,Ljubljana,0.3140821816168623,0,Huff and ML disagree
10094330,Kriška vas,Ivančna Gorica,0.25689341706049224,Ljubljana,0.2674273308240242,0,Huff and ML disagree
10094348,Krka,Ivančna Gorica,0.256840986318813,Ivančna Gorica,0.2450997467544393,1,Huff and ML agree
10094356,Krška vas,Ivančna Gorica,0.3104849808369087,Ivančna Gorica,0.2992521079604902,1,Huff and ML agree
10094364,Kuželjevec,Ivančna Gorica,0.061711221066434466,Ljubljana,0.2082387497668046,0,Huff and ML disagree
10094372,Laze nad Krko,Ivančna Gorica,0.12565257467961277,Ljubljana,0.2286711274557724,0,Huff and ML disagree
10094399,Leskovec,Ivančna Gorica,0.16275709885638867,Ljubljana,0.3026800240405841,0,Huff and ML disagree
10094402,Leščevje,Ivančna Gorica,0.3989385413287113,Ivančna Gorica,0.3936589505868289,1,Huff and ML agree
10094429,Lučarjev Kal,Ivančna Gorica,0.3100179029952621,Ivančna Gorica,0.3155379222344335,1,Huff and ML agree
10094437,Luče,Grosuplje,0.20856141208262968,Ljubljana,0.3005942055149635,0,Huff and ML disagree
10094445,Mala Dobrava,Ivančna Gorica,0.5248449673931437,Ivančna Gorica,0.4934376007156901,1,Huff and ML agree
10094453,Mala Goričica,Ivančna Gorica,0.30409848801665784,Ivančna Gorica,0.2950579097248439,1,Huff and ML agree
10094461,Mala Ilova Gora,Dobrepolje,0.13932039632699997,Ljubljana,0.2771360388382578,0,Huff and ML disagree
10094470,Mala Loka pri Višnji Gori,Ivančna Gorica,0.22466298599667578,Ljubljana,0.274554359000996,0,Huff and ML disagree
10094488,Mala Račna,Grosuplje,0.22267445263446475,Ljubljana,0.3029532207363766,0,Huff and ML disagree
10094496,Mala Stara vas,Grosuplje,0.5825659250827371,Grosuplje,0.5439652747918632,1,Huff and ML agree
10094500,Mala vas pri Grosupljem,Grosuplje,0.40668678509020495,Grosuplje,0.4200310134133145,1,Huff and ML agree
10094518,Mala vas,Dobrepolje,0.5597621223817282,Dobrepolje,0.6313315943112263,1,Huff and ML agree
10094526,Male Češnjice,Ivančna Gorica,0.4639798950932152,Ivančna Gorica,0.4590067527680896,1,Huff and ML agree
10094534,Male Dole pri Temenici,Ivančna Gorica,0.17211465593581848,Ivančna Gorica,0.1757907056160278,1,Huff and ML agree
10094542,Male Kompolje,Ivančna Gorica,0.43561441474492824,Ivančna Gorica,0.4433316712983005,1,Huff and ML agree
10094569,Male Lese,Ivančna Gorica,0.22545042421854292,Ivančna Gorica,0.2242786853525903,1,Huff and ML agree
10094577,Male Lipljene,Grosuplje,0.14529747652675554,Ljubljana,0.3247981395223125,0,Huff and ML disagree
10094585,Male Pece,Ivančna Gorica,0.43561441474492824,Ivančna Gorica,0.4397540186382835,1,Huff and ML agree
10094593,Male Rebrce,Žužemberk,0.17350531284523452,Ljubljana,0.1773865230493941,0,Huff and ML disagree
10094607,Male Vrhe,Ivančna Gorica,0.3084213585290956,Ivančna Gorica,0.2756755446224544,1,Huff and ML agree
10094615,Mali Kal,Ivančna Gorica,0.30786892124180204,Ivančna Gorica,0.3199471854671479,1,Huff and ML agree
10094623,Mali Konec,Grosuplje,0.21936781609571362,Ljubljana,0.3257024102816703,0,Huff and ML disagree
10094631,Mali Korinj,Ivančna Gorica,0.08566430105695312,Ljubljana,0.2203862670397173,0,Huff and ML disagree
10094640,Mali Vrh pri Šmarju,Ljubljana,0.3807827798937193,Ljubljana,0.4260820402257043,1,Huff and ML agree
10094658,Malo Črnelo,Ivančna Gorica,0.7872785147659418,Ivančna Gorica,0.7947989457434994,1,Huff and ML agree
10094666,Malo Globoko,Ivančna Gorica,0.14573577584113828,Ljubljana,0.2004413485586502,0,Huff and ML disagree
10094674,Malo Hudo,Ivančna Gorica,0.8133926835113807,Ivančna Gorica,0.8693212574206701,1,Huff and ML agree
10094682,Malo Mlačevo,Grosuplje,0.6041829356956295,Grosuplje,0.6248006579343106,1,Huff and ML agree
10094704,Marinča vas,Ivančna Gorica,0.17044954232896598,Ljubljana,0.2006682118676375,0,Huff and ML disagree
10094712,Medvedica,Grosuplje,0.21153813638679023,Ljubljana,0.3353647178088654,0,Huff and ML disagree
10094739,Mekinje nad Stično,Ivančna Gorica,0.5656029834402106,Ivančna Gorica,0.5950237762261428,1,Huff and ML agree
10094747,Metnaj,Ivančna Gorica,0.4063745878995844,Ivančna Gorica,0.360412236647003,1,Huff and ML agree
10094755,Mevce,Ivančna Gorica,0.33761312983266195,Ivančna Gorica,0.3473472119779746,1,Huff and ML agree
10094763,Mleščevo,Ivančna Gorica,0.829834506607189,Ivančna Gorica,0.9456884222953365,1,Huff and ML agree
10094771,Mrzlo Polje,Ivančna Gorica,0.8300970269460773,Ivančna Gorica,0.9464990501975976,1,Huff and ML agree
10094780,Muljava,Ivančna Gorica,0.47323199072835687,Ivančna Gorica,0.5009207662117456,1,Huff and ML agree
10094798,Nova vas,Ivančna Gorica,0.3050819407611139,Ivančna Gorica,0.2767698387459126,1,Huff and ML agree
10094801,Obolno,Ivančna Gorica,0.16715529658741615,Ljubljana,0.2565636856203981,0,Huff and ML disagree
10094810,Oslica,Ivančna Gorica,0.4739199216070288,Ivančna Gorica,0.4854325661376348,1,Huff and ML agree
10094828,Osredek nad Stično,Ivančna Gorica,0.17183491895741385,Ljubljana,0.2310170261370596,0,Huff and ML disagree
10094836,Paradišče,Grosuplje,0.552608710974092,Grosuplje,0.4229558586573401,1,Huff and ML agree
10094844,Pece,Grosuplje,0.39614001604022525,Grosuplje,0.3542526756470874,1,Huff and ML agree
10094852,Peč,Grosuplje,0.3765569613205023,Grosuplje,0.3152337601496214,1,Huff and ML agree
10094879,Peščenik,Grosuplje,0.26885180637531925,Ljubljana,0.2627270750931569,0,Huff and ML disagree
10094887,Petrušnja vas,Ivančna Gorica,0.5025646174423205,Ivančna Gorica,0.5242391134937348,1,Huff and ML agree
10094895,Planina,Ivančna Gorica,0.17044954232896598,Ljubljana,0.2212609526842968,0,Huff and ML disagree
10094909,Plešivica pri Žalni,Grosuplje,0.38401511624666285,Grosuplje,0.3801056798404236,1,Huff and ML agree
10094917,Podboršt,Ivančna Gorica,0.36478888777929647,Ivančna Gorica,0.3556279121884522,1,Huff and ML agree
10094925,Podbukovje,Ivančna Gorica,0.22440627044024858,Ljubljana,0.2196170258346093,0,Huff and ML disagree
10094933,Podgora,Dobrepolje,0.28020185579030993,Dobrepolje,0.3554662178171472,1,Huff and ML agree
10094941,Podgorica,Dobrepolje,0.7687853465558946,Dobrepolje,0.8605887858408567,1,Huff and ML agree
10094950,Podgorica pri Podtaboru,Grosuplje,0.27203992060174637,Ljubljana,0.3597740578825258,0,Huff and ML disagree
10094968,Podgorica pri Šmarju,Grosuplje,0.4060449806431701,Ljubljana,0.3955620097291079,0,Huff and ML disagree
10094976,Podpeč,Dobrepolje,0.6322800028063432,Dobrepolje,0.713605545003619,1,Huff and ML agree
10094984,Podsmreka pri Višnji Gori,Ivančna Gorica,0.44008467673142393,Ivančna Gorica,0.3791290369180454,1,Huff and ML agree
10094992,Št. Jurij,Grosuplje,0.38086242996591474,Grosuplje,0.3385843436711185,1,Huff and ML agree
10095000,Pokojnica,Ivančna Gorica,0.30885873458875,Ivančna Gorica,0.2933707301404106,1,Huff and ML agree
10095018,Polica,Grosuplje,0.3235785720037266,Ljubljana,0.2992769003706662,0,Huff and ML disagree
10095026,Poljane pri Stični,Ivančna Gorica,0.22545042421854292,Ljubljana,0.2254110437473095,0,Huff and ML disagree
10095034,Polje pri Višnji Gori,Ivančna Gorica,0.442924409854325,Ivančna Gorica,0.3803576787984813,1,Huff and ML agree
10095042,Ponikve,Dobrepolje,0.1808896886969928,Ljubljana,0.2493425248765375,0,Huff and ML disagree
10095069,Ponova vas,Grosuplje,0.5020174741712787,Grosuplje,0.5474752141227275,1,Huff and ML agree
10095077,Potok pri Muljavi,Ivančna Gorica,0.44069929298308247,Ivančna Gorica,0.4544060106815468,1,Huff and ML agree
10095085,Praproče pri Temenici,Ivančna Gorica,0.2747468345143834,Ivančna Gorica,0.2616963898648961,1,Huff and ML agree
10095093,Predole,Grosuplje,0.26885180637531925,Ljubljana,0.3043983458105841,0,Huff and ML disagree
10095107,Predstruge,Dobrepolje,0.43041822018671505,Dobrepolje,0.4391107813546878,1,Huff and ML agree
10095115,Primča vas,Ivančna Gorica,0.04363643647607808,Ljubljana,0.207202253548491,0,Huff and ML disagree
10095123,Pristava nad Stično,Ivančna Gorica,0.31886258927474864,Ivančna Gorica,0.3401086980902045,1,Huff and ML agree
10095131,Pristava pri Višnji Gori,Ivančna Gorica,0.2904754453485115,Ljubljana,0.2584654914843731,0,Huff and ML disagree
10095140,Pristavlja vas,Ivančna Gorica,0.49430600163834376,Ivančna Gorica,0.5140777778935453,1,Huff and ML agree
10095158,Pungert,Ivančna Gorica,0.16978228452411848,Ivančna Gorica,0.177117753515419,1,Huff and ML agree
10095166,Radohova vas,Ivančna Gorica,0.4176194071622964,Ivančna Gorica,0.3953910997467657,1,Huff and ML agree
10095174,Ravni Dol,Ivančna Gorica,0.1501617117904337,Ljubljana,0.2625587487842916,0,Huff and ML disagree
10095182,Rdeči Kal,Ivančna Gorica,0.3745829447226462,Ivančna Gorica,0.3709701919364735,1,Huff and ML agree
10095204,Rožnik,Grosuplje,0.22069695244121074,Ljubljana,0.3387490336264394,0,Huff and ML disagree
10095212,Sad,Ivančna Gorica,0.3104849808369087,Ivančna Gorica,0.3005747099825872,1,Huff and ML agree
10095239,Sela pri Dobu,Ivančna Gorica,0.4010897921937356,Ivančna Gorica,0.3723159586323997,1,Huff and ML agree
10095247,Sela pri Šmarju,Grosuplje,0.556350329015531,Grosuplje,0.4699947674050608,1,Huff and ML agree
10095255,Sela pri Višnji Gori,Ivančna Gorica,0.2581008328707997,Ljubljana,0.244130253085237,0,Huff and ML disagree
10095263,Selo pri Radohovi vasi,Ivančna Gorica,0.30786892124180204,Ivančna Gorica,0.2975908072580747,1,Huff and ML agree
10095271,Spodnja Draga,Ivančna Gorica,0.7878989056810481,Ivančna Gorica,0.7535959276094719,1,Huff and ML agree
10095280,Spodnja Slivnica,Grosuplje,0.5825659250827371,Grosuplje,0.5891556460724331,1,Huff and ML agree
10095298,Spodnje Blato,Grosuplje,0.7059852599897498,Grosuplje,0.7123200232964393,1,Huff and ML agree
10095301,Spodnje Brezovo,Grosuplje,0.27487923719699925,Ljubljana,0.2884750376428729,0,Huff and ML disagree
10095310,Spodnje Duplice,Grosuplje,0.4294035874767325,Grosuplje,0.4231039265233606,1,Huff and ML agree
10095328,Stari trg,Ivančna Gorica,0.4364876504325418,Ivančna Gorica,0.3508733421409365,1,Huff and ML agree
10095336,Škocjan,Grosuplje,0.157240841224509,Ljubljana,0.3188372948078586,0,Huff and ML disagree
10095344,Stična,Ivančna Gorica,0.7512148980345543,Ivančna Gorica,0.7355630955150286,1,Huff and ML agree
10095352,Stranska vas ob Višnjici,Ivančna Gorica,0.8170469211067731,Ivančna Gorica,0.878364724191677,1,Huff and ML agree
10095379,Sušica,Ivančna Gorica,0.30955664957713724,Ivančna Gorica,0.330409405033631,1,Huff and ML agree
10095387,Šentjurje,Ivančna Gorica,0.14704101003854217,Ljubljana,0.1701222010511708,0,Huff and ML disagree
10095395,Šentpavel na Dolenjskem,Ivančna Gorica,0.4221834666139962,Ivančna Gorica,0.4015824741548925,1,Huff and ML agree
10095409,Šentvid pri Stični,Ivančna Gorica,0.5599174529450234,Ivančna Gorica,0.5815107178669344,1,Huff and ML agree
10095417,Škoflje,Ivančna Gorica,0.3086073273505469,Ivančna Gorica,0.2862769034566639,1,Huff and ML agree
10095425,Škrjanče,Ivančna Gorica,0.8330012015013907,Ivančna Gorica,0.9074219639262932,1,Huff and ML agree
10095433,Šmarje-Sap,Grosuplje,0.4071221553303463,Ljubljana,0.3795216851990501,0,Huff and ML disagree
10095441,Temenica,Ivančna Gorica,0.22439113820043108,Ivančna Gorica,0.2100474254316573,1,Huff and ML agree
10095450,Tlake,Škofljica,0.4081254731601471,Škofljica,0.3802896456411029,1,Huff and ML agree
10095468,Tolčane,Ivančna Gorica,0.1334692741562044,Ljubljana,0.1917174814115031,0,Huff and ML disagree
10095476,Trebež,Ivančna Gorica,0.3086073273505469,Ivančna Gorica,0.3106760862441531,1,Huff and ML agree
10095484,Trebnja Gorica,Ivančna Gorica,0.2522431670889556,Ivančna Gorica,0.247850609661937,1,Huff and ML agree
10095492,Trnovica,Ivančna Gorica,0.24588200933220453,Ivančna Gorica,0.2520390070138305,1,Huff and ML agree
10095506,Troščine,Grosuplje,0.27422480406029137,Ljubljana,0.3206006753593613,0,Huff and ML disagree
10095514,Udje,Grosuplje,0.26891573809050284,Ljubljana,0.3858621782805893,0,Huff and ML disagree
10095522,Valična vas,Žužemberk,0.12166668939720854,Ljubljana,0.1783958999560946,0,Huff and ML disagree
10095549,Velika Dobrava,Ivančna Gorica,0.45373368885667986,Ivančna Gorica,0.4052566394717481,1,Huff and ML agree
10095557,Velika Ilova Gora,Grosuplje,0.1125547321721286,Ljubljana,0.2837491022598133,0,Huff and ML disagree
10095565,Velika Loka,Grosuplje,0.2687869725874725,Ljubljana,0.2772381422424353,0,Huff and ML disagree
10095573,Velika Račna,Grosuplje,0.26726530034943735,Ljubljana,0.3024228962271307,0,Huff and ML disagree
10095581,Velika Stara vas,Grosuplje,0.48981582246368377,Grosuplje,0.4846711557173181,1,Huff and ML agree
10095590,Velike Češnjice,Ivančna Gorica,0.43561441474492824,Ivančna Gorica,0.4246959663713604,1,Huff and ML agree
10095603,Velike Dole pri Temenici,Ivančna Gorica,0.18397046179868348,Ivančna Gorica,0.1850123923288429,1,Huff and ML agree
10095611,Velike Kompolje,Ivančna Gorica,0.48103848936444266,Ivančna Gorica,0.514327038968888,1,Huff and ML agree
10095620,Velike Lese,Ivančna Gorica,0.22507730601771214,Ivančna Gorica,0.2339278228491106,1,Huff and ML agree
10095638,Velike Lipljene,Grosuplje,0.22119772213427247,Ljubljana,0.3319685649222557,0,Huff and ML disagree
10095646,Velike Pece,Ivančna Gorica,0.5685020414622467,Ivančna Gorica,0.6164026187991074,1,Huff and ML agree
10095654,Velike Rebrce,Žužemberk,0.14274344135911576,Ljubljana,0.1817598821750749,0,Huff and ML disagree
10095662,Velike Vrhe,Ivančna Gorica,0.28305128718706374,Ivančna Gorica,0.2603733707455545,1,Huff and ML agree
10095689,Veliki Kal,Ivančna Gorica,0.4003239207526551,Ivančna Gorica,0.3922246458481854,1,Huff and ML agree
10095697,Veliki Korinj,Ivančna Gorica,0.07107946258545876,Ljubljana,0.2217310977694278,0,Huff and ML disagree
10095719,Veliki Vrh pri Šmarju,Ljubljana,0.38584048741576815,Ljubljana,0.4064131644914105,1,Huff and ML agree
10095727,Veliko Črnelo,Ivančna Gorica,0.7895900272656438,Ivančna Gorica,0.776958739032657,1,Huff and ML agree
10095735,Veliko Globoko,Ivančna Gorica,0.16832890800932832,Ljubljana,0.2017263372987723,0,Huff and ML disagree
10095743,Veliko Mlačevo,Grosuplje,0.611101055382647,Grosuplje,0.6294778788551886,1,Huff and ML agree
10095751,Videm,Dobrepolje,0.9943170487183586,Dobrepolje,1.0,1,Huff and ML agree
10095760,Videm pri Temenici,Ivančna Gorica,0.22481655858233526,Ivančna Gorica,0.2107303602235398,1,Huff and ML agree
10095778,Vino,Ljubljana,0.2961707660029563,Ljubljana,0.4304460131387671,1,Huff and ML agree
10095786,Vir pri Stični,Ivančna Gorica,0.7074980850587993,Ivančna Gorica,0.7201092037735789,1,Huff and ML agree
10095794,Višnja Gora,Ivančna Gorica,0.3127137703133787,Ljubljana,0.2614105410707502,0,Huff and ML disagree
10095808,Višnje,Ivančna Gorica,0.036980772061355305,Ljubljana,0.2064262407695135,0,Huff and ML disagree
10095816,Vodice,Dobrepolje,0.14784052112657825,Ljubljana,0.259137534664226,0,Huff and ML disagree
10095824,Vrbičje,Grosuplje,0.22949049218358422,Ljubljana,0.3395313268824914,0,Huff and ML disagree
10095832,Vrh pri Višnji Gori,Ivančna Gorica,0.2328797738792565,Ljubljana,0.275884947103073,0,Huff and ML disagree
10095859,Vrhpolje pri Šentvidu,Ivančna Gorica,0.8160765385514474,Ivančna Gorica,0.8848509603754088,1,Huff and ML agree
10095867,Zaboršt pri Šentvidu,Ivančna Gorica,0.3203548160973154,Ivančna Gorica,0.3335442525534201,1,Huff and ML agree
10095875,Zagorica,Dobrepolje,0.4357625390469972,Dobrepolje,0.4867031433480525,1,Huff and ML agree
10095883,Zagradec,Ivančna Gorica,0.13868069130426816,Ljubljana,0.1972650907166544,0,Huff and ML disagree
10095891,Zagradec pri Grosupljem,Grosuplje,0.4493382245434136,Grosuplje,0.4763574455569606,1,Huff and ML agree
10095905,Zavrtače,Ivančna Gorica,0.4600534060257951,Ivančna Gorica,0.4096214337732466,1,Huff and ML agree
10095913,Zdenska vas,Dobrepolje,0.5316370860621383,Dobrepolje,0.576920665792287,1,Huff and ML agree
10095921,Zgornja Draga,Ivančna Gorica,0.7512148980345543,Ivančna Gorica,0.7231972589144318,1,Huff and ML agree
10095930,Zgornja Slivnica,Grosuplje,0.4184341681719077,Grosuplje,0.3521648899229588,1,Huff and ML agree
10095948,Zgornje Duplice,Grosuplje,0.40792768294426357,Grosuplje,0.3842653043900366,1,Huff and ML agree
10095956,Znojile pri Krki,Ivančna Gorica,0.3081256830173588,Ivančna Gorica,0.3289820872098157,1,Huff and ML agree
10095964,Žalna,Grosuplje,0.37555378233115005,Grosuplje,0.3429246039831038,1,Huff and ML agree
10095972,Železnica,Grosuplje,0.16951718864291895,Ljubljana,0.3305069955440652,0,Huff and ML disagree
10095999,Lobček,Grosuplje,0.44853756132949485,Grosuplje,0.4799055185795197,1,Huff and ML agree
10096006,Dobje,Grosuplje,0.5914257932051248,Grosuplje,0.5657874131137587,1,Huff and ML agree
10096014,Gradišče,Grosuplje,0.39614001604022525,Grosuplje,0.3502826691147871,1,Huff and ML agree
10096022,Boben,Hrastnik,0.5017593728550167,Hrastnik,0.6238230905949063,1,Huff and ML agree
10096049,Brdce,Trbovlje,0.16819667574912336,Hrastnik,0.1609261594463202,0,Huff and ML disagree
10096057,Brnica,Trbovlje,0.31584948628003784,Hrastnik,0.4345823212805596,0,Huff and ML disagree
10096065,Čeče - del,Trbovlje,0.308730037078175,Hrastnik,0.277478731028084,0,Huff and ML disagree
10096073,Dol pri Hrastniku,Trbovlje,0.23806877200789983,Hrastnik,0.3188390856331053,0,Huff and ML disagree
10096081,Gore,Trbovlje,0.10996051855720916,Trbovlje,0.1199540548834018,1,Huff and ML agree
10096090,Hrastnik,Hrastnik,0.9997145316789025,Hrastnik,1.0,1,Huff and ML agree
10096103,Kal,Trbovlje,0.1704269346329627,Trbovlje,0.1965367009540269,1,Huff and ML agree
10096111,Kovk,Trbovlje,0.10695741458230089,Trbovlje,0.1245045641456841,1,Huff and ML agree
10096120,Krištandol,Trbovlje,0.19129367363421657,Hrastnik,0.2302301714805269,0,Huff and ML disagree
10096138,Krnice,Trbovlje,0.16550627605057186,Trbovlje,0.1739710261201168,1,Huff and ML agree
10096146,Marno,Trbovlje,0.17880898037529344,Hrastnik,0.198524530679455,0,Huff and ML disagree
10096154,Plesko,Trbovlje,0.6892599570991892,Trbovlje,0.4961502263415185,1,Huff and ML agree
10096162,Podkraj,Trbovlje,0.23912558947593643,Hrastnik,0.3120808197435996,0,Huff and ML disagree
10096189,Prapretno pri Hrastniku - del,Trbovlje,0.5112635601700503,Hrastnik,0.4791368214975427,0,Huff and ML disagree
10096197,Studence,Hrastnik,0.8060811717969183,Hrastnik,0.8713143192480959,1,Huff and ML agree
10096219,Šavna Peč,Trbovlje,0.16252832947421866,Trbovlje,0.1642303102318414,1,Huff and ML agree
10096227,Turje,Trbovlje,0.15673887642791526,Trbovlje,0.1415372172183966,1,Huff and ML agree
10096235,Unično,Trbovlje,0.15673887642791526,Trbovlje,0.146208608302563,1,Huff and ML agree
10096243,Bukovo,Cerkno,0.03637660372467434,Ljubljana,0.1280255185606253,0,Huff and ML disagree
10096251,Cerkljanski Vrh,Cerkno,0.07620837441953855,Ljubljana,0.1605035345674874,0,Huff and ML disagree
10096260,Cerkno,Cerkno,0.9975534443331732,Cerkno,1.0,1,Huff and ML agree
10096278,Čekovnik,Idrija,0.27939781827675814,Idrija,0.4023959435125858,1,Huff and ML agree
10096286,Čeplez,Cerkno,0.42152130472280436,Cerkno,0.4552412457125137,1,Huff and ML agree
10096294,Črni Vrh,Ajdovščina,0.11779387207797104,Ljubljana,0.1572659045550491,0,Huff and ML disagree
10096308,Dole,Idrija,0.2527931138687127,Idrija,0.2324195381113092,1,Huff and ML agree
10096316,Dolenji Novaki,Cerkno,0.08976096187380143,Cerkno,0.1631368566107822,1,Huff and ML agree
10096324,Godovič,Idrija,0.17110731767715315,Idrija,0.1871602499278152,1,Huff and ML agree
10096332,Gore,Idrija,0.2848695164600833,Idrija,0.3182413135609328,1,Huff and ML agree
10096359,Gorenja Kanomlja,Idrija,0.08297257062741735,Idrija,0.1935878125170697,1,Huff and ML agree
10096367,Gorenji Novaki,Cerkno,0.0592009880348566,Ljubljana,0.17415891000546,0,Huff and ML disagree
10096375,Gorenji Vrsnik,Idrija,0.13061078684371036,Ljubljana,0.1706322178708219,0,Huff and ML disagree
10096383,Gorje,Cerkno,0.4054981403797519,Cerkno,0.472109780615656,1,Huff and ML agree
10096391,Govejk,Idrija,0.2054906600546162,Žiri,0.2002369276909872,0,Huff and ML disagree
10096405,Idrija,Idrija,0.9962630164102534,Idrija,1.0,1,Huff and ML agree
10096413,Idrijska Bela,Idrija,0.16978580179643873,Idrija,0.2740370904949366,1,Huff and ML agree
10096421,Idrijski Log,Idrija,0.22812315853656187,Idrija,0.257365855442154,1,Huff and ML agree
10096430,Idrijske Krnice,Idrija,0.11296381959430954,Idrija,0.2171977737918904,1,Huff and ML agree
10096448,Idršek,Idrija,0.16974594079663796,Idrija,0.2338254640790152,1,Huff and ML agree
10096456,Jagršče,Cerkno,0.05184860563163849,Ljubljana,0.1366425510476978,0,Huff and ML disagree
10096464,Javornik,Ajdovščina,0.10724536645090271,Ljubljana,0.1470865627033778,0,Huff and ML disagree
10096472,Jazne,Idrija,0.0495019220660219,Ljubljana,0.1618757519250285,0,Huff and ML disagree
10096499,Jelični Vrh,Idrija,0.20700483003112097,Idrija,0.2346493786277916,1,Huff and ML agree
10096502,Jesenica,Cerkno,0.12564127970441144,Cerkno,0.2433316702565442,1,Huff and ML agree
10096529,Kanji Dol,Ajdovščina,0.12636241469349635,Ajdovščina,0.1538409453085952,1,Huff and ML agree
10096537,Korita,Idrija,0.1420143360108204,Žiri,0.2145816904098791,0,Huff and ML disagree
10096545,Labinje,Cerkno,0.5817944147939297,Cerkno,0.6732286562299497,1,Huff and ML agree
10096553,Lazec,Idrija,0.06104721313789966,Ljubljana,0.1397171873986727,0,Huff and ML disagree
10096561,Ledine,Idrija,0.23279706447181842,Idrija,0.2477062788213369,1,Huff and ML agree
10096570,Ledinske Krnice,Idrija,0.22514028852154017,Idrija,0.2255665564448351,1,Huff and ML agree
10096588,Lome,Ajdovščina,0.07245807375586552,Ljubljana,0.1695018736977575,0,Huff and ML disagree
10096596,Masore,Idrija,0.06104721313789966,Idrija,0.155678456977473,1,Huff and ML agree
10096600,Mrzli Log,Ajdovščina,0.09027058781994526,Ljubljana,0.1489348231695877,0,Huff and ML disagree
10096618,Mrzli Vrh,Idrija,0.10651683683601552,Ljubljana,0.1635464075154434,0,Huff and ML disagree
10096626,Orehek,Cerkno,0.06801553712107312,Cerkno,0.1507448463977729,1,Huff and ML agree
10096634,Otalež,Idrija,0.08129128030917793,Idrija,0.1505305114275746,1,Huff and ML agree
10096642,Pečnik,Idrija,0.2533877164123856,Idrija,0.269413594855834,1,Huff and ML agree
10096669,Planina pri Cerknem,Cerkno,0.34001269406662976,Cerkno,0.355892792721984,1,Huff and ML agree
10096677,Plužnje,Cerkno,0.07297295212410346,Idrija,0.1362383292987267,0,Huff and ML disagree
10096685,Poče,Cerkno,0.3698137783111536,Cerkno,0.4166078577065623,1,Huff and ML agree
10096693,Podlanišče,Cerkno,0.10760226316763623,Cerkno,0.1852364828216411,1,Huff and ML agree
10096707,Podpleče,Cerkno,0.09675065260012458,Cerkno,0.16645635031903,1,Huff and ML agree
10096715,Police,Cerkno,0.024996194362636767,Ljubljana,0.1406565387414693,0,Huff and ML disagree
10096723,Poljane,Cerkno,0.4471963023445314,Cerkno,0.5265223822665643,1,Huff and ML agree
10096731,Potok,Idrija,0.0768950795524764,Ljubljana,0.2135879674038924,0,Huff and ML disagree
10096740,Predgriže,Ajdovščina,0.08638149885699788,Ljubljana,0.1675431893944299,0,Huff and ML disagree
10096758,Ravne pri Cerknem,Cerkno,0.22844416618770544,Cerkno,0.282246553169255,1,Huff and ML agree
10096766,Reka,Cerkno,0.08564462564750089,Cerkno,0.1739845954480013,1,Huff and ML agree
10096774,Spodnja Idrija,Idrija,0.6212475717967216,Idrija,0.6587071949131664,1,Huff and ML agree
10096782,Spodnja Kanomlja,Idrija,0.4389237998435495,Idrija,0.4817252297255458,1,Huff and ML agree
10096804,Spodnji Vrsnik,Idrija,0.09413368631612837,Ljubljana,0.1828940091101476,0,Huff and ML disagree
10096812,Srednja Kanomlja,Idrija,0.46847651699677256,Idrija,0.5154864170184184,1,Huff and ML agree
10096839,Straža,Cerkno,0.26931023121072906,Cerkno,0.2749983793427565,1,Huff and ML agree
10096847,Strmec,Ajdovščina,0.13409434916993182,Ajdovščina,0.2040501072550963,1,Huff and ML agree
10096855,Šebrelje,Tolmin,0.026903807762604655,Ljubljana,0.1270003310417498,0,Huff and ML disagree
10096863,Trebenče,Cerkno,0.5982475197408563,Cerkno,0.6999509918922151,1,Huff and ML agree
10096871,Vojsko,Idrija,0.09146334435207772,Idrija,0.2153041162679663,1,Huff and ML agree
10096880,Zadlog,Ajdovščina,0.0705389708066511,Ljubljana,0.1610547496151389,0,Huff and ML disagree
10096898,Zakojca,Cerkno,0.04512257809930086,Ljubljana,0.1328414296943364,0,Huff and ML disagree
10096901,Zakriž,Cerkno,0.5492771404841799,Cerkno,0.6238210576537261,1,Huff and ML agree
10096910,Zavratec,Idrija,0.07350636010419347,Ljubljana,0.2097816661990733,0,Huff and ML disagree
10096928,Žirovnica,Idrija,0.11599640944714242,Ljubljana,0.1832672322829366,0,Huff and ML disagree
10096936,Bač,Ilirska Bistrica,0.12701002327646718,Ilirska Bistrica,0.2433601492108578,1,Huff and ML agree
10096944,Brce,Ilirska Bistrica,0.478826280601814,Ilirska Bistrica,0.656276514735678,1,Huff and ML agree
10096952,Čelje,Ilirska Bistrica,0.20447779432269667,Ilirska Bistrica,0.4394408453334293,1,Huff and ML agree
10096979,Dobropolje,Ilirska Bistrica,0.6538933958911141,Ilirska Bistrica,0.7756286591454524,1,Huff and ML agree
10096987,Dolenje pri Jelšanah,Ilirska Bistrica,0.22777086439162783,Ilirska Bistrica,0.5301021720948161,1,Huff and ML agree
10096995,Dolnja Bitnja,Ilirska Bistrica,0.24567506494800376,Ilirska Bistrica,0.43525981041962,1,Huff and ML agree
10097002,Dolnji Zemon,Ilirska Bistrica,0.7358162241454255,Ilirska Bistrica,0.8628594530600114,1,Huff and ML agree
10097029,Fabci,Ilirska Bistrica,0.08244893664504613,Ilirska Bistrica,0.281354228537129,1,Huff and ML agree
10097037,Gabrk,Ilirska Bistrica,0.08966927261025436,Ilirska Bistrica,0.2185754319703438,1,Huff and ML agree
10097045,Gornja Bitnja,Ilirska Bistrica,0.2646598863473388,Ilirska Bistrica,0.482359078206271,1,Huff and ML agree
10097053,Gornji Zemon,Ilirska Bistrica,0.5401700258537785,Ilirska Bistrica,0.7179807064660855,1,Huff and ML agree
10097061,Harije,Ilirska Bistrica,0.4683278944248422,Ilirska Bistrica,0.6515246490658898,1,Huff and ML agree
10097070,Hrušica,Ilirska Bistrica,0.08143576967029993,Ilirska Bistrica,0.2036763009400392,1,Huff and ML agree
10097088,Huje,Ilirska Bistrica,0.09263617186992318,Ilirska Bistrica,0.233593086653872,1,Huff and ML agree
10097096,Ilirska Bistrica,Ilirska Bistrica,0.9959525039328251,Ilirska Bistrica,1.0,1,Huff and ML agree
10097100,Jablanica,Ilirska Bistrica,0.47145561834283456,Ilirska Bistrica,0.6850142876704034,1,Huff and ML agree
10097118,Janeževo Brdo,Ilirska Bistrica,0.12692798298901095,Ilirska Bistrica,0.287937677176367,1,Huff and ML agree
10097126,Jasen,Ilirska Bistrica,0.8155897299896704,Ilirska Bistrica,0.9248589356550287,1,Huff and ML agree
10097134,Jelšane,Ilirska Bistrica,0.20336988732925815,Ilirska Bistrica,0.4856283720138527,1,Huff and ML agree
10097142,Kilovče,Ilirska Bistrica,0.17814365713517064,Ilirska Bistrica,0.3285306796036008,1,Huff and ML agree
10097169,Knežak,Ilirska Bistrica,0.17615500552251034,Ilirska Bistrica,0.2706445000825329,1,Huff and ML agree
10097177,Koritnice,Ilirska Bistrica,0.0987668092666713,Ilirska Bistrica,0.2237574207808788,1,Huff and ML agree
10097185,Koseze,Ilirska Bistrica,0.8308388737743212,Ilirska Bistrica,0.9388004805809544,1,Huff and ML agree
10097193,Kuteževo,Ilirska Bistrica,0.19956203892358448,Ilirska Bistrica,0.4774202220924005,1,Huff and ML agree
10097207,Mala Bukovica,Ilirska Bistrica,0.6278904384806054,Ilirska Bistrica,0.7702025728760219,1,Huff and ML agree
10097215,Male Loče,Ilirska Bistrica,0.07193365913032806,Ilirska Bistrica,0.1715559470552529,1,Huff and ML agree
10097223,Mereče,Ilirska Bistrica,0.4011128415955623,Ilirska Bistrica,0.5377194213215404,1,Huff and ML agree
10097231,Nova vas pri Jelšanah,Ilirska Bistrica,0.0915520830367496,Ilirska Bistrica,0.3054797133599584,1,Huff and ML agree
10097240,Novokračine,Ilirska Bistrica,0.10445472279702336,Ilirska Bistrica,0.3471253925401813,1,Huff and ML agree
10097258,Ostrožno Brdo,Ilirska Bistrica,0.08569891156398089,Ilirska Bistrica,0.1748039182708112,1,Huff and ML agree
10097266,Pavlica,Ilirska Bistrica,0.17850543752689185,Ilirska Bistrica,0.4373041626920353,1,Huff and ML agree
10097274,Podbeže,Ilirska Bistrica,0.11492199827908843,Ilirska Bistrica,0.3346560449943077,1,Huff and ML agree
10097282,Podgrad,Ilirska Bistrica,0.11062999266802134,Ilirska Bistrica,0.2838331483972982,1,Huff and ML agree
10097304,Podgraje,Ilirska Bistrica,0.1742420674539196,Ilirska Bistrica,0.4403116535762999,1,Huff and ML agree
10097312,Podstenje,Ilirska Bistrica,0.36160730481534936,Ilirska Bistrica,0.5109038370293212,1,Huff and ML agree
10097339,Podstenjšek,Ilirska Bistrica,0.32682175905753286,Ilirska Bistrica,0.5085652028234688,1,Huff and ML agree
10097347,Podtabor,Ilirska Bistrica,0.32055400759084873,Ilirska Bistrica,0.4975802098654144,1,Huff and ML agree
10097355,Pregarje,Ilirska Bistrica,0.11229767496874205,Ilirska Bistrica,0.2715645613700322,1,Huff and ML agree
10097363,Prelože,Ilirska Bistrica,0.1073478011886297,Ilirska Bistrica,0.2639952430801347,1,Huff and ML agree
10097371,Prem,Ilirska Bistrica,0.17780391360446596,Ilirska Bistrica,0.3419748200180063,1,Huff and ML agree
10097380,Račice,Ilirska Bistrica,0.09329064854302839,Ilirska Bistrica,0.277014198977901,1,Huff and ML agree
10097398,Ratečevo Brdo,Ilirska Bistrica,0.18682692048918426,Ilirska Bistrica,0.3714987830218014,1,Huff and ML agree
10097401,Rečica,Ilirska Bistrica,0.7684763473800064,Ilirska Bistrica,0.8752306140754343,1,Huff and ML agree
10097410,Rjavče,Ilirska Bistrica,0.08269963347308387,Ilirska Bistrica,0.191269191331949,1,Huff and ML agree
10097428,Sabonje,Ilirska Bistrica,0.13595302018627828,Ilirska Bistrica,0.3670012004864166,1,Huff and ML agree
10097436,Smrje,Ilirska Bistrica,0.2622083882697586,Ilirska Bistrica,0.5021647605067218,1,Huff and ML agree
10097444,Soze,Ilirska Bistrica,0.412677372883969,Ilirska Bistrica,0.6361290846890726,1,Huff and ML agree
10097452,Starod,Ilirska Bistrica,0.1128692100203354,Ilirska Bistrica,0.3232362505034677,1,Huff and ML agree
10097479,Studena Gora,Ilirska Bistrica,0.20336988732925815,Ilirska Bistrica,0.4688274068376207,1,Huff and ML agree
10097487,Sušak,Ilirska Bistrica,0.08958695287858884,Ilirska Bistrica,0.3054495279748408,1,Huff and ML agree
10097495,Šembije,Ilirska Bistrica,0.4017939178733193,Ilirska Bistrica,0.5170491025221025,1,Huff and ML agree
10097509,Tominje,Ilirska Bistrica,0.22821393817976163,Ilirska Bistrica,0.4963446239366658,1,Huff and ML agree
10097517,Topolc,Ilirska Bistrica,0.6809770481289084,Ilirska Bistrica,0.7982021999009734,1,Huff and ML agree
10097525,Trpčane,Ilirska Bistrica,0.23781772609367774,Ilirska Bistrica,0.5468781405103601,1,Huff and ML agree
10097533,Velika Bukovica,Ilirska Bistrica,0.6804181195525257,Ilirska Bistrica,0.817711824864863,1,Huff and ML agree
10097541,Veliko Brdo,Ilirska Bistrica,0.212656290592422,Ilirska Bistrica,0.510555986912381,1,Huff and ML agree
10097550,Vrbica,Ilirska Bistrica,0.626455988016991,Ilirska Bistrica,0.7693047874676742,1,Huff and ML agree
10097568,Vrbovo,Ilirska Bistrica,0.6882532368470616,Ilirska Bistrica,0.8377824914878758,1,Huff and ML agree
10097576,Zabiče,Ilirska Bistrica,0.16542209610581055,Ilirska Bistrica,0.4309380038433592,1,Huff and ML agree
10097584,Zajelšje,Ilirska Bistrica,0.18926017510797333,Ilirska Bistrica,0.4205024252894339,1,Huff and ML agree
10097592,Zarečica,Ilirska Bistrica,0.6792282516851131,Ilirska Bistrica,0.8069976541125333,1,Huff and ML agree
10097606,Zarečje,Ilirska Bistrica,0.6672459621856717,Ilirska Bistrica,0.7906014535142613,1,Huff and ML agree
10097614,Snežnik,Ilirska Bistrica,0.04002930228132047,Ilirska Bistrica,0.1543728244918091,1,Huff and ML agree
10097622,Baredi,Izola,0.4688905963735668,Izola,0.4153724355730246,1,Huff and ML agree
10097649,Dobrava,Izola,0.6260010012966002,Izola,0.5695079884487215,1,Huff and ML agree
10097657,Korte,Koper,0.25650466504006864,Koper,0.3430427081899649,1,Huff and ML agree
10097665,Izola,Izola,0.9964437035302035,Izola,1.0,1,Huff and ML agree
10097673,Jagodje,Izola,0.7406791394542945,Izola,0.7364581600029946,1,Huff and ML agree
10097681,Malija,Izola,0.4009507543211142,Piran,0.3086789497596396,0,Huff and ML disagree
10097690,Šared,Izola,0.5752146824794445,Izola,0.491199466505067,1,Huff and ML agree
10097703,Cetore,Izola,0.40075149929558995,Koper,0.3327084805335956,0,Huff and ML disagree
10097711,Belca,Kranjska Gora,0.13411532751407174,Kranjska Gora,0.2251015443061823,1,Huff and ML agree
10097720,Blejska Dobrava,Jesenice,0.4022860252250321,Jesenice,0.5210187775588474,1,Huff and ML agree
10097738,Breg,Žirovnica,0.43793199168944275,Žirovnica,0.3079224023972022,1,Huff and ML agree
10097746,Breznica,Žirovnica,0.46380897571360225,Žirovnica,0.3917815757909645,1,Huff and ML agree
10097754,Doslovče,Radovljica,0.4401613862840928,Radovljica,0.3014325077671734,1,Huff and ML agree
10097762,Dovje,Jesenice,0.15155685978173286,Jesenice,0.3436068750373334,1,Huff and ML agree
10097789,Gozd Martuljek,Kranjska Gora,0.663676697663163,Kranjska Gora,0.8124081573150344,1,Huff and ML agree
10097797,Hrušica,Jesenice,0.5757464192591972,Jesenice,0.7208947299452434,1,Huff and ML agree
10097819,Javorniški Rovt,Jesenice,0.23373017296575263,Jesenice,0.4183309706350871,1,Huff and ML agree
10097827,Jesenice,Jesenice,0.9993205119047127,Jesenice,1.0,1,Huff and ML agree
10097835,Kočna,Jesenice,0.2987211138460667,Jesenice,0.3733987574142199,1,Huff and ML agree
10097843,Kranjska Gora,Kranjska Gora,0.9994462419615422,Kranjska Gora,1.0,1,Huff and ML agree
10097851,Lipce,Jesenice,0.5818506889105698,Jesenice,0.5955086904251655,1,Huff and ML agree
10097860,Log,Kranjska Gora,0.865486327783657,Kranjska Gora,0.9468125361127704,1,Huff and ML agree
10097878,Mojstrana,Jesenice,0.1494942005935448,Jesenice,0.3099130098075122,1,Huff and ML agree
10097886,Moste,Žirovnica,0.7521775405352567,Žirovnica,0.69641810724237,1,Huff and ML agree
10097894,Planina pod Golico,Jesenice,0.3370918040074445,Jesenice,0.609198560629469,1,Huff and ML agree
10097908,Plavški Rovt,Jesenice,0.43395472349876846,Jesenice,0.6985292663506004,1,Huff and ML agree
10097916,Podkočna,Jesenice,0.691098435695457,Jesenice,0.7475548500618459,1,Huff and ML agree
10097924,Podkoren,Kranjska Gora,0.6610764495518169,Kranjska Gora,0.8415088148989196,1,Huff and ML agree
10097932,Potoki,Jesenice,0.31954795845305556,Jesenice,0.3112844834694703,1,Huff and ML agree
10097959,Rateče,Kranjska Gora,0.262065582861138,Kranjska Gora,0.5827548260131998,1,Huff and ML agree
10097967,Rodine,Radovljica,0.46929048105814736,Radovljica,0.4320481618907026,1,Huff and ML agree
10097975,Selo pri Žirovnici,Žirovnica,0.8040634424198244,Žirovnica,0.752888646068798,1,Huff and ML agree
10097983,Smokuč,Radovljica,0.3986402077397462,Radovljica,0.3488597503216572,1,Huff and ML agree
10097991,Srednji Vrh,Kranjska Gora,0.25588117387027587,Kranjska Gora,0.4841045553174427,1,Huff and ML agree
10098009,Vrba,Radovljica,0.4366889035433077,Radovljica,0.3269357078933956,1,Huff and ML agree
10098017,Zabreznica,Žirovnica,0.5999520871862433,Žirovnica,0.5133894450154183,1,Huff and ML agree
10098025,Zgornja Radovna,Jesenice,0.09643555498871746,Jesenice,0.2212440817156261,1,Huff and ML agree
10098033,Žirovnica,Žirovnica,0.9986559076433256,Žirovnica,1.0,1,Huff and ML agree
10098041,Prihodi,Jesenice,0.591451302305388,Jesenice,0.754308538339652,1,Huff and ML agree
10098050,Bela,Kamnik,0.1163922421988018,Ljubljana,0.1549489460284391,0,Huff and ML disagree
10098068,Bela Peč,Kamnik,0.2501537735508457,Ljubljana,0.2084360813671373,0,Huff and ML disagree
10098076,Bistričica,Kamnik,0.44269349939706,Kamnik,0.4275397713376587,1,Huff and ML agree
10098084,Breg pri Komendi,Komenda,0.4891192341532375,Komenda,0.4076246517415027,1,Huff and ML agree
10098092,Brezje nad Kamnikom,Kamnik,0.4859470783732816,Kamnik,0.4762572808098245,1,Huff and ML agree
10098106,Briše,Kamnik,0.5854700679209429,Kamnik,0.5805877069317542,1,Huff and ML agree
10098114,Buč,Kamnik,0.28445480014736707,Kamnik,0.2170284361961888,1,Huff and ML agree
10098122,Cirkuše v Tuhinju,Kamnik,0.1873604553342924,Ljubljana,0.2035793619375466,0,Huff and ML disagree
10098149,Češnjice v Tuhinju,Kamnik,0.16373072925437784,Ljubljana,0.1955827446115888,0,Huff and ML disagree
10098157,Črna pri Kamniku,Kamnik,0.4261021675696146,Kamnik,0.3650435721942026,1,Huff and ML agree
10098165,Črni Vrh v Tuhinju,Kamnik,0.15302093476817163,Ljubljana,0.1951786689146739,0,Huff and ML disagree
10098173,Skomarje,Slovenske Konjice,0.11726651368522671,Zreče,0.1158732147735124,0,Huff and ML disagree
10098181,Gabrovnica,Kamnik,0.1864458715421901,Ljubljana,0.2466837710993735,0,Huff and ML disagree
10098190,Gmajnica,Komenda,0.8343773510000488,Komenda,0.7494298697653368,1,Huff and ML agree
10098203,Godič,Kamnik,0.5271868122793903,Kamnik,0.5209942661289928,1,Huff and ML agree
10098211,Golice,Kamnik,0.18056591378869327,Ljubljana,0.2050277521689534,0,Huff and ML disagree
10098220,Gora pri Komendi,Komenda,0.5385779587465189,Komenda,0.4346868034329513,1,Huff and ML agree
10098238,Gozd,Kamnik,0.37039836877660287,Kamnik,0.3007459811568779,1,Huff and ML agree
10098246,Gradišče v Tuhinju,Kamnik,0.21433005193242402,Ljubljana,0.2215235049994288,0,Huff and ML disagree
10098254,Hrib pri Kamniku,Kamnik,0.5315594855022514,Kamnik,0.5438163316068252,1,Huff and ML agree
10098262,Hruševka,Kamnik,0.2653511074521916,Ljubljana,0.2159676931951035,0,Huff and ML disagree
10098289,Jeranovo,Kamnik,0.8503443676521657,Kamnik,0.8464543032520493,1,Huff and ML agree
10098297,Kališe,Kamnik,0.2829543641234337,Kamnik,0.2232136189372879,1,Huff and ML agree
10098319,Kamnik,Kamnik,0.9973262191810963,Kamnik,1.0,1,Huff and ML agree
10098327,Kamniška Bistrica,Kamnik,0.22543271622057082,Ljubljana,0.2378903476925077,0,Huff and ML disagree
10098335,Klanec,Komenda,0.6688169734962675,Komenda,0.6405758022477457,1,Huff and ML agree
10098343,Klemenčevo,Kamnik,0.3821253308423562,Kamnik,0.3066640713358746,1,Huff and ML agree
10098351,Komenda,Komenda,0.9988288556961787,Komenda,1.0,1,Huff and ML agree
10098360,Komendska Dobrava,Kamnik,0.4286030684567088,Kamnik,0.2114719869903519,1,Huff and ML agree
10098378,Kostanj,Kamnik,0.20742260663719253,Ljubljana,0.2195023833108548,0,Huff and ML disagree
10098386,Košiše,Kamnik,0.7102194621798975,Kamnik,0.6575744889184513,1,Huff and ML agree
10098394,Kregarjevo,Kamnik,0.4613174280644733,Kamnik,0.4446081589855959,1,Huff and ML agree
10098408,Krivčevo,Kamnik,0.27927351027118374,Kamnik,0.2210247255994603,1,Huff and ML agree
10098416,Križ,Kamnik,0.526310030165235,Kamnik,0.3007539333779221,1,Huff and ML agree
10098424,Kršič,Kamnik,0.6908795241612503,Kamnik,0.607175532751591,1,Huff and ML agree
10098432,Laniše,Kamnik,0.5271868122793903,Kamnik,0.4935203666112492,1,Huff and ML agree
10098459,Laseno,Kamnik,0.19534423434616013,Ljubljana,0.239887944459345,0,Huff and ML disagree
10098467,Laze v Tuhinju,Kamnik,0.2105734340206528,Ljubljana,0.2117737363361298,0,Huff and ML disagree
10098475,Liplje,Kamnik,0.16493387807905271,Ljubljana,0.2012904397416972,0,Huff and ML disagree
10098483,Loke v Tuhinju,Kamnik,0.4327271724676801,Kamnik,0.333006311009751,1,Huff and ML agree
10098491,Mali Hrib,Kamnik,0.18348790657226066,Ljubljana,0.2106259776943737,0,Huff and ML disagree
10098505,Mali Rakitovec,Kamnik,0.1843337743018383,Ljubljana,0.2393993542767399,0,Huff and ML disagree
10098513,Markovo,Kamnik,0.4565398346754405,Kamnik,0.4334125077529366,1,Huff and ML agree
10098521,Mekinje,Kamnik,0.884285581953915,Kamnik,0.908342086684157,1,Huff and ML agree
10098530,Mlaka,Komenda,0.5394048659296223,Komenda,0.4674940061710244,1,Huff and ML agree
10098548,Moste,Kamnik,0.4601158559636066,Komenda,0.2228304663194413,0,Huff and ML disagree
10098556,Motnik,Kamnik,0.09560655780096922,Ljubljana,0.1318469029093292,0,Huff and ML disagree
10098564,Nasovče,Kamnik,0.30738138067051035,Komenda,0.233404204897128,0,Huff and ML disagree
10098572,Nevlje,Kamnik,0.882940968030169,Kamnik,0.8967052831677905,1,Huff and ML agree
10098599,Okrog pri Motniku,Kamnik,0.13556103371455985,Ljubljana,0.1843205516122498,0,Huff and ML disagree
10098602,Okroglo,Kamnik,0.43643973569333505,Kamnik,0.3457506631920569,1,Huff and ML agree
10098629,Oševek,Kamnik,0.8200507748017191,Kamnik,0.8165804928796725,1,Huff and ML agree
10098637,Pirševo,Kamnik,0.29656932433615346,Kamnik,0.2339471447083025,1,Huff and ML agree
10098645,Podboršt pri Komendi,Komenda,0.6805997785043428,Komenda,0.6459892470590995,1,Huff and ML agree
10098653,Podbreg,Kamnik,0.22636491843411438,Ljubljana,0.2217453218678558,0,Huff and ML disagree
10098661,Podgorje,Kamnik,0.7966127023661964,Kamnik,0.7598135690186556,1,Huff and ML agree
10098670,Podhruška,Kamnik,0.4613174280644733,Kamnik,0.4323689455710196,1,Huff and ML agree
10098688,Podjelše,Kamnik,0.752346182382623,Kamnik,0.7319990242461509,1,Huff and ML agree
10098696,Podlom,Kamnik,0.26520735438439563,Kamnik,0.2284156062368848,1,Huff and ML agree
10098700,Podstudenec,Kamnik,0.2820425857886002,Kamnik,0.2281550847031503,1,Huff and ML agree
10098718,Poljana,Kamnik,0.28139494929204883,Kamnik,0.2230869383339034,1,Huff and ML agree
10098726,Poreber,Kamnik,0.5333220290806535,Kamnik,0.5250303613979934,1,Huff and ML agree
10098734,Potok,Kamnik,0.3811547160444235,Kamnik,0.2823289079883523,1,Huff and ML agree
10098742,Potok pri Komendi,Komenda,0.6622362082927874,Komenda,0.5965558122967459,1,Huff and ML agree
10098769,Potok v Črni,Kamnik,0.41073334135581135,Kamnik,0.3380095729984342,1,Huff and ML agree
10098777,Praproče v Tuhinju,Kamnik,0.2067821578300606,Ljubljana,0.2249489492846802,0,Huff and ML disagree
10098785,Pšajnovica,Kamnik,0.20184052290631332,Ljubljana,0.2401719831055163,0,Huff and ML disagree
10098793,Ravne pri Šmartnem,Kamnik,0.20756867522123748,Ljubljana,0.2247420119062735,0,Huff and ML disagree
10098807,Rožično,Kamnik,0.4383361525494361,Kamnik,0.3642579814735799,1,Huff and ML agree
10098815,Rudnik pri Radomljah,Kamnik,0.4520876581206958,Kamnik,0.2868067953063159,1,Huff and ML agree
10098823,Sela pri Kamniku,Kamnik,0.4364512032054141,Kamnik,0.331880913205892,1,Huff and ML agree
10098831,Sidol,Kamnik,0.2713497384848945,Ljubljana,0.2127459924792218,0,Huff and ML disagree
10098840,Smrečje v Črni,Kamnik,0.27791022850479435,Kamnik,0.243566004900283,1,Huff and ML agree
10098858,Snovik,Kamnik,0.28775608740857633,Kamnik,0.2332566701697882,1,Huff and ML agree
10098866,Sovinja Peč,Kamnik,0.2747040219232677,Kamnik,0.2376839156909606,1,Huff and ML agree
10098874,Spodnje Palovče,Kamnik,0.4267472848684695,Kamnik,0.2972884645140852,1,Huff and ML agree
10098882,Spodnje Stranje,Kamnik,0.7161636693936505,Kamnik,0.6996381836932926,1,Huff and ML agree
10098904,Srednja vas pri Kamniku,Kamnik,0.45140345154337064,Kamnik,0.3881005890078874,1,Huff and ML agree
10098912,Stahovica,Kamnik,0.4835884113194262,Kamnik,0.4714020617021944,1,Huff and ML agree
10098939,Stara sela,Kamnik,0.1953821678006582,Ljubljana,0.2150443830323369,0,Huff and ML disagree
10098947,Stebljevek,Kamnik,0.2325204823182995,Ljubljana,0.2137319195785896,0,Huff and ML disagree
10098955,Stolnik,Kamnik,0.6911382956449715,Kamnik,0.6066120299386352,1,Huff and ML agree
10098963,Studenca,Kamnik,0.43309147792505986,Kamnik,0.345876444043355,1,Huff and ML agree
10098971,Suhadole,Kamnik,0.4337064147529536,Ljubljana,0.211868245537318,0,Huff and ML disagree
10098980,Šmarca,Kamnik,0.6920439809278603,Kamnik,0.427889095460742,1,Huff and ML agree
10098998,Šmartno v Tuhinju,Kamnik,0.2806671966286467,Ljubljana,0.2120917859031487,0,Huff and ML disagree
10099005,Špitalič,Kamnik,0.12790352546204764,Ljubljana,0.1662305120300745,0,Huff and ML disagree
10099013,Trebelno pri Palovčah,Kamnik,0.4835884113194262,Kamnik,0.4487632219260394,1,Huff and ML agree
10099021,Trobelno,Kamnik,0.27188337867399276,Kamnik,0.2340422541701332,1,Huff and ML agree
10099030,Tučna,Kamnik,0.5671407292549515,Kamnik,0.5698338367510952,1,Huff and ML agree
10099048,Tunjice,Kamnik,0.7019488491894532,Kamnik,0.5923934547019806,1,Huff and ML agree
10099056,Tunjiška Mlaka,Kamnik,0.7644522479504811,Kamnik,0.7529749951978902,1,Huff and ML agree
10099064,Vaseno,Kamnik,0.3615420906362944,Kamnik,0.2484712687516675,1,Huff and ML agree
10099072,Velika Lašna,Kamnik,0.2944409361868569,Ljubljana,0.2213461146313396,0,Huff and ML disagree
10099099,Veliki Hrib,Kamnik,0.182683888286635,Ljubljana,0.2098274836183939,0,Huff and ML disagree
10099102,Veliki Rakitovec,Kamnik,0.174606717843389,Ljubljana,0.2401920557395463,0,Huff and ML disagree
10099129,Vir pri Nevljah,Kamnik,0.4835884113194262,Kamnik,0.4565359778837798,1,Huff and ML agree
10099137,Vodice nad Kamnikom,Kamnik,0.5271868122793903,Kamnik,0.5213474239866078,1,Huff and ML agree
10099145,Volčji Potok,Kamnik,0.5271868122793903,Kamnik,0.3256157845148165,1,Huff and ML agree
10099153,Vranja Peč,Kamnik,0.432480065023806,Kamnik,0.2865934771113188,1,Huff and ML agree
10099161,Vrhpolje pri Kamniku,Kamnik,0.8639716535028221,Kamnik,0.8581797150808022,1,Huff and ML agree
10099170,Zagorica nad Kamnikom,Kamnik,0.5881857544077459,Kamnik,0.5846811387067633,1,Huff and ML agree
10099188,Zajasovnik - del,Vransko,0.08363321153942038,Ljubljana,0.1414759310658692,0,Huff and ML disagree
10099196,Zakal,Kamnik,0.4248169597378804,Kamnik,0.3611625086005535,1,Huff and ML agree
10099200,Zavrh pri Črnivcu,Kamnik,0.26847223045149715,Kamnik,0.2181623310768465,1,Huff and ML agree
10099218,Zduša,Kamnik,0.7966127023661964,Kamnik,0.801998784661446,1,Huff and ML agree
10099226,Zgornje Palovče,Kamnik,0.5247976227614884,Kamnik,0.4715800860313122,1,Huff and ML agree
10099234,Zgornje Stranje,Kamnik,0.6968783367738162,Kamnik,0.6313378680942884,1,Huff and ML agree
10099242,Zgornji Motnik,Vransko,0.11867789223442424,Vransko,0.1348360063420077,1,Huff and ML agree
10099269,Zgornji Tuhinj,Kamnik,0.19519677347816103,Ljubljana,0.2104033322800743,0,Huff and ML disagree
10099277,Znojile,Kamnik,0.3798850586875753,Kamnik,0.3030421681875198,1,Huff and ML agree
10099285,Žaga,Kamnik,0.17572877238451506,Ljubljana,0.2236862235940855,0,Huff and ML disagree
10099293,Žeje pri Komendi,Kamnik,0.43419559939964836,Ljubljana,0.1831595070635712,0,Huff and ML disagree
10099307,Žubejevo,Kamnik,0.30738138067051035,Kamnik,0.2662572115696013,1,Huff and ML agree
10099315,Županje Njive,Kamnik,0.4965571072326803,Kamnik,0.486279238568174,1,Huff and ML agree
10099323,Soteska,Kamnik,0.7033705917646877,Kamnik,0.6508274412634973,1,Huff and ML agree
10099331,Velika Planina,Kamnik,0.12339411944149242,Ljubljana,0.226477164908696,0,Huff and ML disagree
10099340,Ajbelj,Kočevje,0.06584194789181663,Kočevje,0.2177832579664012,1,Huff and ML agree
10099358,Banja loka,Kostel,0.08369997641688233,Kočevje,0.1702478668765275,0,Huff and ML disagree
10099366,Belica,Osilnica,0.0706206208279102,Ljubljana,0.1806370783455746,0,Huff and ML disagree
10099374,Bezgarji,Osilnica,0.09281358427695417,Ljubljana,0.1774521931764786,0,Huff and ML disagree
10099382,Bezgovica,Osilnica,0.33115621167924464,Ljubljana,0.1657869409812254,0,Huff and ML disagree
10099404,Borovec pri Kočevski Reki,Kočevje,0.04488224657118165,Ljubljana,0.1715494283976962,0,Huff and ML disagree
10099412,Bosljiva Loka,Osilnica,0.05585519814056981,Ljubljana,0.1693788845750488,0,Huff and ML disagree
10099439,Breg pri Kočevju,Kočevje,0.7176510078470095,Kočevje,0.808131116492436,1,Huff and ML agree
10099447,Brezovica pri Predgradu,Kočevje,0.04686182137567008,Črnomelj,0.1383522660022176,0,Huff and ML disagree
10099455,Briga,Kočevje,0.05740917237005458,Kočevje,0.2017202383160135,1,Huff and ML agree
10099463,Brsnik,Kostel,0.22368752697160946,Ljubljana,0.1450703576796327,0,Huff and ML disagree
10099471,Bukova Gora,Kočevje,0.04524402155306025,Črnomelj,0.1332146003467061,0,Huff and ML disagree
10099480,Colnarji,Kostel,0.1785420939242549,Ljubljana,0.1443538119861917,0,Huff and ML disagree
10099498,Cvišlerji,Kočevje,0.7334297495011564,Kočevje,0.8496860064958339,1,Huff and ML agree
10099501,Čeplje,Kočevje,0.04669269541591874,Črnomelj,0.1323536689796415,0,Huff and ML disagree
10099510,Četež pri Strugah,Dobrepolje,0.06715084339966211,Ljubljana,0.2338871446895045,0,Huff and ML disagree
10099528,Črni Potok pri Dragi,Osilnica,0.01830580969767779,Ljubljana,0.1912980264262586,0,Huff and ML disagree
10099536,Črni Potok pri Kočevju,Kočevje,0.34465197657608276,Kočevje,0.4920017859824748,1,Huff and ML agree
10099544,Delač,Kostel,0.15953067427806908,Ljubljana,0.1459052586883278,0,Huff and ML disagree
10099552,Dol,Črnomelj,0.0400847089912901,Črnomelj,0.1564814036212985,1,Huff and ML agree
10099579,Dolenja Žaga,Kostel,0.10441668690895806,Kočevje,0.1538610971286665,0,Huff and ML disagree
10099587,Dolenji Potok,Kostel,0.06263629239743879,Kočevje,0.1741733750433454,0,Huff and ML disagree
10099595,Dolga vas,Kočevje,0.7188872840891463,Kočevje,0.8371020975766678,1,Huff and ML agree
10099609,Dolnja Briga,Kočevje,0.046898123897992645,Ljubljana,0.1663994770754585,0,Huff and ML disagree
10099617,Dolnje Ložine,Kočevje,0.3580880339926511,Kočevje,0.395984339296864,1,Huff and ML agree
10099625,Draga,Loški Potok,0.05539063304749704,Ljubljana,0.1867716287072504,0,Huff and ML disagree
10099633,Dren,Kostel,0.23141702570360803,Ljubljana,0.1437405534869962,0,Huff and ML disagree
10099641,Drežnik,Kočevje,0.05402979865071091,Kočevje,0.169397704004569,1,Huff and ML agree
10099650,Fara,Kostel,0.9978366941447677,Kostel,1.0,1,Huff and ML agree
10099668,Gladloka,Kostel,0.10071405785132795,Ljubljana,0.1533764867112597,0,Huff and ML disagree
10099676,Glažuta,Loški Potok,0.04245063744848082,Ljubljana,0.1724130754377241,0,Huff and ML disagree
10099684,Gorenja Žaga,Kostel,0.10103877927652655,Kočevje,0.1530851215992626,0,Huff and ML disagree
10099692,Gorenje,Kočevje,0.5797306388570486,Kočevje,0.7029694489522079,1,Huff and ML agree
10099706,Gorenji Potok,Kočevje,0.0523003834716204,Kočevje,0.1671050928594668,1,Huff and ML agree
10099714,Gornja Briga,Kočevje,0.04223403432071518,Ljubljana,0.1724730432907966,0,Huff and ML disagree
10099722,Gornje Ložine,Kočevje,0.3297519994765481,Kočevje,0.3375428007374849,1,Huff and ML agree
10099749,Gotenc,Kostel,0.2420915528606566,Ljubljana,0.1439227003649844,0,Huff and ML disagree
10099757,Grgelj,Kočevje,0.05835845579221084,Kočevje,0.1881758969289658,1,Huff and ML agree
10099765,Grintovec pri Osilnici,Osilnica,0.09888965532231504,Ljubljana,0.1675116021416041,0,Huff and ML disagree
10099773,Grivac,Kostel,0.3699827672736491,Ljubljana,0.1398271727046659,0,Huff and ML disagree
10099781,Hreljin,Črnomelj,0.034102113100621986,Ljubljana,0.1349900873374226,0,Huff and ML disagree
10099790,Hrib pri Fari,Kostel,0.7723916827242797,Kostel,0.7503732798635923,1,Huff and ML agree
10099803,Hrib pri Koprivniku,Črnomelj,0.06481043599657574,Črnomelj,0.1412293132742246,1,Huff and ML agree
10099811,Jakšiči,Kostel,0.4182315488407412,Kostel,0.3702874499428206,1,Huff and ML agree
10099820,Jelenja vas,Črnomelj,0.04630472773130715,Črnomelj,0.1593229390966255,1,Huff and ML agree
10099838,Jesenov Vrt,Kočevje,0.05402979865071091,Kočevje,0.169397704004569,1,Huff and ML agree
10099846,Kačji Potok,Kočevje,0.1226005884560698,Kočevje,0.2774897099685775,1,Huff and ML agree
10099854,Kaptol,Kočevje,0.06781808161834713,Kočevje,0.2309196534759329,1,Huff and ML agree
10099862,Kleč,Kočevje,0.3253694301931813,Kočevje,0.373333974931622,1,Huff and ML agree
10099889,Klinja vas,Kočevje,0.574105090211176,Kočevje,0.688463458774272,1,Huff and ML agree
10099897,Knežja Lipa,Kočevje,0.05835845579221084,Kočevje,0.1682713721336242,1,Huff and ML agree
10099919,Koblarji,Kočevje,0.5151348633511279,Kočevje,0.5950855492045022,1,Huff and ML agree
10099927,Kočarji,Kočevje,0.18714699916940114,Kočevje,0.3366636389989984,1,Huff and ML agree
10099935,Koče,Kočevje,0.05402979865071091,Ljubljana,0.1842424919677808,0,Huff and ML disagree
10099943,Kočevje,Kočevje,0.9998820731495366,Kočevje,1.0,1,Huff and ML agree
10099951,Kočevska Reka,Kočevje,0.060203062501235104,Kočevje,0.1770432610466476,1,Huff and ML agree
10099960,Kolenča vas,Ljubljana,0.04689984209352313,Ljubljana,0.2282169909812875,1,Huff and ML agree
10099978,Komolec,Novo mesto,0.10698072951784132,Novo mesto,0.1260302465322572,1,Huff and ML agree
10099986,Konca vas,Kočevje,0.5329666672544853,Kočevje,0.6583341888365138,1,Huff and ML agree
10099994,Koprivnik,Kočevje,0.06454681387597216,Kočevje,0.1673282332274088,1,Huff and ML agree
10100003,Kostel,Kostel,0.08905065898414845,Ljubljana,0.1487363102211144,0,Huff and ML disagree
10100011,Kralji,Kočevje,0.04558710858790532,Kočevje,0.1323183132433448,1,Huff and ML agree
10100020,Križmani,Osilnica,0.3444746168802865,Ljubljana,0.1618504187898963,0,Huff and ML disagree
10100038,Krkovo nad Faro,Kostel,0.42779286323940224,Ljubljana,0.1343152698773988,0,Huff and ML disagree
10100046,Kuhlarji,Kočevje,0.0507455130532366,Kočevje,0.1682617267321828,1,Huff and ML agree
10100054,Kuželič,Kostel,0.3737152087599548,Kostel,0.1927209584030188,1,Huff and ML agree
10100062,Kuželj,Kostel,0.07198134672724199,Ljubljana,0.1506381995049496,0,Huff and ML disagree
10100089,Laze pri Kostelu,Kostel,0.06677363403597311,Ljubljana,0.1493041615541744,0,Huff and ML disagree
10100097,Laze pri Oneku,Kočevje,0.15374348419698913,Kočevje,0.2647921944086505,1,Huff and ML agree
10100119,Laze pri Predgradu,Kočevje,0.034599496411615506,Ljubljana,0.1370697116974589,0,Huff and ML disagree
10100127,Lazec,Loški Potok,0.1424363981980451,Ljubljana,0.174416630254322,0,Huff and ML disagree
10100135,Lipa,Ljubljana,0.04994090260689831,Ljubljana,0.223392923260666,1,Huff and ML agree
10100143,Lipovec pri Kostelu,Kostel,0.11049116287383327,Ljubljana,0.1483700109487691,0,Huff and ML disagree
10100151,Livold,Kočevje,0.5171917488758528,Kočevje,0.6754358133592828,1,Huff and ML agree
10100160,Ložec,Osilnica,0.34811011446794515,Ljubljana,0.1621043864952853,0,Huff and ML disagree
10100178,Mačkovec,Kočevje,0.2674874298927045,Kočevje,0.3876414219344516,1,Huff and ML agree
10100186,Mahovnik,Kočevje,0.8426001008120041,Kočevje,0.9469830630869,1,Huff and ML agree
10100194,Mala Gora,Kočevje,0.4627534544161399,Kočevje,0.5253558609325142,1,Huff and ML agree
10100208,Malinišče,Osilnica,0.33947809757235103,Ljubljana,0.1491692701119833,0,Huff and ML disagree
10100216,Mavrc,Kostel,0.1693993050218198,Ljubljana,0.1461305960391292,0,Huff and ML disagree
10100224,Mirtoviči,Osilnica,0.03953541004100396,Ljubljana,0.1696399452085754,0,Huff and ML disagree
10100232,Mlaka pri Kočevju,Kočevje,0.7083467408747574,Kočevje,0.7966639287351112,1,Huff and ML agree
10100259,Mlaka pri Kočevski Reki,Kočevje,0.04493235441808124,Ljubljana,0.1875959207021664,0,Huff and ML disagree
10100267,Mokri Potok,Kočevje,0.06343823085570781,Kočevje,0.20230300068062,1,Huff and ML agree
10100275,Morava,Kočevje,0.1193372239270884,Kočevje,0.275829745357161,1,Huff and ML agree
10100283,Mozelj,Kočevje,0.2622143014781819,Kočevje,0.3982094219257035,1,Huff and ML agree
10100291,Mrtvice,Kočevje,0.5714081074075223,Kočevje,0.7351444073081697,1,Huff and ML agree
10100305,Muha vas,Kočevje,0.07689865789467673,Kočevje,0.2380433218887013,1,Huff and ML agree
10100313,Nemška Loka,Kočevje,0.046306068707938255,Črnomelj,0.1412725643438435,0,Huff and ML disagree
10100321,Nova sela,Kostel,0.15333260164743917,Kočevje,0.1531576672777982,0,Huff and ML disagree
10100330,Nove Ložine,Kočevje,0.4281199545908396,Kočevje,0.4598370640212856,1,Huff and ML agree
10100348,Novi Kot,Loški Potok,0.030283420723208675,Ljubljana,0.1959037291715148,0,Huff and ML disagree
10100356,Novi Lazi,Kočevje,0.15344214391893493,Kočevje,0.2878791870746233,1,Huff and ML agree
10100364,Ograja,Kočevje,0.06475544857149304,Kočevje,0.2140621216352209,1,Huff and ML agree
10100372,Onek,Kočevje,0.3271543490554466,Kočevje,0.4364122927507019,1,Huff and ML agree
10100399,Osilnica,Osilnica,0.9977134118013039,Osilnica,1.0,1,Huff and ML agree
10100402,Oskrt,Kostel,0.35246730463359927,Ljubljana,0.1412838885494685,0,Huff and ML disagree
10100429,Padovo pri Fari,Kostel,0.3699827672736491,Ljubljana,0.1411764892152391,0,Huff and ML disagree
10100437,Padovo pri Osilnici,Osilnica,0.36225667875350553,Ljubljana,0.1588105322195027,0,Huff and ML disagree
10100445,Paka,Ljubljana,0.0526751362654834,Ljubljana,0.2228393016465497,1,Huff and ML agree
10100453,Paka pri Predgradu,Črnomelj,0.04629399491779403,Črnomelj,0.1674897648778641,1,Huff and ML agree
10100461,Papeži,Osilnica,0.09281358427695417,Ljubljana,0.1794243851392871,0,Huff and ML disagree
10100470,Petrina,Kostel,0.37795607186755115,Kostel,0.1759350448424756,1,Huff and ML agree
10100488,Pirče,Kostel,0.37766377237263826,Kostel,0.2338744059413446,1,Huff and ML agree
10100496,Planina,Kostel,0.3657947564996961,Kostel,0.2017951789959071,1,Huff and ML agree
10100500,Poden,Kostel,0.2288606420658966,Ljubljana,0.1445944890637465,0,Huff and ML disagree
10100518,Podlesje,Kočevje,0.06688859713386192,Kočevje,0.2166365001811081,1,Huff and ML agree
10100526,Podplanina,Ljubljana,0.023422792752655477,Ljubljana,0.1941125486186558,1,Huff and ML agree
10100534,Podpreska,Loški Potok,0.10024650663228636,Ljubljana,0.1797996014033235,0,Huff and ML disagree
10100542,Podstene,Kočevje,0.05881675326497164,Kočevje,0.1604011021047663,1,Huff and ML agree
10100569,Podstene pri Kostelu,Kočevje,0.05882232620097184,Kočevje,0.19163184718844,1,Huff and ML agree
10100577,Trnovec,Kočevje,0.05867428289102859,Kočevje,0.1295177830503365,1,Huff and ML agree
10100585,Podtabor,Ljubljana,0.05215693854075274,Ljubljana,0.2243630099713689,1,Huff and ML agree
10100593,Podvrh,Osilnica,0.3580028350131266,Ljubljana,0.1570498360673581,0,Huff and ML disagree
10100607,Polom,Kočevje,0.11520757493730939,Kočevje,0.1762119000156308,1,Huff and ML agree
10100615,Potiskavec,Ljubljana,0.0537635720634711,Ljubljana,0.2305677676054373,1,Huff and ML agree
10100623,Potok,Kostel,0.71772627487435,Kostel,0.652995613991462,1,Huff and ML agree
10100631,Predgrad,Črnomelj,0.05600282568803722,Črnomelj,0.1789491778650316,1,Huff and ML agree
10100640,Preža,Kočevje,0.07791425610889137,Kočevje,0.2431996254092021,1,Huff and ML agree
10100658,Pri Cerkvi-Struge,Ljubljana,0.0526751362654834,Ljubljana,0.2206849072570433,1,Huff and ML agree
10100666,Primoži,Kočevje,0.04732213119743485,Ljubljana,0.1867368019849534,0,Huff and ML disagree
10100674,Puc,Kočevje,0.05830718437952024,Kočevje,0.1941591422214263,1,Huff and ML agree
10100682,Pugled pri Starem Logu,Kočevje,0.05177145844771314,Ljubljana,0.1404384447696812,0,Huff and ML disagree
10100704,Pungert,Ljubljana,0.022867438913698735,Ljubljana,0.1952230250055476,1,Huff and ML agree
10100712,Rajhenav,Kočevje,0.05789711133074608,Kočevje,0.1530711133556536,1,Huff and ML agree
10100739,Rajndol,Kočevje,0.15899815087292948,Kočevje,0.3054105642986108,1,Huff and ML agree
10100747,Rajšele,Kostel,0.07432344705587081,Ljubljana,0.1512636170791175,0,Huff and ML disagree
10100755,Rake,Kočevje,0.02258289313925804,Ljubljana,0.1597585912709854,0,Huff and ML disagree
10100763,Rapljevo,Kočevje,0.06075676049132807,Ljubljana,0.2091259698596934,0,Huff and ML disagree
10100771,Ribjek,Osilnica,0.36225667875350553,Ljubljana,0.1579768694433342,0,Huff and ML disagree
10100780,Rogati Hrib,Kočevje,0.23027239832289412,Kočevje,0.3740463331554554,1,Huff and ML agree
10100798,Sadni Hrib,Kočevje,0.06343823085570781,Kočevje,0.20230300068062,1,Huff and ML agree
10100801,Sapnik,Kostel,0.3642928126702205,Ljubljana,0.1419469449134731,0,Huff and ML disagree
10100810,Seč,Kočevje,0.0670953642058753,Ljubljana,0.1799616966824273,0,Huff and ML disagree
10100828,Sela,Osilnica,0.8167871191453638,Osilnica,0.7542651423690436,1,Huff and ML agree
10100836,Selo pri Kostelu,Kostel,0.0965998115755033,Ljubljana,0.1495477288999594,0,Huff and ML disagree
10100844,Slavski Laz,Kostel,0.41020667883608,Kostel,0.2482179675058247,1,Huff and ML agree
10100852,Slovenska vas,Kočevje,0.5503167863649702,Kočevje,0.6733516169437243,1,Huff and ML agree
10100879,Smuka,Novo mesto,0.07529877464216059,Ljubljana,0.1400725401365928,0,Huff and ML disagree
10100887,Spodnja Bilpa,Kočevje,0.029131786263341283,Ljubljana,0.1447345434586183,0,Huff and ML disagree
10100895,Spodnji Čačič,Osilnica,0.30147526068289443,Ljubljana,0.1648228384579927,0,Huff and ML disagree
10100909,Spodnji Log,Kočevje,0.045076244304200326,Kočevje,0.1432348572701516,1,Huff and ML agree
10100917,Srednja vas pri Dragi,Loški Potok,0.0333736326003361,Ljubljana,0.1913775270228318,0,Huff and ML disagree
10100925,Srednji Potok,Kočevje,0.055608662084175496,Kočevje,0.1847483831855805,1,Huff and ML agree
10100933,Srobotnik ob Kolpi,Osilnica,0.013837503126725315,Ljubljana,0.1643511982383617,0,Huff and ML disagree
10100941,Stara Cerkev,Kočevje,0.5734326210946906,Kočevje,0.681530056900833,1,Huff and ML agree
10100950,Stari Breg,Kočevje,0.2289858097142585,Kočevje,0.3300636744978089,1,Huff and ML agree
10100968,Stari Kot,Loški Potok,0.043857947381897765,Ljubljana,0.1927097094931265,0,Huff and ML disagree
10100976,Stari Log,Kočevje,0.1457397221190498,Kočevje,0.1945729660064143,1,Huff and ML agree
10100984,Staro Brezje,Kočevje,0.11721441586321973,Kočevje,0.2355769732976632,1,Huff and ML agree
10100992,Stelnik,Kostel,0.10226705280961643,Ljubljana,0.1481123609989797,0,Huff and ML disagree
10101000,Strojiči,Osilnica,0.3844742187145331,Ljubljana,0.1617654680660487,0,Huff and ML disagree
10101018,Stružnica,Kočevje,0.034769025527477855,Ljubljana,0.1569269347955298,0,Huff and ML disagree
10101026,Suhi Potok,Kočevje,0.17898896988476065,Kočevje,0.3266968074988134,1,Huff and ML agree
10101034,Suhor,Kočevje,0.06476467314038578,Kočevje,0.2125282035913601,1,Huff and ML agree
10101042,Svetli Potok,Kočevje,0.058250201163631485,Kočevje,0.1801382104451343,1,Huff and ML agree
10101069,Šalka vas,Kočevje,0.7334297495011564,Kočevje,0.8479005024700672,1,Huff and ML agree
10101077,Škrilj,Kočevje,0.05789711133074608,Kočevje,0.2000706809567668,1,Huff and ML agree
10101085,Štajer,Kostel,0.3749684787517459,Kostel,0.2466760092865096,1,Huff and ML agree
10101093,Štalcerji,Kočevje,0.22815841563867834,Kočevje,0.3671177596453399,1,Huff and ML agree
10101107,Tisovec,Ljubljana,0.05336073816891404,Ljubljana,0.2347071949224589,1,Huff and ML agree
10101115,Tišenpolj,Kostel,0.42733820868798067,Kostel,0.1376497153200151,1,Huff and ML agree
10101123,Topla Reber,Novo mesto,0.06255395090290493,Ljubljana,0.1374042523617439,0,Huff and ML disagree
10101131,Trava,Ljubljana,0.02205418521693463,Ljubljana,0.1935991294244347,1,Huff and ML agree
10101140,Tržič,Ljubljana,0.04913795058218184,Ljubljana,0.2262642582762798,1,Huff and ML agree
10101158,Vas,Kostel,0.6615834718460488,Kostel,0.6006417421773862,1,Huff and ML agree
10101166,Vimolj,Kostel,0.07198134672724199,Kočevje,0.1626589600025151,0,Huff and ML disagree
10101174,Vimolj pri Predgradu,Kočevje,0.04691522677530506,Ljubljana,0.1260821273369942,0,Huff and ML disagree
10101182,Vrbovec,Kočevje,0.17013427288714492,Kočevje,0.2284170255486353,1,Huff and ML agree
10101204,Vrh pri Fari,Kostel,0.3726698259783426,Ljubljana,0.1385554938680266,0,Huff and ML disagree
10101212,Vrt,Črnomelj,0.02590838663075307,Ljubljana,0.139476021965164,0,Huff and ML disagree
10101239,Zajčje Polje,Kočevje,0.41957928789003496,Kočevje,0.556509289099732,1,Huff and ML agree
10101247,Zapuže pri Kostelu,Kostel,0.07809955636938523,Ljubljana,0.1509950745791346,0,Huff and ML disagree
10101255,Zdihovo,Kočevje,0.06139957890915817,Kočevje,0.1857197021600968,1,Huff and ML agree
10101263,Zgornji Čačič,Osilnica,0.30147526068289443,Ljubljana,0.1649015762433018,0,Huff and ML disagree
10101271,Željne,Kočevje,0.5862067670866193,Kočevje,0.7313296509731354,1,Huff and ML agree
10101280,Žurge,Osilnica,0.038829584245171724,Ljubljana,0.1827881631242405,0,Huff and ML disagree
10101298,Gotenica,Kočevje,0.04782360380053031,Ljubljana,0.1882530240187266,0,Huff and ML disagree
10101301,Abitanti,Koper,0.05526581425306338,Koper,0.3319494778836123,1,Huff and ML agree
10101310,Ankaran,Ankaran,0.9931978920059863,Ankaran,1.0,1,Huff and ML agree
10101328,Babiči,Koper,0.4821387637403569,Koper,0.714044591232204,1,Huff and ML agree
10101336,Barizoni,Koper,0.4179388373683189,Ankaran,0.4887821632986779,0,Huff and ML disagree
10101344,Belvedur,Koper,0.06958572233901748,Koper,0.3495133258634356,1,Huff and ML agree
10101352,Bertoki,Koper,0.6240897699538435,Koper,0.8599025705949584,1,Huff and ML agree
10101379,Bezovica,Koper,0.15857919198030104,Koper,0.4103911135296257,1,Huff and ML agree
10101387,Bočaji,Koper,0.22492064439466522,Koper,0.5709216229835286,1,Huff and ML agree
10101395,Bonini,Koper,0.5611975480351249,Koper,0.7439767914159523,1,Huff and ML agree
10101409,Boršt,Koper,0.25650466504006864,Koper,0.5948550313366596,1,Huff and ML agree
10101417,Bošamarin,Koper,0.6630533727340305,Koper,0.903981031012677,1,Huff and ML agree
10101425,Brezovica pri Gradinu,Koper,0.07865435886264578,Koper,0.3696895601050808,1,Huff and ML agree
10101433,Brežec pri Podgorju,Koper,0.12981387332345515,Koper,0.3603394106497443,1,Huff and ML agree
10101441,Brič,Koper,0.29311479125819645,Koper,0.5892754042543507,1,Huff and ML agree
10101450,Butari,Koper,0.13642610065981672,Koper,0.4293109714560721,1,Huff and ML agree
10101468,Cepki,Koper,0.34684668541499714,Koper,0.5416364878443193,1,Huff and ML agree
10101476,Cerej,Koper,0.44152002752622577,Koper,0.4889303680677803,1,Huff and ML agree
10101484,Čentur,Koper,0.48845996508601336,Koper,0.7354192091156088,1,Huff and ML agree
10101492,Čežarji,Koper,0.5081977613150108,Koper,0.72901120796227,1,Huff and ML agree
10101506,Črni Kal,Koper,0.1949720714503275,Koper,0.4360873628510069,1,Huff and ML agree
10101514,Črnotiče,Koper,0.1341161400320355,Koper,0.3084016623464383,1,Huff and ML agree
10101522,Dekani,Koper,0.4665105639737677,Koper,0.6444640258853058,1,Huff and ML agree
10101549,Dilici,Koper,0.34626726589239043,Koper,0.6242191074384593,1,Huff and ML agree
10101557,Dol pri Hrastovljah,Koper,0.11886314641349496,Koper,0.3787230073095801,1,Huff and ML agree
10101565,Dvori,Koper,0.07190387249265873,Koper,0.350985768852185,1,Huff and ML agree
10101573,Fijeroga,Koper,0.36859664986085605,Koper,0.6455074877491592,1,Huff and ML agree
10101581,Gabrovica pri Črnem Kalu,Koper,0.2181106883586444,Koper,0.4536911816514998,1,Huff and ML agree
10101590,Gažon,Koper,0.5366000292215506,Koper,0.5553836565613287,1,Huff and ML agree
10101603,Glem,Koper,0.2333484742669803,Koper,0.5833547612843988,1,Huff and ML agree
10101611,Gračišče,Koper,0.15796455017274805,Koper,0.4641014858166662,1,Huff and ML agree
10101620,Gradin,Koper,0.07866281501453036,Koper,0.366344895267489,1,Huff and ML agree
10101638,Grinjan,Koper,0.5806526423728595,Koper,0.857262111780433,1,Huff and ML agree
10101646,Grintovec,Koper,0.47239789755296696,Koper,0.6151707585253479,1,Huff and ML agree
10101654,Hrastovlje,Koper,0.15012579543268842,Koper,0.4019046321511105,1,Huff and ML agree
10101662,Hrvatini,Koper,0.49130966926889336,Koper,0.5317999124251125,1,Huff and ML agree
10101689,Elerji,Koper,0.4829019517722788,Koper,0.6153525612414238,1,Huff and ML agree
10101697,Kampel,Koper,0.6228338704248941,Koper,0.8803706762118846,1,Huff and ML agree
10101719,Karli,Koper,0.06452694601545649,Koper,0.3490927333014454,1,Huff and ML agree
10101727,Kastelec,Koper,0.16437700904420954,Koper,0.3629161507365877,1,Huff and ML agree
10101735,Kolomban,Koper,0.4272055339296259,Ankaran,0.4596040514453804,0,Huff and ML disagree
10101743,Koper,Koper,0.9959904160647021,Koper,1.0,1,Huff and ML agree
10101751,Koromači-Boškini,Koper,0.07643392749309161,Koper,0.3612127258975054,1,Huff and ML agree
10101760,Kortine,Koper,0.23001310777594966,Koper,0.4770872607111269,1,Huff and ML agree
10101778,Koštabona,Koper,0.35309350551963015,Koper,0.6184262009042488,1,Huff and ML agree
10101786,Kozloviči,Koper,0.21941152781484505,Koper,0.5608092064302694,1,Huff and ML agree
10101794,Krkavče,Koper,0.24993162174778427,Koper,0.5658083060573591,1,Huff and ML agree
10101808,Krnica,Koper,0.28140550263602654,Koper,0.5064889843275907,1,Huff and ML agree
10101816,Kubed,Koper,0.1955008689354168,Koper,0.5007443681208495,1,Huff and ML agree
10101824,Labor,Koper,0.19586851788616,Koper,0.5431043394351373,1,Huff and ML agree
10101832,Loka,Koper,0.1616986994140307,Koper,0.4312274838386902,1,Huff and ML agree
10101859,Lopar,Koper,0.24001345189421916,Koper,0.56684090527873,1,Huff and ML agree
10101867,Lukini,Koper,0.1239076764980218,Koper,0.4114773207058383,1,Huff and ML agree
10101875,Manžan,Koper,0.5886072422908157,Koper,0.7993357410017233,1,Huff and ML agree
10101883,Marezige,Koper,0.4461420869139027,Koper,0.700257236283911,1,Huff and ML agree
10101891,Maršiči,Koper,0.07232031390109009,Koper,0.3542225996737379,1,Huff and ML agree
10101905,Močunigi,Koper,0.06829142962560636,Koper,0.350479885657915,1,Huff and ML agree
10101913,Montinjan,Koper,0.5096481224447764,Koper,0.7414155209214163,1,Huff and ML agree
10101921,Movraž,Koper,0.095405717423152,Koper,0.3880841452837094,1,Huff and ML agree
10101930,Olika,Koper,0.08157815621134842,Koper,0.3723064375548335,1,Huff and ML agree
10101948,Osp,Koper,0.14796048537146297,Koper,0.4269793695117825,1,Huff and ML agree
10101956,Peraji,Koper,0.07190387249265873,Koper,0.3538226830815568,1,Huff and ML agree
10101964,Pisari,Koper,0.08129231540912701,Koper,0.3650655707098933,1,Huff and ML agree
10101972,Plavje,Koper,0.4829019517722788,Koper,0.640767903945585,1,Huff and ML agree
10101999,Pobegi,Koper,0.5923525425401399,Koper,0.7693228104502797,1,Huff and ML agree
10102006,Podpeč,Koper,0.15053964012175308,Koper,0.3640675968585942,1,Huff and ML agree
10102014,Poletiči,Koper,0.15797834916831016,Koper,0.4748271080969416,1,Huff and ML agree
10102022,Pomjan,Koper,0.4663605785480203,Koper,0.6808268152829912,1,Huff and ML agree
10102049,Popetre,Koper,0.1650198812388942,Koper,0.4787941448787086,1,Huff and ML agree
10102057,Praproče,Koper,0.07865435886264578,Koper,0.276830958850312,1,Huff and ML agree
10102065,Pregara,Koper,0.06602979785345156,Koper,0.348645300488973,1,Huff and ML agree
10102073,Premančan,Koper,0.4663605785480203,Koper,0.5735423108440766,1,Huff and ML agree
10102081,Sv. Anton,Koper,0.37214223327499285,Koper,0.6368709181314012,1,Huff and ML agree
10102090,Puče,Koper,0.34069308660502634,Koper,0.6215485558729624,1,Huff and ML agree
10102103,Rižana,Koper,0.32563694933215465,Koper,0.5331457379611615,1,Huff and ML agree
10102111,Rožar,Koper,0.28140550263602654,Koper,0.4997277248253766,1,Huff and ML agree
10102120,Sirči,Koper,0.0814043853592746,Koper,0.3727711459410573,1,Huff and ML agree
10102138,Smokvica,Koper,0.1341161400320355,Koper,0.4199665129833666,1,Huff and ML agree
10102146,Socerb,Koper,0.14473390941951866,Koper,0.3485767019211419,1,Huff and ML agree
10102154,Sočerga,Koper,0.09814418055080448,Koper,0.3877226461112739,1,Huff and ML agree
10102162,Sokoliči,Koper,0.0936765561201146,Koper,0.388536763683665,1,Huff and ML agree
10102189,Spodnje Škofije,Koper,0.5366000292215506,Koper,0.6598622084037312,1,Huff and ML agree
10102197,Srgaši,Koper,0.4829019517722788,Koper,0.5949897632225003,1,Huff and ML agree
10102219,Stepani,Koper,0.2716735534080713,Koper,0.4939355372848306,1,Huff and ML agree
10102227,Šalara,Koper,0.5806526423728595,Koper,0.8312015903878195,1,Huff and ML agree
10102235,Šeki,Koper,0.07560110050452709,Koper,0.3586976858861237,1,Huff and ML agree
10102243,Škocjan,Koper,0.5656611008551523,Koper,0.8144922097513629,1,Huff and ML agree
10102251,Šmarje,Koper,0.5753165635838056,Koper,0.7172503133946233,1,Huff and ML agree
10102260,Tinjan,Koper,0.3240124413588515,Koper,0.5786908217623802,1,Huff and ML agree
10102278,Topolovec,Koper,0.05437232164761621,Koper,0.33180282032607,1,Huff and ML agree
10102286,Trebeše,Koper,0.12743811449792936,Koper,0.4025089664039658,1,Huff and ML agree
10102294,Triban,Koper,0.633335695041402,Koper,0.8881203775236673,1,Huff and ML agree
10102308,Trsek,Koper,0.15666042102289873,Koper,0.4942644820606601,1,Huff and ML agree
10102316,Truške,Koper,0.23713278428426526,Koper,0.5797699640339463,1,Huff and ML agree
10102324,Tuljaki,Koper,0.10723972345219857,Koper,0.4004116495209579,1,Huff and ML agree
10102332,Vanganel,Koper,0.6038895153701528,Koper,0.8075148828421376,1,Huff and ML agree
10102359,Zabavlje,Koper,0.20041530730020987,Koper,0.5206833558396474,1,Huff and ML agree
10102367,Zanigrad,Koper,0.1377798623935723,Koper,0.3982723233318872,1,Huff and ML agree
10102375,Zgornje Škofije,Koper,0.4484977920541354,Koper,0.6444570214083933,1,Huff and ML agree
10102383,Župančiči,Koper,0.3459919445184244,Koper,0.6080393165834398,1,Huff and ML agree
10102391,Predloka,Koper,0.19408359626707927,Koper,0.4539611323289825,1,Huff and ML agree
10102405,Prade,Koper,0.5842756965167669,Koper,0.8255916848796357,1,Huff and ML agree
10102413,Adergas,Cerklje na Gorenjskem,0.2963000907395585,Cerklje na Gorenjskem,0.1838136847411647,1,Huff and ML agree
10102421,Ambrož pod Krvavcem,Kranj,0.17725524676926377,Ljubljana,0.2234261547980535,0,Huff and ML disagree
10102430,Apno,Kamnik,0.2805416302078881,Ljubljana,0.1751849761669425,0,Huff and ML disagree
10102448,Babni Vrt,Kranj,0.2694178288219568,Kranj,0.2917840002566815,1,Huff and ML agree
10102456,Bašelj,Preddvor,0.3665910897260757,Preddvor,0.3609998721856537,1,Huff and ML agree
10102464,Bistrica,Kranj,0.3523261960295951,Kranj,0.3038277816718339,1,Huff and ML agree
10102472,Bobovek,Kranj,0.6123864586760259,Kranj,0.631047789579483,1,Huff and ML agree
10102499,Breg ob Kokri,Preddvor,0.48399526623196915,Preddvor,0.3976214138655233,1,Huff and ML agree
10102502,Breg ob Savi,Kranj,0.5493326162342105,Kranj,0.4800269502750955,1,Huff and ML agree
10102529,Britof,Kranj,0.667773820564909,Kranj,0.7088871816906508,1,Huff and ML agree
10102537,Cegelnica,Naklo,0.8066797505183665,Naklo,0.7880663696270629,1,Huff and ML agree
10102545,Cerkljanska Dobrava,Kamnik,0.4320352076056028,Kamnik,0.2097970546641151,1,Huff and ML agree
10102553,Cerklje na Gorenjskem,Cerklje na Gorenjskem,0.9991813612381618,Cerklje na Gorenjskem,1.0,1,Huff and ML agree
10102561,Čadovlje,Kranj,0.3113211600502498,Kranj,0.348163841046153,1,Huff and ML agree
10102570,Čepulje,Kranj,0.3328165380444753,Kranj,0.415230650622203,1,Huff and ML agree
10102588,Češnjevek,Cerklje na Gorenjskem,0.452040994677459,Cerklje na Gorenjskem,0.3177526079096135,1,Huff and ML agree
10102596,Dvorje,Cerklje na Gorenjskem,0.7382575617517628,Cerklje na Gorenjskem,0.6153197382828081,1,Huff and ML agree
10102600,Glinje,Cerklje na Gorenjskem,0.3188420511383915,Cerklje na Gorenjskem,0.1979345538009825,1,Huff and ML agree
10102618,Gobovce,Radovljica,0.2844335911975031,Kranj,0.2204521011895837,0,Huff and ML disagree
10102626,Golnik,Kranj,0.2581252592765184,Kranj,0.2561516165354355,1,Huff and ML agree
10102634,Goriče,Kranj,0.28214615897543033,Kranj,0.3121940703745984,1,Huff and ML agree
10102642,Grad,Cerklje na Gorenjskem,0.665827602510882,Cerklje na Gorenjskem,0.5643376788182558,1,Huff and ML agree
10102669,Hotemaže,Kranj,0.3537115791158562,Kranj,0.2812790632292538,1,Huff and ML agree
10102677,Hrastje,Kranj,0.6137132643561429,Kranj,0.64461794239771,1,Huff and ML agree
10102685,Hraše pri Preddvoru,Kranj,0.4023806182915971,Kranj,0.4357806970430197,1,Huff and ML agree
10102693,Hrib,Preddvor,0.6665588318207005,Preddvor,0.6944104267119983,1,Huff and ML agree
10102707,Ilovka,Kranj,0.6707380949514119,Kranj,0.7389472281494055,1,Huff and ML agree
10102715,Jama,Kranj,0.35267591398061277,Kranj,0.3242535114441724,1,Huff and ML agree
10102723,Jamnik,Kranj,0.23088485587128169,Kranj,0.1637096341677783,1,Huff and ML agree
10102731,Javornik,Kranj,0.34619381058617194,Kranj,0.4608760830320969,1,Huff and ML agree
10102740,Sveti Jošt nad Kranjem,Kranj,0.3113211600502498,Kranj,0.3968561472341138,1,Huff and ML agree
10102758,Kokra,Kranj,0.18931743708421092,Ljubljana,0.1952974152854956,0,Huff and ML disagree
10102766,Kokrica,Kranj,0.7287435919398385,Kranj,0.7768547865320792,1,Huff and ML agree
10102774,Kranj,Kranj,0.9992935911435374,Kranj,1.0,1,Huff and ML agree
10102782,Lahovče,Kamnik,0.2796795891380317,Ljubljana,0.203342357979542,0,Huff and ML disagree
10102804,Lavtarski Vrh,Kranj,0.2753847801358293,Kranj,0.3305459038226749,1,Huff and ML agree
10102812,Sveti Lenart,Kamnik,0.2861718272656534,Kamnik,0.2146086593187943,1,Huff and ML agree
10102839,Letenice,Kranj,0.33546325469447813,Kranj,0.3897966583589333,1,Huff and ML agree
10102847,Luže,Kranj,0.35175829439810663,Kranj,0.2586748789429571,1,Huff and ML agree
10102855,Mače,Preddvor,0.8199339468645707,Preddvor,0.8169438369273794,1,Huff and ML agree
10102863,Malo Naklo,Naklo,0.8742683563068782,Naklo,0.8670112907941,1,Huff and ML agree
10102871,Mavčiče,Kranj,0.3014093890668829,Ljubljana,0.2926077424149831,0,Huff and ML disagree
10102880,Meja,Kranj,0.4028066810143261,Kranj,0.3382765323329699,1,Huff and ML agree
10102898,Milje,Kranj,0.5646575064186251,Kranj,0.485076950029883,1,Huff and ML agree
10102901,Mlaka pri Kranju,Kranj,0.6137132643561429,Kranj,0.6408588603152516,1,Huff and ML agree
10102910,Možjanca,Kranj,0.26782724504914834,Kranj,0.2145605732376526,1,Huff and ML agree
10102928,Naklo,Naklo,0.9990092389335236,Naklo,1.0,1,Huff and ML agree
10102936,Nemilje,Kranj,0.24135925461191976,Kranj,0.2613701467010114,1,Huff and ML agree
10102944,Njivica,Kranj,0.26605859077805066,Kranj,0.2787709304458395,1,Huff and ML agree
10102952,Nova vas,Preddvor,0.8144632224594167,Preddvor,0.7935947513739102,1,Huff and ML agree
10102979,Okroglo,Kranj,0.610875232728198,Kranj,0.5510955570296352,1,Huff and ML agree
10102987,Olševek,Kranj,0.29348959645308087,Kranj,0.2358689311935591,1,Huff and ML agree
10102995,Orehovlje,Kranj,0.5744712325928086,Kranj,0.5792326911485943,1,Huff and ML agree
10103002,Pangršica,Kranj,0.3113211600502498,Kranj,0.3536801223584093,1,Huff and ML agree
10103029,Planica,Kranj,0.2679753910483768,Kranj,0.3423431144112853,1,Huff and ML agree
10103037,Podblica,Kranj,0.2185340715841498,Kranj,0.2215516548722373,1,Huff and ML agree
10103045,Podbrezje,Kranj,0.33175050512751264,Kranj,0.3008402505919733,1,Huff and ML agree
10103053,Podreča,Medvode,0.3914263266187457,Ljubljana,0.3013542726341512,0,Huff and ML disagree
10103061,Polica,Naklo,0.6741054870061666,Kranj,0.4664671435586993,0,Huff and ML disagree
10103070,Potoče,Preddvor,0.4436062586525367,Preddvor,0.4033941557199855,1,Huff and ML agree
10103088,Povlje,Kranj,0.27773628162208625,Kranj,0.279932685628567,1,Huff and ML agree
10103096,Poženik,Cerklje na Gorenjskem,0.4710633864278632,Cerklje na Gorenjskem,0.3786575310179849,1,Huff and ML agree
10103100,Praprotna Polica,Kranj,0.2802651637320288,Kranj,0.194448203475711,1,Huff and ML agree
10103118,Praše,Kranj,0.36236157504553956,Kranj,0.2937158402085368,1,Huff and ML agree
10103126,Prebačevo,Kranj,0.5695741896264249,Kranj,0.4981119301219856,1,Huff and ML agree
10103134,Preddvor,Preddvor,0.9983724075978002,Preddvor,1.0,1,Huff and ML agree
10103142,Predoslje,Kranj,0.567743159420607,Kranj,0.5473032474564639,1,Huff and ML agree
10103169,Pšata,Cerklje na Gorenjskem,0.4710633864278632,Cerklje na Gorenjskem,0.3879253023104702,1,Huff and ML agree
10103177,Pšenična Polica,Cerklje na Gorenjskem,0.7634431551367623,Cerklje na Gorenjskem,0.7199117609669125,1,Huff and ML agree
10103185,Pševo,Kranj,0.5039792978782053,Kranj,0.5249335220155316,1,Huff and ML agree
10103193,Rakovica,Kranj,0.6587995658428264,Kranj,0.7630198487631755,1,Huff and ML agree
10103207,Sidraž,Kamnik,0.4331931181375658,Kamnik,0.3341904615514957,1,Huff and ML agree
10103215,Spodnja Bela,Kranj,0.3743591385885406,Kranj,0.3939646933075654,1,Huff and ML agree
10103223,Spodnja Besnica,Kranj,0.5355141992122516,Kranj,0.5696385729798152,1,Huff and ML agree
10103231,Spodnje Bitnje,Kranj,0.5427633526292701,Kranj,0.4535734402056838,1,Huff and ML agree
10103240,Spodnje Duplje,Kranj,0.32281780285121287,Kranj,0.2925152745184495,1,Huff and ML agree
10103258,Spodnje Jezersko,Jezersko,0.2919994272026821,Jezersko,0.258132202541127,1,Huff and ML agree
10103266,Spodnji Brnik,Cerklje na Gorenjskem,0.5049905566211663,Cerklje na Gorenjskem,0.3394169176551852,1,Huff and ML agree
10103274,Srakovlje,Kranj,0.5674918239041807,Kranj,0.5505386361782014,1,Huff and ML agree
10103282,Srednja Bela,Kranj,0.3615973981257528,Kranj,0.3273461721370101,1,Huff and ML agree
10103304,Srednja vas - Goriče,Kranj,0.27701571930775404,Kranj,0.3210381247607713,1,Huff and ML agree
10103312,Srednja vas pri Šenčurju,Šenčur,0.622039620883551,Šenčur,0.4870301916845118,1,Huff and ML agree
10103339,Srednje Bitnje,Kranj,0.5636350395644907,Kranj,0.5501513221065548,1,Huff and ML agree
10103347,Stiška vas,Kranj,0.2365386845438253,Ljubljana,0.1936161707824245,0,Huff and ML disagree
10103355,Strahinj,Naklo,0.6127812720086997,Naklo,0.5317683585677568,1,Huff and ML agree
10103363,Suha pri Predosljah,Kranj,0.5493326162342105,Kranj,0.5145608972272063,1,Huff and ML agree
10103371,Šenčur,Šenčur,0.999574053366979,Šenčur,1.0,1,Huff and ML agree
10103380,Šenturška Gora,Kamnik,0.325340914267905,Kamnik,0.2169602090773175,1,Huff and ML agree
10103398,Šmartno,Cerklje na Gorenjskem,0.452040994677459,Cerklje na Gorenjskem,0.334662317462266,1,Huff and ML agree
10103401,Štefanja Gora,Kranj,0.22530500754113197,Ljubljana,0.207218162005815,0,Huff and ML disagree
10103410,Šutna,Kranj,0.39892393443003044,Kranj,0.3326564098376408,1,Huff and ML agree
10103428,Tatinec,Kranj,0.5039792978782053,Kranj,0.4874091859304105,1,Huff and ML agree
10103436,Tenetiše,Kranj,0.5083385984247484,Kranj,0.4978109456713308,1,Huff and ML agree
10103444,Trata pri Velesovem,Cerklje na Gorenjskem,0.3162620125947229,Cerklje na Gorenjskem,0.1887593553241238,1,Huff and ML agree
10103452,Trboje,Kranj,0.33359421514791776,Kranj,0.2786234729190708,1,Huff and ML agree
10103479,Trstenik,Kranj,0.28139823027021343,Kranj,0.3114522178675296,1,Huff and ML agree
10103487,Tupaliče,Preddvor,0.3702299291377152,Preddvor,0.2937584507594708,1,Huff and ML agree
10103495,Vašca,Cerklje na Gorenjskem,0.896350301755519,Cerklje na Gorenjskem,0.8813430609161595,1,Huff and ML agree
10103509,Velesovo,Kranj,0.2797644407471503,Kranj,0.206869921636826,1,Huff and ML agree
10103517,Visoko,Kranj,0.39942857166715867,Kranj,0.347675028128826,1,Huff and ML agree
10103525,Viševca,Kamnik,0.4605109993828506,Kamnik,0.3241213674405265,1,Huff and ML agree
10103533,Voglje,Kranj,0.33546325469447813,Kranj,0.2548550438459859,1,Huff and ML agree
10103541,Voklo,Kranj,0.3615973981257528,Kranj,0.2695175464492182,1,Huff and ML agree
10103550,Vopovlje,Cerklje na Gorenjskem,0.4318451939916506,Cerklje na Gorenjskem,0.2410674631668987,1,Huff and ML agree
10103568,Vrhovje,Kamnik,0.4916732712901025,Kamnik,0.4189091041684246,1,Huff and ML agree
10103576,Zabukovje,Kranj,0.5520403143486883,Kranj,0.6064577016230202,1,Huff and ML agree
10103584,Zadraga,Kranj,0.2755624890415429,Kranj,0.2481174962773311,1,Huff and ML agree
10103592,Zalog,Kranj,0.27999798574039836,Kranj,0.3099317350161372,1,Huff and ML agree
10103606,Zalog pri Cerkljah,Kamnik,0.32180040519517694,Ljubljana,0.1746567199927517,0,Huff and ML disagree
10103614,Zgornja Bela,Preddvor,0.3702299291377152,Preddvor,0.3345333356157289,1,Huff and ML agree
10103622,Zgornja Besnica,Kranj,0.31066888182587826,Kranj,0.4026406934938301,1,Huff and ML agree
10103649,Zgornje Bitnje,Kranj,0.602166807700822,Kranj,0.6226129429527542,1,Huff and ML agree
10103657,Zgornje Duplje,Kranj,0.28415042199854423,Kranj,0.2695746419451996,1,Huff and ML agree
10103665,Zgornje Jezersko,Jezersko,0.9954096178080016,Jezersko,1.0,1,Huff and ML agree
10103673,Zgornji Brnik,Cerklje na Gorenjskem,0.7634431551367623,Cerklje na Gorenjskem,0.6794680212595551,1,Huff and ML agree
10103681,Žablje,Kranj,0.30942144014134754,Kranj,0.3507107802800942,1,Huff and ML agree
10103690,Žabnica,Škofja Loka,0.4627474696276365,Škofja Loka,0.3195270705370692,1,Huff and ML agree
10103703,Žeje,Kranj,0.3523261960295951,Kranj,0.305180236178203,1,Huff and ML agree
10103711,Žerjavka,Kranj,0.40519034795373265,Kranj,0.3736265401195863,1,Huff and ML agree
10103720,Anovec,Krško,0.4650692594104472,Krško,0.5103842444285588,1,Huff and ML agree
10103738,Anže,Krško,0.391008495382273,Krško,0.4464832762225124,1,Huff and ML agree
10103746,Apnenik pri Velikem Trnu,Krško,0.24000338936036164,Krško,0.2768717339424937,1,Huff and ML agree
10103754,Ardro pod Velikim Trnom,Krško,0.21552980445210873,Krško,0.2568639567930467,1,Huff and ML agree
10103762,Ardro pri Raki,Krško,0.2957686869347434,Krško,0.3377780097074268,1,Huff and ML agree
10103789,Armeško,Krško,0.4836532620167418,Krško,0.5562080123824616,1,Huff and ML agree
10103797,Avguštine,Kostanjevica na Krki,0.29322524985719534,Kostanjevica na Krki,0.4383548199033444,1,Huff and ML agree
10103819,Brege,Krško,0.5737959895828673,Krško,0.5618289662370078,1,Huff and ML agree
10103827,Brestanica,Krško,0.5314651774339445,Krško,0.7201737591129739,1,Huff and ML agree
10103835,Brezje pri Dovškem,Krško,0.31224830262868286,Krško,0.3656461387418425,1,Huff and ML agree
10103843,Brezje pri Raki,Krško,0.14799752984284797,Krško,0.1680292766189035,1,Huff and ML agree
10103851,Brezje pri Senušah,Krško,0.4856389851087446,Krško,0.5538892761131711,1,Huff and ML agree
10103860,Brezje v Podbočju,Brežice,0.1384499708941803,Brežice,0.2405160248403469,1,Huff and ML agree
10103878,Brezovica v Podbočju,Brežice,0.2043753031741631,Brežice,0.2841119856646851,1,Huff and ML agree
10103886,Brezovska Gora,Krško,0.4108568089368031,Krško,0.4654528621718167,1,Huff and ML agree
10103894,Brlog,Brežice,0.20217773566281422,Brežice,0.2643051577072188,1,Huff and ML agree
10103908,Brod v Podbočju,Krško,0.21874074537623414,Krško,0.2212633241791119,1,Huff and ML agree
10103916,Bučerca,Krško,0.5709940336899908,Krško,0.6947763837740987,1,Huff and ML agree
10103924,Celine,Krško,0.15173545707728292,Krško,0.1972239544746311,1,Huff and ML agree
10103932,Cesta,Krško,0.5800151184483527,Krško,0.8174679645785753,1,Huff and ML agree
10103959,Cirje,Krško,0.21563665489312178,Krško,0.2429480464696524,1,Huff and ML agree
10103967,Črešnjevec pri Oštrcu,Kostanjevica na Krki,0.12777958760225835,Kostanjevica na Krki,0.1548991742288062,1,Huff and ML agree
10103975,Črešnjice nad Pijavškim,Krško,0.3401528219813945,Krško,0.3752614894387079,1,Huff and ML agree
10103983,Čretež pri Krškem,Krško,0.5831969315850819,Krško,0.6728112217121205,1,Huff and ML agree
10103991,Črneča vas,Kostanjevica na Krki,0.15851338176320784,Kostanjevica na Krki,0.2073855046844004,1,Huff and ML agree
10104009,Dalce,Krško,0.2793418118559911,Krško,0.2917420175108492,1,Huff and ML agree
10104017,Dedni Vrh,Krško,0.2964571726141927,Krško,0.3572707218274653,1,Huff and ML agree
10104025,Dobe,Kostanjevica na Krki,0.46289735567150037,Kostanjevica na Krki,0.523197803371742,1,Huff and ML agree
10104033,Dobrava ob Krki,Brežice,0.25885741172083565,Brežice,0.2910102552348221,1,Huff and ML agree
10104041,Dobrava pod Rako,Krško,0.19915904420581945,Krško,0.2029215558816006,1,Huff and ML agree
10104050,Dobrava pri Kostanjevici,Kostanjevica na Krki,0.23910448881100177,Kostanjevica na Krki,0.2673101297288776,1,Huff and ML agree
10104068,Dobrova,Krško,0.17481265241916166,Krško,0.2225757247915824,1,Huff and ML agree
10104076,Dol,Brežice,0.2084792622160847,Brežice,0.2753584331987255,1,Huff and ML agree
10104084,Dolenja Lepa vas,Krško,0.38778271137654835,Krško,0.4394931252941264,1,Huff and ML agree
10104092,Dolenja vas pri Krškem,Krško,0.4944356892760882,Krško,0.4331571347970234,1,Huff and ML agree
10104106,Dolenja vas pri Raki,Krško,0.153535251582713,Krško,0.188896596652469,1,Huff and ML agree
10104114,Dolga Raka,Krško,0.2048521500425631,Krško,0.2240120956511327,1,Huff and ML agree
10104122,Dolnja Prekopa,Kostanjevica na Krki,0.21062330137577867,Šentjernej,0.2062674731804047,0,Huff and ML disagree
10104149,Dolenji Leskovec,Krško,0.524997906367475,Krško,0.5823772005174848,1,Huff and ML agree
10104157,Dolšce,Kostanjevica na Krki,0.25441426025744235,Kostanjevica na Krki,0.358457061015019,1,Huff and ML agree
10104165,Dovško,Krško,0.38459259988619465,Krško,0.4430082926596107,1,Huff and ML agree
10104173,Drenovec pri Leskovcu,Krško,0.3677669760505163,Krško,0.4233766461946103,1,Huff and ML agree
10104181,Drnovo,Krško,0.4650149333913634,Krško,0.481395565422529,1,Huff and ML agree
10104190,Dunaj,Krško,0.5855458352317621,Krško,0.7092569665786801,1,Huff and ML agree
10104203,Frluga,Brežice,0.14001560369963195,Brežice,0.2165454809884242,1,Huff and ML agree
10104211,Globočice pri Kostanjevici,Kostanjevica na Krki,0.7504301890125855,Kostanjevica na Krki,0.8770190611309022,1,Huff and ML agree
10104220,Gmajna,Krško,0.19479047477829886,Krško,0.1924941400301462,1,Huff and ML agree
10104238,Golek,Krško,0.5776107916900171,Krško,0.6405003561948579,1,Huff and ML agree
10104246,Goli Vrh,Krško,0.2062173768191047,Krško,0.2154446146339063,1,Huff and ML agree
10104254,Gora,Krško,0.5287746416072832,Krško,0.7626916368317793,1,Huff and ML agree
10104262,Gorenja Lepa vas,Krško,0.37788995870711906,Krško,0.4326389980678296,1,Huff and ML agree
10104289,Gorenja vas pri Leskovcu,Krško,0.5626014529653596,Krško,0.5846355612223831,1,Huff and ML agree
10104297,Gorenje Dole,Krško,0.3677669760505163,Krško,0.4069485573006646,1,Huff and ML agree
10104319,Gornje Pijavško,Krško,0.46660589375092365,Krško,0.4919538890590016,1,Huff and ML agree
10104327,Gorenji Leskovec,Krško,0.21861145440169852,Krško,0.2530860450135151,1,Huff and ML agree
10104335,Gorica,Krško,0.37708929025174526,Krško,0.396357459663785,1,Huff and ML agree
10104343,Gorica pri Raztezu,Krško,0.33269677253618474,Krško,0.3692992851975957,1,Huff and ML agree
10104351,Gornja Prekopa,Šentjernej,0.21157672252015786,Šentjernej,0.2550099288977471,1,Huff and ML agree
10104360,Gradec,Brežice,0.14473852289401917,Brežice,0.248182423567661,1,Huff and ML agree
10104378,Gradnje,Brežice,0.13968589833986025,Brežice,0.2244851780098444,1,Huff and ML agree
10104386,Gradišče pri Raki,Krško,0.20733359925285505,Krško,0.2358852104729494,1,Huff and ML agree
10104394,Grič,Kostanjevica na Krki,0.289472340240419,Kostanjevica na Krki,0.4024940764773199,1,Huff and ML agree
10104408,Gržeča vas,Krško,0.35626564011327067,Krško,0.4117582039483964,1,Huff and ML agree
10104416,Gunte,Krško,0.5314651774339445,Krško,0.7557054011077715,1,Huff and ML agree
10104424,Hrastek,Brežice,0.21769444849534847,Brežice,0.2888347334851971,1,Huff and ML agree
10104432,Ivandol,Krško,0.4438107671144465,Krško,0.5006406221611754,1,Huff and ML agree
10104459,Ivanjše,Kostanjevica na Krki,0.289472340240419,Kostanjevica na Krki,0.3872311792600229,1,Huff and ML agree
10104467,Jablance,Kostanjevica na Krki,0.2961232515310087,Kostanjevica na Krki,0.4410735201305076,1,Huff and ML agree
10104475,Jelenik,Krško,0.1514207649271024,Krško,0.1951497110033229,1,Huff and ML agree
10104483,Jelše,Krško,0.3982942404292136,Krško,0.4214783956559278,1,Huff and ML agree
10104491,Jelševec,Krško,0.21571422911773563,Krško,0.2532733034753269,1,Huff and ML agree
10104505,Kalce,Krško,0.35626564011327067,Krško,0.409894711645376,1,Huff and ML agree
10104513,Kalce-Naklo,Krško,0.2823579951854649,Krško,0.301651746289283,1,Huff and ML agree
10104521,Kališovec,Krško,0.2565783767201631,Krško,0.2959613666754608,1,Huff and ML agree
10104530,Karlče,Kostanjevica na Krki,0.4405932591258768,Kostanjevica na Krki,0.5051188212725087,1,Huff and ML agree
10104548,Kobile,Krško,0.4650692594104472,Krško,0.533047283403635,1,Huff and ML agree
10104556,Kočarija,Kostanjevica na Krki,0.28719821440768045,Kostanjevica na Krki,0.3737639855681033,1,Huff and ML agree
10104564,Kočno,Krško,0.3515346425779137,Krško,0.4143171139616514,1,Huff and ML agree
10104572,Koprivnica,Krško,0.2062173768191047,Krško,0.2180570315534089,1,Huff and ML agree
10104599,Koprivnik,Kostanjevica na Krki,0.12833574220743696,Krško,0.1249620168360178,0,Huff and ML disagree
10104602,Koritnica,Krško,0.1494108850421368,Krško,0.1858369607877632,1,Huff and ML agree
10104629,Kostanjek,Krško,0.27952792286784395,Krško,0.3057959112313243,1,Huff and ML agree
10104637,Kostanjevica na Krki,Kostanjevica na Krki,0.9995950404574806,Kostanjevica na Krki,1.0,1,Huff and ML agree
10104645,Kremen,Krško,0.5557891132157317,Krško,0.7682475050032241,1,Huff and ML agree
10104653,Krško,Krško,0.9934178887570984,Krško,1.0,1,Huff and ML agree
10104661,Kržišče,Krško,0.21180069286290723,Krško,0.2233282544423578,1,Huff and ML agree
10104670,Leskovec pri Krškem,Krško,0.5426852376912294,Krško,0.7554566828533816,1,Huff and ML agree
10104688,Libelj,Krško,0.4670504897314259,Krško,0.5410757552564496,1,Huff and ML agree
10104696,Libna,Krško,0.559124600267219,Krško,0.5584972897892742,1,Huff and ML agree
10104700,Loke,Krško,0.5864217946695928,Krško,0.663822242262502,1,Huff and ML agree
10104718,Lokve,Krško,0.37708929025174526,Krško,0.4369356189442449,1,Huff and ML agree
10104726,Lomno,Krško,0.33393685259423656,Krško,0.3284139623769123,1,Huff and ML agree
10104734,Male Vodenice,Kostanjevica na Krki,0.1612290543630814,Kostanjevica na Krki,0.1860231954281828,1,Huff and ML agree
10104742,Malence,Kostanjevica na Krki,0.2434931253566699,Kostanjevica na Krki,0.3115858484937188,1,Huff and ML agree
10104769,Mali Kamen,Krško,0.29660365321351545,Krško,0.352697241949188,1,Huff and ML agree
10104777,Mali Koren,Krško,0.1534177491683019,Krško,0.1905380084596644,1,Huff and ML agree
10104785,Mali Podlog,Krško,0.4093972196445039,Krško,0.4470960502856214,1,Huff and ML agree
10104793,Mali Trn,Krško,0.297000234141107,Krško,0.3332627957725592,1,Huff and ML agree
10104807,Malo Mraševo,Krško,0.2187367422351402,Krško,0.2429806335456241,1,Huff and ML agree
10104815,Mikote,Krško,0.20956731167392234,Krško,0.2322562051008545,1,Huff and ML agree
10104823,Mladje,Brežice,0.1637049224116236,Brežice,0.2448851682806112,1,Huff and ML agree
10104831,Mrčna sela,Krško,0.153535251582713,Krško,0.199588080445144,1,Huff and ML agree
10104840,Mrtvice,Brežice,0.42079169901480945,Krško,0.3906876353615041,0,Huff and ML disagree
10104858,Nemška Gora,Krško,0.39086744334448803,Krško,0.4391510404196573,1,Huff and ML agree
10104866,Nemška vas,Krško,0.3956175728822791,Krško,0.4433730483827706,1,Huff and ML agree
10104874,Nova Gora,Krško,0.25791158276904425,Krško,0.299284599260184,1,Huff and ML agree
10104882,Orehovec,Kostanjevica na Krki,0.289472340240419,Kostanjevica na Krki,0.396821615698074,1,Huff and ML agree
10104904,Osredek pri Trški Gori,Krško,0.5072597591360214,Krško,0.5957473118897327,1,Huff and ML agree
10104912,Oštrc,Kostanjevica na Krki,0.23910448881100177,Kostanjevica na Krki,0.3223440480857588,1,Huff and ML agree
10104939,Pesje,Brežice,0.5494655625722233,Brežice,0.4442864185200632,1,Huff and ML agree
10104947,Pijana Gora,Krško,0.21563665489312178,Krško,0.2660959833716725,1,Huff and ML agree
10104955,Planina pri Raki,Krško,0.19903800817427503,Krško,0.2207642622002364,1,Huff and ML agree
10104963,Planina v Podbočju,Brežice,0.14023522651724732,Brežice,0.2323295209507972,1,Huff and ML agree
10104971,Pleterje,Krško,0.5869696360950456,Krško,0.6440716733118926,1,Huff and ML agree
10104980,Podbočje,Krško,0.2066409332976669,Krško,0.2026402799932942,1,Huff and ML agree
10104998,Podlipa,Krško,0.20019709471752478,Krško,0.2071606325241951,1,Huff and ML agree
10105005,Podstrm,Kostanjevica na Krki,0.22238982565652468,Kostanjevica na Krki,0.2855749393608979,1,Huff and ML agree
10105013,Podulce,Krško,0.21180069286290723,Krško,0.2311781484056426,1,Huff and ML agree
10105021,Površje,Krško,0.16478635576139947,Krško,0.1955183607686664,1,Huff and ML agree
10105030,Premagovce,Brežice,0.2071656610581014,Brežice,0.3150355769147211,1,Huff and ML agree
10105048,Presladol,Krško,0.34283833205606434,Krško,0.3939593318351873,1,Huff and ML agree
10105056,Pristava ob Krki,Brežice,0.2492543349931516,Brežice,0.2950407633209573,1,Huff and ML agree
10105064,Pristava pod Rako,Krško,0.19602423815629094,Krško,0.2116628880236296,1,Huff and ML agree
10105072,Pristava pri Leskovcu,Krško,0.32984554327944715,Krško,0.350499598441472,1,Huff and ML agree
10105099,Prušnja vas,Brežice,0.13965233742800826,Brežice,0.2146812087689588,1,Huff and ML agree
10105102,Raka,Krško,0.2187367422351402,Krško,0.2613083911520544,1,Huff and ML agree
10105129,Ravne pri Zdolah,Krško,0.3677669760505163,Krško,0.4011755364844706,1,Huff and ML agree
10105137,Ravni,Krško,0.2962994559922409,Krško,0.3466003706935985,1,Huff and ML agree
10105145,Ravno,Krško,0.18928184558642333,Krško,0.1911619908231128,1,Huff and ML agree
10105153,Raztez,Krško,0.372933119530856,Krško,0.4386812874203686,1,Huff and ML agree
10105161,Reštanj,Krško,0.28489113659939524,Krško,0.3476999894676775,1,Huff and ML agree
10105170,Rožno,Krško,0.4655983962348298,Krško,0.5110012325656297,1,Huff and ML agree
10105188,Ržišče,Šentjernej,0.1537193000071636,Šentjernej,0.1779857491364206,1,Huff and ML agree
10105196,Sajevce,Kostanjevica na Krki,0.289472340240419,Kostanjevica na Krki,0.3668215334129659,1,Huff and ML agree
10105200,Sela pri Raki,Krško,0.2565783767201631,Krško,0.2990221799265705,1,Huff and ML agree
10105218,Selce pri Leskovcu,Krško,0.5670035759454046,Krško,0.6142596809226443,1,Huff and ML agree
10105226,Selo,Kostanjevica na Krki,0.23987823980163095,Kostanjevica na Krki,0.2795486976584815,1,Huff and ML agree
10105234,Senovo,Krško,0.3980137114802377,Krško,0.4615862746094347,1,Huff and ML agree
10105242,Senožete,Krško,0.5626014529653596,Krško,0.6413517475425146,1,Huff and ML agree
10105269,Senuše,Krško,0.42169052724920375,Krško,0.4895325564194495,1,Huff and ML agree
10105277,Slinovce,Kostanjevica na Krki,0.5386142739062388,Kostanjevica na Krki,0.6452911730876678,1,Huff and ML agree
10105285,Slivje,Kostanjevica na Krki,0.3014183805443269,Kostanjevica na Krki,0.4204893727987043,1,Huff and ML agree
10105293,Smečice,Krško,0.21953355941981528,Krško,0.2607164021124954,1,Huff and ML agree
10105307,Smednik,Krško,0.2062173768191047,Krško,0.2075808490823841,1,Huff and ML agree
10105315,Spodnja Libna,Krško,0.5315020890611695,Krško,0.7154457678975558,1,Huff and ML agree
10105323,Spodnje Dule,Krško,0.46847971693489915,Krško,0.5552526184033099,1,Huff and ML agree
10105331,Spodnje Pijavško,Krško,0.5865841486235525,Krško,0.6492683048960771,1,Huff and ML agree
10105340,Spodnji Stari Grad,Krško,0.5204034098924234,Krško,0.5070174272988129,1,Huff and ML agree
10105358,Srednje Arto,Krško,0.2964571726141927,Krško,0.3713958687437554,1,Huff and ML agree
10105366,Srednje Pijavško,Krško,0.5785420121471684,Krško,0.5989104306630868,1,Huff and ML agree
10105374,Sremič,Krško,0.562503533660194,Krško,0.6293271436836682,1,Huff and ML agree
10105382,Stari Grad,Krško,0.5785420121471684,Krško,0.5155702529067236,1,Huff and ML agree
10105404,Stari Grad v Podbočju,Brežice,0.20207526594374803,Brežice,0.2038622095942975,1,Huff and ML agree
10105412,Stolovnik,Krško,0.4944356892760882,Krško,0.5720111419930126,1,Huff and ML agree
10105439,Stranje,Krško,0.20646955426328792,Krško,0.2317965678772148,1,Huff and ML agree
10105447,Straža pri Krškem,Krško,0.5869696360950456,Krško,0.6896666911763557,1,Huff and ML agree
10105455,Straža pri Raki,Krško,0.34077152192986554,Krško,0.3746497518894295,1,Huff and ML agree
10105463,Strmo Rebro,Krško,0.562503533660194,Krško,0.643105743826542,1,Huff and ML agree
10105471,Šedem,Krško,0.29372527518324276,Krško,0.3559058389287394,1,Huff and ML agree
10105480,Šutna,Brežice,0.28186400674434686,Brežice,0.3180461126115964,1,Huff and ML agree
10105498,Trška Gora,Krško,0.8010154438957752,Krško,0.9026508472407744,1,Huff and ML agree
10105501,Velika vas pri Krškem,Krško,0.4987865161466736,Krško,0.5414817359148283,1,Huff and ML agree
10105510,Velike Vodenice,Kostanjevica na Krki,0.16200294752072253,Šentjernej,0.1881970825525716,0,Huff and ML disagree
10105528,Veliki Dol,Krško,0.2062173768191047,Krško,0.2309570254684318,1,Huff and ML agree
10105536,Veliki Kamen,Krško,0.2570978126155045,Krško,0.2900939543624297,1,Huff and ML agree
10105544,Veliki Koren,Krško,0.15301822339410526,Krško,0.1952577879195805,1,Huff and ML agree
10105552,Veliki Podlog,Krško,0.3521041932827751,Krško,0.3953238148675878,1,Huff and ML agree
10105579,Veliki Trn,Krško,0.2570978126155045,Krško,0.2788304802438833,1,Huff and ML agree
10105587,Veliko Mraševo,Brežice,0.25422814625782275,Krško,0.2610960433547379,0,Huff and ML disagree
10105595,Veniše,Krško,0.5857520908843269,Krško,0.6728660084796294,1,Huff and ML agree
10105609,Videm,Krško,0.2062173768191047,Krško,0.2251778678287224,1,Huff and ML agree
10105617,Vihre,Brežice,0.4810993022600756,Brežice,0.4170954816835508,1,Huff and ML agree
10105625,Volovnik,Krško,0.5065526668111286,Krško,0.581260069959978,1,Huff and ML agree
10105633,Vrbina,Krško,0.5568338852148523,Krško,0.7483178772546123,1,Huff and ML agree
10105641,Vrbje,Brežice,0.0744159341941784,Brežice,0.1570769420553645,1,Huff and ML agree
10105650,Vrh pri Površju,Krško,0.20051000942543762,Krško,0.2179099627612134,1,Huff and ML agree
10105668,Vrhulje,Krško,0.339783735571657,Krško,0.3965803161533596,1,Huff and ML agree
10105676,Vrtača,Brežice,0.0744159341941784,Brežice,0.1570769420553645,1,Huff and ML agree
10105684,Zaboršt,Kostanjevica na Krki,0.5861528557682727,Kostanjevica na Krki,0.7098027703605801,1,Huff and ML agree
10105692,Zabukovje pri Raki,Krško,0.15173545707728292,Krško,0.1902331332242002,1,Huff and ML agree
10105706,Zaloke,Krško,0.27952792286784395,Krško,0.2952020991831803,1,Huff and ML agree
10105714,Zdole,Krško,0.48049179264898034,Krško,0.5130798565227097,1,Huff and ML agree
10105722,Žabjek v Podbočju,Kostanjevica na Krki,0.2427285787201779,Kostanjevica na Krki,0.278388398856312,1,Huff and ML agree
10105749,Žadovinek,Krško,0.5275757686220878,Krško,0.7332441992165541,1,Huff and ML agree
10105757,Ženje,Krško,0.4650692594104472,Krško,0.5120283975120496,1,Huff and ML agree
10105765,Belovo,Laško,0.17590165243456557,Laško,0.1324917106271817,1,Huff and ML agree
10105773,Blatni Vrh,Šentjur,0.11507176019530516,Celje,0.1228279711878696,0,Huff and ML disagree
10105781,Šentrupert,Šentjur,0.24611269163170676,Šentjur,0.2109373899778305,1,Huff and ML agree
10105790,Brezno,Trbovlje,0.14190584580430268,Trbovlje,0.123206620970645,1,Huff and ML agree
10105803,Brodnice,Celje,0.07187268301919071,Celje,0.0994475241189009,1,Huff and ML agree
10105811,Brstnik,Laško,0.6109066692670023,Laško,0.3453355194224007,1,Huff and ML agree
10105820,Brstovnica,Laško,0.17834925471302945,Laško,0.1618766816332316,1,Huff and ML agree
10105838,Brunk,Sevnica,0.14807597873769468,Radeče,0.1506336152631269,0,Huff and ML disagree
10105846,Brunška Gora,Radeče,0.3091056252736418,Radeče,0.3643660029294185,1,Huff and ML agree
10105854,Bukovca,Laško,0.36808072671818,Laško,0.2504712242009345,1,Huff and ML agree
10105862,Curnovec,Celje,0.10722951977222102,Celje,0.1299227895869352,1,Huff and ML agree
10105889,Čimerno,Trbovlje,0.11243116946217212,Trbovlje,0.1197410847415108,1,Huff and ML agree
10105897,Debro,Laško,0.6013442913806587,Celje,0.3757468760769191,0,Huff and ML disagree
10105919,Doblatina,Laško,0.4983461765671359,Celje,0.2763634255736052,0,Huff and ML disagree
10105927,Dobrava,Radeče,0.5730891595232105,Radeče,0.65731738479622,1,Huff and ML agree
10105935,Dol pri Laškem,Celje,0.07105972830391226,Celje,0.1021557839685163,1,Huff and ML agree
10105943,Gabrno,Laško,0.7416560020138177,Laško,0.5605260693196445,1,Huff and ML agree
10105951,Globoko,Laško,0.2983873276315816,Laško,0.2121902112381484,1,Huff and ML agree
10105960,Goreljce,Sevnica,0.2522816440060582,Radeče,0.1765729002290374,0,Huff and ML disagree
10105978,Govce,Laško,0.1745678108243516,Laško,0.1467395955275557,1,Huff and ML agree
10105986,Gozdec,Laško,0.2446691258878939,Laško,0.2017059175642847,1,Huff and ML agree
10105994,Gračnica,Laško,0.1490022403898736,Laško,0.1381166458351792,1,Huff and ML agree
10106001,Harje,Laško,0.7540057638465649,Laško,0.5626437012508724,1,Huff and ML agree
10106010,Hotemež,Radeče,0.5622556059423901,Radeče,0.6235481624887391,1,Huff and ML agree
10106028,Huda Jama,Laško,0.41409034270045,Laško,0.2872047339412582,1,Huff and ML agree
10106036,Jagnjenica,Radeče,0.16924486465103525,Radeče,0.2269916820073449,1,Huff and ML agree
10106044,Jagoče,Laško,0.7801528831665888,Laško,0.5651186617032383,1,Huff and ML agree
10106052,Jelovo,Radeče,0.19814379058292275,Radeče,0.2878321625658412,1,Huff and ML agree
10106079,Kladje,Laško,0.33251316109702445,Laško,0.2555513675604577,1,Huff and ML agree
10106087,Klenovo,Laško,0.17037022998826604,Laško,0.1439232074007377,1,Huff and ML agree
10106095,Konc,Laško,0.13366320175344854,Laško,0.1297461833749007,1,Huff and ML agree
10106109,Kuretno,Laško,0.6720710299281574,Laško,0.4746329552094958,1,Huff and ML agree
10106117,Lahomno,Laško,0.7327576328705402,Laško,0.5339571098482095,1,Huff and ML agree
10106125,Lahomšek,Laško,0.8392054778886093,Laško,0.762040578278957,1,Huff and ML agree
10106133,Lahov Graben,Celje,0.06880252029639491,Sevnica,0.1013467375441623,0,Huff and ML disagree
10106141,Laška vas,Laško,0.14731218509508917,Laško,0.1406905122888057,1,Huff and ML agree
10106150,Laško,Laško,0.9998328524635685,Laško,1.0,1,Huff and ML agree
10106168,Laziše,Laško,0.1801965273086044,Laško,0.1789843644495783,1,Huff and ML agree
10106176,Lipni Dol,Šentjur,0.07840544447951729,Celje,0.1006270504518515,0,Huff and ML disagree
10106184,Log pri Vrhovem,Sevnica,0.311579032244853,Sevnica,0.2015452766898478,1,Huff and ML agree
10106192,Lokavec,Celje,0.07480056690483204,Celje,0.1055736941147966,1,Huff and ML agree
10106206,Loška Gora,Radeče,0.2960620543355789,Radeče,0.3501294417270852,1,Huff and ML agree
10106214,Lože,Laško,0.1474200559572276,Laško,0.1459261323064609,1,Huff and ML agree
10106222,Mačkovec,Celje,0.17000368013653314,Šentjur,0.1819416834452537,0,Huff and ML disagree
10106249,Mala Breza,Celje,0.1754627632332992,Celje,0.1707594041763422,1,Huff and ML agree
10106257,Male Grahovše,Laško,0.23431633064513316,Laško,0.1863456874617254,1,Huff and ML agree
10106265,Marija Gradec,Laško,0.8385790116601978,Laško,0.7672858150467362,1,Huff and ML agree
10106273,Marijina vas,Šentjur,0.07607509952191283,Celje,0.1006003605268498,0,Huff and ML disagree
10106281,Močilno,Radeče,0.174628697359691,Radeče,0.2476733252816439,1,Huff and ML agree
10106290,Modrič,Laško,0.682469823956804,Laško,0.4924534312345772,1,Huff and ML agree
10106303,Mrzlo Polje,Šentjur,0.11184883973904508,Celje,0.1056994630690974,0,Huff and ML disagree
10106311,Njivice,Radeče,0.3091056252736418,Radeče,0.3731123053869395,1,Huff and ML agree
10106320,Obrežje pri Zidanem Mostu,Radeče,0.23081106216058742,Radeče,0.2474720640828275,1,Huff and ML agree
10106338,Ojstro,Laško,0.7494105147311706,Laško,0.5751924298855379,1,Huff and ML agree
10106346,Olešče,Laško,0.24382536602811591,Laško,0.1832225162861514,1,Huff and ML agree
10106354,Padež,Laško,0.36316967788570514,Celje,0.2731885527906718,0,Huff and ML disagree
10106362,Paneče,Sevnica,0.08828859247550494,Sevnica,0.1095142762930942,1,Huff and ML agree
10106389,Plazovje,Laško,0.5348683930700634,Laško,0.3595179255413425,1,Huff and ML agree
10106397,Počakovo,Trbovlje,0.07208362026733078,Radeče,0.0973015253857847,0,Huff and ML disagree
10106419,Polana,Sevnica,0.14618777302595246,Sevnica,0.139698692594624,1,Huff and ML agree
10106427,Povčeno,Laško,0.40459005162028716,Laško,0.2809260972738139,1,Huff and ML agree
10106435,Požnica,Laško,0.32991932374119576,Celje,0.2599146117509572,0,Huff and ML disagree
10106443,Prapretno,Sevnica,0.3524950643600461,Sevnica,0.2325531738897179,1,Huff and ML agree
10106451,Radeče,Radeče,0.9996129512558712,Radeče,1.0,1,Huff and ML agree
10106460,Radoblje,Laško,0.780264981217012,Laško,0.6276705592034378,1,Huff and ML agree
10106478,Reka,Laško,0.5305624845571285,Laško,0.3456593477986395,1,Huff and ML agree
10106486,Rifengozd,Laško,0.46965868534822397,Celje,0.4954282271691185,0,Huff and ML disagree
10106494,Rimske Toplice,Laško,0.23372402000678444,Laško,0.1753889976700393,1,Huff and ML agree
10106508,Rudna vas,Radeče,0.1781968078598475,Radeče,0.2427343673953997,1,Huff and ML agree
10106516,Sedraž,Laško,0.24692297962221205,Laško,0.1632656237584508,1,Huff and ML agree
10106524,Selo nad Laškim,Laško,0.25830912884902185,Laško,0.2253600113176118,1,Huff and ML agree
10106532,Senožete,Laško,0.16332910453963195,Laško,0.1536939143418396,1,Huff and ML agree
10106559,Sevce,Laško,0.5248078534275789,Laško,0.3108882343904345,1,Huff and ML agree
10106567,Slivno,Laško,0.5620206392128193,Laško,0.3828932264560634,1,Huff and ML agree
10106575,Stari Dvor,Radeče,0.17585663411095365,Radeče,0.2498818562491963,1,Huff and ML agree
10106583,Stopce,Laško,0.6648924317093703,Laško,0.4827861313596032,1,Huff and ML agree
10106591,Strensko,Laško,0.4324096308839527,Laško,0.284883826312817,1,Huff and ML agree
10106605,Strmca,Laško,0.8090803998438484,Laško,0.6958284421505081,1,Huff and ML agree
10106613,Suhadol,Trbovlje,0.14438034460013516,Trbovlje,0.1276461209454081,1,Huff and ML agree
10106621,Svibno,Trbovlje,0.07229552071397255,Radeče,0.1075964590605106,0,Huff and ML disagree
10106630,Širje,Trbovlje,0.10993673016269749,Radeče,0.1206221278089471,0,Huff and ML disagree
10106648,Škofce,Laško,0.1315937889953408,Laško,0.1260282040948755,1,Huff and ML agree
10106656,Šmihel,Laško,0.7355480188355813,Laško,0.5211555981093261,1,Huff and ML agree
10106664,Šmohor,Laško,0.14709287121502743,Celje,0.1885090659628441,0,Huff and ML disagree
10106672,Tevče,Laško,0.5248078534275789,Laško,0.3321878941618232,1,Huff and ML agree
10106699,Tovsto,Laško,0.6650489619285821,Laško,0.4323696105315991,1,Huff and ML agree
10106702,Trnov Hrib,Laško,0.17661283350644927,Laško,0.1512862153037784,1,Huff and ML agree
10106729,Trnovo,Laško,0.3626394883686229,Laško,0.2288453173968161,1,Huff and ML agree
10106737,Trobni Dol,Celje,0.12686732446154375,Celje,0.1428091546060637,1,Huff and ML agree
10106745,Trojno,Laško,0.7355480188355813,Laško,0.5443610420023784,1,Huff and ML agree
10106753,Udmat,Laško,0.5936865510665629,Laško,0.4045554090023834,1,Huff and ML agree
10106761,Velike Gorelce,Laško,0.1570744140815501,Laško,0.1639696963723575,1,Huff and ML agree
10106770,Velike Grahovše,Laško,0.14951514550528655,Laško,0.1314552492876187,1,Huff and ML agree
10106788,Veliko Širje,Trbovlje,0.10294348199236227,Radeče,0.1263412204198795,0,Huff and ML disagree
10106796,Vodiško,Laško,0.14130243052450103,Laško,0.1300565517743189,1,Huff and ML agree
10106800,Vrh nad Laškim,Laško,0.34515080518813746,Laško,0.2557040611942989,1,Huff and ML agree
10106818,Vrhovo,Sevnica,0.32484794752113055,Radeče,0.2121660474422844,0,Huff and ML disagree
10106826,Zabrež,Laško,0.5259393134625003,Laško,0.3339502063033883,1,Huff and ML agree
10106834,Zagrad,Radeče,0.08417701005933127,Radeče,0.1245678384373549,1,Huff and ML agree
10106842,Zidani Most,Radeče,0.19232003633191666,Radeče,0.2178314257755723,1,Huff and ML agree
10106869,Žebnik,Radeče,0.34452700952711013,Radeče,0.4294760185808378,1,Huff and ML agree
10106877,Žigon,Laško,0.17971138167109757,Laško,0.1864294278089388,1,Huff and ML agree
10106885,Jurklošter,Celje,0.06023101186130022,Celje,0.0923936178244069,1,Huff and ML agree
10106893,Leskovca,Laško,0.3610398113072354,Laško,0.2609024232517736,1,Huff and ML agree
10106907,Spodnja Rečica,Laško,0.76921416164052,Laško,0.5677593815778382,1,Huff and ML agree
10106915,Zgornja Rečica,Laško,0.23372402000678444,Laško,0.1797573611654345,1,Huff and ML agree
10106923,Zavrate,Radeče,0.23081106216058742,Radeče,0.2992419284596511,1,Huff and ML agree
10106931,Andrenci,Cerkvenjak,0.5630374089939173,Cerkvenjak,0.6858062600046502,1,Huff and ML agree
10106940,Benedikt,Benedikt,1.0,Benedikt,1.0,1,Huff and ML agree
10106958,Brengova,Cerkvenjak,0.31013951363288944,Cerkvenjak,0.3838184897928395,1,Huff and ML agree
10106966,Cenkova,Cerkvenjak,0.5425478402812128,Cerkvenjak,0.6122128018105716,1,Huff and ML agree
10106974,Cerkvenjak,Cerkvenjak,0.9994287959620968,Cerkvenjak,1.0,1,Huff and ML agree
10106982,Cogetinci,Ptuj,0.18613253918958728,Cerkvenjak,0.2602077321156972,0,Huff and ML disagree
10107008,Čagona,Ptuj,0.24232124015030237,Cerkvenjak,0.2286308669060049,0,Huff and ML disagree
10107016,Črmljenšak,Ptuj,0.26260482434293647,Maribor,0.1848551906079603,0,Huff and ML disagree
10107024,Dolge Njive,Maribor,0.2943318142937995,Maribor,0.2300843350644296,1,Huff and ML agree
10107032,Dražen Vrh - del,Maribor,0.1964333658007493,Maribor,0.2321759126492205,1,Huff and ML agree
10107059,Drvanja,Maribor,0.1664691934081373,Maribor,0.1547028827817147,1,Huff and ML agree
10107067,Froleh,Sveta Ana,0.2559148481696241,Sveta Ana,0.2248041995867146,1,Huff and ML agree
10107075,Gočova,Lenart,0.2948378792609775,Lenart,0.214322762999182,1,Huff and ML agree
10107083,Grabonoški Vrh,Ptuj,0.1481789965258889,Cerkvenjak,0.1751094726116357,0,Huff and ML disagree
10107091,Gradenšak,Lenart,0.2758885621710709,Lenart,0.2229897870681215,1,Huff and ML agree
10107105,Sv. Trojica v Slov. goricah,Sveta Trojica v Slovenskih goricah,0.9991723012055509,Sveta Trojica v Slovenskih goricah,1.0,1,Huff and ML agree
10107113,Hrastovec v Slov. goricah,Lenart,0.3405148691996795,Maribor,0.3079171257288499,0,Huff and ML disagree
10107121,Ihova,Maribor,0.15376800933498577,Maribor,0.137321208287977,1,Huff and ML agree
10107130,Ivanjski Vrh,Ptuj,0.15094464634723073,Cerkvenjak,0.171607499116564,0,Huff and ML disagree
10107148,Jurovski Dol,Sveti Jurij v Slovenskih goricah,0.9986054198714897,Sveti Jurij v Slovenskih goricah,1.0,1,Huff and ML agree
10107156,Kadrenci,Cerkvenjak,0.5342219821782506,Cerkvenjak,0.5960955306769179,1,Huff and ML agree
10107164,Komarnica,Ptuj,0.20551614804281726,Cerkvenjak,0.2961386896356263,0,Huff and ML disagree
10107172,Kremberk,Sveta Ana,0.7923181499951931,Sveta Ana,0.7420930197194915,1,Huff and ML agree
10107199,Krivi Vrh,Sveta Ana,0.22096871271269677,Sveta Ana,0.1874447289308533,1,Huff and ML agree
10107202,Ledinek,Sveta Ana,0.1672903689429821,Maribor,0.1888342864111991,0,Huff and ML disagree
10107229,Lenart v Slov. goricah,Lenart,0.999586038099858,Lenart,1.0,1,Huff and ML agree
10107237,Ločki Vrh,Maribor,0.1664691934081373,Maribor,0.1285954476956651,1,Huff and ML agree
10107245,Lokavec,Maribor,0.1257149844820878,Maribor,0.2069379514574621,1,Huff and ML agree
10107253,Lormanje,Lenart,0.6747078331425753,Lenart,0.7675742603836583,1,Huff and ML agree
10107261,Malna,Maribor,0.2921829119153677,Maribor,0.3084962069282554,1,Huff and ML agree
10107270,Močna,Ptuj,0.177306653928883,Maribor,0.4566741848256243,0,Huff and ML disagree
10107288,Nadbišec,Maribor,0.2510064744148171,Maribor,0.185780430631787,1,Huff and ML agree
10107296,Negovski Vrh,Maribor,0.1600549747902555,Maribor,0.1407133230025208,1,Huff and ML agree
10107300,Obrat,Benedikt,0.228823823568062,Benedikt,0.205767353274312,1,Huff and ML agree
10107318,Osek,Ptuj,0.1795464894471233,Lenart,0.1448259137261446,0,Huff and ML disagree
10107326,Peščeni Vrh,Ptuj,0.22222501729160563,Cerkvenjak,0.2686342607488391,0,Huff and ML disagree
10107334,Radehova,Lenart,0.6182930905618129,Lenart,0.5481625016134936,1,Huff and ML agree
10107342,Rogoznica,Maribor,0.27231327060326627,Ptuj,0.2867154897615818,0,Huff and ML disagree
10107369,Rožengrunt,Maribor,0.1645715092679885,Maribor,0.2203653933514766,1,Huff and ML agree
10107377,Selce,Maribor,0.28464938179069316,Maribor,0.2094766967771603,1,Huff and ML agree
10107385,Smolinci,Ptuj,0.23022648287693437,Cerkvenjak,0.1184710396273439,0,Huff and ML disagree
10107393,Spodnja Bačkova,Maribor,0.17223284522413354,Maribor,0.1454650260749935,1,Huff and ML agree
10107407,Spodnja Ročica,Maribor,0.23228321289394452,Lenart,0.2216184181663512,0,Huff and ML disagree
10107415,Spodnja Senarska,Lenart,0.2959655298472479,Lenart,0.2184259631122647,1,Huff and ML agree
10107423,Spodnja Voličina,Lenart,0.298593690830211,Lenart,0.236115439156503,1,Huff and ML agree
10107431,Spodnje Partinje,Lenart,0.41211154568036046,Lenart,0.3496844578829101,1,Huff and ML agree
10107440,Spodnje Verjane,Ptuj,0.226331841189192,Lenart,0.1492486501836812,0,Huff and ML disagree
10107458,Spodnji Gasteraj,Lenart,0.3163705710593947,Lenart,0.2875464687170057,1,Huff and ML agree
10107466,Spodnji Porčič,Lenart,0.619764944178997,Lenart,0.6170669173620572,1,Huff and ML agree
10107474,Spodnji Žerjavci,Lenart,0.3156864407275983,Lenart,0.2940206470468859,1,Huff and ML agree
10107482,Srednji Gasteraj,Maribor,0.2673030986602859,Maribor,0.2352291662816905,1,Huff and ML agree
10107504,Stanetinci,Cerkvenjak,0.5719406824353436,Cerkvenjak,0.712938165928855,1,Huff and ML agree
10107512,Stara Gora,Maribor,0.18981843949723717,Lenart,0.1560991184421767,0,Huff and ML disagree
10107539,Straže,Maribor,0.2511064488980916,Ptuj,0.2187249900985144,0,Huff and ML disagree
10107547,Sv. Ana v Slov. goricah,Sveta Ana,0.9980441899325403,Sveta Ana,1.0,1,Huff and ML agree
10107555,Sv. Trije Kralji v Slov. gor.,Benedikt,0.4876989121107942,Benedikt,0.4003308193659283,1,Huff and ML agree
10107563,Šetarova,Lenart,0.6026496640068988,Lenart,0.5500944747436322,1,Huff and ML agree
10107571,Štajngrova,Benedikt,0.3357735979459369,Benedikt,0.3112645343757739,1,Huff and ML agree
10107580,Trotkova,Benedikt,0.17660375498366424,Benedikt,0.1808820904049465,1,Huff and ML agree
10107598,Trstenik,Benedikt,0.17241225479751646,Benedikt,0.1890570093466373,1,Huff and ML agree
10107601,Vanetina,Ptuj,0.2125626748016839,Cerkvenjak,0.1911514968742157,0,Huff and ML disagree
10107610,Varda,Lenart,0.32251384033421054,Lenart,0.2902357646338594,1,Huff and ML agree
10107628,Vinička vas,Ptuj,0.21314598768843304,Maribor,0.4850689103521536,0,Huff and ML disagree
10107636,Zamarkova,Lenart,0.5316198975767223,Lenart,0.4167541799961425,1,Huff and ML agree
10107644,Zavrh,Maribor,0.2632292871096083,Lenart,0.1976348021460763,0,Huff and ML disagree
10107652,Zgornja Bačkova,Sveta Ana,0.1672903689429821,Sveta Ana,0.1557765715106151,1,Huff and ML agree
10107679,Zgornja Ročica,Sveta Ana,0.35328404042187517,Sveta Ana,0.2926751126207237,1,Huff and ML agree
10107687,Zgornja Senarska,Lenart,0.3745263729308002,Lenart,0.2815310521794583,1,Huff and ML agree
10107695,Zgornja Ščavnica,Sveta Ana,0.17076183796978495,Sveta Ana,0.1950294729734787,1,Huff and ML agree
10107709,Zgornja Voličina,Maribor,0.2826643878884664,Maribor,0.2822954203944176,1,Huff and ML agree
10107717,Zgornje Partinje,Maribor,0.17528991217513704,Maribor,0.3725864840001285,1,Huff and ML agree
10107725,Zgornje Verjane,Sveta Trojica v Slovenskih goricah,0.31160125651757564,Lenart,0.1975705972868779,0,Huff and ML disagree
10107733,Zgornji Gasteraj,Maribor,0.2673030986602859,Maribor,0.2673828796563866,1,Huff and ML agree
10107741,Zgornji Porčič,Lenart,0.5369207334860573,Lenart,0.4470776002668569,1,Huff and ML agree
10107750,Zgornji Žerjavci,Lenart,0.6178343996372132,Lenart,0.6435689976258896,1,Huff and ML agree
10107776,Žice,Maribor,0.2403702041166502,Lenart,0.2354010072056747,0,Huff and ML disagree
10107784,Žitence,Maribor,0.2403947398260696,Maribor,0.267179739996576,1,Huff and ML agree
10107792,Župetinci,Ptuj,0.23956243522360604,Sveti Andraž v Slov. goricah,0.1276408722292779,0,Huff and ML disagree
10107806,Banuta,Lendava,0.41338146528776315,Lendava,0.5753569095717312,1,Huff and ML agree
10107814,Benica,Lendava,0.15498858586998454,Lendava,0.5415938985880977,1,Huff and ML agree
10107822,Brezovec - del,Murska Sobota,0.1422237035702793,Lendava,0.2714202168518713,0,Huff and ML disagree
10107849,Brezovica,Murska Sobota,0.18985680878663824,Velika Polana,0.232562239429459,0,Huff and ML disagree
10107857,Čentiba,Lendava,0.6246387496876946,Lendava,0.8653747479345993,1,Huff and ML agree
10107865,Črenšovci,Črenšovci,0.9989434537215486,Črenšovci,1.0,1,Huff and ML agree
10107873,Dobrovnik,Dobrovnik,0.9975615588798094,Dobrovnik,1.0,1,Huff and ML agree
10107881,Dolga vas,Lendava,0.7707998341844862,Lendava,0.9451668118310989,1,Huff and ML agree
10107890,Dolgovaške Gorice,Lendava,0.7540963913514865,Lendava,0.9368721031400896,1,Huff and ML agree
10107903,Dolina pri Lendavi,Lendava,0.47988444541135533,Lendava,0.7632811792051236,1,Huff and ML agree
10107911,Dolnja Bistrica,Murska Sobota,0.17247871202821977,Lendava,0.1257328751942952,0,Huff and ML disagree
10107920,Dolnji Lakoš,Lendava,0.7365424051131813,Lendava,0.919631686297707,1,Huff and ML agree
10107938,Gaberje,Lendava,0.4650058099711029,Lendava,0.6715093472623959,1,Huff and ML agree
10107946,Genterovci,Lendava,0.2182755991421261,Lendava,0.4241268802414926,1,Huff and ML agree
10107954,Gomilica,Turnišče,0.20587340747005345,Turnišče,0.2615896421111683,1,Huff and ML agree
10107962,Gornja Bistrica,Murska Sobota,0.1894633013169221,Črenšovci,0.1279760904216142,0,Huff and ML disagree
10107989,Gornji Lakoš,Lendava,0.632327849425049,Lendava,0.8487216668365412,1,Huff and ML agree
10107997,Hotiza,Lendava,0.19985437767153505,Lendava,0.3205681862632055,1,Huff and ML agree
10108004,Kamovci,Murska Sobota,0.15461297345840994,Lendava,0.2925702724879314,0,Huff and ML disagree
10108012,Kapca,Lendava,0.3616958692219974,Lendava,0.4838386075549396,1,Huff and ML agree
10108039,Kobilje,Kobilje,0.9976723378988094,Kobilje,1.0,1,Huff and ML agree
10108047,Kot,Lendava,0.22843577829442108,Lendava,0.4620804261706075,1,Huff and ML agree
10108055,Lendava,Lendava,0.9978561689593006,Lendava,1.0,1,Huff and ML agree
10108063,Lendavske Gorice,Lendava,0.7897714828486361,Lendava,0.9553637259240222,1,Huff and ML agree
10108071,Mala Polana,Velika Polana,0.3821307929326987,Velika Polana,0.4772237184231539,1,Huff and ML agree
10108080,Mostje,Lendava,0.3961654056845141,Lendava,0.55532176259874,1,Huff and ML agree
10108098,Nedelica,Turnišče,0.241293622729916,Turnišče,0.3528206346139195,1,Huff and ML agree
10108101,Odranci,Odranci,0.9992253167067533,Odranci,1.0,1,Huff and ML agree
10108110,Petišovci,Lendava,0.4812794967471617,Lendava,0.7564418605415144,1,Huff and ML agree
10108128,Pince,Lendava,0.3046858417193863,Lendava,0.668987598167665,1,Huff and ML agree
10108136,Pince-Marof,Lendava,0.1711887780611759,Lendava,0.5629109969046011,1,Huff and ML agree
10108144,Radmožanci,Murska Sobota,0.17401272555234445,Lendava,0.306359226482252,0,Huff and ML disagree
10108152,Renkovci,Murska Sobota,0.15997376087373216,Murska Sobota,0.2085909771894844,1,Huff and ML agree
10108179,Srednja Bistrica,Murska Sobota,0.18950801428968245,Črenšovci,0.1460702239924303,0,Huff and ML disagree
10108187,Strehovci,Dobrovnik,0.19291409335691004,Dobrovnik,0.2646773384446627,1,Huff and ML agree
10108195,Trimlini,Lendava,0.6653773667935728,Lendava,0.8934075012551642,1,Huff and ML agree
10108209,Trnje,Črenšovci,0.20937311412296247,Črenšovci,0.1926043652196352,1,Huff and ML agree
10108217,Turnišče,Turnišče,0.9983535296303845,Turnišče,1.0,1,Huff and ML agree
10108225,Velika Polana,Velika Polana,0.9985774530476226,Velika Polana,1.0,1,Huff and ML agree
10108233,Žitkovci,Dobrovnik,0.25905384707858914,Dobrovnik,0.3523348289128435,1,Huff and ML agree
10108241,Žižki,Črenšovci,0.39740972574376443,Črenšovci,0.2865865008756958,1,Huff and ML agree
10108250,Bitiče,Litija,0.2292549397709912,Litija,0.2955645882898599,1,Huff and ML agree
10108268,Boltija,Litija,0.3035215183691136,Litija,0.3747206686418357,1,Huff and ML agree
10108276,Borovak pri Polšniku,Trbovlje,0.07152336187357275,Ljubljana,0.1433406376982791,0,Huff and ML disagree
10108284,Breg pri Litiji,Litija,0.8021644216191984,Litija,0.7929374126983241,1,Huff and ML agree
10108292,Brezje pri Kumpolju,Trebnje,0.0864920326013303,Ljubljana,0.1349389496520893,0,Huff and ML disagree
10108306,Brezovo,Novo mesto,0.04721956011862907,Ljubljana,0.1315814627085983,0,Huff and ML disagree
10108314,Brglez,Novo mesto,0.04423335069901071,Ljubljana,0.1324281851680674,0,Huff and ML disagree
10108322,Bukovica pri Litiji,Litija,0.15526934632201364,Litija,0.2214400400067276,1,Huff and ML agree
10108349,Cerovica,Litija,0.3069632296041555,Litija,0.3625793260529246,1,Huff and ML agree
10108357,Cirkuše,Litija,0.22578071991120677,Litija,0.3096794316940927,1,Huff and ML agree
10108365,Čateška Gora,Trebnje,0.11392188301337879,Ljubljana,0.1360635319012395,0,Huff and ML disagree
10108373,Čeplje,Litija,0.05442268451224067,Ljubljana,0.1392942654124644,0,Huff and ML disagree
10108381,Črni Potok,Litija,0.6363952625167207,Šmartno pri Litiji,0.4559610119757764,0,Huff and ML disagree
10108390,Dobovica,Trbovlje,0.0610240330870568,Ljubljana,0.1247600967954182,0,Huff and ML disagree
10108403,Dole pri Litiji,Trbovlje,0.05655623038971082,Ljubljana,0.1266227095375828,0,Huff and ML disagree
10108411,Dolgo Brdo,Litija,0.1363207092707726,Litija,0.1970036378290214,1,Huff and ML agree
10108420,Dolnji Vrh,Trebnje,0.10987059588198708,Ljubljana,0.1586957177496557,0,Huff and ML disagree
10108438,Dragovšek,Litija,0.3049731695130607,Litija,0.3495046141722594,1,Huff and ML agree
10108446,Dvor,Litija,0.31989683790095,Litija,0.3671112151495948,1,Huff and ML agree
10108454,Gabrovka,Litija,0.05145135635213842,Ljubljana,0.1381992185052086,0,Huff and ML disagree
10108462,Gabrska Gora,Litija,0.05303058343632431,Ljubljana,0.1509173281669376,0,Huff and ML disagree
10108489,Gobnik,Litija,0.08120136935347264,Ljubljana,0.1533695537776313,0,Huff and ML disagree
10108497,Golišče,Litija,0.30370075189645696,Litija,0.3105917142953453,1,Huff and ML agree
10108519,Gorenje Jelenje,Trbovlje,0.0644536918400999,Ljubljana,0.1318407525143095,0,Huff and ML disagree
10108527,Gornje Ravne,Trebnje,0.10765588887364469,Ljubljana,0.1270160005065151,0,Huff and ML disagree
10108535,Zgornji Log,Litija,0.6459662633668711,Litija,0.7058032054948264,1,Huff and ML agree
10108543,Gornji Vrh,Trebnje,0.10790513972506967,Ljubljana,0.1569952640528763,0,Huff and ML disagree
10108551,Gozd-Reka,Litija,0.162845787287932,Ljubljana,0.2619400825519161,0,Huff and ML disagree
10108560,Gradišče-K. o. Grad. in Polj.,Litija,0.07171366858066999,Ljubljana,0.1553090236331368,0,Huff and ML disagree
10108578,Gradišče-K. o. Št. Lovrenc,Trbovlje,0.05284422582318172,Ljubljana,0.1084244864766521,0,Huff and ML disagree
10108586,Gradišče pri Litiji,Litija,0.4218149213567111,Litija,0.4409187305847534,1,Huff and ML agree
10108594,Gradiške Laze,Litija,0.6262360935456529,Litija,0.6519613632145774,1,Huff and ML agree
10108608,Hohovica,Litija,0.05661413893494428,Ljubljana,0.1519447794030178,0,Huff and ML disagree
10108616,Hude Ravne,Šentrupert,0.04709484847222303,Ljubljana,0.1164049143964543,0,Huff and ML disagree
10108624,Jablaniške Laze,Litija,0.21715810999534052,Litija,0.2916873511917743,1,Huff and ML agree
10108632,Jablaniški Potok,Litija,0.2292997275624106,Litija,0.3261720665161432,1,Huff and ML agree
10108659,Jastrebnik,Litija,0.2148598622781155,Litija,0.2315920487477988,1,Huff and ML agree
10108667,Javorje,Litija,0.23182801371640488,Litija,0.2648646916421877,1,Huff and ML agree
10108675,Javorje pri Gabrovki,Litija,0.08180629198739936,Ljubljana,0.1532218388873827,0,Huff and ML disagree
10108683,Jelša,Litija,0.30648103493549095,Litija,0.3499395726781353,1,Huff and ML agree
10108691,Jesenje,Litija,0.21143902543707316,Ljubljana,0.2352305114323375,0,Huff and ML disagree
10108705,Jevnica,Ljubljana,0.2626384308413538,Ljubljana,0.3942358393681146,1,Huff and ML agree
10108713,Ježce,Litija,0.15894641123621908,Litija,0.2040951847961227,1,Huff and ML agree
10108721,Ježevec,Trbovlje,0.04560234065645048,Ljubljana,0.1060382322258599,0,Huff and ML disagree
10108730,Ježni Vrh,Litija,0.155705399756934,Litija,0.2085590216510812,1,Huff and ML agree
10108748,Kal pri Dolah,Trbovlje,0.0628342567592859,Ljubljana,0.1247704683295196,0,Huff and ML disagree
10108756,Kamni Vrh,Litija,0.07099652726226818,Ljubljana,0.1521236428924215,0,Huff and ML disagree
10108764,Kamni Vrh pri Primskovem,Trebnje,0.06716195326270262,Ljubljana,0.1615349861041436,0,Huff and ML disagree
10108772,Kandrše - del,Litija,0.11362284798298182,Ljubljana,0.198837819086386,0,Huff and ML disagree
10108799,Klanec pri Gabrovki,Litija,0.05489128636184122,Ljubljana,0.1399403484797125,0,Huff and ML disagree
10108802,Klenik,Litija,0.138746308070349,Ljubljana,0.1995039950433619,0,Huff and ML disagree
10108829,Konj,Litija,0.30368482977452493,Litija,0.328303089283195,1,Huff and ML agree
10108837,Konjšica - del,Trbovlje,0.10728793744605802,Ljubljana,0.1406144252518674,0,Huff and ML disagree
10108845,Kostanjevica,Šentrupert,0.08939330225749348,Ljubljana,0.0940502452779825,0,Huff and ML disagree
10108853,Koške Poljane,Litija,0.15894641123621908,Ljubljana,0.3172302259041888,0,Huff and ML disagree
10108861,Kresnice,Litija,0.21597336466708827,Ljubljana,0.2858548405254009,0,Huff and ML disagree
10108870,Kresniške Poljane,Ljubljana,0.20090758130663297,Ljubljana,0.3727237122869211,1,Huff and ML agree
10108888,Kresniški Vrh,Litija,0.2314643483902459,Litija,0.2639708246009473,1,Huff and ML agree
10108896,Kržišče pri Čatežu,Trebnje,0.17319933043138228,Trebnje,0.1515469313740449,1,Huff and ML agree
10108900,Laze pri Gobniku,Litija,0.07087558210693412,Ljubljana,0.1544035685772879,0,Huff and ML disagree
10108918,Laze pri Vačah,Litija,0.1458914967685907,Litija,0.184117041313521,1,Huff and ML agree
10108926,Leskovica pri Šmartnem,Litija,0.23004178793214325,Litija,0.2864057268930883,1,Huff and ML agree
10108934,Leše,Litija,0.14926836849744554,Litija,0.2044582533767917,1,Huff and ML agree
10108942,Liberga,Litija,0.20996584893416334,Litija,0.2770207260017817,1,Huff and ML agree
10108969,Litija,Litija,0.9980842798833665,Litija,1.0,1,Huff and ML agree
10108977,Ljubež v Lazih,Litija,0.08198550651243525,Ljubljana,0.1563194897719931,0,Huff and ML disagree
10108985,Lukovec,Trebnje,0.06198003043799817,Ljubljana,0.1255514745016092,0,Huff and ML disagree
10108993,Lupinica,Litija,0.3029974865794005,Litija,0.334949210055771,1,Huff and ML agree
10109019,Mala Goba,Trbovlje,0.057722920910682964,Ljubljana,0.1467394197193464,0,Huff and ML disagree
10109027,Mala Kostrevnica,Šmartno pri Litiji,0.6735068018512052,Šmartno pri Litiji,0.6398818528709769,1,Huff and ML agree
10109035,Mala sela,Litija,0.11360529010992172,Ljubljana,0.2332893393513971,0,Huff and ML disagree
10109043,Mala Štanga,Litija,0.16015462948831086,Ljubljana,0.3092293445166145,0,Huff and ML disagree
10109051,Mamolj,Litija,0.14904510121822812,Litija,0.2203604850575399,1,Huff and ML agree
10109060,Mihelca,Ivančna Gorica,0.16004795943964528,Ljubljana,0.1621101491476539,0,Huff and ML disagree
10109078,Mišji Dol,Ivančna Gorica,0.11315262199736159,Litija,0.1595608670933146,0,Huff and ML disagree
10109086,Moravče pri Gabrovki,Litija,0.07937862051383707,Ljubljana,0.1527720899997311,0,Huff and ML disagree
10109094,Moravška Gora,Novo mesto,0.047336732235883375,Ljubljana,0.1340289912268653,0,Huff and ML disagree
10109108,Mulhe,Litija,0.16444099232058304,Litija,0.2292859984673496,1,Huff and ML agree
10109116,Nova Gora,Litija,0.08808804005182604,Ljubljana,0.1559315630228982,0,Huff and ML disagree
10109124,Obla Gorica,Litija,0.14413860013588742,Litija,0.1910472316335219,1,Huff and ML agree
10109132,Okrog,Trebnje,0.08310338517144991,Ljubljana,0.1336950570059162,0,Huff and ML disagree
10109159,Pečice,Trebnje,0.06653077090769038,Ljubljana,0.1230289860153583,0,Huff and ML disagree
10109167,Podbukovje pri Vačah,Litija,0.10891150297507377,Ljubljana,0.169472823864868,0,Huff and ML disagree
10109175,Podpeč pod Skalo,Litija,0.05513778262878326,Ljubljana,0.1562034418947273,0,Huff and ML disagree
10109183,Podroje,Litija,0.30448068770674935,Litija,0.3481998540389788,1,Huff and ML agree
10109191,Podšentjur,Litija,0.6182680753485876,Litija,0.6580627764248318,1,Huff and ML agree
10109205,Poljane pri Primskovem,Litija,0.084666164097446,Ljubljana,0.1477325795414854,0,Huff and ML disagree
10109213,Polšnik,Trbovlje,0.10329101046082302,Ljubljana,0.1403386162499077,0,Huff and ML disagree
10109221,Ponoviče,Litija,0.5329720743135822,Litija,0.5657597933315499,1,Huff and ML agree
10109230,Potok pri Vačah,Litija,0.1595496169873023,Litija,0.2054045283904655,1,Huff and ML agree
10109248,Prelesje,Trbovlje,0.056584583999591764,Ljubljana,0.110492159539647,0,Huff and ML disagree
10109256,Preska nad Kostrevnico,Litija,0.2168744725450542,Litija,0.2643211085237198,1,Huff and ML agree
10109264,Prevale,Trbovlje,0.04529904595114829,Ljubljana,0.1321734084513625,0,Huff and ML disagree
10109272,Preveg,Trbovlje,0.10279252814233437,Ljubljana,0.1409990669036367,0,Huff and ML disagree
10109299,Preženjske Njive,Litija,0.05461399047266739,Ljubljana,0.1469900821059295,0,Huff and ML disagree
10109302,Primskovo,Ivančna Gorica,0.11374620819654674,Ljubljana,0.1621204894782647,0,Huff and ML disagree
10109329,Pusti Javor,Litija,0.1608967362968924,Litija,0.2111306776163217,1,Huff and ML agree
10109337,Račica,Litija,0.1595496169873023,Ljubljana,0.2878957321033284,0,Huff and ML disagree
10109345,Radanja vas,Ivančna Gorica,0.22845400774417912,Ivančna Gorica,0.2003525721871403,1,Huff and ML agree
10109353,Radgonica,Trbovlje,0.069589440067461,Ljubljana,0.1165218103702685,0,Huff and ML disagree
10109361,Ravne,Trbovlje,0.1073276004378846,Ljubljana,0.1420775769858174,0,Huff and ML disagree
10109370,Ravne nad Šentrupertom,Šentrupert,0.09892279354410113,Šentrupert,0.0984548924702981,1,Huff and ML agree
10109396,Razbore-K. o. Ježni Vrh,Litija,0.18193442342604435,Litija,0.246411144186709,1,Huff and ML agree
10109400,Renke,Zagorje ob Savi,0.23150505052271367,Zagorje ob Savi,0.1842743856375413,1,Huff and ML agree
10109418,Ribče,Ljubljana,0.17820569266413666,Ljubljana,0.3160153882106624,1,Huff and ML agree
10109426,Riharjevec,Litija,0.3831526420067208,Litija,0.3846570116478028,1,Huff and ML agree
10109434,Ržišče,Litija,0.18281402920569245,Litija,0.2323302295652461,1,Huff and ML agree
10109442,Sava,Litija,0.302209280435059,Litija,0.3362746429889178,1,Huff and ML agree
10109469,Sela pri Sobračah,Ivančna Gorica,0.13780281793230414,Litija,0.1762495583289975,0,Huff and ML disagree
10109477,Selce,Trbovlje,0.04511132517203615,Ljubljana,0.121102232124262,0,Huff and ML disagree
10109485,Selšek,Litija,0.4196927674061073,Litija,0.387996192947227,1,Huff and ML agree
10109493,Sevno,Trebnje,0.07871577593350902,Ljubljana,0.1541721136829797,0,Huff and ML disagree
10109507,Slavina,Trbovlje,0.045125382241825635,Ljubljana,0.1240900456750132,0,Huff and ML disagree
10109515,Slivna,Litija,0.1096984963499788,Ljubljana,0.2231557310354865,0,Huff and ML disagree
10109523,Sobrače,Ivančna Gorica,0.16207145785660973,Litija,0.163582148868102,0,Huff and ML disagree
10109531,Spodnja Jablanica,Litija,0.5407681446050396,Litija,0.5439217141895242,1,Huff and ML agree
10109540,Spodnje Jelenje,Trbovlje,0.06821591844637666,Ljubljana,0.1300049425088411,0,Huff and ML disagree
10109558,Spodnji Hotič,Litija,0.4136411179061936,Litija,0.4083313216666148,1,Huff and ML agree
10109566,Spodnji Log,Litija,0.3607541295605616,Litija,0.3945167465154159,1,Huff and ML agree
10109574,Stara Gora pri Vel.Gabru,Ivančna Gorica,0.11315262199736159,Litija,0.1603215933609472,0,Huff and ML disagree
10109582,Stranski Vrh,Trbovlje,0.10317168617194707,Ljubljana,0.1366531838405851,0,Huff and ML disagree
10109604,Strmec,Šentrupert,0.050160923712905196,Ljubljana,0.1026828706766119,0,Huff and ML disagree
10109612,Suhadole,Trbovlje,0.04877121605327478,Ljubljana,0.1249424054792548,0,Huff and ML disagree
10109639,Ščit,Litija,0.22578071991120677,Litija,0.298402040000977,1,Huff and ML agree
10109647,Širmanski Hrib,Litija,0.5842818121626839,Litija,0.6447262236075095,1,Huff and ML agree
10109655,Široka Set,Litija,0.10224410434968158,Ljubljana,0.1748339609163369,0,Huff and ML disagree
10109663,Šmartno pri Litiji,Šmartno pri Litiji,0.9977315286307021,Šmartno pri Litiji,1.0,1,Huff and ML agree
10109671,Štangarske Poljane,Litija,0.427960820738976,Litija,0.4309437202431606,1,Huff and ML agree
10109680,Šumnik,Trbovlje,0.09109678760863725,Ljubljana,0.1436684008879446,0,Huff and ML disagree
10109698,Tenetiše,Litija,0.7739558302488935,Litija,0.7364840212855147,1,Huff and ML agree
10109701,Tepe,Litija,0.1096984963499788,Litija,0.1576180791155877,1,Huff and ML agree
10109710,Tihaboj,Trebnje,0.054913711088779904,Ljubljana,0.1276983844278555,0,Huff and ML disagree
10109728,Tlaka,Trebnje,0.0873915644580237,Ljubljana,0.1331462685601653,0,Huff and ML disagree
10109736,Vače,Litija,0.15526934632201364,Ljubljana,0.1952141861706437,0,Huff and ML disagree
10109744,Velika Goba,Litija,0.05282931493474454,Ljubljana,0.1448076571362006,0,Huff and ML disagree
10109752,Velika Kostrevnica,Litija,0.37863578708531037,Litija,0.3752340502885418,1,Huff and ML agree
10109779,Velika Preska,Litija,0.07813197948594736,Ljubljana,0.1447562491519978,0,Huff and ML disagree
10109787,Velika Štanga,Litija,0.2136209337513032,Ljubljana,0.2793431144421002,0,Huff and ML disagree
10109795,Veliki Vrh pri Litiji,Litija,0.5357954297689308,Litija,0.5634138913668402,1,Huff and ML agree
10109809,Vernek,Litija,0.1636164764025128,Ljubljana,0.2848100295410282,0,Huff and ML disagree
10109817,Vinji Vrh,Litija,0.1206945050299055,Litija,0.1793708629350464,1,Huff and ML agree
10109825,Vintarjevec,Litija,0.3665592103220439,Litija,0.3716316911303606,1,Huff and ML agree
10109833,Višnji Grm,Litija,0.2146039240388329,Litija,0.2523569360273356,1,Huff and ML agree
10109841,Vodice pri Gabrovki,Trebnje,0.03708309386257279,Ljubljana,0.1378547167573267,0,Huff and ML disagree
10109850,Volčja Jama,Litija,0.35965181220315273,Litija,0.3740991581203719,1,Huff and ML agree
10109868,Vovše,Litija,0.07083927975373673,Ljubljana,0.2113188823280909,0,Huff and ML disagree
10109876,Vrata,Litija,0.21039149133385304,Litija,0.2653921419102206,1,Huff and ML agree
10109884,Vrh pri Sobračah,Ivančna Gorica,0.14848715195361162,Litija,0.164983365552397,0,Huff and ML disagree
10109892,Zagozd,Trbovlje,0.05526474593661504,Ljubljana,0.1283547459856084,0,Huff and ML disagree
10109906,Zagrič,Trebnje,0.10924332900752588,Ljubljana,0.1557735629596219,0,Huff and ML disagree
10109914,Zapodje,Litija,0.15528928470114198,Ljubljana,0.2315574291899976,0,Huff and ML disagree
10109922,Zavrh,Trbovlje,0.07153320732607509,Ljubljana,0.1303667619692551,0,Huff and ML disagree
10109949,Zavrstnik,Litija,0.7467672893992615,Litija,0.6977661923097956,1,Huff and ML agree
10109957,Zglavnica,Trbovlje,0.06293294803542913,Ljubljana,0.1484749580429195,0,Huff and ML disagree
10109965,Zgornja Jablanica,Litija,0.48583220805136895,Litija,0.4402395449700114,1,Huff and ML agree
10109973,Zgornji Hotič,Litija,0.3030747251324318,Litija,0.3208193443288341,1,Huff and ML agree
10109981,Zgornja Jevnica,Ljubljana,0.19264820482339792,Ljubljana,0.3777130934857796,1,Huff and ML agree
10109990,Beričevo,Ljubljana,0.42318166659165896,Ljubljana,0.5435056609826265,1,Huff and ML agree
10110009,Brinje,Ljubljana,0.4206075489596514,Ljubljana,0.6207284471793082,1,Huff and ML agree
10110017,Dol pri Ljubljani,Dol pri Ljubljani,0.9968126691410704,Dol pri Ljubljani,1.0,1,Huff and ML agree
10110025,Kleče pri Dolu,Dol pri Ljubljani,0.5721335950629156,Dol pri Ljubljani,0.6096356223089645,1,Huff and ML agree
10110041,Podgora pri Dolskem,Dol pri Ljubljani,0.5689377988845383,Dol pri Ljubljani,0.5546903386114942,1,Huff and ML agree
10110050,Videm,Dol pri Ljubljani,0.6900520879992278,Dol pri Ljubljani,0.6089300976476432,1,Huff and ML agree
10110068,Zaboršt pri Dolu,Dol pri Ljubljani,0.5703686161153229,Dol pri Ljubljani,0.544597155304781,1,Huff and ML agree
10110076,Zajelše,Dol pri Ljubljani,0.5921086675736802,Dol pri Ljubljani,0.6317402371719346,1,Huff and ML agree
10110084,Ljubljana,Ljubljana,0.9947489979805201,Ljubljana,1.0,1,Huff and ML agree
10110092,Besnica,Ljubljana,0.35861041731812804,Ljubljana,0.6111190221142486,1,Huff and ML agree
10110106,Brezje pri Lipoglavu,Ljubljana,0.31996896679893544,Ljubljana,0.5184379628663053,1,Huff and ML agree
10110114,Češnjica,Ljubljana,0.43543305484357037,Ljubljana,0.6814016058300332,1,Huff and ML agree
10110122,Dolgo Brdo,Ljubljana,0.18967612257419247,Ljubljana,0.3764219664094818,1,Huff and ML agree
10110149,Dolsko,Ljubljana,0.3309005890737355,Ljubljana,0.3697278430950785,1,Huff and ML agree
10110157,Gabrje pri Jančah,Ljubljana,0.26114865214620114,Ljubljana,0.4633243289242918,1,Huff and ML agree
10110165,Janče,Ljubljana,0.2174072584485742,Ljubljana,0.409810256436942,1,Huff and ML agree
10110173,Javor,Ljubljana,0.3141242213884543,Ljubljana,0.5270890248781468,1,Huff and ML agree
10110181,Kamnica,Ljubljana,0.3094394559882308,Ljubljana,0.3915459290301599,1,Huff and ML agree
10110190,Klopce,Ljubljana,0.2515125053232587,Ljubljana,0.422696213594469,1,Huff and ML agree
10110203,Križevska vas,Ljubljana,0.2444320511525244,Ljubljana,0.3910492830544588,1,Huff and ML agree
10110211,Laze pri Dolskem,Ljubljana,0.30904558447460134,Ljubljana,0.4313654696518334,1,Huff and ML agree
10110238,Mali Lipoglav,Grosuplje,0.3658300473719087,Ljubljana,0.3818238803116274,0,Huff and ML disagree
10110246,Mali Vrh pri Prežganju,Ljubljana,0.1720908657486655,Ljubljana,0.3364860974568348,1,Huff and ML agree
10110254,Malo Trebeljevo,Ljubljana,0.1907884849646924,Ljubljana,0.3573577184713176,1,Huff and ML agree
10110262,Osredke,Ljubljana,0.29436421366718685,Ljubljana,0.4254546089106616,1,Huff and ML agree
10110289,Pance,Ljubljana,0.2924801344359465,Ljubljana,0.4171092116084816,1,Huff and ML agree
10110297,Petelinje,Ljubljana,0.32696217122791166,Ljubljana,0.3628467057573765,1,Huff and ML agree
10110319,Podgrad,Ljubljana,0.3795709407341412,Ljubljana,0.6454608473575426,1,Huff and ML agree
10110327,Podlipoglav,Ljubljana,0.43862106513009363,Ljubljana,0.6509896593918774,1,Huff and ML agree
10110335,Podmolnik,Ljubljana,0.41768453866561644,Ljubljana,0.6715264325677489,1,Huff and ML agree
10110343,Prežganje,Ljubljana,0.20936011795727041,Ljubljana,0.4064934228865683,1,Huff and ML agree
10110351,Ravno Brdo,Ljubljana,0.23869173547584197,Ljubljana,0.4823061359859561,1,Huff and ML agree
10110360,Repče,Ljubljana,0.32699608106637046,Ljubljana,0.4558848421149213,1,Huff and ML agree
10110378,Sadinja vas,Ljubljana,0.41768453866561644,Ljubljana,0.6922614737421436,1,Huff and ML agree
10110386,Selo pri Pancah,Ljubljana,0.3161055693970062,Ljubljana,0.5045334279899409,1,Huff and ML agree
10110394,Senožeti,Ljubljana,0.24065822904233022,Ljubljana,0.3746560302204416,1,Huff and ML agree
10110408,Šentpavel,Ljubljana,0.38685184064707095,Ljubljana,0.6144756073266745,1,Huff and ML agree
10110416,Tuji Grm,Ljubljana,0.19550900160228782,Ljubljana,0.3824650208064344,1,Huff and ML agree
10110424,Veliki Lipoglav,Ljubljana,0.30904558447460134,Ljubljana,0.452562958998935,1,Huff and ML agree
10110432,Veliko Trebeljevo,Ljubljana,0.19430365268852923,Ljubljana,0.3561863368962589,1,Huff and ML agree
10110459,Vinje,Ljubljana,0.2730530984952445,Ljubljana,0.3943768141320297,1,Huff and ML agree
10110467,Vnajnarje,Ljubljana,0.2973991457257323,Ljubljana,0.530782564705753,1,Huff and ML agree
10110475,Volavlje,Ljubljana,0.2449216626652298,Ljubljana,0.4308956694051514,1,Huff and ML agree
10110483,Vrh pri Dolskem,Ljubljana,0.23783686970556425,Ljubljana,0.417870978298419,1,Huff and ML agree
10110491,Zagorica pri Dolskem,Ljubljana,0.2626384308413538,Ljubljana,0.4082437229730457,1,Huff and ML agree
10110505,Zagradišče,Ljubljana,0.40395032990429913,Ljubljana,0.6656878314432354,1,Huff and ML agree
10110513,Zgornja Besnica,Ljubljana,0.2973991457257323,Ljubljana,0.5246678436609572,1,Huff and ML agree
10110521,Brezovica pri Medvodah,Ljubljana,0.3218799749650486,Ljubljana,0.5447457515119354,1,Huff and ML agree
10110530,Bukovica pri Vodicah,Vodice,0.4082927931406587,Vodice,0.3083521230360144,1,Huff and ML agree
10110548,Dobruša,Vodice,0.38480745338900696,Ljubljana,0.288000775863541,0,Huff and ML disagree
10110556,Dol,Medvode,0.3189843863704398,Ljubljana,0.3253631451758597,0,Huff and ML disagree
10110564,Dornice,Ljubljana,0.29300345143276074,Ljubljana,0.3121220773608237,1,Huff and ML agree
10110572,Dragočajna,Ljubljana,0.2976936769295068,Ljubljana,0.3012932511713222,1,Huff and ML agree
10110599,Dvor,Ljubljana,0.4503848975172546,Ljubljana,0.7112112985144309,1,Huff and ML agree
10110602,Golo Brdo,Ljubljana,0.37628590367790765,Ljubljana,0.4524251939391701,1,Huff and ML agree
10110629,Goričane,Medvode,0.8111428417600746,Medvode,0.6996121047589282,1,Huff and ML agree
10110637,Hraše,Ljubljana,0.29300345143276074,Ljubljana,0.3130959561497764,1,Huff and ML agree
10110645,Koseze,Ljubljana,0.30582826239276345,Ljubljana,0.310958654857135,1,Huff and ML agree
10110653,Ladja,Medvode,0.6706423290045594,Medvode,0.4646932973263176,1,Huff and ML agree
10110670,Medno,Medvode,0.5478416183702065,Ljubljana,0.5302042264390969,0,Huff and ML disagree
10110688,Medvode,Medvode,0.9990622605780761,Medvode,1.0,1,Huff and ML agree
10110696,Moše,Kranj,0.28325334053443085,Ljubljana,0.2883570693675637,0,Huff and ML disagree
10110700,Polje pri Vodicah,Ljubljana,0.3301617047468184,Ljubljana,0.3870608154381768,1,Huff and ML agree
10110718,Povodje,Ljubljana,0.4049483731959455,Ljubljana,0.5693021240376035,1,Huff and ML agree
10110726,Rakovnik,Medvode,0.6448486341971631,Medvode,0.4174658083261498,1,Huff and ML agree
10110734,Rašica,Ljubljana,0.43804700579363676,Ljubljana,0.6460466806300225,1,Huff and ML agree
10110742,Repnje,Ljubljana,0.32402981003064313,Ljubljana,0.3513667235030451,1,Huff and ML agree
10110769,Selo pri Vodicah,Ljubljana,0.32696217122791166,Ljubljana,0.3768775888901614,1,Huff and ML agree
10110777,Seničica,Medvode,0.69580688803798,Medvode,0.4417976646365406,1,Huff and ML agree
10110785,Skaručna,Ljubljana,0.40297093638924397,Ljubljana,0.4842963765333017,1,Huff and ML agree
10110793,Smlednik,Ljubljana,0.324327292181285,Ljubljana,0.3485091214280333,1,Huff and ML agree
10110807,Sora,Medvode,0.5020286716808111,Ljubljana,0.3130866858779947,0,Huff and ML disagree
10110815,Spodnja Senica,Medvode,0.5927989383856638,Medvode,0.355975181571058,1,Huff and ML agree
10110823,Spodnje Gameljne,Ljubljana,0.434804159242718,Ljubljana,0.7112246406202568,1,Huff and ML agree
10110831,Spodnje Pirniče,Medvode,0.5927989383856638,Ljubljana,0.4260539691763226,0,Huff and ML disagree
10110840,Srednje Gameljne,Ljubljana,0.41739351314183337,Ljubljana,0.6798458151760446,1,Huff and ML agree
10110858,Stanežiče,Ljubljana,0.4174286421069433,Ljubljana,0.6222428896171832,1,Huff and ML agree
10110866,Studenčice,Ljubljana,0.31533560854717174,Ljubljana,0.4306417646530807,1,Huff and ML agree
10110874,Šinkov Turn,Ljubljana,0.3171195826615851,Ljubljana,0.323919306242971,1,Huff and ML agree
10110882,Tehovec,Ljubljana,0.29466737331238074,Ljubljana,0.4591424109046401,1,Huff and ML agree
10110904,Topol pri Medvodah,Ljubljana,0.40245398883384664,Ljubljana,0.605286607250626,1,Huff and ML agree
10110912,Torovo,Ljubljana,0.2955774985209935,Ljubljana,0.2946844600976575,1,Huff and ML agree
10110939,Toško Čelo,Ljubljana,0.4191064754698759,Ljubljana,0.7384051216222111,1,Huff and ML agree
10110947,Trnovec,Ljubljana,0.3171195826615851,Ljubljana,0.4622695242093642,1,Huff and ML agree
10110955,Utik,Ljubljana,0.30904558447460134,Ljubljana,0.2924537115987103,1,Huff and ML agree
10110963,Valburga,Ljubljana,0.33166018702488037,Ljubljana,0.3324209568600009,1,Huff and ML agree
10110971,Vaše,Medvode,0.7959561061800606,Medvode,0.6386269300987603,1,Huff and ML agree
10110980,Verje,Medvode,0.8111428417600746,Medvode,0.707645749607341,1,Huff and ML agree
10110998,Vesca,Ljubljana,0.3210135192298765,Ljubljana,0.4195319433676918,1,Huff and ML agree
10111005,Vikrče,Ljubljana,0.4233277591996498,Ljubljana,0.5588483975621503,1,Huff and ML agree
10111013,Vodice,Vodice,0.996063935431299,Vodice,1.0,1,Huff and ML agree
10111021,Vojsko,Ljubljana,0.3840020556642745,Ljubljana,0.5181186975575551,1,Huff and ML agree
10111030,Zapoge,Ljubljana,0.2973991457257323,Ljubljana,0.2778775145571014,1,Huff and ML agree
10111048,Zavrh pod Šmarno goro,Ljubljana,0.3863304434245287,Ljubljana,0.4981792817617622,1,Huff and ML agree
10111056,Zbilje,Medvode,0.6439326564074457,Medvode,0.3937807403235455,1,Huff and ML agree
10111064,Zgornja Senica,Medvode,0.518109598000945,Medvode,0.3058640774191011,1,Huff and ML agree
10111072,Zgornje Gameljne,Ljubljana,0.41768453866561644,Ljubljana,0.639727108468782,1,Huff and ML agree
10111099,Zgornje Pirniče,Medvode,0.7399389625729347,Medvode,0.4958805493126176,1,Huff and ML agree
10111102,Žlebe,Medvode,0.34057322665432255,Ljubljana,0.4260736688457174,0,Huff and ML disagree
10111129,Osolnik,Ljubljana,0.24372034559802536,Ljubljana,0.3661678495615805,1,Huff and ML agree
10111137,Adamovo,Velike Lašče,0.25178256314768127,Velike Lašče,0.3079054746310249,1,Huff and ML agree
10111145,Babna Gora,Ljubljana,0.3050847009698429,Ljubljana,0.5353936852276228,1,Huff and ML agree
10111153,Bane,Ljubljana,0.07159790599974941,Ljubljana,0.2818953787250756,1,Huff and ML agree
10111161,Bavdek,Ljubljana,0.1357508370078384,Ljubljana,0.3369850579766744,1,Huff and ML agree
10111170,Belica,Ljubljana,0.3212786848585116,Ljubljana,0.5486795769486184,1,Huff and ML agree
10111188,Belo,Ljubljana,0.30671880347861363,Ljubljana,0.5446138755661951,1,Huff and ML agree
10111196,Borovec pri Karlovici,Velike Lašče,0.09305879378945135,Ljubljana,0.2655797437046582,0,Huff and ML disagree
10111200,Boštetje,Ljubljana,0.07156699131102273,Ljubljana,0.3151451893121494,1,Huff and ML agree
10111218,Brankovo,Velike Lašče,0.2147580215378919,Ljubljana,0.2547228400171222,0,Huff and ML disagree
10111226,Brest,Ljubljana,0.5611144203212971,Ljubljana,0.8283487170142033,1,Huff and ML agree
10111234,Brezje pri Dobrovi,Ljubljana,0.3403647930835883,Ljubljana,0.5238219935997716,1,Huff and ML agree
10111242,Brezovica pri Ljubljani,Brezovica,0.9981543596507539,Brezovica,1.0,1,Huff and ML agree
10111269,Briše pri Polhovem Gradcu,Ljubljana,0.2626991282544504,Ljubljana,0.4696334910634021,1,Huff and ML agree
10111277,Brlog - del,Ljubljana,0.055008027607388356,Ljubljana,0.2622128148743134,1,Huff and ML agree
10111285,Bukovec,Ljubljana,0.1394493648944889,Ljubljana,0.4050303979889798,1,Huff and ML agree
10111293,Butajnova,Ljubljana,0.12851608386493527,Ljubljana,0.3437353827237552,1,Huff and ML agree
10111307,Centa,Ljubljana,0.15736859445184032,Ljubljana,0.4179148052072287,1,Huff and ML agree
10111315,Četež pri Turjaku,Ljubljana,0.13102868166384748,Ljubljana,0.3995669808143889,1,Huff and ML agree
10111323,Črna vas,Ljubljana,0.5499200980696799,Ljubljana,0.8072551700387038,1,Huff and ML agree
10111331,Črni Vrh,Ljubljana,0.14767723135457483,Ljubljana,0.3645960011652139,1,Huff and ML agree
10111340,Dednik,Ljubljana,0.07066324696961979,Ljubljana,0.3314868032866002,1,Huff and ML agree
10111358,Dobravica,Ljubljana,0.3208734846367438,Ljubljana,0.4998270526069224,1,Huff and ML agree
10111366,Dobrova,Dobrova-Polhov Gradec,0.9978455537186756,Dobrova-Polhov Gradec,1.0,1,Huff and ML agree
10111374,Dole pri Škofljici,Ljubljana,0.39173319743901985,Ljubljana,0.4737829386951767,1,Huff and ML agree
10111382,Dolenja Brezovica,Ljubljana,0.29668182983190333,Ljubljana,0.4957904377175365,1,Huff and ML agree
10111404,Dolenja vas pri Polhovem Gradcu,Ljubljana,0.3046473661702004,Ljubljana,0.5141518348831081,1,Huff and ML agree
10111412,Dolenje Kališče,Ljubljana,0.05630439804922174,Ljubljana,0.2935002418450016,1,Huff and ML agree
10111439,Dolnje Retje,Velike Lašče,0.4482076278460817,Velike Lašče,0.5557671726754047,1,Huff and ML agree
10111447,Dolščaki,Ljubljana,0.12077426903251988,Ljubljana,0.3443973524130471,1,Huff and ML agree
10111455,Draževnik,Dobrova-Polhov Gradec,0.7382582926928238,Ljubljana,0.5211102669297261,0,Huff and ML disagree
10111463,Drenik,Ljubljana,0.32911282799112884,Ljubljana,0.4947391431368332,1,Huff and ML agree
10111471,Dvor pri Polhovem Gradcu,Ljubljana,0.3235275221737542,Ljubljana,0.5346872741025527,1,Huff and ML agree
10111480,Dvorska vas,Velike Lašče,0.18208286448845687,Ljubljana,0.2254122749299371,0,Huff and ML disagree
10111498,Gabrje,Dobrova-Polhov Gradec,0.47902545739915225,Ljubljana,0.5489240090586743,0,Huff and ML disagree
10111501,Glinek,Ljubljana,0.39272553023779977,Ljubljana,0.4133985223266161,1,Huff and ML agree
10111510,Golo,Ljubljana,0.2928018651008334,Ljubljana,0.5083646757038346,1,Huff and ML agree
10111528,Gorenja Brezovica,Ljubljana,0.25111728339149686,Ljubljana,0.4839560876315359,1,Huff and ML agree
10111536,Gorenje Blato,Ljubljana,0.37658048913774117,Ljubljana,0.4786107574716337,1,Huff and ML agree
10111544,Gorenje Kališče,Ljubljana,0.06266250011207358,Ljubljana,0.2915049749798755,1,Huff and ML agree
10111552,Goričica pod Krimom,Ljubljana,0.2822311354540064,Ljubljana,0.3923532621408347,1,Huff and ML agree
10111579,Gornje Retje,Velike Lašče,0.3144027462369442,Velike Lašče,0.4738219134070217,1,Huff and ML agree
10111587,Gornji Ig,Ljubljana,0.22367189533176202,Ljubljana,0.4940822685308754,1,Huff and ML agree
10111595,Gradež,Ljubljana,0.14229540561913168,Ljubljana,0.3390524530240114,1,Huff and ML agree
10111609,Gradišče,Ljubljana,0.12089974931132545,Ljubljana,0.3382626889954776,1,Huff and ML agree
10111617,Gradišče,Ljubljana,0.23783686970556425,Ljubljana,0.4615276984250423,1,Huff and ML agree
10111625,Grm,Velike Lašče,0.2550291044272901,Velike Lašče,0.3002764906145035,1,Huff and ML agree
10111633,Gumnišče,Ljubljana,0.3882723305195663,Ljubljana,0.418008835746558,1,Huff and ML agree
10111641,Hlebče,Velike Lašče,0.22570469516696334,Ljubljana,0.255065252812217,0,Huff and ML disagree
10111650,Horjul,Horjul,0.9975086659619007,Horjul,1.0,1,Huff and ML agree
10111668,Hrastenice,Ljubljana,0.38282406040967837,Ljubljana,0.5837831365616567,1,Huff and ML agree
10111676,Hrustovo,Velike Lašče,0.22570469516696334,Ljubljana,0.2502481592472714,0,Huff and ML disagree
10111684,Hruševo,Ljubljana,0.42734348962245833,Ljubljana,0.5826883266464948,1,Huff and ML agree
10111692,Ig,Ig,0.9985915770452648,Ig,1.0,1,Huff and ML agree
10111706,Iška,Ljubljana,0.29300345143276074,Ljubljana,0.5301380416233701,1,Huff and ML agree
10111714,Iška Loka,Ig,0.6748214236149848,Ljubljana,0.4629829026506957,0,Huff and ML disagree
10111722,Iška vas,Ljubljana,0.32124715653864394,Ljubljana,0.5123165499191872,1,Huff and ML agree
10111749,Jakičevo,Velike Lašče,0.2532723584798391,Velike Lašče,0.2906632264021792,1,Huff and ML agree
10111757,Javorje,Ljubljana,0.12357966948997218,Ljubljana,0.3766788005686973,1,Huff and ML agree
10111765,Jezero,Ljubljana,0.3567864856830999,Ljubljana,0.5527965755155176,1,Huff and ML agree
10111773,Kamnik pod Krimom,Ljubljana,0.3152904837538352,Ljubljana,0.4813289863820946,1,Huff and ML agree
10111781,Kaplanovo,Velike Lašče,0.2281769171311295,Velike Lašče,0.2513505467709159,1,Huff and ML agree
10111790,Karlovica,Velike Lašče,0.1524433135383738,Ljubljana,0.2587169923512298,0,Huff and ML disagree
10111803,Klada,Ljubljana,0.29501123580548955,Ljubljana,0.5057826293112747,1,Huff and ML agree
10111811,Knej,Velike Lašče,0.18429581433888093,Ljubljana,0.2767513518695589,0,Huff and ML disagree
10111820,Komanija,Dobrova-Polhov Gradec,0.6486519995782358,Ljubljana,0.5660686972844338,0,Huff and ML disagree
10111838,Koreno nad Horjulom,Ljubljana,0.19247665527408542,Ljubljana,0.3857209220733588,1,Huff and ML agree
10111846,Kot,Ig,0.4865928160327019,Ljubljana,0.4477578587880367,0,Huff and ML disagree
10111854,Kot pri Veliki Slevici,Velike Lašče,0.2281769171311295,Velike Lašče,0.2539771088728101,1,Huff and ML agree
10111862,Kremenica,Ljubljana,0.3397739915613351,Ljubljana,0.4726077675291762,1,Huff and ML agree
10111889,Krkovo pri Karlovici,Velike Lašče,0.12072591037473374,Ljubljana,0.2679132840943679,0,Huff and ML disagree
10111897,Krvava Peč,Ljubljana,0.1389487386689031,Ljubljana,0.4208054629872387,1,Huff and ML agree
10111919,Kukmaka,Velike Lašče,0.2938473151957648,Velike Lašče,0.3937287699711188,1,Huff and ML agree
10111927,Lanišče,Škofljica,0.6159745974781916,Škofljica,0.5035656674291904,1,Huff and ML agree
10111935,Laporje,Velike Lašče,0.16684169059615558,Ljubljana,0.3198537570904274,0,Huff and ML disagree
10111943,Lavrica,Ljubljana,0.49356044777810415,Ljubljana,0.6217362772039664,1,Huff and ML agree
10111951,Laze,Ljubljana,0.13480163691291674,Ljubljana,0.3348779078726803,1,Huff and ML agree
10111960,Lesno Brdo,Vrhnika,0.3138071753619587,Ljubljana,0.3642086082635677,0,Huff and ML disagree
10111978,Lipe,Ljubljana,0.42625661192146613,Ljubljana,0.6890758218905373,1,Huff and ML agree
10111986,Ljubgojna,Horjul,0.8098082833227302,Horjul,0.6298261797356368,1,Huff and ML agree
10112001,Log pri Polhovem Gradcu,Ljubljana,0.3742031525242202,Ljubljana,0.567635865169651,1,Huff and ML agree
10112010,Logarji,Velike Lašče,0.18680692517143777,Ljubljana,0.2740009192599389,0,Huff and ML disagree
10112028,Lužarji,Bloke,0.08031414206870048,Ljubljana,0.2474496426946836,0,Huff and ML disagree
10112036,Mački,Ljubljana,0.1290713883075613,Ljubljana,0.3560279385809,1,Huff and ML agree
10112044,Mala Slevica,Velike Lašče,0.2334541371898936,Velike Lašče,0.2564692818391098,1,Huff and ML agree
10112052,Male Lašče,Velike Lašče,0.503118962829165,Velike Lašče,0.6204057873783511,1,Huff and ML agree
10112079,Mali Ločnik,Ljubljana,0.1860257192352415,Ljubljana,0.3855964283459073,1,Huff and ML agree
10112087,Mali Osolnik,Ljubljana,0.12800988887447712,Ljubljana,0.3434604812064114,1,Huff and ML agree
10112095,Marinčki,Velike Lašče,0.1726398046102772,Ljubljana,0.2932081300998486,0,Huff and ML disagree
10112109,Matena,Ljubljana,0.5481880693010841,Ljubljana,0.8084664652853832,1,Huff and ML agree
10112117,Medvedjek,Velike Lašče,0.2979832652399934,Velike Lašče,0.3975482558457768,1,Huff and ML agree
10112125,Mohorje,Ljubljana,0.0867377562384593,Ljubljana,0.3235853648938873,1,Huff and ML agree
10112133,Naredi,Ljubljana,0.0674457674040646,Ljubljana,0.2820707550926012,1,Huff and ML agree
10112141,Notranje Gorice,Ljubljana,0.38282406040967837,Ljubljana,0.5182563467230671,1,Huff and ML agree
10112150,Opalkovo,Velike Lašče,0.23735917370975554,Velike Lašče,0.2754696164731,1,Huff and ML agree
10112168,Orle,Ljubljana,0.45357411373133827,Ljubljana,0.7061682733180311,1,Huff and ML agree
10112176,Osredek,Ljubljana,0.17314672545619902,Ljubljana,0.4203416328275248,1,Huff and ML agree
10112184,Osredek pri Dobrovi,Ljubljana,0.3433374515245169,Ljubljana,0.5548833870500008,1,Huff and ML agree
10112192,Pečki,Ljubljana,0.1266099598481427,Ljubljana,0.3617717905763815,1,Huff and ML agree
10112206,Pijava Gorica,Ljubljana,0.34234801367204815,Ljubljana,0.4671479218278957,1,Huff and ML agree
10112214,Planina nad Horjulom,Ljubljana,0.08145241317943316,Ljubljana,0.3105000611745174,1,Huff and ML agree
10112222,Planinca,Ljubljana,0.29334577388494804,Ljubljana,0.5157428979141712,1,Huff and ML agree
10112249,Pleše,Ljubljana,0.40245398883384664,Ljubljana,0.4740386493889233,1,Huff and ML agree
10112257,Plešivica,Ljubljana,0.40025423830125173,Ljubljana,0.5097974559322802,1,Huff and ML agree
10112265,Plosovo,Velike Lašče,0.10783048350184997,Ljubljana,0.2621453029096741,0,Huff and ML disagree
10112273,Podhojni Hrib,Ljubljana,0.1266772446391741,Ljubljana,0.3743246236437414,1,Huff and ML agree
10112281,Podkogelj,Velike Lašče,0.14818162458338643,Ljubljana,0.2640401653302442,0,Huff and ML disagree
10112290,Podkraj,Velike Lašče,0.20665225098056436,Ljubljana,0.2249429265952681,0,Huff and ML disagree
10112303,Podlog,Velike Lašče,0.20903395866828567,Ljubljana,0.2745572003519979,0,Huff and ML disagree
10112311,Podolnica,Ljubljana,0.30686556210435556,Ljubljana,0.4276118132065138,1,Huff and ML agree
10112320,Podpeč,Ljubljana,0.34374472982911797,Ljubljana,0.5343840394273939,1,Huff and ML agree
10112338,Podreber,Ljubljana,0.2930355746478812,Ljubljana,0.4911712615895093,1,Huff and ML agree
10112346,Podsmreka,Dobrova-Polhov Gradec,0.5565289485808342,Ljubljana,0.6199330702350874,0,Huff and ML disagree
10112354,Podsmreka pri Velikih Laščah,Velike Lašče,0.2550291044272901,Velike Lašče,0.3212191001604446,1,Huff and ML agree
10112362,Podstrmec,Ljubljana,0.05589820496311931,Ljubljana,0.257236084141594,1,Huff and ML agree
10112389,Podulaka,Velike Lašče,0.25178256314768127,Velike Lašče,0.2941967473311693,1,Huff and ML agree
10112397,Podžaga,Velike Lašče,0.10979445632949913,Ljubljana,0.2615787237320167,0,Huff and ML disagree
10112419,Polhov Gradec,Ljubljana,0.25281469238407384,Ljubljana,0.4787874860373713,1,Huff and ML agree
10112427,Polzelo,Velike Lašče,0.12280748192129304,Ljubljana,0.2578255475573672,0,Huff and ML disagree
10112435,Poznikovo,Velike Lašče,0.10783048350184997,Ljubljana,0.2622339150654762,0,Huff and ML disagree
10112443,Praproče,Ljubljana,0.2444320511525244,Ljubljana,0.4526220760517706,1,Huff and ML agree
10112451,Prazniki,Ljubljana,0.14077236197100607,Ljubljana,0.3990504188512732,1,Huff and ML agree
10112460,Preserje,Ljubljana,0.30742596259738825,Ljubljana,0.5040595737719074,1,Huff and ML agree
10112478,Prevalje pod Krimom,Ljubljana,0.2976936769295068,Ljubljana,0.446067757517293,1,Huff and ML agree
10112486,Prhajevo,Velike Lašče,0.29746928908763204,Velike Lašče,0.3897742664654113,1,Huff and ML agree
10112494,Prilesje,Velike Lašče,0.25178256314768127,Velike Lašče,0.3057411320802676,1,Huff and ML agree
10112508,Pristava pri Polh. Gradcu,Ljubljana,0.26991478046434847,Ljubljana,0.4841655953922316,1,Huff and ML agree
10112516,Purkače,Ljubljana,0.12458609786208134,Ljubljana,0.4027477099652335,1,Huff and ML agree
10112524,Pušče,Velike Lašče,0.43373027748890175,Velike Lašče,0.4972421661930837,1,Huff and ML agree
10112532,Rakitna,Ljubljana,0.1333033895145905,Ljubljana,0.3946155544452372,1,Huff and ML agree
10112559,Rašica,Velike Lašče,0.29746928908763204,Velike Lašče,0.3663187846850202,1,Huff and ML agree
10112567,Razori,Dobrova-Polhov Gradec,0.8505851524334974,Dobrova-Polhov Gradec,0.551498996131423,1,Huff and ML agree
10112575,Reber pri Škofljici,Ljubljana,0.43862106513009363,Ljubljana,0.4214706718563733,1,Huff and ML agree
10112583,Rob,Ljubljana,0.12800988887447712,Ljubljana,0.3609799958484248,1,Huff and ML agree
10112591,Rogatec nad Želimljami,Ljubljana,0.19264820482339792,Ljubljana,0.4704770827038582,1,Huff and ML agree
10112605,Rovt,Ljubljana,0.12546586238590055,Ljubljana,0.3478799437772514,1,Huff and ML agree
10112613,Rupe,Ljubljana,0.0746070093074445,Ljubljana,0.3321237245030338,1,Huff and ML agree
10112621,Samotorica,Ljubljana,0.1705523827827788,Ljubljana,0.3767494400233674,1,Huff and ML agree
10112630,Sarsko,Ljubljana,0.32911282799112884,Ljubljana,0.5041263069965319,1,Huff and ML agree
10112648,Sekirišče,Ljubljana,0.14688301846032092,Ljubljana,0.4003548144806789,1,Huff and ML agree
10112656,Selnik,Ljubljana,0.2627003242464831,Ljubljana,0.4974928790238956,1,Huff and ML agree
10112664,Selo nad Polhovim Gradcem,Ljubljana,0.19247665527408542,Ljubljana,0.3990807142268625,1,Huff and ML agree
10112672,Selo pri Robu,Ljubljana,0.08133387180688739,Ljubljana,0.3367617137749162,1,Huff and ML agree
10112699,Setnica - del,Ljubljana,0.22367189533176202,Ljubljana,0.4502235353467215,1,Huff and ML agree
10112702,Setnik,Ljubljana,0.19528809661122054,Ljubljana,0.4472656764809388,1,Huff and ML agree
10112729,Sloka Gora,Ljubljana,0.140302397616161,Ljubljana,0.3454520303445726,1,Huff and ML agree
10112737,Smolnik,Ljubljana,0.13072318386631498,Ljubljana,0.3624002360754681,1,Huff and ML agree
10112745,Smrjene,Ljubljana,0.29876175944706296,Ljubljana,0.4557685078825879,1,Huff and ML agree
10112753,Srednja vas pri Polh. Grad.,Ljubljana,0.29300345143276074,Ljubljana,0.5044689012345599,1,Huff and ML agree
10112761,Srednji Vrh,Ljubljana,0.12077426903251988,Ljubljana,0.3751863219968029,1,Huff and ML agree
10112770,Srnjak,Ljubljana,0.1395993292421838,Ljubljana,0.3570984025934117,1,Huff and ML agree
10112788,Srobotnik pri Vel. Laščah,Velike Lašče,0.5090362212517158,Velike Lašče,0.6465485111520474,1,Huff and ML agree
10112796,Staje,Ig,0.7069037837945464,Ig,0.4867013584014521,1,Huff and ML agree
10112800,Stope,Velike Lašče,0.18661706350918472,Ljubljana,0.2700452613118741,0,Huff and ML disagree
10112818,Strahomer,Ljubljana,0.33050866805221985,Ljubljana,0.5198797586325714,1,Huff and ML agree
10112826,Stranska vas,Dobrova-Polhov Gradec,0.761686357165315,Dobrova-Polhov Gradec,0.4797920256757917,1,Huff and ML agree
10112834,Strletje,Ljubljana,0.12112052227954255,Ljubljana,0.3618997733658087,1,Huff and ML agree
10112842,Strmec,Velike Lašče,0.2964602766326546,Velike Lašče,0.4318664993774164,1,Huff and ML agree
10112869,Ščurki,Ljubljana,0.17032078588653132,Ljubljana,0.4034057938369413,1,Huff and ML agree
10112877,Šentjošt nad Horjulom,Ljubljana,0.1333033895145905,Ljubljana,0.3524868531274422,1,Huff and ML agree
10112885,Škamevec,Ljubljana,0.12089974931132545,Ljubljana,0.3542751496806685,1,Huff and ML agree
10112893,Škofljica,Škofljica,0.9985915770452648,Škofljica,1.0,1,Huff and ML agree
10112907,Škrilje,Ljubljana,0.29607537944175083,Ljubljana,0.5143765248070145,1,Huff and ML agree
10112915,Škrlovica,Velike Lašče,0.1827748130490779,Ljubljana,0.2304583209509119,0,Huff and ML disagree
10112923,Šujica,Dobrova-Polhov Gradec,0.7723560776954307,Dobrova-Polhov Gradec,0.53999119984537,1,Huff and ML agree
10112931,Tomažini,Velike Lašče,0.1522512646203319,Ljubljana,0.3155789411203263,0,Huff and ML disagree
10112940,Tomišelj,Ljubljana,0.38388285606609346,Ljubljana,0.6041322125993881,1,Huff and ML agree
10112958,Turjak,Ljubljana,0.1789202835832873,Ljubljana,0.349941789544715,1,Huff and ML agree
10112966,Ulaka,Velike Lašče,0.29864814906180276,Velike Lašče,0.3743183473242111,1,Huff and ML agree
10112974,Uzmani,Ljubljana,0.12357966948997218,Ljubljana,0.3900267210992252,1,Huff and ML agree
10112982,Velika Slevica,Velike Lašče,0.2730964812503393,Velike Lašče,0.3475267237567614,1,Huff and ML agree
10113008,Velike Lašče,Velike Lašče,0.9985005949566633,Velike Lašče,1.0,1,Huff and ML agree
10113016,Veliki Ločnik,Ljubljana,0.2444320511525244,Ljubljana,0.412762575015178,1,Huff and ML agree
10113024,Veliki Osolnik,Velike Lašče,0.14050298184061943,Ljubljana,0.3143722471607877,0,Huff and ML disagree
10113032,Visoko,Ljubljana,0.19095982239208337,Ljubljana,0.4690572588724221,1,Huff and ML agree
10113059,Vnanje Gorice,Brezovica,0.6273410819443221,Ljubljana,0.43464942152356,0,Huff and ML disagree
10113067,Vrbljene,Ljubljana,0.3400476263565961,Ljubljana,0.5007610365464688,1,Huff and ML agree
10113075,Vrh,Ljubljana,0.07738035697146574,Ljubljana,0.3235941977864144,1,Huff and ML agree
10113083,Vrh nad Želimljami,Ljubljana,0.23783686970556425,Ljubljana,0.4364201337763007,1,Huff and ML agree
10113091,Vrzdenec,Ljubljana,0.24065822904233022,Ljubljana,0.3445130658124099,1,Huff and ML agree
10113105,Zaklanec,Horjul,0.514711865537412,Ljubljana,0.3173821999089719,0,Huff and ML disagree
10113113,Zalog pri Škofljici,Škofljica,0.5997590132249878,Škofljica,0.4719440386627263,1,Huff and ML agree
10113121,Zapotok,Ljubljana,0.1877079014356398,Ljubljana,0.4458715085478215,1,Huff and ML agree
10113130,Zgonče,Velike Lašče,0.08233710050581251,Ljubljana,0.2879606195852168,0,Huff and ML disagree
10113148,Žaga,Velike Lašče,0.10259865445807156,Ljubljana,0.2616990396551867,0,Huff and ML disagree
10113156,Žažar,Vrhnika,0.27455618065741466,Ljubljana,0.3203502529835718,0,Huff and ML disagree
10113164,Želimlje,Ljubljana,0.2524492485153833,Ljubljana,0.4738615817890964,1,Huff and ML agree
10113172,Podplešivica,Ljubljana,0.3863540997270031,Ljubljana,0.4929256752204041,1,Huff and ML agree
10113199,Žabnica,Ljubljana,0.44452265424761317,Ljubljana,0.482447327704976,1,Huff and ML agree
10113202,Babinci,Ljutomer,0.5062979041557931,Ljutomer,0.5423784185211001,1,Huff and ML agree
10113229,Banovci,Veržej,0.424596791856558,Veržej,0.4158919668935062,1,Huff and ML agree
10113237,Berkovci,Murska Sobota,0.18684380045847251,Murska Sobota,0.1169458043092627,1,Huff and ML agree
10113245,Berkovski Prelogi,Murska Sobota,0.1913683191688046,Murska Sobota,0.1447010270651941,1,Huff and ML agree
10113253,Bodislavci,Ptuj,0.21532061245963774,Ptuj,0.1189990155170224,1,Huff and ML agree
10113261,Bolehnečici,Murska Sobota,0.18878657032178456,Sveti Jurij ob Ščavnici,0.1733579162104868,0,Huff and ML disagree
10113270,Boreci,Križevci,0.6932167954907774,Križevci,0.7105728316106781,1,Huff and ML agree
10113288,Branoslavci,Ljutomer,0.280983705585606,Ljutomer,0.2675035396416801,1,Huff and ML agree
10113296,Bučečovci,Murska Sobota,0.189041334620062,Murska Sobota,0.2456957383997526,1,Huff and ML agree
10113300,Bučkovci,Ptuj,0.2054515497305928,Sveti Jurij ob Ščavnici,0.12374795945959,0,Huff and ML disagree
10113318,Bunčani,Veržej,0.30234288543818144,Veržej,0.3550008601805324,1,Huff and ML agree
10113326,Cezanjevci,Ljutomer,0.35981317934751766,Ljutomer,0.431155654605795,1,Huff and ML agree
10113334,Cuber,Ljutomer,0.48088604614414954,Ljutomer,0.5864455331087529,1,Huff and ML agree
10113342,Cven,Ljutomer,0.34180746192517175,Ljutomer,0.4071096656715033,1,Huff and ML agree
10113369,Desnjak,Ljutomer,0.18182431582239494,Ljutomer,0.2039129426773736,1,Huff and ML agree
10113377,Dobrava,Murska Sobota,0.14283346687924342,Murska Sobota,0.2057559727889888,1,Huff and ML agree
10113385,Drakovci,Ptuj,0.213007464533325,Ptuj,0.1188719789782453,1,Huff and ML agree
10113393,Gajševci,Murska Sobota,0.1808578537294078,Ljutomer,0.1330880349452369,0,Huff and ML disagree
10113407,Gibina,Razkrižje,0.5676114045652809,Razkrižje,0.475716684127899,1,Huff and ML agree
10113415,Globoka,Ljutomer,0.36408038439441737,Ljutomer,0.5104670550536415,1,Huff and ML agree
10113423,Godemarci,Ptuj,0.177306653928883,Ptuj,0.1080865994819605,1,Huff and ML agree
10113431,Grabe pri Ljutomeru,Ljutomer,0.2090386321134973,Ljutomer,0.1976681828385635,1,Huff and ML agree
10113440,Gresovščak,Ljutomer,0.47785180095709,Ljutomer,0.5849793237390245,1,Huff and ML agree
10113458,Grlava,Ljutomer,0.2863201735554028,Ljutomer,0.2311053869113648,1,Huff and ML agree
10113466,Iljaševci,Križevci,0.5250329612316637,Križevci,0.4780684600570565,1,Huff and ML agree
10113474,Ilovci,Ljutomer,0.36319022793338307,Ljutomer,0.5127899077593904,1,Huff and ML agree
10113482,Jeruzalem,Ljutomer,0.29089298773377714,Ljutomer,0.3615225639028065,1,Huff and ML agree
10113504,Ključarovci pri Ljutomeru,Križevci,0.3470703808784531,Križevci,0.3509613252554924,1,Huff and ML agree
10113512,Kokoriči,Murska Sobota,0.18878474734623216,Murska Sobota,0.1334699160058934,1,Huff and ML agree
10113539,Kopriva,Ljutomer,0.2857955718106409,Ljutomer,0.330847786443519,1,Huff and ML agree
10113547,Krapje,Ljutomer,0.28509445369214437,Ljutomer,0.2983917410106385,1,Huff and ML agree
10113555,Krištanci,Ljutomer,0.31991279605361034,Ljutomer,0.2864026714934716,1,Huff and ML agree
10113563,Križevci pri Ljutomeru,Križevci,0.9997536556702673,Križevci,1.0,1,Huff and ML agree
10113571,Kuršinci,Ptuj,0.21049057899038268,Ptuj,0.1140571688471738,1,Huff and ML agree
10113580,Ljutomer,Ljutomer,1.0,Ljutomer,1.0,1,Huff and ML agree
10113598,Logarovci,Križevci,0.2168273036031545,Križevci,0.1568751273897162,1,Huff and ML agree
10113601,Lukavci,Ljutomer,0.3196422056953686,Ljutomer,0.2944221426401818,1,Huff and ML agree
10113610,Mekotnjak,Ljutomer,0.30858959996822966,Ljutomer,0.3412225039314038,1,Huff and ML agree
10113628,Moravci v Slov. goricah,Ptuj,0.22907574334901476,Ptuj,0.1356153967224422,1,Huff and ML agree
10113636,Mota,Ljutomer,0.30756784415522315,Ljutomer,0.3466387595156165,1,Huff and ML agree
10113644,Noršinci pri Ljutomeru,Ljutomer,0.5116697509094614,Ljutomer,0.5372531290910056,1,Huff and ML agree
10113652,Nunska Graba,Ljutomer,0.5755452611096439,Ljutomer,0.6812960559185023,1,Huff and ML agree
10113679,Plešivica,Ljutomer,0.3453731182020708,Ljutomer,0.4589856996699637,1,Huff and ML agree
10113687,Podgradje,Ljutomer,0.8227166285612014,Ljutomer,0.8690036155189149,1,Huff and ML agree
10113695,Precetinci,Murska Sobota,0.1775108670878832,Murska Sobota,0.11781697945108,1,Huff and ML agree
10113709,Presika,Ljutomer,0.34257965137700025,Ljutomer,0.4672937026746345,1,Huff and ML agree
10113717,Pristava,Ljutomer,0.4802456418652954,Ljutomer,0.5660756732406393,1,Huff and ML agree
10113725,Radomerje,Ljutomer,0.6582079217576948,Ljutomer,0.7363204842101428,1,Huff and ML agree
10113733,Radomerščak,Ljutomer,0.35981317934751766,Ljutomer,0.477005503021181,1,Huff and ML agree
10113741,Radoslavci,Murska Sobota,0.17665234498159715,Ljutomer,0.1573675536719966,0,Huff and ML disagree
10113750,Razkrižje,Razkrižje,0.3906956863139836,Razkrižje,0.2692436017797869,1,Huff and ML agree
10113768,Rinčetova Graba,Ljutomer,0.6197065395292243,Ljutomer,0.7056574533486103,1,Huff and ML agree
10113776,Sitarovci,Murska Sobota,0.15937348700914392,Ljutomer,0.1224229044007415,0,Huff and ML disagree
10113784,Slamnjak,Ljutomer,0.529165244259265,Ljutomer,0.6618716118768891,1,Huff and ML agree
10113792,Spodnji Kamenščak,Ljutomer,0.7379193075829517,Ljutomer,0.7786868608529197,1,Huff and ML agree
10113806,Stara Cesta,Ljutomer,0.27977587248493624,Ljutomer,0.2777775329662082,1,Huff and ML agree
10113814,Stara Nova vas,Križevci,0.2773236042969257,Križevci,0.19645439101585,1,Huff and ML agree
10113822,Stročja vas,Ljutomer,0.7355238284667768,Ljutomer,0.7842375630040932,1,Huff and ML agree
10113849,Šafarsko,Razkrižje,0.9995635905720909,Razkrižje,1.0,1,Huff and ML agree
10113857,Šalinci,Ljutomer,0.345694957961143,Ljutomer,0.3660800198206187,1,Huff and ML agree
10113865,Šprinc,Ljutomer,0.2866235585941643,Ljutomer,0.353768446576818,1,Huff and ML agree
10113873,Veržej,Veržej,0.999632338989664,Veržej,1.0,1,Huff and ML agree
10113881,Veščica,Ljutomer,0.33673395810898143,Ljutomer,0.391318836044584,1,Huff and ML agree
10113890,Vidanovci,Ljutomer,0.20603542130448765,Ljutomer,0.2205687297638824,1,Huff and ML agree
10113903,Vogričevci,Ljutomer,0.1819537204675182,Ljutomer,0.193591877698094,1,Huff and ML agree
10113911,Vučja vas,Murska Sobota,0.19647290644084564,Murska Sobota,0.2660557341186819,1,Huff and ML agree
10113920,Zasadi,Murska Sobota,0.14975577097576628,Murska Sobota,0.2087987472493369,1,Huff and ML agree
10113938,Zgornji Kamenščak,Ljutomer,0.28389794752527253,Ljutomer,0.2945058827547069,1,Huff and ML agree
10113946,Železne Dveri,Ljutomer,0.6470269828578629,Ljutomer,0.7211103639525871,1,Huff and ML agree
10113954,Mala Nedelja,Ptuj,0.21447635139483354,Ptuj,0.1199878494926868,1,Huff and ML agree
10113962,Grčarevec,Logatec,0.16841640200309033,Logatec,0.1855087432169287,1,Huff and ML agree
10113989,Hleviše,Ljubljana,0.05589820496311931,Ljubljana,0.2483025538514629,1,Huff and ML agree
10113997,Hlevni Vrh,Vrhnika,0.05990935960600157,Ljubljana,0.2655551115107494,0,Huff and ML disagree
10114004,Hotedršica,Logatec,0.07970286346851198,Ljubljana,0.2019437387942642,0,Huff and ML disagree
10114012,Jakovica,Vrhnika,0.11653806909935797,Ljubljana,0.182814074383728,0,Huff and ML disagree
10114039,Kalce,Logatec,0.4073430835495693,Logatec,0.3627060694492423,1,Huff and ML agree
10114047,Lavrovec,Ljubljana,0.07112167680613024,Ljubljana,0.2846603474102506,1,Huff and ML agree
10114055,Laze,Logatec,0.1663101745191623,Ljubljana,0.1705217611634447,0,Huff and ML disagree
10114063,Medvedje Brdo,Idrija,0.07219355070008554,Ljubljana,0.2178353470477963,0,Huff and ML disagree
10114071,Novi Svet,Logatec,0.09716833683721783,Ljubljana,0.2045762866971018,0,Huff and ML disagree
10114080,Petkovec,Vrhnika,0.1501200668817308,Ljubljana,0.2329733333012633,0,Huff and ML disagree
10114098,Praprotno Brdo,Vrhnika,0.06742249695887276,Ljubljana,0.2642430091686603,0,Huff and ML disagree
10114101,Ravnik pri Hotedršici,Logatec,0.10461720984556473,Ljubljana,0.2020349999642499,0,Huff and ML disagree
10114110,Rovtarske Žibrše,Vrhnika,0.14617349095102378,Ljubljana,0.2253697898385154,0,Huff and ML disagree
10114128,Rovte,Vrhnika,0.07263477789579027,Ljubljana,0.2516823637425665,0,Huff and ML disagree
10114136,Vrh Sv. Treh Kraljev,Ljubljana,0.07382427332007548,Ljubljana,0.2714255824688449,1,Huff and ML agree
10114144,Zaplana - del,Logatec,0.2885382837238023,Vrhnika,0.2264244139669471,0,Huff and ML disagree
10114152,Žibrše,Logatec,0.16630003935453216,Logatec,0.2183122499926876,1,Huff and ML agree
10114179,Logatec,Logatec,0.9994119931925897,Logatec,1.0,1,Huff and ML agree
10114187,Bereča vas,Metlika,0.2010356487232792,Metlika,0.3190117115957062,1,Huff and ML agree
10114195,Boginja vas,Črnomelj,0.22025865989887794,Črnomelj,0.341808385557324,1,Huff and ML agree
10114209,Bojanja vas,Metlika,0.20076593911236432,Metlika,0.3747895643879833,1,Huff and ML agree
10114217,Boldraž,Metlika,0.3720394707884468,Metlika,0.6501022345081379,1,Huff and ML agree
10114225,Boršt,Črnomelj,0.2654288245867921,Črnomelj,0.3623808864170478,1,Huff and ML agree
10114233,Božakovo,Metlika,0.21950353940744693,Metlika,0.4527095394986329,1,Huff and ML agree
10114241,Božič Vrh,Novo mesto,0.17442745020193118,Novo mesto,0.2314417370709081,1,Huff and ML agree
10114250,Brezovica pri Metliki,Metlika,0.18586694001171225,Metlika,0.3406875536777081,1,Huff and ML agree
10114268,Bušinja vas,Metlika,0.2110605822827828,Metlika,0.3458436701694921,1,Huff and ML agree
10114276,Čurile,Metlika,0.7360593510433244,Metlika,0.9161347829252876,1,Huff and ML agree
10114284,Dole,Novo mesto,0.15851001622630123,Novo mesto,0.2101334174455749,1,Huff and ML agree
10114292,Dolnja Lokvica,Metlika,0.27493208809534875,Metlika,0.4567358351152186,1,Huff and ML agree
10114306,Dolnje Dobravice,Metlika,0.22569975651106378,Metlika,0.3818599319470947,1,Huff and ML agree
10114314,Dolnji Suhor pri Metliki,Metlika,0.13814491552133945,Metlika,0.2503875356388098,1,Huff and ML agree
10114322,Drage,Novo mesto,0.15198800510345278,Novo mesto,0.1976873993784561,1,Huff and ML agree
10114349,Dragomlja vas,Metlika,0.17555834121523364,Metlika,0.2935548953812309,1,Huff and ML agree
10114357,Drašiči,Metlika,0.2727301365598998,Metlika,0.5344942302006663,1,Huff and ML agree
10114365,Geršiči,Črnomelj,0.2119522864463513,Črnomelj,0.280434256341376,1,Huff and ML agree
10114373,Gornja Lokvica,Metlika,0.24317006656010487,Metlika,0.4129425557759062,1,Huff and ML agree
10114381,Gornje Dobravice,Metlika,0.27741028174941673,Metlika,0.4769549543941198,1,Huff and ML agree
10114390,Gornji Suhor pri Metliki,Novo mesto,0.13855567532226082,Metlika,0.2329590587736008,0,Huff and ML disagree
10114403,Grabrovec,Metlika,0.3036871844651752,Metlika,0.5307698255389408,1,Huff and ML agree
10114411,Gradac,Črnomelj,0.41443209821621013,Črnomelj,0.5360640552791928,1,Huff and ML agree
10114420,Grm pri Podzemlju,Črnomelj,0.25918182123462674,Metlika,0.306148080656661,0,Huff and ML disagree
10114438,Hrast pri Jugorju,Novo mesto,0.151927155077343,Metlika,0.1884985764127362,0,Huff and ML disagree
10114446,Jugorje pri Metliki,Novo mesto,0.18054516782614788,Novo mesto,0.2422510394356574,1,Huff and ML agree
10114454,Kamenica,Metlika,0.13637714957830185,Metlika,0.3332953549719391,1,Huff and ML agree
10114462,Kapljišče,Črnomelj,0.28660541473292883,Črnomelj,0.371103125726434,1,Huff and ML agree
10114489,Klošter,Črnomelj,0.3990053364136218,Črnomelj,0.4812702201601692,1,Huff and ML agree
10114497,Krasinec,Črnomelj,0.23029427359993376,Črnomelj,0.3581015211625758,1,Huff and ML agree
10114519,Krašnji Vrh,Metlika,0.12975374141641946,Metlika,0.2881905598968204,1,Huff and ML agree
10114527,Krivoglavice,Metlika,0.2273357221627459,Metlika,0.3976929374206164,1,Huff and ML agree
10114535,Križevska vas,Metlika,0.5145229619624154,Metlika,0.720717358851264,1,Huff and ML agree
10114543,Krmačina,Metlika,0.13448040862846872,Metlika,0.3289332773176645,1,Huff and ML agree
10114551,Mačkovec pri Suhorju,Novo mesto,0.16382567066342155,Novo mesto,0.2299226414747088,1,Huff and ML agree
10114560,Malo Lešče,Metlika,0.16146520462323,Metlika,0.3147528994269266,1,Huff and ML agree
10114578,Metlika,Metlika,0.99933485762002,Metlika,1.0,1,Huff and ML agree
10114586,Mlake,Črnomelj,0.23241524915607495,Črnomelj,0.3521284814031215,1,Huff and ML agree
10114594,Okljuka,Črnomelj,0.30709230765330164,Črnomelj,0.4135658560178112,1,Huff and ML agree
10114608,Otok,Metlika,0.20140910526557274,Metlika,0.3272911238713992,1,Huff and ML agree
10114616,Podzemelj,Črnomelj,0.27613471994829686,Črnomelj,0.3465007099490758,1,Huff and ML agree
10114624,Prilozje,Črnomelj,0.22542143986189284,Črnomelj,0.3467145568124685,1,Huff and ML agree
10114632,Primostek,Metlika,0.30716301903251153,Metlika,0.50512918620918,1,Huff and ML agree
10114659,Radoši,Metlika,0.16168928130655258,Metlika,0.3545210824341259,1,Huff and ML agree
10114667,Radovica,Metlika,0.22513705317664784,Metlika,0.4386578740749126,1,Huff and ML agree
10114675,Radoviči,Metlika,0.3704663066616643,Metlika,0.642337096888601,1,Huff and ML agree
10114683,Rakovec,Metlika,0.13520000825120973,Metlika,0.3200159953403441,1,Huff and ML agree
10114691,Ravnace,Novo mesto,0.14064322806237514,Metlika,0.1954568038478743,0,Huff and ML disagree
10114705,Rosalnice,Metlika,0.6114603961031654,Metlika,0.8211571668864961,1,Huff and ML agree
10114713,Sela pri Jugorju,Novo mesto,0.160437786523641,Novo mesto,0.2146157815401183,1,Huff and ML agree
10114721,Slamna vas,Metlika,0.3804471401995773,Metlika,0.6680320053020188,1,Huff and ML agree
10114730,Svržaki,Metlika,0.8221912831141984,Metlika,0.9557820540362572,1,Huff and ML agree
10114748,Škemljevec,Novo mesto,0.1654722243706077,Novo mesto,0.2193098967734648,1,Huff and ML agree
10114756,Škrilje,Črnomelj,0.24815647957241624,Črnomelj,0.3434145383868794,1,Huff and ML agree
10114764,Trnovec,Metlika,0.3102605954412194,Metlika,0.5297115959778425,1,Huff and ML agree
10114772,Vidošiči,Metlika,0.18061017750349573,Metlika,0.4035141368367637,1,Huff and ML agree
10114799,Zemelj,Črnomelj,0.23220711142271533,Črnomelj,0.3098333495324554,1,Huff and ML agree
10114802,Želebej,Metlika,0.27173981391077573,Metlika,0.5243315022167004,1,Huff and ML agree
10114829,Železniki,Metlika,0.14080406627274597,Metlika,0.3507809712444286,1,Huff and ML agree
10114837,Bočna,Gornji Grad,0.16225128024170452,Gornji Grad,0.1427903204030598,1,Huff and ML agree
10114845,Brezje,Mozirje,0.3765593023821408,Mozirje,0.448468309361595,1,Huff and ML agree
10114853,Čreta pri Kokarjah,Mozirje,0.08163329029008745,Mozirje,0.1280599280670175,1,Huff and ML agree
10114861,Dobletina,Nazarje,0.47614708359017466,Nazarje,0.3866406596132092,1,Huff and ML agree
10114870,Dobrovlje pri Mozirju,Nazarje,0.13802848206345297,Nazarje,0.1695894105761218,1,Huff and ML agree
10114888,Dol,Gornji Grad,0.4993331035216966,Gornji Grad,0.4921428895152338,1,Huff and ML agree
10114896,Dol-Suha,Rečica ob Savinji,0.28783727157141514,Rečica ob Savinji,0.360273504424271,1,Huff and ML agree
10114900,Florjan pri Gornjem Gradu,Gornji Grad,0.14455940341692966,Gornji Grad,0.1545615429874426,1,Huff and ML agree
10114918,Gornji Grad,Gornji Grad,0.998662237904092,Gornji Grad,1.0,1,Huff and ML agree
10114926,Grušovlje,Ljubno,0.11196890826093274,Rečica ob Savinji,0.1907903232194291,0,Huff and ML disagree
10114934,Homec,Ljubno,0.0631686079837549,Rečica ob Savinji,0.1249701680670081,0,Huff and ML disagree
10114942,Juvanje,Ljubno,0.34099436651623544,Ljubno,0.3259449431122824,1,Huff and ML agree
10114969,Kokarje,Nazarje,0.22592112388449226,Nazarje,0.1976774636101993,1,Huff and ML agree
10114977,Konjski Vrh,Luče,0.055180265090977815,Ljubljana,0.1486664498601156,0,Huff and ML disagree
10114985,Krnica,Luče,0.31959799622738794,Luče,0.1978621800921884,1,Huff and ML agree
10114993,Lačja vas,Rečica ob Savinji,0.20807029275123043,Rečica ob Savinji,0.2447560412999192,1,Huff and ML agree
10115019,Lenart pri Gornjem Gradu,Gornji Grad,0.3417874377193242,Gornji Grad,0.3478417334892304,1,Huff and ML agree
10115027,Lepa Njiva,Velenje,0.10258542624836817,Mozirje,0.1637648708166028,0,Huff and ML disagree
10115035,Ljubija,Mozirje,0.6495934274742895,Mozirje,0.7441130072007557,1,Huff and ML agree
10115043,Ljubno ob Savinji,Ljubno,0.9998594129919173,Ljubno,1.0,1,Huff and ML agree
10115051,Logarska Dolina,Solčava,0.07600419987669728,Ljubljana,0.1482425066468237,0,Huff and ML disagree
10115060,Loke pri Mozirju,Mozirje,0.571074579702627,Mozirje,0.6368587778467287,1,Huff and ML agree
10115078,Luče,Luče,0.996994879875579,Luče,1.0,1,Huff and ML agree
10115086,Meliše,Ljubno,0.1251365889207028,Ljubno,0.1087019835027439,1,Huff and ML agree
10115094,Mozirje,Mozirje,0.9992681140860603,Mozirje,1.0,1,Huff and ML agree
10115108,Nazarje,Nazarje,0.9995082710668839,Nazarje,1.0,1,Huff and ML agree
10115116,Nizka,Rečica ob Savinji,0.5603244262108017,Rečica ob Savinji,0.5675210828537672,1,Huff and ML agree
10115124,Okonina,Ljubno,0.1684754677946903,Ljubno,0.1407089050621996,1,Huff and ML agree
10115132,Planina,Ljubno,0.046102360675007094,Ljubljana,0.1290078986238886,0,Huff and ML disagree
10115159,Podolševa,Solčava,0.1974603077398939,Solčava,0.2117322873203705,1,Huff and ML agree
10115167,Podveža,Luče,0.20715977518719886,Ljubljana,0.1687661686611125,0,Huff and ML disagree
10115175,Podvolovljek,Kamnik,0.15177548494612572,Ljubljana,0.207473200099661,0,Huff and ML disagree
10115183,Poljane,Rečica ob Savinji,0.5815850872464972,Rečica ob Savinji,0.6438844880442214,1,Huff and ML agree
10115191,Potok,Nazarje,0.10913855349149895,Rečica ob Savinji,0.1705593767235316,0,Huff and ML disagree
10115205,Prihova,Nazarje,0.47614708359017466,Nazarje,0.2976828976981803,1,Huff and ML agree
10115213,Primož pri Ljubnem,Ljubno,0.13875159133548556,Ljubno,0.1879014029518665,1,Huff and ML agree
10115221,Pusto Polje,Nazarje,0.10728773705559176,Rečica ob Savinji,0.1644749339692651,0,Huff and ML disagree
10115230,Radegunda,Mozirje,0.22198731086632112,Mozirje,0.3243956037413871,1,Huff and ML agree
10115248,Radmirje,Ljubno,0.298743681836205,Ljubno,0.2612629109007158,1,Huff and ML agree
10115256,Raduha,Luče,0.25053513908332603,Ljubljana,0.1447859580953988,0,Huff and ML disagree
10115264,Rečica ob Savinji,Rečica ob Savinji,0.9990936580398246,Rečica ob Savinji,1.0,1,Huff and ML agree
10115272,Robanov Kot,Solčava,0.3143425469073363,Solčava,0.3303089092442387,1,Huff and ML agree
10115299,Rovt pod Menino,Vransko,0.0739161883955992,Vransko,0.1142351058280157,1,Huff and ML agree
10115302,Savina,Ljubno,0.29934069474605407,Ljubno,0.3242141546495513,1,Huff and ML agree
10115329,Solčava,Solčava,0.9956416835073426,Solčava,1.0,1,Huff and ML agree
10115337,Spodnja Rečica,Rečica ob Savinji,0.5772260214678977,Rečica ob Savinji,0.50711048048101,1,Huff and ML agree
10115345,Spodnje Kraše,Mozirje,0.07080984033623375,Mozirje,0.1064242753564474,1,Huff and ML agree
10115353,Spodnje Pobrežje,Rečica ob Savinji,0.2421517404337096,Rečica ob Savinji,0.2801721299972401,1,Huff and ML agree
10115361,Strmec,Luče,0.045362572161085885,Ljubljana,0.1516408509528637,0,Huff and ML disagree
10115370,Šentjanž,Rečica ob Savinji,0.2421517404337096,Rečica ob Savinji,0.296664526137007,1,Huff and ML agree
10115388,Šmartno ob Dreti,Gornji Grad,0.05783252691494333,Ljubljana,0.094853483403646,0,Huff and ML disagree
10115396,Šmihel nad Mozirjem,Velenje,0.08150548430510776,Mozirje,0.1301322755149026,0,Huff and ML disagree
10115418,Ter,Ljubno,0.7545905597675246,Ljubno,0.854388412579382,1,Huff and ML agree
10115434,Trnovec,Rečica ob Savinji,0.28783727157141514,Rečica ob Savinji,0.3445532374751204,1,Huff and ML agree
10115442,Varpolje,Rečica ob Savinji,0.40316693160265143,Rečica ob Savinji,0.4166743703930394,1,Huff and ML agree
10115469,Volog,Gornji Grad,0.07127953995316287,Ljubljana,0.1016064696490484,0,Huff and ML disagree
10115477,Zavodice,Nazarje,0.4441903405375377,Nazarje,0.4183404093454111,1,Huff and ML agree
10115485,Zgornje Pobrežje,Rečica ob Savinji,0.17391532439348134,Rečica ob Savinji,0.2219248696163452,1,Huff and ML agree
10115493,Žlabor,Nazarje,0.6179847922222608,Nazarje,0.5674615111143344,1,Huff and ML agree
10115507,Adrijanci,Gornji Petrovci,0.2544105989867559,Gornji Petrovci,0.3396328792947851,1,Huff and ML agree
10115515,Andrejci,Murska Sobota,0.20489477826837244,Murska Sobota,0.3949719955673034,1,Huff and ML agree
10115523,Bakovci,Murska Sobota,0.4694116540567672,Murska Sobota,0.5963765074267084,1,Huff and ML agree
10115531,Beltinci,Beltinci,0.9997346866338619,Beltinci,1.0,1,Huff and ML agree
10115540,Berkovci,Murska Sobota,0.18683392748087563,Murska Sobota,0.2179975053946869,1,Huff and ML agree
10115558,Beznovci,Murska Sobota,0.1424890690344967,Murska Sobota,0.2823294743747359,1,Huff and ML agree
10115566,Bodonci,Murska Sobota,0.1518367531218509,Murska Sobota,0.3183800319817833,1,Huff and ML agree
10115574,Bogojina,Moravske Toplice,0.23361380493057163,Murska Sobota,0.2670447703622305,0,Huff and ML disagree
10115582,Bokrači,Murska Sobota,0.19507382499008116,Murska Sobota,0.3916271197505646,1,Huff and ML agree
10115604,Boreča,Murska Sobota,0.14058183172019384,Murska Sobota,0.1697602340529546,1,Huff and ML agree
10115612,Borejci,Murska Sobota,0.4430128958803954,Murska Sobota,0.574191379312022,1,Huff and ML agree
10115639,Bratonci,Murska Sobota,0.36569159407168444,Beltinci,0.3856204556609688,0,Huff and ML disagree
10115647,Brezovci,Murska Sobota,0.3554124873950276,Murska Sobota,0.4586169722384831,1,Huff and ML agree
10115655,Budinci,Murska Sobota,0.0626898086231927,Šalovci,0.132239012590363,0,Huff and ML disagree
10115663,Bukovnica,Murska Sobota,0.1894633013169221,Murska Sobota,0.2212882903811741,1,Huff and ML agree
10115671,Cankova,Cankova,0.9975144280881436,Cankova,1.0,1,Huff and ML agree
10115680,Čepinci,Murska Sobota,0.08767559427158834,Murska Sobota,0.1415870383017883,1,Huff and ML agree
10115698,Černelavci,Murska Sobota,0.638424018989269,Murska Sobota,0.850932239221844,1,Huff and ML agree
10115701,Čikečka vas,Murska Sobota,0.17442024739258158,Murska Sobota,0.1942892992170266,1,Huff and ML agree
10115710,Dankovci,Murska Sobota,0.1515300157703092,Murska Sobota,0.3365697983525378,1,Huff and ML agree
10115728,Dokležovje,Murska Sobota,0.3521428262964968,Murska Sobota,0.3652805208540366,1,Huff and ML agree
10115736,Dolenci,Šalovci,0.12286411436222863,Šalovci,0.2767581275892533,1,Huff and ML agree
10115744,Dolič,Kuzma,0.605342040121912,Kuzma,0.6225202780215726,1,Huff and ML agree
10115752,Dolina,Murska Sobota,0.17804832076897037,Murska Sobota,0.3745531995482342,1,Huff and ML agree
10115779,Dolnji Slaveči,Murska Sobota,0.1449968733016622,Rogašovci,0.2220011414383467,0,Huff and ML disagree
10115787,Domajinci,Murska Sobota,0.18880426951195747,Cankova,0.2626407673177972,0,Huff and ML disagree
10115795,Domanjševci,Murska Sobota,0.14398041693033065,Murska Sobota,0.1536928514282604,1,Huff and ML agree
10115809,Fikšinci,Murska Sobota,0.13792780891793474,Rogašovci,0.1963110367579112,0,Huff and ML disagree
10115817,Filovci,Murska Sobota,0.14247966022961786,Murska Sobota,0.2154426803665504,1,Huff and ML agree
10115825,Fokovci,Murska Sobota,0.1507711515173775,Murska Sobota,0.2519217129653827,1,Huff and ML agree
10115833,Gančani,Beltinci,0.26312753868472055,Beltinci,0.3180253141722622,1,Huff and ML agree
10115841,Gederovci,Murska Sobota,0.2796467968071245,Murska Sobota,0.378820323675432,1,Huff and ML agree
10115850,Gerlinci,Murska Sobota,0.15673683901179752,Murska Sobota,0.1775474269463904,1,Huff and ML agree
10115868,Gorica,Puconci,0.5507526368275142,Puconci,0.4734453735121816,1,Huff and ML agree
10115876,Gornji Črnci,Cankova,0.23591376276401965,Cankova,0.3655101498591174,1,Huff and ML agree
10115884,Gornji Petrovci,Gornji Petrovci,0.9980881813910996,Gornji Petrovci,1.0,1,Huff and ML agree
10115892,Gornji Slaveči,Kuzma,0.18329018941518488,Rogašovci,0.1985843032343426,0,Huff and ML disagree
10115906,Grad,Grad,0.9989829170989087,Grad,1.0,1,Huff and ML agree
10115914,Gradišče,Murska Sobota,0.47042227961707794,Murska Sobota,0.5161827963807196,1,Huff and ML agree
10115922,Hodoš,Hodoš,0.9980227443871401,Hodoš,1.0,1,Huff and ML agree
10115949,Ivanci,Murska Sobota,0.27644956228824,Murska Sobota,0.3682506008048234,1,Huff and ML agree
10115957,Ivanjševci,Murska Sobota,0.17529305684627708,Murska Sobota,0.1997954251616618,1,Huff and ML agree
10115965,Ivanovci,Murska Sobota,0.1604416085538514,Murska Sobota,0.3232749238335981,1,Huff and ML agree
10115973,Ižakovci,Beltinci,0.3241624940899197,Beltinci,0.4028525206624575,1,Huff and ML agree
10115981,Sveti Jurij,Rogašovci,0.753752337895602,Rogašovci,0.8645150956286698,1,Huff and ML agree
10115990,Kančevci,Murska Sobota,0.15618843893387976,Murska Sobota,0.2837839178071356,1,Huff and ML agree
10116007,Korovci,Cankova,0.47829221854446935,Cankova,0.6445938935865203,1,Huff and ML agree
10116015,Košarovci,Murska Sobota,0.14797482246824226,Murska Sobota,0.3128276544790332,1,Huff and ML agree
10116023,Kovačevci,Murska Sobota,0.1807539743321743,Murska Sobota,0.2344252782015344,1,Huff and ML agree
10116031,Krajna,Murska Sobota,0.22450937242368038,Murska Sobota,0.3535888063266634,1,Huff and ML agree
10116040,Kramarovci,Rogašovci,0.1902065149407716,Rogašovci,0.3972020083826368,1,Huff and ML agree
10116058,Krašči,Murska Sobota,0.1824096820649997,Cankova,0.2055029724120775,0,Huff and ML disagree
10116066,Križevci,Gornji Petrovci,0.27484829672865313,Gornji Petrovci,0.3929052971113975,1,Huff and ML agree
10116074,Krnci,Murska Sobota,0.17395191441780647,Murska Sobota,0.3766472849173187,1,Huff and ML agree
10116082,Krog,Murska Sobota,0.6046046078440768,Murska Sobota,0.7688000347407187,1,Huff and ML agree
10116104,Krplivnik,Hodoš,0.417720571838733,Hodoš,0.5720383086088979,1,Huff and ML agree
10116112,Kruplivnik,Murska Sobota,0.17793033491170998,Murska Sobota,0.1830399575409027,1,Huff and ML agree
10116139,Kukeč,Murska Sobota,0.14112183664531094,Murska Sobota,0.2855158959272395,1,Huff and ML agree
10116147,Kupšinci,Murska Sobota,0.5147505305513393,Murska Sobota,0.7219542712450812,1,Huff and ML agree
10116155,Kuštanovci,Murska Sobota,0.16970164119935774,Murska Sobota,0.2927666651023594,1,Huff and ML agree
10116163,Kuzma,Kuzma,0.9986312160958382,Kuzma,1.0,1,Huff and ML agree
10116171,Lemerje,Murska Sobota,0.3233383009456763,Murska Sobota,0.4347564246821613,1,Huff and ML agree
10116180,Lipa,Odranci,0.17915234002050343,Odranci,0.1980460234368964,1,Huff and ML agree
10116198,Lipovci,Murska Sobota,0.3778438930636286,Murska Sobota,0.3559202721117589,1,Huff and ML agree
10116201,Lončarovci,Murska Sobota,0.1723286912610531,Murska Sobota,0.2180545204886896,1,Huff and ML agree
10116210,Lucova,Gornji Petrovci,0.16145696580557722,Gornji Petrovci,0.3070131262974656,1,Huff and ML agree
10116228,Lukačevci,Murska Sobota,0.46818776775322474,Murska Sobota,0.5152221614632306,1,Huff and ML agree
10116236,Mačkovci,Murska Sobota,0.15578750965272734,Murska Sobota,0.2748008196031394,1,Huff and ML agree
10116244,Markišavci,Murska Sobota,0.6419802932926798,Murska Sobota,0.820314878793468,1,Huff and ML agree
10116252,Markovci,Gornji Petrovci,0.0987603085964949,Gornji Petrovci,0.1791241969981113,1,Huff and ML agree
10116279,Martinje,Murska Sobota,0.09308244888166199,Murska Sobota,0.1530656328493322,1,Huff and ML agree
10116287,Martjanci,Murska Sobota,0.5147505305513393,Murska Sobota,0.612396927875792,1,Huff and ML agree
10116295,Matjaševci,Kuzma,0.3263755835082949,Kuzma,0.3099883498762897,1,Huff and ML agree
10116309,Melinci,Murska Sobota,0.15141395696781396,Beltinci,0.2089070844657043,0,Huff and ML disagree
10116317,Mlajtinci,Murska Sobota,0.44399997083723164,Murska Sobota,0.4673883454141069,1,Huff and ML agree
10116325,Moravske Toplice,Moravske Toplice,0.9989965988205367,Moravske Toplice,1.0,1,Huff and ML agree
10116333,Moščanci,Murska Sobota,0.15907646041753534,Murska Sobota,0.3632388578604777,1,Huff and ML agree
10116341,Motovilci,Murska Sobota,0.1773212286869837,Murska Sobota,0.1711081233897241,1,Huff and ML agree
10116350,Motvarjevci,Murska Sobota,0.1775108670878832,Murska Sobota,0.1913038644843489,1,Huff and ML agree
10116368,Murska Sobota,Murska Sobota,0.998510151699453,Murska Sobota,1.0,1,Huff and ML agree
10116376,Murski Črnci,Murska Sobota,0.492415017582712,Murska Sobota,0.6462757256496239,1,Huff and ML agree
10116384,Murski Petrovci,Murska Sobota,0.19226830443137835,Murska Sobota,0.2645885024528318,1,Huff and ML agree
10116392,Nemčavci,Murska Sobota,0.6175922074930502,Murska Sobota,0.7709534653611749,1,Huff and ML agree
10116406,Neradnovci,Gornji Petrovci,0.1106060617698354,Gornji Petrovci,0.228442428079937,1,Huff and ML agree
10116414,Noršinci,Murska Sobota,0.5167597910220895,Murska Sobota,0.6377649509396823,1,Huff and ML agree
10116422,Nuskova,Rogašovci,0.8168057904012328,Rogašovci,0.9524829261919444,1,Huff and ML agree
10116449,Ocinje,Rogašovci,0.12122530639917585,Rogašovci,0.2900524305232302,1,Huff and ML agree
10116457,Otovci,Murska Sobota,0.1888859599205459,Murska Sobota,0.2307931864679611,1,Huff and ML agree
10116465,Panovci,Murska Sobota,0.14112183664531094,Murska Sobota,0.2766336427766573,1,Huff and ML agree
10116473,Pečarovci,Murska Sobota,0.16375762418978032,Murska Sobota,0.3507408031111302,1,Huff and ML agree
10116481,Pertoča,Murska Sobota,0.17248534427680695,Rogašovci,0.2344447980020528,0,Huff and ML disagree
10116490,Peskovci,Gornji Petrovci,0.32156842106011735,Gornji Petrovci,0.4133181389899707,1,Huff and ML agree
10116503,Petanjci,Tišina,0.4226180594125436,Murska Sobota,0.3020766802249743,0,Huff and ML disagree
10116511,Polana,Murska Sobota,0.5537232604719411,Murska Sobota,0.7303959702318804,1,Huff and ML agree
10116520,Pordašinci,Murska Sobota,0.15605965718515102,Murska Sobota,0.1787634550915326,1,Huff and ML agree
10116538,Poznanovci,Murska Sobota,0.19187863302615352,Murska Sobota,0.2477673438437587,1,Huff and ML agree
10116546,Predanovci,Murska Sobota,0.44635493112852115,Murska Sobota,0.5955285064501252,1,Huff and ML agree
10116554,Prosečka vas,Murska Sobota,0.19039641371662278,Murska Sobota,0.2346171310303588,1,Huff and ML agree
10116562,Prosenjakovci,Murska Sobota,0.17247871202821977,Murska Sobota,0.207254403266785,1,Huff and ML agree
10116589,Puconci,Puconci,0.9974430187511816,Puconci,1.0,1,Huff and ML agree
10116597,Puževci,Murska Sobota,0.19534589545113173,Murska Sobota,0.3691471073907008,1,Huff and ML agree
10116619,Radovci,Grad,0.2729147338742168,Grad,0.3004507527671239,1,Huff and ML agree
10116627,Rakičan,Murska Sobota,0.6046046078440768,Murska Sobota,0.7678973132984713,1,Huff and ML agree
10116635,Rankovci,Murska Sobota,0.4430128958803954,Murska Sobota,0.5435067882344793,1,Huff and ML agree
10116643,Ratkovci,Murska Sobota,0.18950421596115377,Murska Sobota,0.2470648188386344,1,Huff and ML agree
10116651,Rogašovci,Rogašovci,0.9979278909384636,Rogašovci,1.0,1,Huff and ML agree
10116660,Ropoča,Murska Sobota,0.17452409289465337,Murska Sobota,0.1825923732292281,1,Huff and ML agree
10116678,Satahovci,Murska Sobota,0.48780063295376225,Murska Sobota,0.6442002618009764,1,Huff and ML agree
10116686,Sebeborci,Murska Sobota,0.3942732854800857,Murska Sobota,0.4462043963029946,1,Huff and ML agree
10116694,Selo,Murska Sobota,0.18600028739645033,Murska Sobota,0.2347119886808116,1,Huff and ML agree
10116708,Serdica,Rogašovci,0.44540071845453993,Rogašovci,0.6411135071649067,1,Huff and ML agree
10116716,Skakovci,Cankova,0.18216717860321163,Murska Sobota,0.2465541184032377,0,Huff and ML disagree
10116724,Sodišinci,Murska Sobota,0.22230328279513834,Murska Sobota,0.3207768377171668,1,Huff and ML agree
10116732,Sotina,Rogašovci,0.1612998234383093,Rogašovci,0.3119302599767434,1,Huff and ML agree
10116759,Središče,Murska Sobota,0.15618204179188477,Murska Sobota,0.1936031446983134,1,Huff and ML agree
10116767,Stanjevci,Gornji Petrovci,0.2743083541965849,Gornji Petrovci,0.3965972667808066,1,Huff and ML agree
10116775,Strukovci,Murska Sobota,0.15967744376221094,Murska Sobota,0.3167921625898589,1,Huff and ML agree
10116783,Suhi Vrh,Moravske Toplice,0.43572031964622626,Moravske Toplice,0.486701927439734,1,Huff and ML agree
10116791,Šalamenci,Murska Sobota,0.3233383009456763,Murska Sobota,0.3701012448601265,1,Huff and ML agree
10116805,Šalovci,Šalovci,0.9985463680488406,Šalovci,1.0,1,Huff and ML agree
10116813,Šulinci,Gornji Petrovci,0.15922532348384313,Gornji Petrovci,0.3018941090251441,1,Huff and ML agree
10116821,Tešanovci,Moravske Toplice,0.536488974845852,Moravske Toplice,0.4679234963056586,1,Huff and ML agree
10116830,Tišina,Tišina,0.9989709117268766,Tišina,1.0,1,Huff and ML agree
10116848,Topolovci,Cankova,0.1818800217304465,Cankova,0.2873765576838283,1,Huff and ML agree
10116856,Trdkova,Murska Sobota,0.09237162965338568,Murska Sobota,0.1577348481730464,1,Huff and ML agree
10116864,Tropovci,Tišina,0.5571101387397251,Tišina,0.3944928117623319,1,Huff and ML agree
10116872,Vadarci,Murska Sobota,0.18925476173688235,Murska Sobota,0.2314604383566548,1,Huff and ML agree
10116899,Vanča vas,Murska Sobota,0.4380990017834059,Murska Sobota,0.5065501159496701,1,Huff and ML agree
10116902,Vaneča,Murska Sobota,0.3233383009456763,Murska Sobota,0.363299900651754,1,Huff and ML agree
10116929,Večeslavci,Rogašovci,0.2746102470244528,Rogašovci,0.413496583101176,1,Huff and ML agree
10116937,Veščica,Murska Sobota,0.6330441008113611,Murska Sobota,0.8326901590353707,1,Huff and ML agree
10116945,Vidonci,Murska Sobota,0.17457507531768035,Murska Sobota,0.1852125979686038,1,Huff and ML agree
10116953,Vučja Gomila,Murska Sobota,0.16362167659461282,Murska Sobota,0.2943986189830417,1,Huff and ML agree
10116961,Zenkovci,Murska Sobota,0.16375762418978032,Murska Sobota,0.3355993482717408,1,Huff and ML agree
10116970,Ženavlje,Murska Sobota,0.10603200010390808,Gornji Petrovci,0.165467070173374,0,Huff and ML disagree
10116988,Ajba,Kanal,0.42015332203862393,Kanal,0.6137646038182254,1,Huff and ML agree
10116996,Ajševica,Nova Gorica,0.4859530611091079,Nova Gorica,0.7145415228074747,1,Huff and ML agree
10117003,Anhovo,Kanal,0.31381982910268524,Kanal,0.4115553015036266,1,Huff and ML agree
10117020,Avče,Kanal,0.24102917667400342,Kanal,0.4215097024500213,1,Huff and ML agree
10117038,Banjšice,Nova Gorica,0.12050700796539456,Nova Gorica,0.2790826410212217,1,Huff and ML agree
10117046,Barbana,Brda,0.27840284147619115,Brda,0.5109061952828214,1,Huff and ML agree
10117054,Bate,Nova Gorica,0.17304841328863727,Nova Gorica,0.40747187575326,1,Huff and ML agree
10117062,Belo,Brda,0.08868061042648102,Brda,0.2528488840919167,1,Huff and ML agree
10117089,Biljana,Brda,0.678043846936085,Brda,0.8816025854830567,1,Huff and ML agree
10117097,Bilje,Miren-Kostanjevica,0.5090065022657526,Renče-Vogrsko,0.5357882351417822,0,Huff and ML disagree
10117119,Bodrež,Kanal,0.728598055865814,Kanal,0.8927108976326341,1,Huff and ML agree
10117127,Branik,Ajdovščina,0.14846133371505038,Nova Gorica,0.1652347936904858,0,Huff and ML disagree
10117135,Brdice pri Kožbani,Nova Gorica,0.0520439205348261,Nova Gorica,0.2373794755905083,1,Huff and ML agree
10117143,Brdice pri Neblem,Brda,0.4598769213679943,Brda,0.7088507214472938,1,Huff and ML agree
10117151,Brdo,Nova Gorica,0.17834075135716215,Nova Gorica,0.2516715738735965,1,Huff and ML agree
10117160,Breg pri Golem Brdu,Nova Gorica,0.036250337305875256,Nova Gorica,0.1947859027269243,1,Huff and ML agree
10117178,Brestje,Nova Gorica,0.23953481726506823,Nova Gorica,0.4492764822538941,1,Huff and ML agree
10117186,Brezovk,Nova Gorica,0.0548557958316272,Nova Gorica,0.238375977570098,1,Huff and ML agree
10117194,Budihni,Ajdovščina,0.1450647005441883,Nova Gorica,0.2348999190434051,0,Huff and ML disagree
10117208,Bukovica,Renče-Vogrsko,0.9977618877970029,Renče-Vogrsko,1.0,1,Huff and ML agree
10117216,Ceglo,Brda,0.3843349085432288,Brda,0.5986750317227006,1,Huff and ML agree
10117224,Čepovan,Nova Gorica,0.10212459554052015,Nova Gorica,0.2482894802829918,1,Huff and ML agree
10117232,Deskle,Kanal,0.22990140942020265,Kanal,0.3416373508888933,1,Huff and ML agree
10117259,Doblar,Kanal,0.1190742585562768,Tolmin,0.2236278742861269,0,Huff and ML disagree
10117267,Dobrovo,Brda,0.9962317174643657,Brda,1.0,1,Huff and ML agree
10117275,Dolnje Cerovo,Nova Gorica,0.17781448017041973,Nova Gorica,0.3867286637766166,1,Huff and ML agree
10117283,Dombrava,Renče-Vogrsko,0.3644475915219425,Renče-Vogrsko,0.583203093240741,1,Huff and ML agree
10117291,Dornberk,Nova Gorica,0.17421492380753115,Nova Gorica,0.2427546948148949,1,Huff and ML agree
10117305,Draga,Nova Gorica,0.17998219110662728,Nova Gorica,0.2477435119058215,1,Huff and ML agree
10117313,Drnovk,Brda,0.6829430272703203,Brda,0.9119824081495682,1,Huff and ML agree
10117321,Fojana,Brda,0.4531225767851215,Brda,0.7029328812853991,1,Huff and ML agree
10117330,Golo Brdo,Nova Gorica,0.03943067220357221,Nova Gorica,0.2015765438243165,1,Huff and ML agree
10117348,Gonjače,Brda,0.22378653295867734,Nova Gorica,0.358390512119112,0,Huff and ML disagree
10117356,Gorenja vas,Kanal,0.8165644084887081,Kanal,0.9573951047405158,1,Huff and ML agree
10117364,Gornje Cerovo,Nova Gorica,0.1821511367636662,Nova Gorica,0.450535093066323,1,Huff and ML agree
10117372,Gradišče nad Prvačino,Nova Gorica,0.16827084447709395,Renče-Vogrsko,0.2816673400003276,0,Huff and ML disagree
10117399,Gradno,Brda,0.22450393501995553,Brda,0.413663852572023,1,Huff and ML agree
10117402,Grgar,Nova Gorica,0.35200680304333387,Nova Gorica,0.6528599113008731,1,Huff and ML agree
10117429,Grgarske Ravne,Nova Gorica,0.18111879762150151,Nova Gorica,0.4738114314120263,1,Huff and ML agree
10117437,Hlevnik,Brda,0.15202552731628344,Brda,0.3270522523357655,1,Huff and ML agree
10117445,Hruševlje,Brda,0.22450393501995553,Brda,0.4414801181387574,1,Huff and ML agree
10117453,Hudi Log,Nova Gorica,0.1238997768728837,Nova Gorica,0.2375578475956521,1,Huff and ML agree
10117461,Hum,Nova Gorica,0.2803995744018335,Nova Gorica,0.5309322693761013,1,Huff and ML agree
10117470,Imenje,Brda,0.23885725631330423,Brda,0.3530682861560397,1,Huff and ML agree
10117488,Kal nad Kanalom,Nova Gorica,0.06526534020884087,Nova Gorica,0.196890147723818,1,Huff and ML agree
10117496,Kambreško,Kanal,0.08462346505800658,Kanal,0.1736380075239401,1,Huff and ML agree
10117500,Kanal,Kanal,0.9975566186819695,Kanal,1.0,1,Huff and ML agree
10117518,Kanalski Vrh,Nova Gorica,0.11832982716759738,Nova Gorica,0.2645861999074029,1,Huff and ML agree
10117526,Kojsko,Nova Gorica,0.2241835789401691,Nova Gorica,0.4592989919898441,1,Huff and ML agree
10117534,Korita na Krasu,Nova Gorica,0.11976975214066686,Nova Gorica,0.2285436654664994,1,Huff and ML agree
10117542,Kostanjevica na Krasu,Nova Gorica,0.0856721606526581,Nova Gorica,0.1957250395227016,1,Huff and ML agree
10117569,Kozana,Brda,0.21238541733545002,Brda,0.3410965828137456,1,Huff and ML agree
10117577,Kozarno,Brda,0.42633460822067853,Brda,0.6504016039673108,1,Huff and ML agree
10117585,Kožbana,Brda,0.05982248813813906,Nova Gorica,0.2380744950759523,0,Huff and ML disagree
10117593,Krasno,Nova Gorica,0.14353302862342776,Nova Gorica,0.2958326494215498,1,Huff and ML agree
10117607,Kromberk,Nova Gorica,0.6979180529085963,Nova Gorica,0.8879081218497862,1,Huff and ML agree
10117615,Lazna,Nova Gorica,0.05234546047790686,Nova Gorica,0.2123013297739758,1,Huff and ML agree
10117623,Levpa,Kanal,0.08506770102398836,Kanal,0.1717345831555773,1,Huff and ML agree
10117631,Lig,Kanal,0.09530280929455599,Kanal,0.2198547565353528,1,Huff and ML agree
10117640,Lipa,Komen,0.11921010822344352,Komen,0.1790013677567695,1,Huff and ML agree
10117658,Loke,Nova Gorica,0.4614189368664629,Nova Gorica,0.6921413555563808,1,Huff and ML agree
10117666,Lokovec,Nova Gorica,0.11418243986068594,Nova Gorica,0.2784537010618341,1,Huff and ML agree
10117674,Lokve,Nova Gorica,0.11602883142076884,Nova Gorica,0.2642404435127217,1,Huff and ML agree
10117682,Lokvica,Nova Gorica,0.14572715531136643,Miren-Kostanjevica,0.2795816760405724,0,Huff and ML disagree
10117739,Medana,Brda,0.5420303596905903,Brda,0.7731581550539642,1,Huff and ML agree
10117747,Miren,Miren-Kostanjevica,0.9975611374801105,Miren-Kostanjevica,1.0,1,Huff and ML agree
10117763,Morsko,Kanal,0.6166573640428283,Kanal,0.7993219545520864,1,Huff and ML agree
10117780,Neblo,Brda,0.3426008076783631,Brda,0.5922397835802076,1,Huff and ML agree
10117798,Nemci,Nova Gorica,0.15390114849771103,Nova Gorica,0.3564919941943925,1,Huff and ML agree
10117801,Nova Gorica,Nova Gorica,0.9967145374360036,Nova Gorica,1.0,1,Huff and ML agree
10117810,Nova vas,Nova Gorica,0.1456324727873446,Nova Gorica,0.246959950295871,1,Huff and ML agree
10117828,Novelo,Nova Gorica,0.11326772101132107,Nova Gorica,0.2111412569222177,1,Huff and ML agree
10117836,Nozno,Nova Gorica,0.12548938220543523,Nova Gorica,0.3286422083381997,1,Huff and ML agree
10117844,Opatje selo,Nova Gorica,0.14103724718306673,Miren-Kostanjevica,0.2743318881326962,0,Huff and ML disagree
10117852,Orehovlje,Miren-Kostanjevica,0.6537309999966312,Miren-Kostanjevica,0.6124461024188248,1,Huff and ML agree
10117879,Osek,Nova Gorica,0.23090082145498125,Nova Gorica,0.3712401399302751,1,Huff and ML agree
10117887,Oševljek,Renče-Vogrsko,0.18652772636499293,Renče-Vogrsko,0.356491732057631,1,Huff and ML agree
10117895,Ozeljan,Nova Gorica,0.35080508192299026,Nova Gorica,0.5523421396777227,1,Huff and ML agree
10117909,Plave,Nova Gorica,0.18398148932535752,Nova Gorica,0.391196425547502,1,Huff and ML agree
10117917,Plešivo,Brda,0.27840284147619115,Brda,0.5080696794562515,1,Huff and ML agree
10117925,Podsabotin,Nova Gorica,0.4254322716556848,Nova Gorica,0.6910189709903481,1,Huff and ML agree
10117933,Potok pri Dornberku,Nova Gorica,0.17742906012534246,Nova Gorica,0.2430459209800869,1,Huff and ML agree
10117941,Preserje,Ajdovščina,0.13830806883711688,Ajdovščina,0.2231111188863702,1,Huff and ML agree
10117950,Pristava,Nova Gorica,0.772005486434401,Nova Gorica,0.8185040628104444,1,Huff and ML agree
10117968,Pristavo,Brda,0.1473947340968222,Brda,0.3154999891586481,1,Huff and ML agree
10117976,Prvačina,Nova Gorica,0.19169024954901048,Nova Gorica,0.2554472772820318,1,Huff and ML agree
10117984,Ravnica,Nova Gorica,0.4469329138177742,Nova Gorica,0.6901568837209173,1,Huff and ML agree
10117992,Renče,Renče-Vogrsko,0.6234366887654404,Renče-Vogrsko,0.7382430007033655,1,Huff and ML agree
10118018,Ročinj,Kanal,0.21739863198182136,Kanal,0.3688148733206493,1,Huff and ML agree
10118026,Rožna Dolina,Nova Gorica,0.6906892499273333,Nova Gorica,0.6616254373828817,1,Huff and ML agree
10118034,Saksid,Nova Gorica,0.14997294740127287,Nova Gorica,0.2305237588602357,1,Huff and ML agree
10118042,Sela na Krasu,Nova Gorica,0.08265524963983494,Nova Gorica,0.2128390811558979,1,Huff and ML agree
10118069,Senik,Nova Gorica,0.0497527323274239,Nova Gorica,0.226993822302668,1,Huff and ML agree
10118077,Seniški Breg,Kanal,0.09518784390949221,Kanal,0.2039432619399408,1,Huff and ML agree
10118085,Slapnik,Nova Gorica,0.13230512333727876,Nova Gorica,0.3313176970396918,1,Huff and ML agree
10118093,Slavče,Brda,0.1473947340968222,Brda,0.3151136120626654,1,Huff and ML agree
10118107,Snežatno,Nova Gorica,0.23115632565800925,Nova Gorica,0.4901641715460323,1,Huff and ML agree
10118115,Snežeče,Brda,0.5957813519424089,Brda,0.8391628943953873,1,Huff and ML agree
10118123,Spodnja Branica,Ajdovščina,0.15754031111609423,Ajdovščina,0.2196965568394378,1,Huff and ML agree
10118131,Stara Gora,Nova Gorica,0.4487878554273811,Nova Gorica,0.577225618536747,1,Huff and ML agree
10118140,Steske,Nova Gorica,0.14548688284285527,Nova Gorica,0.230560301547081,1,Huff and ML agree
10118158,Šempas,Nova Gorica,0.2894962338828762,Nova Gorica,0.447882811903372,1,Huff and ML agree
10118166,Šempeter pri Gorici,Šempeter-Vrtojba,0.9970807014154563,Šempeter-Vrtojba,1.0,1,Huff and ML agree
10118174,Šlovrenc,Brda,0.4112512913418152,Brda,0.6243714571926972,1,Huff and ML agree
10118182,Šmartno,Brda,0.32537435994395314,Brda,0.4454913834633863,1,Huff and ML agree
10118204,Šmaver,Nova Gorica,0.23009332564231882,Nova Gorica,0.5280738969028859,1,Huff and ML agree
10118212,Šmihel,Nova Gorica,0.3603494569082721,Nova Gorica,0.6010491087729306,1,Huff and ML agree
10118239,Tabor,Nova Gorica,0.17851109758079498,Nova Gorica,0.2444337775656055,1,Huff and ML agree
10118247,Temnica,Nova Gorica,0.13001518160348405,Nova Gorica,0.2149979813766601,1,Huff and ML agree
10118255,Trnovo,Nova Gorica,0.18574008897533073,Nova Gorica,0.4633241529565719,1,Huff and ML agree
10118263,Ukanje,Kanal,0.04020862738891597,Nova Gorica,0.1758164570153615,0,Huff and ML disagree
10118271,Vedrijan,Brda,0.3173175826230501,Brda,0.455546230646725,1,Huff and ML agree
10118280,Vipolže,Brda,0.27344479432507596,Brda,0.4542694604766438,1,Huff and ML agree
10118298,Višnjevik,Brda,0.31680099110989324,Brda,0.5187080411464298,1,Huff and ML agree
10118301,Vitovlje,Nova Gorica,0.24530370809294788,Nova Gorica,0.3870655161568567,1,Huff and ML agree
10118310,Voglarji,Nova Gorica,0.18574008897533073,Nova Gorica,0.4727289469539261,1,Huff and ML agree
10118328,Vogrsko,Nova Gorica,0.23708422281701083,Renče-Vogrsko,0.3067788437762923,0,Huff and ML disagree
10118336,Vojščica,Nova Gorica,0.08291732753376,Nova Gorica,0.1888184087897681,1,Huff and ML agree
10118344,Volčja Draga,Renče-Vogrsko,0.7551428180927496,Renče-Vogrsko,0.8526747465213129,1,Huff and ML agree
10118352,Vrhovlje pri Kojskem,Nova Gorica,0.17284778811088838,Nova Gorica,0.3578532753185693,1,Huff and ML agree
10118379,Vrhovlje pri Kožbani,Nova Gorica,0.05666197777766985,Nova Gorica,0.2357369941482921,1,Huff and ML agree
10118387,Vrtoče,Miren-Kostanjevica,0.6417367585213072,Miren-Kostanjevica,0.6139101140729947,1,Huff and ML agree
10118395,Vrtojba,Miren-Kostanjevica,0.5206807351677027,Šempeter-Vrtojba,0.3087780232473801,0,Huff and ML disagree
10118409,Zali Breg,Brda,0.5528200191049812,Brda,0.7826389110271128,1,Huff and ML agree
10118417,Zalošče,Nova Gorica,0.1667861930429604,Nova Gorica,0.2328699012878938,1,Huff and ML agree
10118425,Zapotok,Nova Gorica,0.050292221899573886,Nova Gorica,0.2062807360944077,1,Huff and ML agree
10118441,Solkan,Nova Gorica,0.793888451231796,Nova Gorica,0.9489395278096728,1,Huff and ML agree
10118450,Apnenik,Šentjernej,0.2143170534633579,Šentjernej,0.3199473161577466,1,Huff and ML agree
10118468,Bela Cerkev,Novo mesto,0.18555077947374854,Novo mesto,0.2377529320476451,1,Huff and ML agree
10118476,Birčna vas,Novo mesto,0.3998218487673329,Novo mesto,0.6057296894855763,1,Huff and ML agree
10118484,Biška vas,Mirna Peč,0.46214532161185706,Mirna Peč,0.5501028526771348,1,Huff and ML agree
10118492,Boričevo,Novo mesto,0.4962422198787966,Novo mesto,0.7790242334254974,1,Huff and ML agree
10118506,Boršt pri Dvoru,Novo mesto,0.16067911164465387,Novo mesto,0.1528354599951231,1,Huff and ML agree
10118514,Breška vas,Novo mesto,0.18070337442562365,Novo mesto,0.2020510373176341,1,Huff and ML agree
10118522,Brezje,Novo mesto,0.3020056372730356,Novo mesto,0.503531653370105,1,Huff and ML agree
10118549,Brezje pri Šentjerneju,Šentjernej,0.28777840024421136,Šentjernej,0.4283127863744167,1,Huff and ML agree
10118557,Brezova Reber pri Dvoru,Novo mesto,0.1955472511172248,Novo mesto,0.2530816796040726,1,Huff and ML agree
10118565,Brezovica,Šmarješke Toplice,0.35799506505839807,Šmarješke Toplice,0.3934597660943319,1,Huff and ML agree
10118573,Brezovica pri Stopičah,Novo mesto,0.2756901456586952,Novo mesto,0.5213496833106368,1,Huff and ML agree
10118581,Budganja vas,Žužemberk,0.2488861708408055,Žužemberk,0.3763968381959547,1,Huff and ML agree
10118590,Bušinec,Dolenjske Toplice,0.3401240706757326,Dolenjske Toplice,0.4894215489371272,1,Huff and ML agree
10118603,Cerov Log,Novo mesto,0.17944369309801012,Novo mesto,0.2071888821506629,1,Huff and ML agree
10118611,Cerovec,Dolenjske Toplice,0.3420838666679331,Dolenjske Toplice,0.4831725026957108,1,Huff and ML agree
10118620,Čadraže,Novo mesto,0.20163723854537627,Novo mesto,0.200337311291335,1,Huff and ML agree
10118638,Čelevec,Novo mesto,0.15385452098022181,Novo mesto,0.1308272823727518,1,Huff and ML agree
10118646,Čemše,Trebnje,0.22810866027790705,Novo mesto,0.1822713388324193,0,Huff and ML disagree
10118654,Češča vas,Novo mesto,0.4105047743608968,Novo mesto,0.5505090271366503,1,Huff and ML agree
10118662,Čisti Breg,Šentjernej,0.1317459278997392,Šentjernej,0.1320970015872519,1,Huff and ML agree
10118689,Črešnjice,Novo mesto,0.3966814507164297,Novo mesto,0.5769054493073207,1,Huff and ML agree
10118697,Črmošnjice pri Stopičah,Novo mesto,0.4799025209375072,Novo mesto,0.7561291635454659,1,Huff and ML agree
10118719,Čučja Mlaka,Novo mesto,0.15631813929251862,Novo mesto,0.1389946119510211,1,Huff and ML agree
10118727,Daljni Vrh,Novo mesto,0.34856104104332913,Novo mesto,0.5379102231334947,1,Huff and ML agree
10118735,Dešeča vas,Žužemberk,0.23475877653086777,Žužemberk,0.1851473642935781,1,Huff and ML agree
10118743,Dobindol,Novo mesto,0.1994973364944289,Novo mesto,0.2868042826515862,1,Huff and ML agree
10118751,Dobovo,Novo mesto,0.22978139885409,Novo mesto,0.3716896946216708,1,Huff and ML agree
10118760,Dobrava pri Škocjanu,Novo mesto,0.1614736864949808,Šentjernej,0.1642700676540006,0,Huff and ML disagree
10118778,Dobravica,Šentjernej,0.5118581261042199,Šentjernej,0.674927363750388,1,Huff and ML agree
10118786,Dobruška vas,Škocjan,0.27359717282074936,Škocjan,0.2792862937092136,1,Huff and ML agree
10118794,Dol pri Šmarjeti,Novo mesto,0.15808217348554163,Novo mesto,0.1337085723924351,1,Huff and ML agree
10118808,Dolenja Brezovica,Šentjernej,0.6916208968769877,Šentjernej,0.8120432110489081,1,Huff and ML agree
10118816,Dolenja Stara vas,Šentjernej,0.4971688672709924,Šentjernej,0.6600223992088475,1,Huff and ML agree
10118824,Dolenja vas,Novo mesto,0.39925470835989685,Novo mesto,0.5865750588817945,1,Huff and ML agree
10118832,Dolenja vas pri Mirni Peči,Trebnje,0.22615597253898584,Mirna Peč,0.3292279064285427,0,Huff and ML disagree
10118859,Dolenje Dole,Škocjan,0.20303577079809973,Škocjan,0.1812078591925933,1,Huff and ML agree
10118867,Dolenje Gradišče,Dolenjske Toplice,0.5740689458773883,Dolenjske Toplice,0.6611294922686793,1,Huff and ML agree
10118875,Dolenje Gradišče pri Šentj.,Šentjernej,0.20435257941618,Šentjernej,0.2289105976309843,1,Huff and ML agree
10118883,Dolenje Grčevje,Novo mesto,0.23869679666948232,Novo mesto,0.4227119379302546,1,Huff and ML agree
10118891,Dolenje Kamenje,Novo mesto,0.287022937128264,Novo mesto,0.4415149149789254,1,Huff and ML agree
10118905,Dolenje Karteljevo,Novo mesto,0.24467185631184826,Novo mesto,0.3795016856831116,1,Huff and ML agree
10118913,Dolenje Kronovo,Novo mesto,0.23212572611043053,Novo mesto,0.3118519716999166,1,Huff and ML agree
10118921,Dolenje Lakovnice,Novo mesto,0.3263704265591753,Novo mesto,0.5897065296947389,1,Huff and ML agree
10118930,Dolenje Mokro Polje,Novo mesto,0.21221900982624395,Novo mesto,0.3139482942819218,1,Huff and ML agree
10118948,Dolenje Polje,Dolenjske Toplice,0.36655536833323493,Dolenjske Toplice,0.3745269651315878,1,Huff and ML agree
10118956,Dolenje Sušice,Dolenjske Toplice,0.48789572231888106,Dolenjske Toplice,0.6813267151239689,1,Huff and ML agree
10118964,Dolenje Vrhpolje,Šentjernej,0.2862289245736732,Šentjernej,0.4735665888202883,1,Huff and ML agree
10118972,Dolenji Globodol,Novo mesto,0.20490783200933405,Novo mesto,0.2164060373771692,1,Huff and ML agree
10118999,Dolenji Maharovec,Šentjernej,0.24402148600767667,Šentjernej,0.3207192821652097,1,Huff and ML agree
10119006,Dolenji Podboršt,Mirna Peč,0.43109985844512144,Mirna Peč,0.5031974543975762,1,Huff and ML agree
10119014,Dolenji Suhadol,Novo mesto,0.23211215112877173,Novo mesto,0.3643100708406239,1,Huff and ML agree
10119022,Dolenjske Toplice,Dolenjske Toplice,0.9995763154680078,Dolenjske Toplice,1.0,1,Huff and ML agree
10119049,Dolnja Stara vas,Škocjan,0.46600795508321696,Škocjan,0.5053803147732466,1,Huff and ML agree
10119057,Dolnja Težka Voda,Novo mesto,0.47508116862135247,Novo mesto,0.7107184921210692,1,Huff and ML agree
10119065,Dolnje Mraševo,Novo mesto,0.23910044452061657,Novo mesto,0.3806752582531594,1,Huff and ML agree
10119073,Dolnji Ajdovec,Novo mesto,0.18016285686247854,Novo mesto,0.1747933245700356,1,Huff and ML agree
10119081,Dolnji Kot,Žužemberk,0.1557729671797266,Novo mesto,0.1341860358807038,0,Huff and ML disagree
10119090,Dolnji Križ,Žužemberk,0.23271860520697218,Žužemberk,0.1749956590305873,1,Huff and ML agree
10119103,Dolž,Novo mesto,0.22946818853447531,Novo mesto,0.4130683677242874,1,Huff and ML agree
10119111,Draga,Novo mesto,0.20766305015217745,Novo mesto,0.2143398349607053,1,Huff and ML agree
10119120,Drama,Šentjernej,0.20539122832403936,Šentjernej,0.2470178812421095,1,Huff and ML agree
10119138,Drašča vas,Žužemberk,0.10045656830481464,Ljubljana,0.1900024097414006,0,Huff and ML disagree
10119146,Drča,Šentjernej,0.2114193334381433,Šentjernej,0.2974291701057511,1,Huff and ML agree
10119154,Drenje,Dolenjske Toplice,0.20696968665133575,Dolenjske Toplice,0.2072457037450303,1,Huff and ML agree
10119162,Drganja sela,Dolenjske Toplice,0.23594128290749466,Dolenjske Toplice,0.2664318859061538,1,Huff and ML agree
10119189,Družinska vas,Novo mesto,0.23212572611043053,Novo mesto,0.2998656484778372,1,Huff and ML agree
10119197,Dvor,Žužemberk,0.18945642533719945,Žužemberk,0.2346011272196012,1,Huff and ML agree
10119219,Gabrje,Novo mesto,0.20447110149888775,Novo mesto,0.3818535594396364,1,Huff and ML agree
10119227,Gabrje pri Soteski,Dolenjske Toplice,0.3463633317095923,Dolenjske Toplice,0.3966869393848526,1,Huff and ML agree
10119235,Gabrnik,Škocjan,0.18604172543203248,Škocjan,0.1442958678106918,1,Huff and ML agree
10119243,Globočdol,Novo mesto,0.2337089538929467,Novo mesto,0.3018562307888203,1,Huff and ML agree
10119251,Golobinjek,Novo mesto,0.20079166338289503,Mirna Peč,0.2195185846618694,0,Huff and ML disagree
10119260,Golušnik,Novo mesto,0.2949392161567708,Novo mesto,0.489635243450809,1,Huff and ML agree
10119278,Gorenja Brezovica,Šentjernej,0.29939201923021797,Šentjernej,0.4875969093889366,1,Huff and ML agree
10119286,Gorenja Gomila,Novo mesto,0.20625024599425448,Novo mesto,0.2038737015457531,1,Huff and ML agree
10119294,Gorenja Stara vas,Šentjernej,0.2874506845630013,Šentjernej,0.4006362109859402,1,Huff and ML agree
10119308,Gorenja vas pri Šmarjeti,Šmarješke Toplice,0.6092971833866644,Šmarješke Toplice,0.7027186744079669,1,Huff and ML agree
10119316,Gorenje Dole,Škocjan,0.14762597341384867,Škocjan,0.1185665481841565,1,Huff and ML agree
10119324,Gorenje Gradišče,Dolenjske Toplice,0.6144001380963954,Dolenjske Toplice,0.7449562387684818,1,Huff and ML agree
10119332,Gorenje Gradišče pri Šentj.,Šentjernej,0.1996535439608926,Novo mesto,0.2363755959846338,0,Huff and ML disagree
10119359,Gorenje Grčevje,Novo mesto,0.1949044728378109,Novo mesto,0.3262172107527464,1,Huff and ML agree
10119367,Gorenje Kamence,Novo mesto,0.40518937496873114,Novo mesto,0.5842299336908663,1,Huff and ML agree
10119375,Gorenje Kamenje,Novo mesto,0.2728058780296347,Novo mesto,0.4313602756040792,1,Huff and ML agree
10119383,Gorenje Karteljevo,Novo mesto,0.23307530452326003,Novo mesto,0.3628721938183905,1,Huff and ML agree
10119391,Gorenje Kronovo,Novo mesto,0.23792879166304381,Novo mesto,0.3829422405279359,1,Huff and ML agree
10119405,Gorenje Lakovnice,Novo mesto,0.32801048365376895,Novo mesto,0.5825908792432689,1,Huff and ML agree
10119413,Gorenje Mokro Polje,Novo mesto,0.2079676537557231,Novo mesto,0.2580855456446316,1,Huff and ML agree
10119421,Gorenje Mraševo,Novo mesto,0.23858848137149968,Novo mesto,0.3870260114492263,1,Huff and ML agree
10119430,Gorenje Polje,Dolenjske Toplice,0.45060180504978675,Dolenjske Toplice,0.4746199881927208,1,Huff and ML agree
10119448,Gorenje Sušice,Dolenjske Toplice,0.25309743063090223,Dolenjske Toplice,0.3190424756354236,1,Huff and ML agree
10119456,Gorenje Vrhpolje,Šentjernej,0.23544196483930027,Šentjernej,0.339468520105158,1,Huff and ML agree
10119464,Gorenji Globodol,Novo mesto,0.1888492634378492,Novo mesto,0.1747604352417075,1,Huff and ML agree
10119472,Gorenji Maharovec,Šentjernej,0.2873245467834501,Šentjernej,0.3976275935259357,1,Huff and ML agree
10119499,Gorenji Podboršt,Mirna Peč,0.5730171405406042,Mirna Peč,0.6669678379982562,1,Huff and ML agree
10119502,Gorenji Suhadol,Novo mesto,0.19750342481656932,Novo mesto,0.3128103631191638,1,Huff and ML agree
10119529,Goriška Gora,Škocjan,0.18478213036931238,Škocjan,0.1479688078490146,1,Huff and ML agree
10119537,Goriška vas,Novo mesto,0.23331083614152953,Mirna Peč,0.2780260953258262,0,Huff and ML disagree
10119545,Goriška vas pri Škocjanu,Škocjan,0.2806378315131426,Škocjan,0.3311979041489258,1,Huff and ML agree
10119553,Gornja Težka Voda,Novo mesto,0.34682481447153635,Novo mesto,0.6070741016822794,1,Huff and ML agree
10119561,Gornji Ajdovec,Novo mesto,0.18054516782614788,Novo mesto,0.1766766056111195,1,Huff and ML agree
10119570,Gornji Kot,Žužemberk,0.19639832731317144,Žužemberk,0.1295836944885401,1,Huff and ML agree
10119588,Gornji Križ,Žužemberk,0.2212430696599774,Ljubljana,0.1572086081905865,0,Huff and ML disagree
10119596,Gradenc,Žužemberk,0.2390537795978519,Žužemberk,0.1962385456835607,1,Huff and ML agree
10119600,Gradenje,Novo mesto,0.19621372529004408,Šmarješke Toplice,0.2201642313383121,0,Huff and ML disagree
10119618,Grč Vrh,Novo mesto,0.20598676336441216,Novo mesto,0.2174516012503447,1,Huff and ML agree
10119626,Grič pri Klevevžu,Novo mesto,0.16034496233925033,Šmarješke Toplice,0.1423754694280835,0,Huff and ML disagree
10119634,Grmovlje,Škocjan,0.28009412251997784,Škocjan,0.3340575746999823,1,Huff and ML agree
10119642,Groblje pri Prekopi,Šentjernej,0.27670337834967923,Šentjernej,0.3623947212261009,1,Huff and ML agree
10119669,Gruča,Šentjernej,0.2114193334381433,Šentjernej,0.2658913887813416,1,Huff and ML agree
10119677,Gumberk,Novo mesto,0.31192307474711,Novo mesto,0.5020261766617367,1,Huff and ML agree
10119685,Herinja vas,Novo mesto,0.3205502543129788,Novo mesto,0.4907316978585357,1,Huff and ML agree
10119693,Hinje,Novo mesto,0.05870137134884204,Ljubljana,0.1651837086637314,0,Huff and ML disagree
10119707,Hmeljčič,Novo mesto,0.1942971299096639,Novo mesto,0.2523785179535893,1,Huff and ML agree
10119715,Hrastje,Novo mesto,0.20079166338289503,Novo mesto,0.2486978395290089,1,Huff and ML agree
10119723,Hrastje pri Mirni Peči,Trebnje,0.2550240293742536,Mirna Peč,0.2353837323418242,0,Huff and ML disagree
10119731,Hrastulje,Škocjan,0.8273332928910696,Škocjan,0.8647724725175943,1,Huff and ML agree
10119740,Hrib,Novo mesto,0.20553072492632515,Novo mesto,0.2030406374148734,1,Huff and ML agree
10119758,Hrib pri Hinjah,Novo mesto,0.06212416273277926,Ljubljana,0.1628193285387281,0,Huff and ML disagree
10119766,Hrib pri Orehku,Novo mesto,0.28320329307179376,Novo mesto,0.5316141684417843,1,Huff and ML agree
10119774,Hrušica,Novo mesto,0.28551443558884065,Novo mesto,0.5327087148586953,1,Huff and ML agree
10119782,Hrvaški Brod,Novo mesto,0.13930755171435705,Novo mesto,0.1246975316373317,1,Huff and ML agree
10119804,Hudenje,Škocjan,0.20199070739787164,Škocjan,0.1605762160742713,1,Huff and ML agree
10119812,Hudo,Novo mesto,0.4062972431417207,Novo mesto,0.5702656775366399,1,Huff and ML agree
10119839,Iglenik,Novo mesto,0.20079166338289503,Novo mesto,0.3486391914433687,1,Huff and ML agree
10119847,Imenje,Šentjernej,0.2862289245736732,Šentjernej,0.4626139355304762,1,Huff and ML agree
10119855,Jablan,Novo mesto,0.23869679666948232,Novo mesto,0.2846482238653163,1,Huff and ML agree
10119863,Jama,Novo mesto,0.35530650962399757,Novo mesto,0.6039677416172405,1,Huff and ML agree
10119871,Jama pri Dvoru,Žužemberk,0.22209277783641665,Žužemberk,0.2181681389788628,1,Huff and ML agree
10119880,Javorovica,Šentjernej,0.11278244259229102,Šentjernej,0.1583408248780373,1,Huff and ML agree
10119898,Jelendol,Škocjan,0.1391461051717503,Sevnica,0.1268177917220288,0,Huff and ML disagree
10119901,Jelše,Trebnje,0.2818651222709162,Mirna Peč,0.2343723232111746,0,Huff and ML disagree
10119910,Jelše pri Otočcu,Novo mesto,0.44704440339178403,Novo mesto,0.6290468455827232,1,Huff and ML agree
10119928,Jordankal,Trebnje,0.2949945722565222,Trebnje,0.224364806644599,1,Huff and ML agree
10119936,Jugorje,Novo mesto,0.19434731376282963,Novo mesto,0.365845054618917,1,Huff and ML agree
10119944,Jurka vas,Novo mesto,0.34682481447153635,Straža,0.3597896905018993,0,Huff and ML disagree
10119952,Jurna vas,Novo mesto,0.2411231963462476,Novo mesto,0.4955168868519953,1,Huff and ML agree
10119979,Klečet,Žužemberk,0.15899938613156794,Ljubljana,0.1783800871816561,0,Huff and ML disagree
10119987,Klenovik,Škocjan,0.1640209985187133,Novo mesto,0.1125281807983557,0,Huff and ML disagree
10119995,Klopce,Novo mesto,0.06843824440947024,Ljubljana,0.1451400132507491,0,Huff and ML disagree
10120004,Kočevske Poljane,Dolenjske Toplice,0.26480128813692155,Dolenjske Toplice,0.3724037599521212,1,Huff and ML agree
10120012,Konec,Novo mesto,0.20663121165476603,Novo mesto,0.4099048678365563,1,Huff and ML agree
10120039,Koroška vas,Novo mesto,0.27519385562572163,Novo mesto,0.5253205564239726,1,Huff and ML agree
10120047,Koti,Novo mesto,0.23092645808586615,Novo mesto,0.3715588659304,1,Huff and ML agree
10120055,Kuzarjev Kal,Novo mesto,0.33198682924854367,Novo mesto,0.4923804091896041,1,Huff and ML agree
10120063,Lašče,Žužemberk,0.1256184448897898,Ljubljana,0.1251962826386726,0,Huff and ML disagree
10120071,Laze,Novo mesto,0.20216214173603209,Novo mesto,0.2456428265028792,1,Huff and ML agree
10120080,Lazina,Novo mesto,0.05914263454245852,Ljubljana,0.1608549156155078,0,Huff and ML disagree
10120098,Ledeča vas,Šentjernej,0.24591504798919955,Šentjernej,0.3415557502637755,1,Huff and ML agree
10120101,Leskovec,Novo mesto,0.22985465435237196,Novo mesto,0.4002433714257536,1,Huff and ML agree
10120110,Lešnica,Novo mesto,0.47011027029013247,Novo mesto,0.6579923315354071,1,Huff and ML agree
10120128,Loka,Šentjernej,0.2080264514218506,Šentjernej,0.2509275556015657,1,Huff and ML agree
10120136,Loke,Novo mesto,0.4360152833750321,Novo mesto,0.5131663612855863,1,Huff and ML agree
10120144,Lopata,Novo mesto,0.07514900368688623,Ljubljana,0.1541358477551944,0,Huff and ML disagree
10120152,Loška vas,Dolenjske Toplice,0.3146784372549874,Dolenjske Toplice,0.3799806234259484,1,Huff and ML agree
10120179,Lutrško selo,Novo mesto,0.25071227554979625,Novo mesto,0.4242234452857318,1,Huff and ML agree
10120187,Mačkovec pri Dvoru,Žužemberk,0.22814129621301993,Žužemberk,0.3141471329746931,1,Huff and ML agree
10120195,Mačkovec pri Škocjanu,Škocjan,0.19929737427539237,Škocjan,0.1676453370634335,1,Huff and ML agree
10120209,Mala Cikava,Novo mesto,0.7345108406575342,Novo mesto,0.8825386745690774,1,Huff and ML agree
10120217,Mala Strmica,Novo mesto,0.14058304010083386,Novo mesto,0.130874921810578,1,Huff and ML agree
10120225,Male Brusnice,Novo mesto,0.31937815558481586,Novo mesto,0.5156862493009364,1,Huff and ML agree
10120233,Male Poljane,Novo mesto,0.15142039558991643,Novo mesto,0.1271466964872716,1,Huff and ML agree
10120241,Malenska vas,Mirna Peč,0.48146378000468215,Mirna Peč,0.5890818723478236,1,Huff and ML agree
10120250,Mali Ban,Šentjernej,0.21964340635261387,Šentjernej,0.3290326762063971,1,Huff and ML agree
10120268,Mali Cerovec,Novo mesto,0.2327031097189258,Novo mesto,0.4326501786657473,1,Huff and ML agree
10120276,Mali Kal,Novo mesto,0.2337089538929467,Novo mesto,0.2576197745624713,1,Huff and ML agree
10120284,Mali Lipovec,Žužemberk,0.21924501956209272,Žužemberk,0.1376972652681604,1,Huff and ML agree
10120292,Mali Orehek,Novo mesto,0.28242491813568793,Novo mesto,0.5347680119571725,1,Huff and ML agree
10120306,Mali Podljuben,Novo mesto,0.28340609288355684,Novo mesto,0.4660494930568936,1,Huff and ML agree
10120314,Mali Rigelj,Dolenjske Toplice,0.16832202872925264,Dolenjske Toplice,0.2376079814119732,1,Huff and ML agree
10120322,Mali Slatnik,Novo mesto,0.6387224853938972,Novo mesto,0.8280978743024945,1,Huff and ML agree
10120349,Mali Vrh,Mirna Peč,0.36235351313942077,Mirna Peč,0.390308541893734,1,Huff and ML agree
10120357,Malo Lipje,Žužemberk,0.1596232244693271,Ljubljana,0.1454274063814839,0,Huff and ML disagree
10120365,Meniška vas,Dolenjske Toplice,0.5575332525417962,Dolenjske Toplice,0.6581776799631387,1,Huff and ML agree
10120373,Mihovec,Novo mesto,0.2030201864369444,Novo mesto,0.4057215587683592,1,Huff and ML agree
10120381,Mihovica,Šentjernej,0.2873245467834501,Šentjernej,0.4102464425620364,1,Huff and ML agree
10120390,Mihovo,Šentjernej,0.17471437450628446,Šentjernej,0.2287602887557168,1,Huff and ML agree
10120403,Mirna Peč,Mirna Peč,0.9976682814648851,Mirna Peč,1.0,1,Huff and ML agree
10120411,Mršeča vas,Šentjernej,0.14748168434976042,Šentjernej,0.1510503178760198,1,Huff and ML agree
10120420,Nova Gora,Novo mesto,0.10934552387352209,Novo mesto,0.1403151601875543,1,Huff and ML agree
10120438,Novo mesto,Novo mesto,0.9987893369368902,Novo mesto,1.0,1,Huff and ML agree
10120446,Občice,Novo mesto,0.151707340567926,Dolenjske Toplice,0.2141219000142241,0,Huff and ML disagree
10120454,Obrh,Dolenjske Toplice,0.34601415717621653,Dolenjske Toplice,0.4546760585707142,1,Huff and ML agree
10120462,Orehovica,Šentjernej,0.2114193334381433,Šentjernej,0.2614775318643221,1,Huff and ML agree
10120489,Orešje,Šmarješke Toplice,0.35799506505839807,Šmarješke Toplice,0.3849380073354476,1,Huff and ML agree
10120497,Orkljevec,Novo mesto,0.2009464348722825,Mirna Peč,0.2621856397208005,0,Huff and ML disagree
10120519,Osrečje,Škocjan,0.22898829910033208,Škocjan,0.1681619755357826,1,Huff and ML agree
10120527,Ostrog,Šentjernej,0.1738354769765682,Šentjernej,0.1971170029511528,1,Huff and ML agree
10120535,Otočec,Novo mesto,0.39554731303481505,Novo mesto,0.5640323656184862,1,Huff and ML agree
10120543,Paha,Novo mesto,0.24639937842997234,Novo mesto,0.4322891973213536,1,Huff and ML agree
10120551,Pangrč Grm,Novo mesto,0.23021056429894152,Novo mesto,0.4210146156797141,1,Huff and ML agree
10120560,Petane,Novo mesto,0.3066658603461695,Novo mesto,0.4953406964406327,1,Huff and ML agree
10120578,Plemberk,Novo mesto,0.3966814507164297,Novo mesto,0.6332993392278063,1,Huff and ML agree
10120586,Pleš,Novo mesto,0.05993109949860432,Ljubljana,0.1718777975392657,0,Huff and ML disagree
10120594,Plešivica,Žužemberk,0.11226498381609645,Ljubljana,0.1747728856489019,0,Huff and ML disagree
10120608,Podgora,Novo mesto,0.3293032315521133,Novo mesto,0.3844919667369009,1,Huff and ML agree
10120616,Podgozd,Žužemberk,0.2275351438217731,Žužemberk,0.1736271073812098,1,Huff and ML agree
10120624,Podgrad,Novo mesto,0.23148404130837277,Novo mesto,0.4505831144776155,1,Huff and ML agree
10120632,Podhosta,Dolenjske Toplice,0.44503808263248096,Dolenjske Toplice,0.5198033372516149,1,Huff and ML agree
10120659,Podlipa,Trebnje,0.1772968155138976,Trebnje,0.1603947624505598,1,Huff and ML agree
10120667,Podstenice,Novo mesto,0.10698072951784132,Novo mesto,0.1316125679604056,1,Huff and ML agree
10120675,Podturn pri Dol. Toplicah,Dolenjske Toplice,0.5455292652461896,Dolenjske Toplice,0.6875821015804798,1,Huff and ML agree
10120683,Polhovica,Novo mesto,0.1936649265817183,Novo mesto,0.2813181898836291,1,Huff and ML agree
10120691,Poljane pri Mirni Peči,Trebnje,0.3644468624692238,Trebnje,0.2408720964400133,1,Huff and ML agree
10120705,Poljane pri Žužemberku,Žužemberk,0.23903021317471612,Žužemberk,0.1877345974067174,1,Huff and ML agree
10120713,Potok,Novo mesto,0.39013857877737856,Novo mesto,0.3886042509139805,1,Huff and ML agree
10120721,Potov Vrh,Novo mesto,0.4062972431417207,Novo mesto,0.6418815754728028,1,Huff and ML agree
10120730,Prapreče,Žužemberk,0.65527436633452,Žužemberk,0.7874479889054504,1,Huff and ML agree
10120748,Prapreče pri Straži,Novo mesto,0.2901440846442933,Novo mesto,0.3968721061036747,1,Huff and ML agree
10120756,Prapreče pri Šentjerneju,Novo mesto,0.20764568650186277,Novo mesto,0.237312037900344,1,Huff and ML agree
10120764,Prečna,Novo mesto,0.462554795758823,Novo mesto,0.6044098966132595,1,Huff and ML agree
10120772,Prevole,Novo mesto,0.048627344030240306,Ljubljana,0.176835803235139,0,Huff and ML disagree
10120799,Pristava,Novo mesto,0.23489228366188952,Novo mesto,0.4279627181885,1,Huff and ML agree
10120802,Pristava pri Šentjerneju,Novo mesto,0.18730157747476223,Novo mesto,0.2741379309411072,1,Huff and ML agree
10120829,Pristavica,Novo mesto,0.19351981420318434,Novo mesto,0.2028720542777799,1,Huff and ML agree
10120837,Radovlja,Šmarješke Toplice,0.44121324657891664,Šmarješke Toplice,0.5198601598150587,1,Huff and ML agree
10120845,Rajnovšče,Novo mesto,0.4661749649552665,Novo mesto,0.7010897888528899,1,Huff and ML agree
10120853,Rakovnik,Šentjernej,0.2143170534633579,Šentjernej,0.3121087318963242,1,Huff and ML agree
10120861,Rakovnik pri Birčni vasi,Novo mesto,0.4062972431417207,Novo mesto,0.6590330943877795,1,Huff and ML agree
10120870,Ratež,Novo mesto,0.40279521941027274,Novo mesto,0.616174527817448,1,Huff and ML agree
10120888,Ratje,Novo mesto,0.04849577691821219,Ljubljana,0.1780046325988181,0,Huff and ML disagree
10120896,Razdrto,Šentjernej,0.28946498928642195,Šentjernej,0.4693964342193316,1,Huff and ML agree
10120900,Reber,Žužemberk,0.24303774373432552,Žužemberk,0.353964749768714,1,Huff and ML agree
10120918,Roje,Šentjernej,0.24182859665123232,Šentjernej,0.3250220798030047,1,Huff and ML agree
10120926,Ruhna vas,Novo mesto,0.19928016142504215,Novo mesto,0.1921327151483305,1,Huff and ML agree
10120934,Rumanja vas,Straža,0.4297097252205147,Straža,0.5015881819201955,1,Huff and ML agree
10120942,Sadinja vas pri Dvoru,Žužemberk,0.24303774373432552,Žužemberk,0.3510659040026591,1,Huff and ML agree
10120969,Segonje,Škocjan,0.20390987477647213,Škocjan,0.1968172975109189,1,Huff and ML agree
10120977,Sela,Šmarješke Toplice,0.20220108409902188,Šmarješke Toplice,0.2356931620955348,1,Huff and ML agree
10120985,Sela pri Ajdovcu,Novo mesto,0.18054516782614788,Novo mesto,0.181538210857161,1,Huff and ML agree
10120993,Sela pri Dol. Toplicah,Dolenjske Toplice,0.6812740865041611,Dolenjske Toplice,0.8257752765235147,1,Huff and ML agree
10121019,Sela pri Hinjah,Žužemberk,0.06274932992082358,Ljubljana,0.1636652929829057,0,Huff and ML disagree
10121027,Sela pri Ratežu,Novo mesto,0.3966814507164297,Novo mesto,0.5886443234671395,1,Huff and ML agree
10121035,Sela pri Šentjerneju,Šentjernej,0.2999120258645588,Šentjernej,0.537775293031844,1,Huff and ML agree
10121043,Sela pri Štravberku,Novo mesto,0.2303893887228535,Novo mesto,0.3673134448562175,1,Huff and ML agree
10121051,Sela pri Zajčjem Vrhu,Novo mesto,0.2339072523416585,Novo mesto,0.4710361884319193,1,Huff and ML agree
10121060,Sela pri Zburah,Novo mesto,0.1782222036107345,Šmarješke Toplice,0.2088084683408576,0,Huff and ML disagree
10121078,Selišče,Dolenjske Toplice,0.3908396400585682,Dolenjske Toplice,0.5483010949117828,1,Huff and ML agree
10121086,Selo pri Zagorici,Novo mesto,0.2309332750063008,Novo mesto,0.3100954167519169,1,Huff and ML agree
10121094,Sevno,Novo mesto,0.47973818754253483,Novo mesto,0.7049701981477585,1,Huff and ML agree
10121108,Smolenja vas,Novo mesto,0.7102230503914149,Novo mesto,0.8652697006806043,1,Huff and ML agree
10121116,Soteska,Dolenjske Toplice,0.25264817733720313,Dolenjske Toplice,0.2772310899651139,1,Huff and ML agree
10121124,Srebrniče,Novo mesto,0.49759926449571606,Novo mesto,0.7077958473630482,1,Huff and ML agree
10121132,Srednje Grčevje,Novo mesto,0.22991899906464414,Novo mesto,0.3928395987979346,1,Huff and ML agree
10121159,Srednji Globodol,Novo mesto,0.1955262276220247,Novo mesto,0.2029249786971927,1,Huff and ML agree
10121167,Srednji Lipovec,Žužemberk,0.17350531284523452,Novo mesto,0.1370231653609937,0,Huff and ML disagree
10121175,Stara Bučka,Škocjan,0.28009412251997784,Škocjan,0.3612719348474043,1,Huff and ML agree
10121183,Stare Žage,Novo mesto,0.15126067079084893,Dolenjske Toplice,0.1908686803694494,0,Huff and ML disagree
10121191,Stavča vas,Žužemberk,0.2418164395543984,Žužemberk,0.3456402426569049,1,Huff and ML agree
10121205,Stopiče,Novo mesto,0.4357116381791976,Novo mesto,0.6790277282373516,1,Huff and ML agree
10121213,Stopno,Škocjan,0.19605911764323566,Škocjan,0.1688485610017421,1,Huff and ML agree
10121221,Stranje pri Škocjanu,Novo mesto,0.19324243596299712,Novo mesto,0.1779661694809228,1,Huff and ML agree
10121230,Stranska vas,Novo mesto,0.4005754661989031,Novo mesto,0.6352335660589314,1,Huff and ML agree
10121248,Strelac,Šmarješke Toplice,0.591197330727765,Šmarješke Toplice,0.6483866176254568,1,Huff and ML agree
10121256,Suhor,Novo mesto,0.36258723369563234,Novo mesto,0.4943118801274473,1,Huff and ML agree
10121264,Suhor pri Dol. Toplicah,Dolenjske Toplice,0.38724024363304643,Dolenjske Toplice,0.4821440836120959,1,Huff and ML agree
10121272,Šentjakob,Šentjernej,0.15675029623693149,Šentjernej,0.1901804204733882,1,Huff and ML agree
10121299,Šentjernej,Šentjernej,0.9999612682515925,Šentjernej,1.0,1,Huff and ML agree
10121302,Šentjošt,Novo mesto,0.40358256371875406,Novo mesto,0.647954285922398,1,Huff and ML agree
10121329,Šentjurij na Dolenjskem,Trebnje,0.19457499230575745,Mirna Peč,0.2357723962166431,0,Huff and ML disagree
10121337,Škocjan,Škocjan,0.9983635506870904,Škocjan,1.0,1,Huff and ML agree
10121345,Škrjanče pri Novem mestu,Novo mesto,0.7308234207852952,Novo mesto,0.8763028706263101,1,Huff and ML agree
10121353,Šmalčja vas,Šentjernej,0.5036729345930455,Šentjernej,0.667094647584841,1,Huff and ML agree
10121361,Šmarje,Šentjernej,0.5036729345930455,Šentjernej,0.6876120428840993,1,Huff and ML agree
10121370,Šmarješke Toplice,Novo mesto,0.23059964252878143,Novo mesto,0.3482271983451954,1,Huff and ML agree
10121388,Šmarjeta,Šmarješke Toplice,0.9990324337849273,Šmarješke Toplice,1.0,1,Huff and ML agree
10121396,Šmihel pri Žužemberku,Žužemberk,0.18596786763862255,Ljubljana,0.1724311254535714,0,Huff and ML disagree
10121400,Štravberk,Novo mesto,0.19434731376282963,Novo mesto,0.3338186842796271,1,Huff and ML agree
10121418,Tolsti Vrh,Novo mesto,0.1888127546796698,Novo mesto,0.3083016671336022,1,Huff and ML agree
10121426,Tomažja vas,Škocjan,0.1859110705100112,Novo mesto,0.1666364706562158,0,Huff and ML disagree
10121434,Travni Dol,Novo mesto,0.16130936083071076,Novo mesto,0.2084662125536486,1,Huff and ML agree
10121442,Trebča vas,Žužemberk,0.3068744516940506,Žužemberk,0.4889942550231833,1,Huff and ML agree
10121469,Trška Gora,Novo mesto,0.3623676537950653,Novo mesto,0.5589941454476163,1,Huff and ML agree
10121477,Uršna sela,Novo mesto,0.18452446107573678,Novo mesto,0.2890087184977702,1,Huff and ML agree
10121485,Vavta vas,Straža,0.4297097252205147,Straža,0.554573082540803,1,Huff and ML agree
10121493,Velike Brusnice,Novo mesto,0.24467185631184826,Novo mesto,0.4457438382060568,1,Huff and ML agree
10121507,Velike Poljane,Novo mesto,0.15515315108591168,Novo mesto,0.1276456621287942,1,Huff and ML agree
10121515,Veliki Ban,Šentjernej,0.17637397991300066,Šentjernej,0.2314581432202579,1,Huff and ML agree
10121523,Veliki Cerovec,Novo mesto,0.2149169210726729,Novo mesto,0.4144007153257686,1,Huff and ML agree
10121531,Veliki Kal,Mirna Peč,0.20917382523761258,Mirna Peč,0.3160949351288785,1,Huff and ML agree
10121540,Veliki Lipovec,Novo mesto,0.19351981420318434,Novo mesto,0.2000222428546195,1,Huff and ML agree
10121558,Veliki Orehek,Novo mesto,0.3211653204817276,Novo mesto,0.558842654602863,1,Huff and ML agree
10121566,Veliki Podljuben,Novo mesto,0.24530778563240166,Novo mesto,0.4360503296279787,1,Huff and ML agree
10121574,Veliki Rigelj,Dolenjske Toplice,0.27065433006714523,Dolenjske Toplice,0.3848632102415883,1,Huff and ML agree
10121582,Veliki Slatnik,Novo mesto,0.40518937496873114,Novo mesto,0.6487097042347822,1,Huff and ML agree
10121604,Veliko Lipje,Žužemberk,0.14420115962349267,Ljubljana,0.1422193229846044,0,Huff and ML disagree
10121612,Verdun,Novo mesto,0.330791214778626,Novo mesto,0.6013128741182284,1,Huff and ML agree
10121639,Verdun pri Uršnih selih,Dolenjske Toplice,0.21728333848711245,Dolenjske Toplice,0.2741758995888711,1,Huff and ML agree
10121647,Vinica pri Šmarjeti,Novo mesto,0.18532475874406654,Šmarješke Toplice,0.1930382106170317,0,Huff and ML disagree
10121655,Vinja vas,Novo mesto,0.23128910346229758,Novo mesto,0.4441468173959603,1,Huff and ML agree
10121663,Vinji Vrh,Novo mesto,0.19895197713979085,Novo mesto,0.1831265165904147,1,Huff and ML agree
10121671,Vinkov Vrh,Žužemberk,0.23271860520697218,Žužemberk,0.1809810190814396,1,Huff and ML agree
10121680,Visejec,Novo mesto,0.061948507672262024,Ljubljana,0.1857087722693897,0,Huff and ML disagree
10121698,Volčkova vas,Šentjernej,0.43183728544750205,Šentjernej,0.583958840952702,1,Huff and ML agree
10121701,Vratno,Šentjernej,0.1996535439608926,Šentjernej,0.2785863001397303,1,Huff and ML agree
10121710,Vrbovce,Šentjernej,0.2862289245736732,Šentjernej,0.4715437677508554,1,Huff and ML agree
10121728,Vrh pri Hinjah,Žužemberk,0.07094777499983791,Ljubljana,0.1576913979109786,0,Huff and ML disagree
10121736,Vrh pri Križu,Žužemberk,0.2212430696599774,Ljubljana,0.1588997532345602,0,Huff and ML disagree
10121744,Vrh pri Ljubnu,Novo mesto,0.35701750194971793,Novo mesto,0.5098371814089432,1,Huff and ML agree
10121752,Vrh pri Pahi,Novo mesto,0.24467185631184826,Novo mesto,0.4275779979870502,1,Huff and ML agree
10121779,Vrh pri Šentjerneju,Šentjernej,0.6916208968769877,Šentjernej,0.8005802377834769,1,Huff and ML agree
10121787,Vrhe,Novo mesto,0.19434731376282963,Novo mesto,0.3828026204823179,1,Huff and ML agree
10121795,Vrhovo pri Mirni Peči,Novo mesto,0.20291060117490636,Novo mesto,0.2489951557907458,1,Huff and ML agree
10121809,Vrhovo pri Žužemberku,Žužemberk,0.19979057438730927,Žužemberk,0.255104336319701,1,Huff and ML agree
10121817,Vrhpeč,Trebnje,0.38670620392048655,Trebnje,0.2804642438302135,1,Huff and ML agree
10121825,Zafara,Žužemberk,0.6643967215034042,Žužemberk,0.8261288739118764,1,Huff and ML agree
10121833,Zagrad,Škocjan,0.18665953913594696,Škocjan,0.1390750941715005,1,Huff and ML agree
10121841,Zagrad pri Otočcu,Novo mesto,0.2844154862663114,Novo mesto,0.4763157886934525,1,Huff and ML agree
10121850,Zajčji Vrh pri Stopičah,Novo mesto,0.2411231963462476,Novo mesto,0.4890221008093738,1,Huff and ML agree
10121868,Zalisec,Žužemberk,0.22281915756350476,Žužemberk,0.3118539791601046,1,Huff and ML agree
10121876,Zalog,Novo mesto,0.395924535182765,Novo mesto,0.4862118203179938,1,Huff and ML agree
10121884,Zalog pri Škocjanu,Škocjan,0.2759536066370965,Škocjan,0.2436630917313811,1,Huff and ML agree
10121892,Zameško,Šentjernej,0.1434769139977163,Šentjernej,0.1444733569639971,1,Huff and ML agree
10121906,Zapuže,Novo mesto,0.20079166338289503,Novo mesto,0.2517093607522666,1,Huff and ML agree
10121914,Zavinek,Škocjan,0.7263544165429239,Škocjan,0.7505582032710916,1,Huff and ML agree
10121922,Zbure,Škocjan,0.19929737427539237,Šmarješke Toplice,0.2053908862953548,0,Huff and ML disagree
10121949,Zloganje,Škocjan,0.46600795508321696,Škocjan,0.4905978148934121,1,Huff and ML agree
10121957,Žaloviče,Novo mesto,0.19410042516014495,Novo mesto,0.2974650526876693,1,Huff and ML agree
10121965,Ždinja vas,Novo mesto,0.3239425889336103,Novo mesto,0.5124207132052911,1,Huff and ML agree
10121973,Žerjavin,Novo mesto,0.23120000970273796,Novo mesto,0.3663127782277344,1,Huff and ML agree
10121981,Žihovo selo,Novo mesto,0.47508116862135247,Novo mesto,0.6801514505937686,1,Huff and ML agree
10121990,Žužemberk,Žužemberk,0.9990060692791846,Žužemberk,1.0,1,Huff and ML agree
10122007,Žvabovo,Šentjernej,0.41742401313752636,Šentjernej,0.5729262553898129,1,Huff and ML agree
10122015,Žvirče,Kočevje,0.05118556502435417,Ljubljana,0.1912618108827995,0,Huff and ML disagree
10122023,Petelinjek,Novo mesto,0.47997459581139634,Novo mesto,0.7187442302892898,1,Huff and ML agree
10122031,Straža,Straža,0.9997108203425552,Straža,1.0,1,Huff and ML agree
10122040,Križe,Novo mesto,0.35530650962399757,Novo mesto,0.5926650757825305,1,Huff and ML agree
10122058,Bratonečice,Ptuj,0.25920391419913247,Ptuj,0.1687593770207051,1,Huff and ML agree
10122066,Bresnica,Ptuj,0.2551467157177014,Ptuj,0.2135928246810954,1,Huff and ML agree
10122074,Cerovec Stanka Vraza,Ljutomer,0.31557946294172134,Ljutomer,0.364797773680696,1,Huff and ML agree
10122082,Cvetkovci,Ptuj,0.2580593732584472,Ormož,0.2368018999496855,0,Huff and ML disagree
10122104,Dobrava,Ormož,0.6919655056912762,Ormož,0.7794627704000211,1,Huff and ML agree
10122112,Dobrovščak,Ormož,0.361528238590617,Ormož,0.4492252349709887,1,Huff and ML agree
10122139,Drakšl,Ormož,0.40995382429250043,Ormož,0.5021835808770385,1,Huff and ML agree
10122147,Frankovci,Ormož,0.38275491832282127,Ormož,0.5347588326381439,1,Huff and ML agree
10122155,Godeninci,Središče ob Dravi,0.10493667166326823,Središče ob Dravi,0.2094368030043492,1,Huff and ML agree
10122163,Gomila pri Kogu,Ljutomer,0.2351170604803457,Ljutomer,0.3118347416427642,1,Huff and ML agree
10122171,Gornji Ključarovci,Ormož,0.20303979792733495,Ormož,0.2078388293798066,1,Huff and ML agree
10122180,Grabe,Središče ob Dravi,0.5153289528578617,Središče ob Dravi,0.5485495891639149,1,Huff and ML agree
10122198,Gradišče,Sveti Tomaž,0.5046394388459632,Sveti Tomaž,0.2630650312159575,1,Huff and ML agree
10122201,Hajndl,Ormož,0.6350753185294903,Ormož,0.7061729389876904,1,Huff and ML agree
10122210,Hardek,Ormož,0.7521564131179409,Ormož,0.8259957014889288,1,Huff and ML agree
10122228,Hermanci,Ljutomer,0.31873239452053714,Ljutomer,0.4081814234632009,1,Huff and ML agree
10122236,Hranjigovci,Ptuj,0.18593181388903926,Ormož,0.179395320055012,0,Huff and ML disagree
10122244,Hujbar,Ljutomer,0.20837808092957869,Ljutomer,0.2347851537499687,1,Huff and ML agree
10122252,Hum pri Ormožu,Ormož,0.41656492316007643,Ormož,0.5670766373263104,1,Huff and ML agree
10122279,Ivanjkovci,Ormož,0.22504075021094658,Ormož,0.2576875777820523,1,Huff and ML agree
10122287,Jastrebci,Ljutomer,0.126204211758904,Ljutomer,0.1801398609613203,1,Huff and ML agree
10122295,Kajžar,Ljutomer,0.2090386321134973,Ljutomer,0.2517993044826445,1,Huff and ML agree
10122309,Kog,Ljutomer,0.17981530710963192,Ljutomer,0.2453736035097641,1,Huff and ML agree
10122317,Koračice,Sveti Tomaž,0.38123152023957035,Sveti Tomaž,0.2210106167270574,1,Huff and ML agree
10122325,Krčevina,Ormož,0.2886431795692594,Ormož,0.365126733254531,1,Huff and ML agree
10122333,Lačaves,Ljutomer,0.12227073999854748,Ljutomer,0.1911442438699297,1,Huff and ML agree
10122341,Lahonci,Ptuj,0.1450550038532872,Ormož,0.1547667103471635,0,Huff and ML disagree
10122350,Lešnica,Ormož,0.5041319592453903,Ormož,0.6069800187462975,1,Huff and ML agree
10122368,Lešniški Vrh,Ormož,0.4405157702656175,Ormož,0.5526552825373613,1,Huff and ML agree
10122376,Libanja,Ormož,0.36969493632441636,Ormož,0.4663375387772319,1,Huff and ML agree
10122384,Litmerk,Ormož,0.5026963803219524,Ormož,0.6055409074173227,1,Huff and ML agree
10122392,Loperšice,Ormož,0.4115927264825258,Ormož,0.552532164320804,1,Huff and ML agree
10122406,Lunovec,Ormož,0.2935518743728341,Ormož,0.3515970290092294,1,Huff and ML agree
10122414,Mala vas pri Ormožu,Sveti Tomaž,0.5639013239496722,Sveti Tomaž,0.3003821798986631,1,Huff and ML agree
10122422,Mali Brebrovnik,Ormož,0.20625070023495848,Ormož,0.2489315107023894,1,Huff and ML agree
10122449,Mezgovci,Ptuj,0.24737632859230246,Ptuj,0.1448487329185143,1,Huff and ML agree
10122457,Mihalovci,Ormož,0.2916903024378079,Ormož,0.3471570684069667,1,Huff and ML agree
10122465,Mihovci pri Vel. Nedelji,Ormož,0.535498497936736,Ormož,0.6335480088355375,1,Huff and ML agree
10122473,Miklavž pri Ormožu,Ljutomer,0.2090386321134973,Ljutomer,0.2429112020341317,1,Huff and ML agree
10122481,Obrež,Ormož,0.2167551176205346,Središče ob Dravi,0.2858967866898488,0,Huff and ML disagree
10122490,Ormož,Ormož,0.9991940924733669,Ormož,1.0,1,Huff and ML agree
10122503,Osluševci,Ptuj,0.24527371958663163,Ptuj,0.1988981178922639,1,Huff and ML agree
10122511,Pavlovci,Ormož,0.6899172390707679,Ormož,0.7805865917240111,1,Huff and ML agree
10122520,Pavlovski Vrh,Ormož,0.33339622453510137,Ormož,0.4104404047403124,1,Huff and ML agree
10122538,Podgorci,Ptuj,0.25914287550908294,Ptuj,0.1878712022412213,1,Huff and ML agree
10122546,Preclava,Ptuj,0.2546435495865792,Ptuj,0.2018534729860377,1,Huff and ML agree
10122554,Pršetinci,Ptuj,0.1794248837622723,Ormož,0.1280810831306116,0,Huff and ML disagree
10122562,Pušenci,Ormož,0.553965288163159,Ormož,0.7068939962906692,1,Huff and ML agree
10122589,Rakovci,Sveti Tomaž,0.23735618469223785,Sveti Tomaž,0.1365378826267171,1,Huff and ML agree
10122597,Ritmerk,Ptuj,0.2609043370395448,Ptuj,0.1968319621805993,1,Huff and ML agree
10122619,Rucmanci,Ptuj,0.2607230552779557,Ptuj,0.1662213288389165,1,Huff and ML agree
10122627,Runeč,Ormož,0.28326783847393555,Ormož,0.3259841605717192,1,Huff and ML agree
10122635,Savci,Ptuj,0.25878295795348066,Ptuj,0.1701407785096503,1,Huff and ML agree
10122643,Sejanci,Ptuj,0.24307338131196599,Ormož,0.1540268654483618,0,Huff and ML disagree
10122651,Senčak,Ptuj,0.2639664399458589,Juršinci,0.1922132760199596,0,Huff and ML disagree
10122660,Senešci,Ormož,0.3685303784349002,Ormož,0.4016613723374784,1,Huff and ML agree
10122678,Senik,Ptuj,0.21294904334332235,Ormož,0.2303494832996378,0,Huff and ML disagree
10122686,Sodinci,Ormož,0.2946714902834551,Ormož,0.3102267994689312,1,Huff and ML agree
10122694,Spodnji Ključarovci,Ormož,0.2885508357860913,Ormož,0.3176103193229066,1,Huff and ML agree
10122708,Središče ob Dravi,Središče ob Dravi,0.9988783497410221,Središče ob Dravi,1.0,1,Huff and ML agree
10122716,Stanovno,Ormož,0.2915002237270966,Ormož,0.3411836724917164,1,Huff and ML agree
10122724,Strezetina,Ormož,0.2916903024378079,Ormož,0.3482680673426483,1,Huff and ML agree
10122732,Strjanci,Ptuj,0.25920391419913247,Ptuj,0.1825220072433468,1,Huff and ML agree
10122759,Strmec pri Ormožu,Ormož,0.5012642836140769,Ormož,0.5989176335299594,1,Huff and ML agree
10122767,Šalovci,Ormož,0.2164025848247719,Ormož,0.2926445783145536,1,Huff and ML agree
10122775,Šardinje,Ormož,0.3696837744999942,Ormož,0.4401662100739695,1,Huff and ML agree
10122783,Sveti Tomaž,Sveti Tomaž,0.9982448997676866,Sveti Tomaž,1.0,1,Huff and ML agree
10122791,Trgovišče,Ormož,0.41921884910519513,Ormož,0.4887766255626999,1,Huff and ML agree
10122805,Trnovci,Ptuj,0.22618014932998695,Ptuj,0.1355898690938096,1,Huff and ML agree
10122813,Veličane,Ljutomer,0.2768019001712572,Ljutomer,0.3066329107524576,1,Huff and ML agree
10122821,Velika Nedelja,Ormož,0.5012642836140769,Ormož,0.5820244150768773,1,Huff and ML agree
10122830,Veliki Brebrovnik,Ormož,0.239144020890447,Ormož,0.3141958315474773,1,Huff and ML agree
10122848,Vičanci,Ormož,0.22771593861641148,Ormož,0.255490611973066,1,Huff and ML agree
10122856,Vinski Vrh,Ormož,0.2091564803595695,Ormož,0.257158205735971,1,Huff and ML agree
10122864,Vitan,Ormož,0.12986343485711918,Ormož,0.1865177733113063,1,Huff and ML agree
10122872,Vodranci,Ljutomer,0.11189139557392512,Ljutomer,0.1644277916700124,1,Huff and ML agree
10122899,Vuzmetinci,Ljutomer,0.23164484943426963,Ljutomer,0.2956478340507023,1,Huff and ML agree
10122902,Zagorje,Sveti Tomaž,0.366947705284648,Sveti Tomaž,0.2195405401291041,1,Huff and ML agree
10122929,Zasavci,Ljutomer,0.1794548825774095,Ljutomer,0.2186598671122908,1,Huff and ML agree
10122937,Žerovinci,Ljutomer,0.2863201735554028,Ljutomer,0.332758173375992,1,Huff and ML agree
10122945,Žvab,Ormož,0.2091564803595695,Ormož,0.2474327883631298,1,Huff and ML agree
10122953,Dragonja,Koper,0.18434027485485352,Koper,0.3839327996282033,1,Huff and ML agree
10122961,Lucija,Piran,0.5490214245318398,Piran,0.6901479277166812,1,Huff and ML agree
10122970,Nova vas nad Dragonjo,Koper,0.297085936448142,Koper,0.5435210845374556,1,Huff and ML agree
10122988,Padna,Koper,0.23927507344481763,Koper,0.4635940398329101,1,Huff and ML agree
10122996,Parecag,Izola,0.2270786233966826,Piran,0.3766548858783639,0,Huff and ML disagree
10123003,Piran,Piran,0.9958345595948147,Piran,1.0,1,Huff and ML agree
10123011,Portorož,Piran,0.7458748112252835,Piran,0.9069132830838788,1,Huff and ML agree
10123020,Sv. Peter,Koper,0.2178209726962866,Koper,0.4683508620870949,1,Huff and ML agree
10123038,Seča,Piran,0.2900040952681275,Piran,0.527462548809195,1,Huff and ML agree
10123046,Sečovlje,Piran,0.21328680374588072,Piran,0.4392478470058926,1,Huff and ML agree
10123054,Strunjan,Izola,0.333655524593371,Piran,0.4174000017376819,0,Huff and ML disagree
10123062,Belsko,Postojna,0.292655605499968,Postojna,0.4775554397640487,1,Huff and ML agree
10123089,Brezje pod Nanosom,Postojna,0.13280892124654098,Postojna,0.3038409009861318,1,Huff and ML agree
10123097,Buje,Ilirska Bistrica,0.057352892654298666,Sežana,0.1051153699129082,0,Huff and ML disagree
10123119,Bukovje,Postojna,0.2019736974286232,Postojna,0.3997577508665966,1,Huff and ML agree
10123127,Čepno,Pivka,0.04749293783289376,Pivka,0.1271041438651893,1,Huff and ML agree
10123135,Šmihel,Pivka,0.26118979965368866,Pivka,0.4474938533746482,1,Huff and ML agree
10123143,Dolnja Košana,Pivka,0.09505409522723639,Pivka,0.1925757735768217,1,Huff and ML agree
10123151,Drskovče,Pivka,0.25752734919943615,Pivka,0.4200237037836252,1,Huff and ML agree
10123160,Gorenje,Postojna,0.19669601535069955,Postojna,0.396814191300997,1,Huff and ML agree
10123178,Goriče,Postojna,0.2915633051556609,Postojna,0.4939984580631029,1,Huff and ML agree
10123186,Gornja Košana,Pivka,0.06901025921120929,Pivka,0.1675888235833741,1,Huff and ML agree
10123194,Gradec,Pivka,0.4223531258283688,Pivka,0.5694227010455316,1,Huff and ML agree
10123208,Grobišče,Postojna,0.5340404115899768,Postojna,0.6799015219345286,1,Huff and ML agree
10123216,Hrašče,Postojna,0.4848557810465786,Postojna,0.6452066843331946,1,Huff and ML agree
10123224,Hrenovice,Postojna,0.38241811704764395,Postojna,0.5731890585216651,1,Huff and ML agree
10123232,Hruševje,Postojna,0.26516342994971615,Postojna,0.4133387325119245,1,Huff and ML agree
10123259,Juršče,Pivka,0.061715173663827436,Pivka,0.1572249020540836,1,Huff and ML agree
10123267,Kal,Pivka,0.2719759687032834,Pivka,0.4579618427519968,1,Huff and ML agree
10123275,Klenik,Pivka,0.4219295516415073,Pivka,0.6126319132787327,1,Huff and ML agree
10123283,Koče,Postojna,0.292655605499968,Postojna,0.4191653887306991,1,Huff and ML agree
10123291,Landol,Postojna,0.19842496361463746,Postojna,0.3782904155395066,1,Huff and ML agree
10123305,Liplje,Postojna,0.17229897607225236,Postojna,0.2473975768285051,1,Huff and ML agree
10123313,Mala Brda,Postojna,0.13832883714017366,Postojna,0.3152849383014299,1,Huff and ML agree
10123321,Mala Pristava,Pivka,0.13833377211765957,Pivka,0.2701762896255482,1,Huff and ML agree
10123330,Mali Otok,Postojna,0.5907133745094206,Postojna,0.7344208737064906,1,Huff and ML agree
10123348,Malo Ubeljsko,Postojna,0.10005635968878696,Postojna,0.2643043924309073,1,Huff and ML agree
10123356,Matenja vas,Postojna,0.527489418406488,Postojna,0.651011489709391,1,Huff and ML agree
10123364,Nadanje selo,Pivka,0.1759395285237314,Pivka,0.3411252290342856,1,Huff and ML agree
10123372,Narin,Pivka,0.15524849557851395,Pivka,0.3097589423771312,1,Huff and ML agree
10123399,Neverke,Pivka,0.12893974533175587,Pivka,0.2477349456827501,1,Huff and ML agree
10123402,Nova Sušica,Pivka,0.10320489447029069,Pivka,0.2157849648494222,1,Huff and ML agree
10123429,Orehek,Postojna,0.31603181438395617,Postojna,0.50327570172674,1,Huff and ML agree
10123437,Palčje,Pivka,0.1379175207272104,Pivka,0.2794682211696402,1,Huff and ML agree
10123445,Parje,Pivka,0.34170811915514837,Pivka,0.5297584927074656,1,Huff and ML agree
10123453,Petelinje,Pivka,0.7590169461563643,Pivka,0.8603585852357994,1,Huff and ML agree
10123461,Pivka,Pivka,0.9966332244265454,Pivka,1.0,1,Huff and ML agree
10123470,Planina,Postojna,0.2639133438284306,Postojna,0.328073688591861,1,Huff and ML agree
10123488,Postojna,Postojna,0.9952851249739869,Postojna,1.0,1,Huff and ML agree
10123496,Predjama,Postojna,0.16627719584601486,Postojna,0.3462242299793522,1,Huff and ML agree
10123500,Prestranek,Postojna,0.3680444700050478,Postojna,0.4911903178429526,1,Huff and ML agree
10123518,Rakitnik,Postojna,0.5894312611552998,Postojna,0.715581352028896,1,Huff and ML agree
10123526,Rakulik,Postojna,0.10188891365401746,Postojna,0.2952987422815433,1,Huff and ML agree
10123534,Razdrto,Postojna,0.10911430087409073,Postojna,0.2246184959215215,1,Huff and ML agree
10123542,Sajevče,Postojna,0.15513684617168308,Postojna,0.3362623799528236,1,Huff and ML agree
10123569,Selce,Pivka,0.4223531258283688,Pivka,0.5345340417559445,1,Huff and ML agree
10123577,Slavina,Postojna,0.25362194911476005,Postojna,0.3251352159219657,1,Huff and ML agree
10123585,Slavinje,Postojna,0.19780710299276094,Postojna,0.3686920444877269,1,Huff and ML agree
10123593,Slovenska vas,Pivka,0.34352657835742983,Pivka,0.5163368797297456,1,Huff and ML agree
10123607,Stara Sušica,Pivka,0.08316108036109926,Pivka,0.1894322667591488,1,Huff and ML agree
10123615,Stara vas,Postojna,0.8374201091460827,Postojna,0.9171218760590186,1,Huff and ML agree
10123623,Strane,Postojna,0.09120759532393864,Postojna,0.2236945162506957,1,Huff and ML agree
10123631,Strmca,Postojna,0.24633143315088868,Postojna,0.3747154261855249,1,Huff and ML agree
10123640,Studenec,Postojna,0.364333190759808,Postojna,0.5241496801647835,1,Huff and ML agree
10123658,Studeno,Postojna,0.2548089101422244,Postojna,0.3899217441905547,1,Huff and ML agree
10123666,Suhorje,Ilirska Bistrica,0.05823418647350521,Ilirska Bistrica,0.1171082592451466,1,Huff and ML agree
10123674,Šmihel pod Nanosom,Postojna,0.1374711559997944,Postojna,0.3212486543010874,1,Huff and ML agree
10123682,Šilentabor,Ilirska Bistrica,0.09315052988092436,Pivka,0.1701328151298578,0,Huff and ML disagree
10123704,Trnje,Pivka,0.4219295516415073,Pivka,0.6146471000438093,1,Huff and ML agree
10123712,Velika Brda,Postojna,0.18658647296005026,Postojna,0.3683857123673169,1,Huff and ML agree
10123739,Velika Pristava,Pivka,0.33823318693581605,Pivka,0.5318692608697613,1,Huff and ML agree
10123747,Veliki Otok,Postojna,0.8374201091460827,Postojna,0.9202067960738042,1,Huff and ML agree
10123755,Veliko Ubeljsko,Postojna,0.11054392522026008,Postojna,0.240501271169914,1,Huff and ML agree
10123763,Volče,Pivka,0.04288084575835342,Postojna,0.1076490028317272,0,Huff and ML disagree
10123771,Zagon,Postojna,0.5483628768098447,Postojna,0.7227819373817335,1,Huff and ML agree
10123780,Zagorje,Pivka,0.15376283462593027,Pivka,0.2732273997498799,1,Huff and ML agree
10123801,Žeje,Postojna,0.3045458692791452,Postojna,0.4685811492074762,1,Huff and ML agree
10123810,Apače,Ptuj,0.2320094668581408,Ptuj,0.3342176706136303,1,Huff and ML agree
10123828,Barislovci,Ptuj,0.32314484470844773,Ptuj,0.4448796947019345,1,Huff and ML agree
10123836,Belavšek,Ptuj,0.2521357537071525,Ptuj,0.2698754431052021,1,Huff and ML agree
10123844,Belski Vrh,Ptuj,0.24986018264933157,Ptuj,0.2689051880190041,1,Huff and ML agree
10123852,Berinjak,Ptuj,0.2585626290187995,Ptuj,0.2620986025124878,1,Huff and ML agree
10123879,Biš,Ptuj,0.2596498729041031,Ptuj,0.1703899790181168,1,Huff and ML agree
10123887,Bišečki Vrh,Trnovska vas,0.21429938674522436,Trnovska vas,0.1989572217713172,1,Huff and ML agree
10123895,Bodkovci,Juršinci,0.2786399703685174,Juršinci,0.3884996442931515,1,Huff and ML agree
10123909,Bolečka vas,Ptuj,0.1606796040147486,Ptuj,0.3246435675243763,1,Huff and ML agree
10123917,Borovci,Ptuj,0.3874692758592924,Ptuj,0.3337052953669159,1,Huff and ML agree
10123925,Bratislavci,Ptuj,0.23752960438072662,Ptuj,0.199577755739909,1,Huff and ML agree
10123933,Breg,Majšperk,0.5488031293627972,Majšperk,0.6451684755855621,1,Huff and ML agree
10123941,Brezovci,Ptuj,0.16577738522782304,Ptuj,0.2585216650555519,1,Huff and ML agree
10123950,Brezovec,Ptuj,0.2639664399458589,Ptuj,0.244298396804331,1,Huff and ML agree
10123968,Bukovci,Ptuj,0.29578460065913037,Markovci,0.3251292155069911,0,Huff and ML disagree
10123976,Cirkovce,Maribor,0.20929296780952464,Ptuj,0.2215966896265005,0,Huff and ML disagree
10123984,Cirkulane,Cirkulane,0.9983756721358438,Cirkulane,1.0,1,Huff and ML agree
10123992,Cunkovci,Ptuj,0.2212150851609735,Ptuj,0.3178530740380039,1,Huff and ML agree
10124000,Čermožiše,Žetale,0.2445202827789794,Žetale,0.1304808111728186,1,Huff and ML agree
10124018,Črmlja,Ptuj,0.2525077372054874,Ptuj,0.1608340128516951,1,Huff and ML agree
10124026,Desenci,Ptuj,0.1924074376986524,Ptuj,0.3235823246249746,1,Huff and ML agree
10124034,Destrnik,Ptuj,0.19965434530540027,Ptuj,0.3122546174290552,1,Huff and ML agree
10124042,Dežno pri Podlehniku,Podlehnik,0.20036443045309865,Ptuj,0.2870135600061843,0,Huff and ML disagree
10124069,Dobrina,Žetale,0.4099436922582129,Žetale,0.2018030326618321,1,Huff and ML agree
10124077,Doklece,Ptuj,0.164443503752142,Ptuj,0.2584397398015211,1,Huff and ML agree
10124085,Dolane,Cirkulane,0.17603953454618096,Ptuj,0.277884246695477,0,Huff and ML disagree
10124093,Dolena,Ptuj,0.2003501386530162,Ptuj,0.2672750685783617,1,Huff and ML agree
10124107,Dolič,Ptuj,0.2916404787896552,Ptuj,0.4173803690649096,1,Huff and ML agree
10124115,Dornava,Dornava,0.9983999110682162,Dornava,1.0,1,Huff and ML agree
10124123,Dragonja vas,Maribor,0.164638742013266,Ptuj,0.2161326093534356,0,Huff and ML disagree
10124131,Dragovič,Juršinci,0.49898808371151604,Juršinci,0.6667493365337487,1,Huff and ML agree
10124140,Dravci,Ptuj,0.1649891487291173,Ptuj,0.3112157907895056,1,Huff and ML agree
10124158,Dravinjski Vrh,Videm,0.30693546639390623,Videm,0.3277582271718607,1,Huff and ML agree
10124166,Draženci,Ptuj,0.48256041829125434,Ptuj,0.4827144899052957,1,Huff and ML agree
10124174,Drbetinci,Sveti Andraž v Slov. goricah,0.5400286853378397,Sveti Andraž v Slov. goricah,0.4191770359336169,1,Huff and ML agree
10124182,Drenovec,Ptuj,0.2125626748016839,Ptuj,0.2263995010946839,1,Huff and ML agree
10124204,Drstelja,Ptuj,0.3236693272676688,Ptuj,0.4694066614297521,1,Huff and ML agree
10124212,Formin,Ptuj,0.15999392503666063,Ptuj,0.2103366030864945,1,Huff and ML agree
10124239,Gabrnik,Juršinci,0.36390189691764213,Juršinci,0.4388579230290783,1,Huff and ML agree
10124247,Gajevci,Gorišnica,0.19835921135348003,Gorišnica,0.2487563978956486,1,Huff and ML agree
10124255,Gerečja vas,Ptuj,0.4227052460715971,Ptuj,0.4387548457859797,1,Huff and ML agree
10124263,Gibina,Ptuj,0.23896810547536065,Ptuj,0.139237930233285,1,Huff and ML agree
10124271,Gomila,Maribor,0.2802428160229971,Ptuj,0.2679838555907254,0,Huff and ML disagree
10124280,Gomilci,Ptuj,0.19965434530540027,Ptuj,0.3340792541050802,1,Huff and ML agree
10124298,Gorca,Podlehnik,0.26291851996803434,Ptuj,0.2638884864098538,0,Huff and ML disagree
10124301,Gorenjski Vrh,Ptuj,0.2579059645832162,Ptuj,0.2542853693270083,1,Huff and ML agree
10124310,Goričak,Ptuj,0.2464116106502169,Ptuj,0.2222349757904249,1,Huff and ML agree
10124328,Gorišnica,Gorišnica,0.9988609287134418,Gorišnica,1.0,1,Huff and ML agree
10124336,Gradišča,Ptuj,0.1769970699992286,Ptuj,0.252138486852846,1,Huff and ML agree
10124344,Gradiščak,Juršinci,0.2110253076740811,Juršinci,0.2988633008086319,1,Huff and ML agree
10124352,Gradišče,Ptuj,0.2497845050765492,Ptuj,0.2398865433645576,1,Huff and ML agree
10124379,Grajena,Ptuj,0.48184778160823016,Ptuj,0.6754059710649774,1,Huff and ML agree
10124387,Grajenščak,Ptuj,0.28966261920955305,Ptuj,0.4522867125618739,1,Huff and ML agree
10124395,Grdina,Ptuj,0.21735480729286102,Ptuj,0.1242188045624679,1,Huff and ML agree
10124409,Grlinci,Juršinci,0.20094467225326546,Juršinci,0.2521369290725259,1,Huff and ML agree
10124417,Gruškovec,Ptuj,0.2607230552779557,Ptuj,0.2361424378722963,1,Huff and ML agree
10124425,Hajdoše,Ptuj,0.48467668640641653,Ptuj,0.5652074783969911,1,Huff and ML agree
10124433,Hlaponci,Juršinci,0.24397819995348974,Juršinci,0.314379031437894,1,Huff and ML agree
10124441,Hrastovec,Ptuj,0.2566399341414363,Ptuj,0.2623638162497264,1,Huff and ML agree
10124450,Hvaletinci,Ptuj,0.2595865016604173,Sveti Andraž v Slov. goricah,0.1828865075637444,0,Huff and ML disagree
10124468,Jablovec,Ptuj,0.16015398205984382,Ptuj,0.2734160879636848,1,Huff and ML agree
10124476,Janežovci,Ptuj,0.37337130775601785,Ptuj,0.5257492782191531,1,Huff and ML agree
10124484,Janežovski Vrh,Ptuj,0.2898477110830582,Ptuj,0.4334280398810126,1,Huff and ML agree
10124492,Janški Vrh,Ptuj,0.1754650199122155,Ptuj,0.2527077067604607,1,Huff and ML agree
10124506,Jelovice,Ptuj,0.24399444334549986,Ptuj,0.1691378553763873,1,Huff and ML agree
10124514,Jiršovci,Maribor,0.23406281574177024,Ptuj,0.285658097220719,0,Huff and ML disagree
10124522,Jurovci,Ptuj,0.2974775612290445,Ptuj,0.371458559252103,1,Huff and ML agree
10124549,Juršinci,Juršinci,0.997758449942993,Juršinci,1.0,1,Huff and ML agree
10124557,Kicar,Ptuj,0.46688503748399784,Ptuj,0.6496035588925767,1,Huff and ML agree
10124565,Kidričevo,Kidričevo,0.9979797122099618,Kidričevo,1.0,1,Huff and ML agree
10124573,Kočice,Ptuj,0.2575577242631419,Ptuj,0.2025098289390454,1,Huff and ML agree
10124581,Korenjak,Ptuj,0.24239387648082128,Ptuj,0.2362685826829604,1,Huff and ML agree
10124590,Koritno,Majšperk,0.3101939758888496,Majšperk,0.3175856758917297,1,Huff and ML agree
10124603,Kozminci,Ptuj,0.2581859736245194,Ptuj,0.2445119229417875,1,Huff and ML agree
10124611,Krčevina pri Vurbergu,Maribor,0.28975173495916345,Ptuj,0.3825360218332012,0,Huff and ML disagree
10124620,Kukava,Juršinci,0.2827091324174557,Juršinci,0.3212450905339803,1,Huff and ML agree
10124638,Kungota pri Ptuju,Ptuj,0.2955644120770421,Ptuj,0.3022785812757882,1,Huff and ML agree
10124646,Lancova vas,Ptuj,0.34611413898397614,Ptuj,0.4170229661762291,1,Huff and ML agree
10124654,Lasigovci,Ptuj,0.15418929798212602,Ptuj,0.2366254559771759,1,Huff and ML agree
10124662,Lešje,Majšperk,0.49188225030413074,Majšperk,0.5811980721863089,1,Huff and ML agree
10124689,Levanjci,Ptuj,0.21329464924360772,Ptuj,0.373259247280683,1,Huff and ML agree
10124697,Ljubstava,Ptuj,0.1765622374440917,Ptuj,0.3161960547304227,1,Huff and ML agree
10124719,Ločič,Ptuj,0.16577738522782304,Ptuj,0.2324029851437457,1,Huff and ML agree
10124727,Ločki Vrh,Destrnik,0.2218478615347323,Ptuj,0.2262733016796361,0,Huff and ML disagree
10124735,Lovrenc na Dravskem polju,Ptuj,0.21801211053812236,Ptuj,0.3125512603109601,1,Huff and ML agree
10124743,Ložina,Ptuj,0.21294904334332235,Ptuj,0.2152651444797927,1,Huff and ML agree
10124751,Majski Vrh,Ptuj,0.17256366756510524,Ptuj,0.3033710002986644,1,Huff and ML agree
10124760,Majšperk,Majšperk,0.9995581906963834,Majšperk,1.0,1,Huff and ML agree
10124778,Mala Varnica,Ptuj,0.2641692814941393,Ptuj,0.2580546203415439,1,Huff and ML agree
10124786,Mala vas,Ptuj,0.164443503752142,Ptuj,0.2541544844102429,1,Huff and ML agree
10124794,Mali Okič,Ptuj,0.25914285129449793,Ptuj,0.2532286797964054,1,Huff and ML agree
10124808,Markovci,Markovci,0.9989439515315351,Markovci,1.0,1,Huff and ML agree
10124816,Medribnik,Cirkulane,0.3838889245240367,Cirkulane,0.258426815259321,1,Huff and ML agree
10124824,Medvedce,Ptuj,0.2608163426215744,Majšperk,0.1944410224583636,0,Huff and ML disagree
10124832,Meje,Ptuj,0.24737632859230246,Ptuj,0.2300046679340657,1,Huff and ML agree
10124859,Mestni Vrh,Ptuj,0.5470342592829825,Ptuj,0.8352649526095489,1,Huff and ML agree
10124867,Mezgovci ob Pesnici,Dornava,0.4227660916433839,Dornava,0.4913823001479598,1,Huff and ML agree
10124875,Mihovce,Maribor,0.16155978569512874,Ptuj,0.2247647897243315,0,Huff and ML disagree
10124883,Mostje,Ptuj,0.2950438201085504,Ptuj,0.3542929301979056,1,Huff and ML agree
10124891,Moškanjci,Ptuj,0.21012222158208194,Ptuj,0.2805266927149893,1,Huff and ML agree
10124905,Muretinci,Ptuj,0.1761749431850366,Ptuj,0.2969546127500245,1,Huff and ML agree
10124913,Nadole,Ptuj,0.22222501729160563,Ptuj,0.1468992242614052,1,Huff and ML agree
10124921,Naraplje,Ptuj,0.2614903392629349,Majšperk,0.263246409899228,0,Huff and ML disagree
10124930,Njiverce,Kidričevo,0.8783573654431344,Kidričevo,0.8348169848700492,1,Huff and ML agree
10124948,Nova vas pri Markovcih,Markovci,0.5093164451171266,Markovci,0.4670715601749783,1,Huff and ML agree
10124956,Pacinje,Ptuj,0.37337130775601785,Ptuj,0.4528966545148745,1,Huff and ML agree
10124964,Paradiž,Ptuj,0.26082693467518925,Ptuj,0.2279512989434639,1,Huff and ML agree
10124972,Pestike,Ptuj,0.2660912052470382,Ptuj,0.2422617882528051,1,Huff and ML agree
10124999,Placar,Ptuj,0.45580461663541305,Ptuj,0.6234656531796171,1,Huff and ML agree
10125006,Placerovci,Ptuj,0.1754650199122155,Ptuj,0.2143339662909396,1,Huff and ML agree
10125014,Planjsko,Ptuj,0.26082693467518925,Majšperk,0.1788462859809592,0,Huff and ML disagree
10125022,Pleterje,Ptuj,0.16441021183292776,Ptuj,0.255754055731699,1,Huff and ML agree
10125049,Pobrežje,Ptuj,0.49122716980499037,Ptuj,0.5643292848866419,1,Huff and ML agree
10125057,Podlehnik,Podlehnik,0.9971911233510966,Podlehnik,1.0,1,Huff and ML agree
10125065,Podlože,Majšperk,0.48072103105517106,Majšperk,0.5080105228435355,1,Huff and ML agree
10125073,Podvinci,Ptuj,0.5051102580711411,Ptuj,0.7056136836605388,1,Huff and ML agree
10125081,Pohorje,Ptuj,0.24239387648082128,Ptuj,0.215620324355122,1,Huff and ML agree
10125090,Polenci,Ptuj,0.19931341126410637,Ptuj,0.2113893413338888,1,Huff and ML agree
10125103,Polenšak,Ptuj,0.1540632730284899,Ptuj,0.2095571823737417,1,Huff and ML agree
10125111,Pongrce,Maribor,0.24850209377262572,Ptuj,0.1839131613964747,0,Huff and ML disagree
10125120,Popovci,Ptuj,0.2023523893075238,Ptuj,0.3634012573369269,1,Huff and ML agree
10125138,Prerad,Ptuj,0.15146023095572492,Ptuj,0.2352217980808802,1,Huff and ML agree
10125146,Preša,Majšperk,0.372119623738942,Majšperk,0.3858128006970914,1,Huff and ML agree
10125154,Pristava,Cirkulane,0.4853603701677033,Cirkulane,0.2900007799724089,1,Huff and ML agree
10125162,Prvenci,Markovci,0.3042086001195751,Markovci,0.3041608153939731,1,Huff and ML agree
10125189,Ptuj,Ptuj,0.9979981925477277,Ptuj,1.0,1,Huff and ML agree
10125197,Ptujska Gora,Majšperk,0.27198854550080115,Majšperk,0.248482103182295,1,Huff and ML agree
10125219,Repišče,Ptuj,0.15575249483913528,Ptuj,0.3007730554389888,1,Huff and ML agree
10125227,Rjavci,Ptuj,0.24709207720730553,Ptuj,0.1314058179545313,1,Huff and ML agree
10125235,Rodni Vrh,Ptuj,0.18700163818457327,Ptuj,0.268256702825533,1,Huff and ML agree
10125243,Rotman,Juršinci,0.5485570092174936,Juršinci,0.7619077735502455,1,Huff and ML agree
10125251,Sakušak,Ptuj,0.2510067470287658,Juršinci,0.2878291448388123,0,Huff and ML disagree
10125260,Sedlašek,Ptuj,0.2370635959099406,Ptuj,0.2698628584966659,1,Huff and ML agree
10125278,Sela,Ptuj,0.3386096084380448,Ptuj,0.4534811524796662,1,Huff and ML agree
10125286,Senčak pri Juršincih,Ptuj,0.2614903392629349,Juršinci,0.2319830297326307,0,Huff and ML disagree
10125294,Sestrže,Ptuj,0.26260482434293647,Ptuj,0.1393843659724631,1,Huff and ML agree
10125308,Sitež,Ptuj,0.23896810547536065,Ptuj,0.1693603371417657,1,Huff and ML agree
10125316,Skorba,Ptuj,0.5123719816548818,Ptuj,0.569001382208665,1,Huff and ML agree
10125324,Skorišnjak,Ptuj,0.2547154036063335,Ptuj,0.2489721949909664,1,Huff and ML agree
10125332,Skrblje,Majšperk,0.47640209549484247,Majšperk,0.5497884337839481,1,Huff and ML agree
10125359,Slape,Majšperk,0.21206820823542025,Majšperk,0.2486496842390969,1,Huff and ML agree
10125367,Slatina,Ptuj,0.24181681066563027,Ptuj,0.2106259534780709,1,Huff and ML agree
10125375,Slavšina,Ptuj,0.25040294296131993,Ptuj,0.1310727861032645,1,Huff and ML agree
10125383,Slomi,Ptuj,0.16799848773544848,Ptuj,0.2757974278130891,1,Huff and ML agree
10125391,Slovenja vas,Ptuj,0.36759336912360013,Ptuj,0.4376556516311798,1,Huff and ML agree
10125405,Sobetinci,Ptuj,0.22156698961738594,Ptuj,0.2940034006628166,1,Huff and ML agree
10125413,Soviče,Ptuj,0.16508492404464847,Ptuj,0.3163708648545587,1,Huff and ML agree
10125421,Sovjak,Ptuj,0.2595338217409396,Ptuj,0.1582342724117507,1,Huff and ML agree
10125430,Spodnja Hajdina,Ptuj,0.569672326962776,Ptuj,0.5273383748024033,1,Huff and ML agree
10125448,Spodnje Jablane,Maribor,0.20974254153890493,Ptuj,0.2007433116622274,0,Huff and ML disagree
10125456,Spodnji Leskovec,Ptuj,0.15679426836917468,Ptuj,0.2892761514861117,1,Huff and ML agree
10125464,Spodnji Velovlek,Ptuj,0.36012763829084965,Ptuj,0.5008208226386602,1,Huff and ML agree
10125472,Spuhlja,Ptuj,0.529118902379039,Ptuj,0.6830957233293733,1,Huff and ML agree
10125499,Stanečka vas,Majšperk,0.5845286022891459,Majšperk,0.7088258338840918,1,Huff and ML agree
10125502,Stanošina,Podlehnik,0.26291851996803434,Podlehnik,0.2733490812147991,1,Huff and ML agree
10125529,Starošince,Maribor,0.2777094846439565,Ptuj,0.1909598294161324,0,Huff and ML disagree
10125537,Stogovci,Majšperk,0.4588358815037739,Majšperk,0.4873504859366181,1,Huff and ML agree
10125545,Stojnci,Ptuj,0.20175199692281545,Ptuj,0.3266241128041546,1,Huff and ML agree
10125553,Stoperce,Ptuj,0.177306653928883,Rogaška Slatina,0.1214547682939737,0,Huff and ML disagree
10125561,Strajna,Ptuj,0.25918615493860675,Ptuj,0.2445233780215276,1,Huff and ML agree
10125570,Stražgonjca,Maribor,0.2494498454970645,Maribor,0.1596996595238952,1,Huff and ML agree
10125588,Strejaci,Ptuj,0.21082803267326816,Ptuj,0.2977799661351118,1,Huff and ML agree
10125596,Strelci,Ptuj,0.29672766230223213,Ptuj,0.3236903452229333,1,Huff and ML agree
10125600,Strmec pri Destrniku,Maribor,0.23406281574177024,Ptuj,0.255582532570667,0,Huff and ML disagree
10125618,Strmec pri Leskovcu,Ptuj,0.20069832672322638,Ptuj,0.2647313008726413,1,Huff and ML agree
10125626,Strmec pri Polenšaku,Ptuj,0.1720544574807873,Ptuj,0.2716495826637296,1,Huff and ML agree
10125634,Svetinci,Ptuj,0.21018186779653886,Ptuj,0.3100383965536273,1,Huff and ML agree
10125642,Šikole,Maribor,0.25026820508020586,Ptuj,0.1714754120851614,0,Huff and ML disagree
10125669,Šturmovci,Ptuj,0.324162304214924,Ptuj,0.3213768769126208,1,Huff and ML agree
10125677,Tibolci,Ptuj,0.15621498954549223,Ptuj,0.2582459578777303,1,Huff and ML agree
10125685,Trdobojci,Ptuj,0.2579059645832162,Ptuj,0.2562892286125519,1,Huff and ML agree
10125693,Trnovec,Ptuj,0.3044184639182629,Ptuj,0.4092609119954849,1,Huff and ML agree
10125707,Trnovska vas,Trnovska vas,0.9985175957145607,Trnovska vas,1.0,1,Huff and ML agree
10125715,Trnovski Vrh,Trnovska vas,0.25621745275888547,Trnovska vas,0.2268208073882774,1,Huff and ML agree
10125723,Tržec,Videm,0.35965527657727414,Ptuj,0.3265705768799917,0,Huff and ML disagree
10125731,Turški Vrh,Ptuj,0.24189694778203485,Ptuj,0.2328962197954527,1,Huff and ML agree
10125740,Vareja,Ptuj,0.16987987611690955,Ptuj,0.3231814048699401,1,Huff and ML agree
10125758,Velika Varnica,Ptuj,0.23994841228934508,Ptuj,0.2423392146996956,1,Huff and ML agree
10125766,Veliki Okič,Ptuj,0.262129877761838,Ptuj,0.2614523748066176,1,Huff and ML agree
10125774,Veliki Vrh,Ptuj,0.18209114332653464,Ptuj,0.2766256030580635,1,Huff and ML agree
10125782,Videm pri Ptuju,Videm,0.9991302565875507,Videm,1.0,1,Huff and ML agree
10125804,Vintarovci,Destrnik,0.999233827273051,Destrnik,1.0,1,Huff and ML agree
10125812,Vitomarci,Sveti Andraž v Slov. goricah,0.9991420097441461,Sveti Andraž v Slov. goricah,1.0,1,Huff and ML agree
10125839,Zabovci,Markovci,0.5797681546752326,Markovci,0.569800299038851,1,Huff and ML agree
10125847,Zagojiči,Ptuj,0.20652135765452098,Ptuj,0.2841292165768615,1,Huff and ML agree
10125855,Zagorci,Ptuj,0.24596344612684348,Juršinci,0.3003081011383178,0,Huff and ML disagree
10125863,Zakl,Podlehnik,0.2598350353254412,Podlehnik,0.2710592812437543,1,Huff and ML agree
10125871,Zamušani,Gorišnica,0.4588280687274513,Gorišnica,0.4807422684866462,1,Huff and ML agree
10125880,Zasadi,Destrnik,0.32277571774456215,Destrnik,0.2944597726543239,1,Huff and ML agree
10125898,Zavrč,Zavrč,0.999066928619966,Zavrč,1.0,1,Huff and ML agree
10125901,Zgornja Hajdina,Hajdina,0.9989178488010214,Hajdina,1.0,1,Huff and ML agree
10125910,Zgornja Pristava,Ptuj,0.16769957690327275,Ptuj,0.3337851960216507,1,Huff and ML agree
10125928,Zgornje Jablane,Maribor,0.2336984517207538,Ptuj,0.1923893014637801,0,Huff and ML disagree
10125936,Zgornji Leskovec,Ptuj,0.2003187056569006,Ptuj,0.275714219628055,1,Huff and ML agree
10125944,Zgornji Velovlek,Ptuj,0.3005450484081437,Ptuj,0.4427170271273336,1,Huff and ML agree
10125952,Žamenci,Ptuj,0.2019491990199624,Ptuj,0.3024726120204068,1,Huff and ML agree
10125979,Žetale,Žetale,0.9988072797790134,Žetale,1.0,1,Huff and ML agree
10125987,Župečja vas,Ptuj,0.1947540355549216,Ptuj,0.2848766761885006,1,Huff and ML agree
10125995,Dol pri Stopercah,Ptuj,0.21447635139483354,Ptuj,0.147381629213011,1,Huff and ML agree
10126002,Kupčinji Vrh,Ptuj,0.14216276113921533,Ptuj,0.1160173299035126,1,Huff and ML agree
10126029,Novinci,Ptuj,0.2478283011688324,Sveti Andraž v Slov. goricah,0.1696086068942095,0,Huff and ML disagree
10126037,Spodnja Sveča,Majšperk,0.2647854036480689,Majšperk,0.2853526104993527,1,Huff and ML agree
10126045,Spodnje Gruškovje,Podlehnik,0.2593116172703922,Podlehnik,0.2707378919334741,1,Huff and ML agree
10126053,Strnišče,Kidričevo,0.32177666687778095,Kidričevo,0.3321935741435196,1,Huff and ML agree
10126061,Zgornja Sveča,Ptuj,0.22767588856950924,Majšperk,0.1529019473400359,0,Huff and ML disagree
10126070,Zgornje Gruškovje,Ptuj,0.2566399341414363,Ptuj,0.2638738604731666,1,Huff and ML agree
10126088,Spodnji Gaj pri Pragerskem,Ptuj,0.2585626290187995,Slovenska Bistrica,0.1794584095327903,0,Huff and ML disagree
10126096,Sv. Jernej nad Muto,Slovenj Gradec,0.06082320985897361,Radlje ob Dravi,0.1027321841451222,0,Huff and ML disagree
10126100,Brezni Vrh,Podvelka,0.1605495570657052,Podvelka,0.2383228115783809,1,Huff and ML agree
10126118,Brezno,Podvelka,0.7136944353806055,Podvelka,0.9063377927900822,1,Huff and ML agree
10126126,Sv. Trije Kralji,Radlje ob Dravi,0.14854320858386708,Radlje ob Dravi,0.2455537184892321,1,Huff and ML agree
10126134,Dobrava,Radlje ob Dravi,0.6140509177893113,Radlje ob Dravi,0.8300442438743334,1,Huff and ML agree
10126142,Dravče,Dravograd,0.1859505628780085,Muta,0.2040685967951248,0,Huff and ML disagree
10126169,Gortina,Dravograd,0.26468456102245,Muta,0.2745486811812794,0,Huff and ML disagree
10126177,Hudi Kot,Ribnica na Pohorju,0.11210923531816545,Ribnica na Pohorju,0.1884546996631325,1,Huff and ML agree
10126185,Janževski Vrh,Podvelka,0.09981075195090769,Maribor,0.1551588274625105,0,Huff and ML disagree
10126193,Javnik,Podvelka,0.17323979403838674,Podvelka,0.2485454189973128,1,Huff and ML agree
10126207,Josipdol,Ribnica na Pohorju,0.16636664258275957,Ribnica na Pohorju,0.2474345113923987,1,Huff and ML agree
10126215,Kozji Vrh,Radlje ob Dravi,0.11549724191619047,Radlje ob Dravi,0.2391697801491873,1,Huff and ML agree
10126223,Lehen na Pohorju,Podvelka,0.17312865103942635,Podvelka,0.1966799723741898,1,Huff and ML agree
10126231,Mlake,Slovenj Gradec,0.05489851888193762,Dravograd,0.0957614336340669,0,Huff and ML disagree
10126240,Muta,Muta,0.9997145316789025,Muta,1.0,1,Huff and ML agree
10126266,Ožbalt,Maribor,0.1645715092679885,Maribor,0.2102852183998372,1,Huff and ML agree
10126274,Pernice,Dravograd,0.11572479194310663,Muta,0.1811169167288668,0,Huff and ML disagree
10126282,Sv. Anton na Pohorju,Radlje ob Dravi,0.10796801203204427,Radlje ob Dravi,0.2157966858657566,1,Huff and ML agree
10126304,Sv. Primož nad Muto,Radlje ob Dravi,0.1479149772617207,Radlje ob Dravi,0.2312972233630655,1,Huff and ML agree
10126312,Podvelka,Podvelka,0.9988563907296988,Podvelka,1.0,1,Huff and ML agree
10126339,Radelca,Podvelka,0.09752427857892516,Radlje ob Dravi,0.1905049551044174,0,Huff and ML disagree
10126347,Radlje ob Dravi,Radlje ob Dravi,0.9988590784964171,Radlje ob Dravi,1.0,1,Huff and ML agree
10126355,Rdeči Breg - del,Podvelka,0.07634162912769268,Maribor,0.1712081513079366,0,Huff and ML disagree
10126363,Remšnik,Podvelka,0.13389289111283342,Radlje ob Dravi,0.2057303783315794,0,Huff and ML disagree
10126371,Ribnica na Pohorju,Ribnica na Pohorju,0.9969284062157853,Ribnica na Pohorju,1.0,1,Huff and ML agree
10126380,Spodnja Kapla,Maribor,0.08011721803644668,Maribor,0.2111595297796047,1,Huff and ML agree
10126398,Spodnja Vižinga,Radlje ob Dravi,0.41721267361673064,Radlje ob Dravi,0.7088069730536374,1,Huff and ML agree
10126401,Št. Janž pri Radljah,Radlje ob Dravi,0.15532672064095224,Radlje ob Dravi,0.3995138792519228,1,Huff and ML agree
10126410,Sv. Primož na Pohorju,Vuzenica,0.08754610393255083,Radlje ob Dravi,0.1184745466755527,0,Huff and ML disagree
10126428,Sv. Vid,Vuzenica,0.25328959637922954,Muta,0.2627040741148624,0,Huff and ML disagree
10126436,Šentjanž nad Dravčami,Vuzenica,0.1588494263789441,Muta,0.2080563448108103,0,Huff and ML disagree
10126444,Vas,Radlje ob Dravi,0.14119267725018353,Radlje ob Dravi,0.3078791563364688,1,Huff and ML agree
10126452,Vuhred,Radlje ob Dravi,0.22398575060890646,Radlje ob Dravi,0.5080226181916659,1,Huff and ML agree
10126479,Vurmat - del,Maribor,0.19630315727237668,Maribor,0.2229825373951049,1,Huff and ML agree
10126487,Vuzenica,Vuzenica,1.0,Vuzenica,1.0,1,Huff and ML agree
10126495,Zgornja Kapla,Podvelka,0.0871313814326032,Maribor,0.1822196838915318,0,Huff and ML disagree
10126509,Zgornja Vižinga,Radlje ob Dravi,0.41973464514911013,Radlje ob Dravi,0.6367549726111721,1,Huff and ML agree
10126517,Begunje na Gorenjskem,Radovljica,0.49828048238566247,Radovljica,0.5133394738460871,1,Huff and ML agree
10126525,Bitnje,Bohinj,0.8798068942214877,Bohinj,0.9337144939199766,1,Huff and ML agree
10126533,Bled,Bled,0.9957935832779984,Bled,1.0,1,Huff and ML agree
10126541,Bodešče,Bled,0.6834365194029399,Bled,0.6011823619725732,1,Huff and ML agree
10126550,Bohinjska Bela,Bled,0.3003908404696645,Bled,0.3731318776360107,1,Huff and ML agree
10126568,Bohinjska Bistrica,Bohinj,0.997982420222435,Bohinj,1.0,1,Huff and ML agree
10126576,Bohinjska Češnjica,Bohinj,0.628442306424715,Bohinj,0.7020501476278325,1,Huff and ML agree
10126584,Brda,Radovljica,0.5013353819491893,Radovljica,0.6121991501260793,1,Huff and ML agree
10126592,Brezje,Radovljica,0.44137010946913124,Radovljica,0.4193482608190333,1,Huff and ML agree
10126606,Brezovica,Radovljica,0.37488066542764303,Radovljica,0.3178075577112515,1,Huff and ML agree
10126614,Brod,Bohinj,0.8451635918464834,Bohinj,0.907481218529804,1,Huff and ML agree
10126622,Češnjica pri Kropi,Radovljica,0.27757017882146084,Kranj,0.1863476803360818,0,Huff and ML disagree
10126649,Črnivec,Radovljica,0.6179603901893495,Radovljica,0.5962356747854922,1,Huff and ML agree
10126657,Dobravica,Radovljica,0.2667800359764212,Radovljica,0.1926825335759393,1,Huff and ML agree
10126665,Dobro Polje,Radovljica,0.49987474196647225,Radovljica,0.4904883328740627,1,Huff and ML agree
10126673,Dvorska vas,Radovljica,0.6707032453820051,Radovljica,0.6415145254718467,1,Huff and ML agree
10126681,Globoko,Radovljica,0.5068277086874808,Radovljica,0.5573834850503481,1,Huff and ML agree
10126690,Goreljek,Bohinj,0.2564286862335294,Bohinj,0.2316025186377077,1,Huff and ML agree
10126703,Gorica,Radovljica,0.7546943204454508,Radovljica,0.77618108996358,1,Huff and ML agree
10126711,Gorjuše,Bohinj,0.22334020429780085,Bohinj,0.2302353945396133,1,Huff and ML agree
10126720,Grabče,Gorje,0.8309250838120847,Gorje,0.6933717476529712,1,Huff and ML agree
10126738,Hlebce,Radovljica,0.6707032453820051,Radovljica,0.5910688878765784,1,Huff and ML agree
10126746,Hraše,Radovljica,0.68202032752437,Radovljica,0.5717797932298871,1,Huff and ML agree
10126754,Jereka,Bohinj,0.723027293250578,Bohinj,0.8014016207590741,1,Huff and ML agree
10126762,Kamna Gorica,Radovljica,0.45495715928498376,Radovljica,0.490323636867408,1,Huff and ML agree
10126789,Kamnje,Bohinj,0.7320599857281089,Bohinj,0.832988169708483,1,Huff and ML agree
10126797,Koprivnik v Bohinju,Bohinj,0.2996332960012384,Bohinj,0.3533275130002533,1,Huff and ML agree
10126819,Koritno,Bled,0.8014601912725783,Bled,0.7527206336213164,1,Huff and ML agree
10126827,Krnica,Gorje,0.5816549452501394,Gorje,0.447557762726813,1,Huff and ML agree
10126835,Kropa,Radovljica,0.3292022939628816,Radovljica,0.2882260131367976,1,Huff and ML agree
10126843,Kupljenik,Bled,0.3181509607230615,Bled,0.3283483935526689,1,Huff and ML agree
10126851,Lancovo,Radovljica,0.7776821632363144,Radovljica,0.8299269462888516,1,Huff and ML agree
10126860,Lepence,Bohinj,0.7604846922016054,Bohinj,0.8518354236869603,1,Huff and ML agree
10126878,Lesce,Radovljica,0.7277458029539531,Radovljica,0.6021397400313854,1,Huff and ML agree
10126886,Lipnica,Radovljica,0.37891424507150456,Radovljica,0.3113354029123035,1,Huff and ML agree
10126894,Ljubno,Radovljica,0.4178451129036773,Radovljica,0.3005303937485185,1,Huff and ML agree
10126908,Mevkuž,Gorje,0.8816251156504644,Gorje,0.7895111198367126,1,Huff and ML agree
10126916,Mišače,Radovljica,0.4532163686047814,Radovljica,0.456342251761517,1,Huff and ML agree
10126924,Mlaka,Radovljica,0.2926316473720371,Radovljica,0.2348456398333213,1,Huff and ML agree
10126932,Mošnje,Radovljica,0.5400956102408646,Radovljica,0.5855964912824136,1,Huff and ML agree
10126959,Nemški Rovt,Bohinj,0.6847462725753579,Bohinj,0.7488283141733526,1,Huff and ML agree
10126967,Nomenj,Bohinj,0.4566476437711307,Bohinj,0.4978019316478232,1,Huff and ML agree
10126975,Noše,Radovljica,0.4869112078377939,Radovljica,0.474142184732554,1,Huff and ML agree
10126983,Nova vas pri Lescah,Radovljica,0.7913798419769748,Radovljica,0.8063146542067487,1,Huff and ML agree
10126991,Obrne,Bled,0.2732469773009865,Bled,0.2963347475843031,1,Huff and ML agree
10127009,Otoče,Radovljica,0.41607069250181455,Radovljica,0.3095703485970603,1,Huff and ML agree
10127017,Ovsiše,Kranj,0.24415252573583868,Kranj,0.2080336228189035,1,Huff and ML agree
10127025,Peračica,Radovljica,0.3979215924525408,Radovljica,0.3075010256476814,1,Huff and ML agree
10127033,Perniki,Bled,0.2799033201557522,Bled,0.2091293799891422,1,Huff and ML agree
10127041,Podhom,Bled,0.6417776306769776,Bled,0.5118531445509156,1,Huff and ML agree
10127050,Podjelje,Bohinj,0.4070160275321515,Bohinj,0.4741131142944205,1,Huff and ML agree
10127068,Podnart,Radovljica,0.2874751448084183,Kranj,0.2060133633061215,0,Huff and ML disagree
10127076,Poljče,Radovljica,0.5041810716788571,Radovljica,0.5263998870332134,1,Huff and ML agree
10127084,Polje,Bohinj,0.6741160701714669,Bohinj,0.7504179496552728,1,Huff and ML agree
10127092,Poljšica pri Gorjah,Gorje,0.8180145545894761,Gorje,0.5963517610560563,1,Huff and ML agree
10127106,Poljšica pri Podnartu,Kranj,0.21819813066465998,Kranj,0.1994344408267782,1,Huff and ML agree
10127114,Posavec,Radovljica,0.4153746548144619,Radovljica,0.2993304012975848,1,Huff and ML agree
10127122,Praproše,Radovljica,0.3775250360744217,Radovljica,0.2612127908259358,1,Huff and ML agree
10127149,Prezrenje,Radovljica,0.28383890010294643,Radovljica,0.2114697897533719,1,Huff and ML agree
10127157,Radovljica,Radovljica,0.9975868299252661,Radovljica,1.0,1,Huff and ML agree
10127165,Radovna,Bled,0.17450774452437579,Bled,0.1447344267350054,1,Huff and ML agree
10127173,Ravne v Bohinju,Bohinj,0.706844956702239,Bohinj,0.8043553364544984,1,Huff and ML agree
10127181,Ravnica,Radovljica,0.5094785471398365,Radovljica,0.6389837192719209,1,Huff and ML agree
10127190,Ribčev Laz,Bohinj,0.4335766433869276,Bohinj,0.5690929460016828,1,Huff and ML agree
10127203,Ribno,Bled,0.7428097638622514,Bled,0.733335894394023,1,Huff and ML agree
10127211,Rovte,Kranj,0.24372563609597073,Kranj,0.2228532903603476,1,Huff and ML agree
10127220,Savica,Bohinj,0.7718065413563779,Bohinj,0.8754620824951794,1,Huff and ML agree
10127238,Selo pri Bledu,Bled,0.7424411308019312,Bled,0.7475465396529051,1,Huff and ML agree
10127246,Slamniki,Bled,0.23387306391977397,Bled,0.1705419637254563,1,Huff and ML agree
10127254,Slatna,Radovljica,0.40057289943231256,Radovljica,0.3241088173057417,1,Huff and ML agree
10127262,Spodnja Dobrava,Radovljica,0.39808432404983884,Radovljica,0.3065592459772677,1,Huff and ML agree
10127289,Spodnja Lipnica,Radovljica,0.6638130742587378,Radovljica,0.667621461542201,1,Huff and ML agree
10127297,Spodnje Gorje,Gorje,0.7310440182561814,Gorje,0.4561951950779931,1,Huff and ML agree
10127319,Spodnje Laze,Bled,0.3163981846599278,Bled,0.2431701417536496,1,Huff and ML agree
10127327,Spodnji Otok,Radovljica,0.6707032453820051,Radovljica,0.6512959422347214,1,Huff and ML agree
10127335,Srednja Dobrava,Radovljica,0.4372074032424895,Radovljica,0.370045227750418,1,Huff and ML agree
10127343,Srednja vas,Radovljica,0.3512442043436635,Radovljica,0.2687588324755479,1,Huff and ML agree
10127351,Srednja vas v Bohinju,Bohinj,0.4523815856578017,Bohinj,0.5734426956760438,1,Huff and ML agree
10127360,Stara Fužina,Bohinj,0.34752024284975624,Bohinj,0.4371670830082398,1,Huff and ML agree
10127378,Studenčice,Radovljica,0.5068277086874808,Radovljica,0.4707814349059883,1,Huff and ML agree
10127386,Studor v Bohinju,Bohinj,0.40692203783566555,Bohinj,0.5000115418892844,1,Huff and ML agree
10127394,Ukanc,Bohinj,0.2572827819467309,Bohinj,0.3132604120966293,1,Huff and ML agree
10127408,Višelnica,Gorje,0.9426822603505884,Gorje,0.8169939657167218,1,Huff and ML agree
10127416,Vošče,Radovljica,0.49828048238566247,Radovljica,0.5960205499559974,1,Huff and ML agree
10127424,Vrbnje,Radovljica,0.8491352919200921,Radovljica,0.8509843562917928,1,Huff and ML agree
10127432,Zadnja vas,Radovljica,0.3313697297115105,Radovljica,0.2480155385447861,1,Huff and ML agree
10127459,Zaloše,Radovljica,0.34371291676760213,Radovljica,0.2431720127342344,1,Huff and ML agree
10127467,Zapuže,Radovljica,0.7085950309135733,Radovljica,0.6952801459263929,1,Huff and ML agree
10127475,Zasip,Bled,0.6417776306769776,Bled,0.5697202582953322,1,Huff and ML agree
10127483,Zgornja Dobrava,Radovljica,0.4401613862840928,Radovljica,0.39619187366669,1,Huff and ML agree
10127491,Zgornja Lipnica,Radovljica,0.6615144206995858,Radovljica,0.651999160294283,1,Huff and ML agree
10127505,Zgornje Gorje,Gorje,0.9984722339274177,Gorje,1.0,1,Huff and ML agree
10127513,Zgornji Otok,Radovljica,0.68202032752437,Radovljica,0.6625125126776374,1,Huff and ML agree
10127521,Zgoša,Radovljica,0.6633142497418056,Radovljica,0.6067690018634824,1,Huff and ML agree
10127530,Žlan,Bohinj,0.5464011946799734,Bohinj,0.6931679338931597,1,Huff and ML agree
10127548,Zgornje Laze,Bled,0.3007608082300847,Bled,0.3004899750815219,1,Huff and ML agree
10127556,Laški Rovt,Bohinj,0.5509201885126483,Bohinj,0.7015173963022365,1,Huff and ML agree
10127564,Belšak,Prevalje,0.09770292545820325,Prevalje,0.1343273865558824,1,Huff and ML agree
10127572,Bistra,Črna na Koroškem,0.22132490557358106,Črna na Koroškem,0.3276490164825371,1,Huff and ML agree
10127599,Brdinje,Ravne na Koroškem,0.23112328761251302,Ravne na Koroškem,0.3497840378060442,1,Huff and ML agree
10127602,Breg,Črna na Koroškem,0.1705945873832317,Mežica,0.2848242110421753,0,Huff and ML disagree
10127629,Breznica,Prevalje,0.3998792318503981,Prevalje,0.4911262375377189,1,Huff and ML agree
10127637,Črna na Koroškem,Črna na Koroškem,0.9983341782336672,Črna na Koroškem,1.0,1,Huff and ML agree
10127653,Dobrije,Slovenj Gradec,0.16103780500307333,Slovenj Gradec,0.2397272979745248,1,Huff and ML agree
10127661,Dolga Brda,Prevalje,0.11059828663540713,Prevalje,0.1487937314671329,1,Huff and ML agree
10127670,Javorje,Črna na Koroškem,0.17524826593698697,Črna na Koroškem,0.2239819455620709,1,Huff and ML agree
10127688,Jazbina,Črna na Koroškem,0.136395825917506,Črna na Koroškem,0.1849023251797227,1,Huff and ML agree
10127696,Koprivna,Črna na Koroškem,0.11198104123692167,Črna na Koroškem,0.1966106580033384,1,Huff and ML agree
10127700,Koroški Selovec,Slovenj Gradec,0.16081976858256042,Slovenj Gradec,0.2600039287895938,1,Huff and ML agree
10127718,Kot pri Prevaljah,Prevalje,0.12114017613848867,Ravne na Koroškem,0.1725985883410526,0,Huff and ML disagree
10127726,Kotlje,Ravne na Koroškem,0.31773979606001224,Ravne na Koroškem,0.4241954047932229,1,Huff and ML agree
10127734,Leše,Slovenj Gradec,0.07186579556138689,Ravne na Koroškem,0.0963049231731457,0,Huff and ML disagree
10127742,Lokovica,Prevalje,0.15772276375775918,Prevalje,0.2031772639809848,1,Huff and ML agree
10127769,Lom,Mežica,0.0780264544626682,Mežica,0.1937904827470912,1,Huff and ML agree
10127777,Ludranski Vrh,Črna na Koroškem,0.1721017717351086,Črna na Koroškem,0.2609318581904404,1,Huff and ML agree
10127785,Mežica,Mežica,0.9992924627319916,Mežica,1.0,1,Huff and ML agree
10127793,Navrški Vrh,Ravne na Koroškem,0.23991095464060413,Ravne na Koroškem,0.4011602852660796,1,Huff and ML agree
10127807,Onkraj Meže,Mežica,0.5125674101490681,Mežica,0.6153556163028563,1,Huff and ML agree
10127815,Plat,Mežica,0.06279540946816259,Mežica,0.0939970771854055,1,Huff and ML agree
10127823,Podgora,Ravne na Koroškem,0.22113006277782715,Ravne na Koroškem,0.3571715094452334,1,Huff and ML agree
10127831,Podkraj,Ravne na Koroškem,0.31652751012709707,Ravne na Koroškem,0.4556460220383777,1,Huff and ML agree
10127840,Podkraj pri Mežici,Mežica,0.4754320211957779,Mežica,0.5492603150129208,1,Huff and ML agree
10127858,Podpeca,Črna na Koroškem,0.3322256270488559,Črna na Koroškem,0.4261343647703802,1,Huff and ML agree
10127866,Poljana,Prevalje,0.2827189882915512,Prevalje,0.3407011438008382,1,Huff and ML agree
10127874,Preški Vrh,Ravne na Koroškem,0.19931655859625041,Ravne na Koroškem,0.3413841549360995,1,Huff and ML agree
10127882,Prevalje,Prevalje,0.9998836995004774,Prevalje,1.0,1,Huff and ML agree
10127904,Ravne na Koroškem,Ravne na Koroškem,0.9999268968288715,Ravne na Koroškem,1.0,1,Huff and ML agree
10127912,Sele - del,Slovenj Gradec,0.3122666426310724,Slovenj Gradec,0.3487388330446528,1,Huff and ML agree
10127939,Stražišče,Ravne na Koroškem,0.554719673389539,Ravne na Koroškem,0.6856882820271183,1,Huff and ML agree
10127947,Strojna,Slovenj Gradec,0.06109844897404943,Dravograd,0.1094099873976452,0,Huff and ML disagree
10127955,Suhi Vrh,Prevalje,0.1071643286665377,Ravne na Koroškem,0.1439797923110393,0,Huff and ML disagree
10127963,Šentanel,Prevalje,0.13611376577573936,Prevalje,0.1986979148750568,1,Huff and ML agree
10127971,Tolsti Vrh p. R. na K. - del,Ravne na Koroškem,0.21605458100606728,Ravne na Koroškem,0.386365134458704,1,Huff and ML agree
10127980,Topla,Črna na Koroškem,0.12635100837102187,Črna na Koroškem,0.2347761408097298,1,Huff and ML agree
10127998,Uršlja Gora,Slovenj Gradec,0.16226109615623874,Ravne na Koroškem,0.1697880340252643,0,Huff and ML disagree
10128005,Zagrad,Slovenj Gradec,0.08887223184229535,Ravne na Koroškem,0.1305768494256314,0,Huff and ML disagree
10128013,Zelen Breg,Slovenj Gradec,0.11757079354856093,Ravne na Koroškem,0.1892952322243288,0,Huff and ML disagree
10128021,Jamnica,Prevalje,0.061382411671157024,Prevalje,0.1036272296279877,1,Huff and ML agree
10128030,Žerjav,Črna na Koroškem,0.5633206935131625,Črna na Koroškem,0.6363485772013057,1,Huff and ML agree
10128048,Andol,Sodražica,0.22136961262516588,Ljubljana,0.2011945500456548,0,Huff and ML disagree
10128056,Betonovo,Loški Potok,0.14614052374524802,Ljubljana,0.1714082305376127,0,Huff and ML disagree
10128064,Blate,Ribnica,0.28761902613303814,Ribnica,0.3294682445530224,1,Huff and ML agree
10128072,Breg pri Ribnici na Dol.,Ribnica,0.6287023996792641,Ribnica,0.779425187206579,1,Huff and ML agree
10128099,Breže,Ribnica,0.3906690389108365,Ribnica,0.4961685411823179,1,Huff and ML agree
10128102,Brinovščica,Sodražica,0.24582365480134935,Sodražica,0.2290870164100795,1,Huff and ML agree
10128129,Brlog - del,Ljubljana,0.05738242105819662,Ljubljana,0.2665086677175158,1,Huff and ML agree
10128137,Bukovec pri Poljanah,Velike Lašče,0.1752825296644228,Ljubljana,0.2282707712057093,0,Huff and ML disagree
10128145,Bukovica,Ribnica,0.5548839278742462,Ribnica,0.7179622004927719,1,Huff and ML agree
10128153,Črnec,Sodražica,0.1499845446316206,Ljubljana,0.2067164862398441,0,Huff and ML disagree
10128161,Črni Potok pri Vel. Laščah,Velike Lašče,0.07204557119981157,Ljubljana,0.259455414532182,0,Huff and ML disagree
10128170,Dane,Ribnica,0.3477318943284295,Ribnica,0.5005289940570824,1,Huff and ML agree
10128188,Dolenja vas,Ribnica,0.32807243353735044,Ribnica,0.4574637843956388,1,Huff and ML agree
10128196,Dolenje Podpoljane,Velike Lašče,0.1721803751362619,Ljubljana,0.233446259995865,0,Huff and ML disagree
10128200,Dolenji Lazi,Ribnica,0.528843178036513,Ribnica,0.6514356441998637,1,Huff and ML agree
10128218,Dule,Ribnica,0.14611047132490226,Ljubljana,0.2198428818097505,0,Huff and ML disagree
10128226,Finkovo,Velike Lašče,0.17864250680240418,Ljubljana,0.2276531663252226,0,Huff and ML disagree
10128234,Gašpinovo,Sodražica,0.21641723863811266,Ljubljana,0.1951686562208454,0,Huff and ML disagree
10128242,Globel,Sodražica,0.24886040183453076,Sodražica,0.265459167767923,1,Huff and ML agree
10128269,Gorenje Podpoljane,Velike Lašče,0.18429581433888093,Ljubljana,0.2272085426372987,0,Huff and ML disagree
10128277,Gorenji Lazi,Ribnica,0.21227434829860184,Ribnica,0.2238458616114229,1,Huff and ML agree
10128285,Goriča vas,Ribnica,0.6627775905132828,Ribnica,0.852929830923673,1,Huff and ML agree
10128293,Graben,Sodražica,0.22386536918844271,Ljubljana,0.19342346681791,0,Huff and ML disagree
10128307,Grčarice,Ribnica,0.08424477884440008,Ljubljana,0.1721243738506342,0,Huff and ML disagree
10128315,Grčarske Ravne,Ribnica,0.08094331237063136,Ljubljana,0.1729298608750492,0,Huff and ML disagree
10128323,Grebenje,Velike Lašče,0.1721803751362619,Ljubljana,0.2253661462361011,0,Huff and ML disagree
10128331,Hojče,Sodražica,0.23062493604091766,Sodražica,0.2093431334389021,1,Huff and ML agree
10128340,Hrib-Loški Potok,Loški Potok,0.9988215742298208,Loški Potok,1.0,1,Huff and ML agree
10128358,Hrovača,Ribnica,0.8742528046988088,Ribnica,0.9732848488550728,1,Huff and ML agree
10128366,Hudi Konec,Sodražica,0.16858198614948633,Ljubljana,0.1988097923497488,0,Huff and ML disagree
10128374,Janeži,Sodražica,0.11748573525761925,Ljubljana,0.17251002694385,0,Huff and ML disagree
10128382,Jelendol,Ribnica,0.14763076731278102,Ribnica,0.2043131226467976,1,Huff and ML agree
10128404,Jelenov Žleb,Loški Potok,0.04564172146534612,Ljubljana,0.1860489210382692,0,Huff and ML disagree
10128412,Jelovec,Sodražica,0.4430412436298918,Sodražica,0.5014434476848282,1,Huff and ML agree
10128439,Junčje,Velike Lašče,0.1721803751362619,Ljubljana,0.2182191542433457,0,Huff and ML disagree
10128447,Jurjevica,Ribnica,0.3286984139131286,Ribnica,0.4236845808173935,1,Huff and ML agree
10128455,Kot pri Rakitnici,Ribnica,0.21038479210556102,Ribnica,0.2632488330158805,1,Huff and ML agree
10128463,Kot pri Ribnici,Ribnica,0.29860328505754663,Ribnica,0.3416629035360102,1,Huff and ML agree
10128471,Kotel,Bloke,0.12596924064298426,Ljubljana,0.2023090868225651,0,Huff and ML disagree
10128480,Kračali,Loški Potok,0.10843261675978073,Ljubljana,0.1673290514422133,0,Huff and ML disagree
10128498,Krnče,Sodražica,0.20961815050675553,Ljubljana,0.2052781310232175,0,Huff and ML disagree
10128501,Kržeti,Loški Potok,0.14122259131603246,Ljubljana,0.1706150687939404,0,Huff and ML disagree
10128510,Levstiki,Sodražica,0.16858198614948633,Ljubljana,0.2136081827539501,0,Huff and ML disagree
10128528,Lipovec,Ribnica,0.2907095851936956,Ribnica,0.3617391205223316,1,Huff and ML agree
10128536,Lipovšica,Sodražica,0.29607044290778534,Sodražica,0.2993684154727722,1,Huff and ML agree
10128544,Makoše,Ribnica,0.21227434829860184,Ribnica,0.2911797993579744,1,Huff and ML agree
10128552,Mali Log,Loški Potok,0.3886221643031458,Loški Potok,0.4051510011354998,1,Huff and ML agree
10128579,Marolče,Velike Lašče,0.15604051005635675,Ljubljana,0.2177948876589285,0,Huff and ML disagree
10128587,Maršiči,Sodražica,0.12035140005169286,Ljubljana,0.2127544791776874,0,Huff and ML disagree
10128595,Nemška vas,Ribnica,0.5390266678464238,Ribnica,0.6990615434928092,1,Huff and ML agree
10128609,Nova Štifta,Ribnica,0.21038479210556102,Ribnica,0.2136921387517255,1,Huff and ML agree
10128617,Novi Pot,Bloke,0.07779554097587359,Ljubljana,0.2174499816888811,0,Huff and ML disagree
10128625,Ortnek,Ribnica,0.11699365326556778,Ljubljana,0.2280038352449996,0,Huff and ML disagree
10128633,Otavice,Ribnica,0.43767524109407174,Ribnica,0.6245474918179157,1,Huff and ML agree
10128641,Perovo,Sodražica,0.12124021982522087,Ljubljana,0.2344295581374068,0,Huff and ML disagree
10128650,Petrinci,Sodražica,0.12097094476281231,Ljubljana,0.171357583155513,0,Huff and ML disagree
10128668,Podklanec,Sodražica,0.13917026207610683,Ljubljana,0.183856406539557,0,Huff and ML disagree
10128676,Praproče,Sodražica,0.12035140005169286,Ljubljana,0.2128678639849055,0,Huff and ML disagree
10128684,Preska,Ribnica,0.14678982671047888,Ljubljana,0.2003057387826386,0,Huff and ML disagree
10128692,Prigorica,Ribnica,0.39326407886694476,Ribnica,0.5581855965344323,1,Huff and ML agree
10128706,Pugled pri Karlovici,Sodražica,0.11903435317775983,Ljubljana,0.2400134129587943,0,Huff and ML disagree
10128714,Pusti Hrib,Sodražica,0.13840580118648427,Ljubljana,0.2087732333860947,0,Huff and ML disagree
10128722,Rakitnica,Ribnica,0.2781744788957151,Ribnica,0.3034622073358622,1,Huff and ML agree
10128749,Ravni Dol,Ribnica,0.2839370893557506,Ribnica,0.2694747990270672,1,Huff and ML agree
10128757,Retje,Loški Potok,0.5673126545302124,Loški Potok,0.7342591796610781,1,Huff and ML agree
10128765,Ribnica,Ribnica,0.9996337722058882,Ribnica,1.0,1,Huff and ML agree
10128773,Rigelj pri Ortneku,Sodražica,0.1199183231531055,Ljubljana,0.2151450827924129,0,Huff and ML disagree
10128781,Sajevec,Ribnica,0.5548839278742462,Ribnica,0.694790059520924,1,Huff and ML agree
10128790,Sinovica,Ribnica,0.17486654501132803,Ljubljana,0.1936859805867392,0,Huff and ML disagree
10128803,Slatnik,Ribnica,0.3104162851073926,Ribnica,0.3274526990482388,1,Huff and ML agree
10128811,Sodražica,Sodražica,0.9980943942093526,Sodražica,1.0,1,Huff and ML agree
10128820,Srednja vas-Loški Potok,Loški Potok,0.7158190662442084,Loški Potok,0.8945962582506255,1,Huff and ML agree
10128838,Sušje,Ribnica,0.2888712311465574,Ribnica,0.2973270065816468,1,Huff and ML agree
10128846,Sv. Gregor,Sodražica,0.24494173836185915,Sodražica,0.2201097595952947,1,Huff and ML agree
10128854,Šegova vas,Loški Potok,0.7466665837207239,Loški Potok,0.9009736064121135,1,Huff and ML agree
10128862,Škrajnek,Velike Lašče,0.1705911133643514,Ljubljana,0.2308358999257347,0,Huff and ML disagree
10128889,Travnik,Loški Potok,0.5895002547819431,Loški Potok,0.768485134423426,1,Huff and ML agree
10128897,Velike Poljane,Ribnica,0.11699365326556778,Ljubljana,0.2243909700066411,0,Huff and ML disagree
10128919,Vinice,Sodražica,0.2514454793786637,Sodražica,0.2445703578901017,1,Huff and ML agree
10128927,Vintarji,Sodražica,0.09420312738534005,Ljubljana,0.2455046811948431,0,Huff and ML disagree
10128935,Vrh pri Poljanah,Ribnica,0.07616617865947757,Ljubljana,0.2294899113946018,0,Huff and ML disagree
10128943,Zadniki,Sodražica,0.17101953993779037,Ljubljana,0.2145130301012117,0,Huff and ML disagree
10128951,Zadolje,Ribnica,0.2965270438092063,Ribnica,0.3952160677874582,1,Huff and ML agree
10128960,Zamostec,Sodražica,0.5835965913412788,Sodražica,0.6737844036387473,1,Huff and ML agree
10128978,Zapotok,Ribnica,0.26543029897387704,Ribnica,0.2436883792150788,1,Huff and ML agree
10128986,Zapuže pri Ribnici,Ribnica,0.3800333098067,Ribnica,0.5075007556731885,1,Huff and ML agree
10128994,Zlati Rep,Velike Lašče,0.1524433135383738,Ljubljana,0.2322363282719125,0,Huff and ML disagree
10129001,Žimarice,Sodražica,0.2344825496149332,Sodražica,0.236584635374554,1,Huff and ML agree
10129010,Žlebič,Ribnica,0.30957396184930863,Ribnica,0.3763483972798216,1,Huff and ML agree
10129028,Žukovo,Ribnica,0.08094331237063136,Ljubljana,0.2298627925334759,0,Huff and ML disagree
10129036,Grič,Ribnica,0.5173413657311537,Ribnica,0.6279546074368854,1,Huff and ML agree
10129044,Apnenik pri Boštanju,Sevnica,0.5407975577600016,Sevnica,0.5378061464741857,1,Huff and ML agree
10129052,Arto,Krško,0.34437308006364714,Krško,0.3433106821164651,1,Huff and ML agree
10129079,Birna vas,Sevnica,0.08864057619814247,Sevnica,0.1097166719793737,1,Huff and ML agree
10129087,Blanca,Sevnica,0.39671730325884497,Krško,0.2904979193489265,0,Huff and ML disagree
10129095,Boštanj,Sevnica,0.8046310083035674,Sevnica,0.8195632558205462,1,Huff and ML agree
10129109,Breg,Sevnica,0.39703862571082177,Sevnica,0.2865343058558932,1,Huff and ML agree
10129117,Brezovo,Krško,0.13649965203032066,Krško,0.1472562060874114,1,Huff and ML agree
10129125,Bučka,Škocjan,0.20390987477647213,Škocjan,0.1865380087063301,1,Huff and ML agree
10129133,Budna vas,Sevnica,0.1866926619817588,Radeče,0.1862966232663107,0,Huff and ML disagree
10129141,Cerovec,Sevnica,0.09658977219750438,Sevnica,0.1144952715064553,1,Huff and ML agree
10129150,Čanje,Sevnica,0.44476210905870006,Sevnica,0.3696064100687883,1,Huff and ML agree
10129168,Čelovnik,Trbovlje,0.10638351469560149,Radeče,0.1270084213213548,0,Huff and ML disagree
10129176,Češnjice,Sevnica,0.25110407600710033,Sevnica,0.2203322159951332,1,Huff and ML agree
10129184,Dedna Gora,Sevnica,0.26855222497759734,Sevnica,0.2391106518886021,1,Huff and ML agree
10129192,Dolenje Radulje,Krško,0.13712045740431364,Krško,0.1428318828610607,1,Huff and ML agree
10129206,Dolenji Boštanj,Sevnica,0.7918779935286707,Sevnica,0.8108576732411066,1,Huff and ML agree
10129214,Dolnje Brezovo,Sevnica,0.5373904558319809,Sevnica,0.455274041513377,1,Huff and ML agree
10129222,Dolnje Impolje,Sevnica,0.24360403966469196,Sevnica,0.2044381270585979,1,Huff and ML agree
10129249,Dolnje Orle,Sevnica,0.2942879222484105,Sevnica,0.2339204428318115,1,Huff and ML agree
10129257,Drožanje,Sevnica,0.5228845528637766,Sevnica,0.6031332296489414,1,Huff and ML agree
10129265,Drušče,Sevnica,0.3053108071569331,Sevnica,0.2461749955575995,1,Huff and ML agree
10129273,Dule,Novo mesto,0.11218655971332274,Krško,0.134323535797209,0,Huff and ML disagree
10129281,Gabrijele,Mokronog-Trebelno,0.1381082086111244,Mokronog-Trebelno,0.1183480328797193,1,Huff and ML agree
10129290,Gabrje,Sevnica,0.20041895026759915,Sevnica,0.1776060980081087,1,Huff and ML agree
10129303,Gorenje Radulje,Krško,0.10181593070319889,Krško,0.1383507861681687,1,Huff and ML agree
10129311,Gornja Stara vas,Novo mesto,0.13941483630449183,Novo mesto,0.1171614060138143,1,Huff and ML agree
10129320,Gornje Brezovo,Sevnica,0.5325016968951409,Sevnica,0.5907447760160374,1,Huff and ML agree
10129338,Gornje Impolje,Sevnica,0.2522152963275458,Sevnica,0.2130742447706787,1,Huff and ML agree
10129346,Gornje Orle,Sevnica,0.39703862571082177,Sevnica,0.3285550395307913,1,Huff and ML agree
10129354,Goveji Dol,Sevnica,0.1476511110700787,Sevnica,0.1468235232063457,1,Huff and ML agree
10129362,Hudo Brezje,Krško,0.2034119733270492,Krško,0.2160619774883699,1,Huff and ML agree
10129389,Jablanica,Sevnica,0.3524950643600461,Sevnica,0.2728462141149707,1,Huff and ML agree
10129397,Jarčji Vrh,Škocjan,0.15889887915732973,Škocjan,0.1223671208102198,1,Huff and ML agree
10129419,Jelovec,Sevnica,0.34050767416581984,Sevnica,0.2728725344618409,1,Huff and ML agree
10129427,Jeperjek,Sevnica,0.13870422649921565,Sevnica,0.1391774777323883,1,Huff and ML agree
10129435,Jerman Vrh,Škocjan,0.19929737427539237,Škocjan,0.177704669064648,1,Huff and ML agree
10129443,Kal pri Krmelju,Novo mesto,0.04132732107837965,Ljubljana,0.0935477108631674,0,Huff and ML disagree
10129451,Kamenica,Sevnica,0.185839219887871,Sevnica,0.1698978069261221,1,Huff and ML agree
10129460,Kaplja vas,Mokronog-Trebelno,0.1696247872009327,Mokronog-Trebelno,0.1507572368731127,1,Huff and ML agree
10129478,Kladje nad Blanco,Krško,0.37708929025174526,Krško,0.3862424882518322,1,Huff and ML agree
10129486,Kladje pri Krmelju,Trbovlje,0.05187578254376572,Ljubljana,0.1016289513096965,0,Huff and ML disagree
10129494,Koludrje,Sevnica,0.07283786987880331,Sevnica,0.1056834620909212,1,Huff and ML agree
10129508,Kompolje,Sevnica,0.511135965253748,Sevnica,0.4172984790010746,1,Huff and ML agree
10129516,Konjsko,Sevnica,0.5333545760720062,Sevnica,0.4777182021058015,1,Huff and ML agree
10129524,Krajna Brda,Krško,0.2808710286724441,Krško,0.2936561818556991,1,Huff and ML agree
10129532,Križ,Sevnica,0.18646691737896826,Sevnica,0.170456271602188,1,Huff and ML agree
10129559,Krmelj,Sevnica,0.15239998459435594,Sevnica,0.1408072447888764,1,Huff and ML agree
10129567,Krsinji Vrh,Novo mesto,0.12755200582784532,Novo mesto,0.1113011145963182,1,Huff and ML agree
10129575,Laze pri Boštanju,Sevnica,0.38928175164103707,Sevnica,0.3136083694932049,1,Huff and ML agree
10129583,Ledina,Sevnica,0.5354087298456567,Sevnica,0.6126536401396935,1,Huff and ML agree
10129591,Leskovec v Podborštu,Sevnica,0.06512222673172632,Radeče,0.0999768457606049,0,Huff and ML disagree
10129605,Log,Sevnica,0.5227444467846291,Sevnica,0.5629379306052016,1,Huff and ML agree
10129613,Loka pri Zidanem Mostu,Radeče,0.3112901860660741,Radeče,0.3662677030149362,1,Huff and ML agree
10129621,Lončarjev Dol,Sevnica,0.5506475321316867,Sevnica,0.6181384759759699,1,Huff and ML agree
10129630,Lukovec,Sevnica,0.5436072611607777,Sevnica,0.523086840112081,1,Huff and ML agree
10129648,Mala Hubajnica,Sevnica,0.23300699931033017,Sevnica,0.2011294694319628,1,Huff and ML agree
10129656,Mali Cirnik pri Šentjanžu,Novo mesto,0.05542454334281213,Ljubljana,0.0814210604769914,0,Huff and ML disagree
10129664,Malkovec,Novo mesto,0.09469952158976479,Sevnica,0.103129294015857,0,Huff and ML disagree
10129672,Metni Vrh,Sevnica,0.45890489912770926,Sevnica,0.4322078448775627,1,Huff and ML agree
10129699,Močvirje,Škocjan,0.11130363658687051,Krško,0.1223253953321145,0,Huff and ML disagree
10129702,Mrtovec,Sevnica,0.4626614774502516,Sevnica,0.4070759468562321,1,Huff and ML agree
10129729,Mrzla Planina,Sevnica,0.149312715494775,Sevnica,0.1567443576261654,1,Huff and ML agree
10129737,Novi Grad,Sevnica,0.3105504123768313,Sevnica,0.2198638205680036,1,Huff and ML agree
10129745,Okroglice,Sevnica,0.19888215857199001,Sevnica,0.1715044409753757,1,Huff and ML agree
10129753,Orehovo,Sevnica,0.6009963708244208,Sevnica,0.6705392075880029,1,Huff and ML agree
10129761,Orešje nad Sevnico,Sevnica,0.5373904558319809,Sevnica,0.4884651396333496,1,Huff and ML agree
10129770,Osredek pri Hubajnici,Sevnica,0.14618777302595246,Sevnica,0.154965179945781,1,Huff and ML agree
10129788,Osredek pri Krmelju,Radeče,0.06970677861773976,Radeče,0.1150406565158283,1,Huff and ML agree
10129796,Otavnik,Novo mesto,0.11819130979791348,Sevnica,0.1229519535345168,0,Huff and ML disagree
10129800,Pavla vas,Novo mesto,0.09908840980626016,Sevnica,0.090640434812796,0,Huff and ML disagree
10129818,Pečje,Sevnica,0.757441087326738,Sevnica,0.8010032172537283,1,Huff and ML agree
10129826,Pijavice,Mokronog-Trebelno,0.21858394190480193,Mokronog-Trebelno,0.1987389614882024,1,Huff and ML agree
10129834,Podboršt,Novo mesto,0.056632775615478394,Sevnica,0.0780979972167708,0,Huff and ML disagree
10129842,Podgorica,Sevnica,0.39703862571082177,Sevnica,0.3286493074652396,1,Huff and ML agree
10129869,Podgorje ob Sevnični,Sevnica,0.24471070856387875,Sevnica,0.2158830858941281,1,Huff and ML agree
10129877,Podvrh,Sevnica,0.34050767416581984,Sevnica,0.2758402247567377,1,Huff and ML agree
10129885,Poklek nad Blanco,Krško,0.2062173768191047,Krško,0.2144458529664759,1,Huff and ML agree
10129893,Polje pri Tržišču,Mokronog-Trebelno,0.1370000402050635,Mokronog-Trebelno,0.117818347266615,1,Huff and ML agree
10129907,Ponikve pri Studencu,Krško,0.24997541102729992,Krško,0.272879169556115,1,Huff and ML agree
10129915,Preska,Sevnica,0.4194751176010121,Sevnica,0.3495705679071609,1,Huff and ML agree
10129923,Prešna Loka,Sevnica,0.5436072611607777,Sevnica,0.5355559570638075,1,Huff and ML agree
10129931,Primož,Sevnica,0.3053108071569331,Sevnica,0.2469950615370418,1,Huff and ML agree
10129940,Račica,Radeče,0.26315801768669056,Radeče,0.2862413102972077,1,Huff and ML agree
10129958,Radež,Radeče,0.15061708478309221,Radeče,0.1933382951924308,1,Huff and ML agree
10129966,Radna,Sevnica,0.6652739602412229,Sevnica,0.6982304285315756,1,Huff and ML agree
10129974,Razbor,Sevnica,0.26650311596381665,Sevnica,0.2126792823358588,1,Huff and ML agree
10129982,Rogačice,Sevnica,0.311579032244853,Sevnica,0.265457103779368,1,Huff and ML agree
10130000,Rovišče pri Studencu,Krško,0.15002393878886244,Krško,0.1817538466535306,1,Huff and ML agree
10130018,Roženberk,Šentrupert,0.1497567108731993,Šentrupert,0.128757814019678,1,Huff and ML agree
10130026,Selce nad Blanco,Krško,0.27952792286784395,Krško,0.2843711076912355,1,Huff and ML agree
10130034,Sevnica,Sevnica,0.9918068629440983,Sevnica,1.0,1,Huff and ML agree
10130042,Skrovnik,Mokronog-Trebelno,0.2753317932951842,Mokronog-Trebelno,0.2814690874159498,1,Huff and ML agree
10130069,Slančji Vrh,Sevnica,0.11161074033163405,Sevnica,0.1300598027271839,1,Huff and ML agree
10130077,Spodnje Mladetiče,Mokronog-Trebelno,0.16468543280274187,Mokronog-Trebelno,0.1351037467423942,1,Huff and ML agree
10130085,Spodnje Vodale,Mokronog-Trebelno,0.07527246070349163,Sevnica,0.1018962410913402,0,Huff and ML disagree
10130093,Srednik,Sevnica,0.06297007286442954,Radeče,0.0923889880071305,0,Huff and ML disagree
10130107,Stržišče,Sevnica,0.292166915202417,Sevnica,0.2326725251882094,1,Huff and ML agree
10130115,Studenec,Krško,0.2062173768191047,Krško,0.2169666317933934,1,Huff and ML agree
10130123,Svinjsko,Novo mesto,0.039910890607858886,Ljubljana,0.0905567612034383,0,Huff and ML disagree
10130131,Šentjanž,Sevnica,0.06294735680516735,Sevnica,0.0955119375021096,1,Huff and ML agree
10130140,Šentjur na Polju,Sevnica,0.3445893915399838,Sevnica,0.2298070344902732,1,Huff and ML agree
10130158,Škovec,Mokronog-Trebelno,0.0760945689008181,Sevnica,0.087352253468893,0,Huff and ML disagree
10130166,Šmarčna,Sevnica,0.43446806754605094,Sevnica,0.3167065831259902,1,Huff and ML agree
10130174,Štajngrob,Novo mesto,0.046383037633098916,Ljubljana,0.0869990012114358,0,Huff and ML disagree
10130182,Štrit,Krško,0.13252493986417865,Krško,0.1323820157729424,1,Huff and ML agree
10130204,Telče,Sevnica,0.19030021701048214,Sevnica,0.1758798707571177,1,Huff and ML agree
10130212,Telčice,Škocjan,0.12547944378800985,Sevnica,0.1108888075589147,0,Huff and ML disagree
10130239,Trnovec,Sevnica,0.27354018919377776,Sevnica,0.2256826851627171,1,Huff and ML agree
10130247,Trščina,Novo mesto,0.12533543183983104,Novo mesto,0.1072937059642145,1,Huff and ML agree
10130255,Tržišče,Mokronog-Trebelno,0.11935824558943268,Mokronog-Trebelno,0.0998757540350901,1,Huff and ML agree
10130263,Velika Hubajnica,Sevnica,0.19817597797249623,Sevnica,0.1859651764529179,1,Huff and ML agree
10130271,Veliki Cirnik,Mokronog-Trebelno,0.07293624617993326,Ljubljana,0.077965700019282,0,Huff and ML disagree
10130280,Vranje,Sevnica,0.43561050378658983,Sevnica,0.3784395764351667,1,Huff and ML agree
10130298,Vrh pri Boštanju,Sevnica,0.5445968042949609,Sevnica,0.5288555471355739,1,Huff and ML agree
10130301,Vrhek,Sevnica,0.09347816176712154,Sevnica,0.1109294951056861,1,Huff and ML agree
10130310,Zaboršt,Škocjan,0.1391461051717503,Krško,0.1187296220803428,0,Huff and ML disagree
10130328,Zabukovje nad Sevnico,Sevnica,0.2938882706615812,Sevnica,0.2370153307102679,1,Huff and ML agree
10130336,Zavratec,Sevnica,0.1871071178600517,Sevnica,0.173166207313616,1,Huff and ML agree
10130344,Zgornje Mladetiče,Mokronog-Trebelno,0.16534494908144926,Mokronog-Trebelno,0.1453876479883234,1,Huff and ML agree
10130352,Zgornje Vodale,Sevnica,0.11159190533467238,Sevnica,0.1324003280331491,1,Huff and ML agree
10130379,Znojile pri Studencu,Sevnica,0.29275214214453754,Sevnica,0.2419060547797551,1,Huff and ML agree
10130387,Žigrski Vrh,Sevnica,0.532788951458635,Sevnica,0.4693407635262304,1,Huff and ML agree
10130395,Žirovnica,Radeče,0.09905059600760384,Radeče,0.1485604487946731,1,Huff and ML agree
10130409,Žurkov Dol,Sevnica,0.5157751981161935,Sevnica,0.4611159247108391,1,Huff and ML agree
10130417,Slap,Radeče,0.4095650351189864,Radeče,0.4487869785354493,1,Huff and ML agree
10130425,Artviže,Hrpelje-Kozina,0.07805386175662897,Hrpelje-Kozina,0.1883198648343957,1,Huff and ML agree
10130433,Avber,Sežana,0.13373046713630038,Sežana,0.3385225768178266,1,Huff and ML agree
10130441,Bač pri Materiji,Hrpelje-Kozina,0.17615479285476737,Hrpelje-Kozina,0.3747247052604949,1,Huff and ML agree
10130450,Barka,Sežana,0.04246258777438123,Divača,0.1418275544283237,0,Huff and ML disagree
10130468,Beka,Koper,0.10805512607913517,Koper,0.2470699623609438,1,Huff and ML agree
10130476,Betanja,Divača,0.18387573537986485,Divača,0.3939318796666592,1,Huff and ML agree
10130484,Bogo,Ajdovščina,0.07706992960170832,Sežana,0.1768845854750891,0,Huff and ML disagree
10130492,Brestovica pri Komnu,Nova Gorica,0.06285287240684499,Nova Gorica,0.1748493132543504,1,Huff and ML agree
10130506,Brestovica pri Povirju,Sežana,0.2730704171579991,Sežana,0.4237464780684704,1,Huff and ML agree
10130514,Brezovica,Hrpelje-Kozina,0.17089108272280903,Hrpelje-Kozina,0.36948890116967,1,Huff and ML agree
10130522,Brezovo Brdo,Ilirska Bistrica,0.052646884853348765,Ilirska Bistrica,0.1490564012486555,1,Huff and ML agree
10130549,Brežec pri Divači,Divača,0.25388738956305135,Divača,0.485696075851516,1,Huff and ML agree
10130557,Brje pri Komnu,Komen,0.12156770190975125,Komen,0.2206955510707074,1,Huff and ML agree
10130565,Brje pri Koprivi,Ajdovščina,0.09412775398715796,Sežana,0.2668504482227883,0,Huff and ML disagree
10130573,Coljava,Komen,0.16789915819839976,Komen,0.2826818787630185,1,Huff and ML agree
10130581,Čehovini,Ajdovščina,0.13528092363416172,Ajdovščina,0.2064429740597655,1,Huff and ML agree
10130590,Čipnje,Ajdovščina,0.14222179663842666,Ajdovščina,0.2424999290173587,1,Huff and ML agree
10130603,Dane pri Divači,Divača,0.15602017303694501,Divača,0.31832799072885,1,Huff and ML agree
10130611,Dane pri Sežani,Sežana,0.805618371793726,Sežana,0.9133849111382708,1,Huff and ML agree
10130620,Divača,Divača,0.9950186461901264,Divača,1.0,1,Huff and ML agree
10130638,Divči,Komen,0.6898320294629605,Komen,0.8836421578219422,1,Huff and ML agree
10130646,Dobravlje,Sežana,0.24385504480420295,Sežana,0.4470987306456987,1,Huff and ML agree
10130654,Dol pri Vogljah,Sežana,0.279834917000107,Sežana,0.5676264661358477,1,Huff and ML agree
10130662,Dolanci,Ajdovščina,0.15603235152508219,Ajdovščina,0.2262427752816911,1,Huff and ML agree
10130689,Dolenja vas,Divača,0.10895603752360157,Sežana,0.1846894505235128,0,Huff and ML disagree
10130697,Dolenje,Ajdovščina,0.08215032373704859,Sežana,0.2525514951511676,0,Huff and ML disagree
10130719,Dolnje Ležeče,Divača,0.7489397416936764,Divača,0.8748742639723153,1,Huff and ML agree
10130727,Dolnje Vreme,Divača,0.12515692420765048,Divača,0.2566408104352078,1,Huff and ML agree
10130735,Dutovlje,Sežana,0.22140030643625672,Sežana,0.4416912414157352,1,Huff and ML agree
10130743,Famlje,Divača,0.15308405575381834,Divača,0.3348857815949588,1,Huff and ML agree
10130751,Filipčje Brdo,Sežana,0.35721346273357296,Sežana,0.5873018883903021,1,Huff and ML agree
10130760,Gabrče,Divača,0.14777047367749288,Divača,0.2445265415950337,1,Huff and ML agree
10130778,Gabrovica pri Komnu,Komen,0.21940080175851617,Komen,0.3330384540465739,1,Huff and ML agree
10130786,Godnje,Sežana,0.2556264383030704,Sežana,0.466453774641556,1,Huff and ML agree
10130794,Golac,Ilirska Bistrica,0.03905057933682738,Ilirska Bistrica,0.120778744093902,1,Huff and ML agree
10130808,Gorenje pri Divači,Divača,0.4335767211161635,Divača,0.556689043993098,1,Huff and ML agree
10130816,Goriče pri Famljah,Divača,0.18448474590147776,Divača,0.4010363140877906,1,Huff and ML agree
10130824,Gorjansko,Komen,0.24222488538581077,Komen,0.4035763029589891,1,Huff and ML agree
10130832,Gornje Ležeče,Ilirska Bistrica,0.0456717809981146,Sežana,0.1162577829750962,0,Huff and ML disagree
10130859,Gornje Vreme,Divača,0.09059617376516423,Divača,0.2124748973285215,1,Huff and ML agree
10130867,Gradišče pri Divači,Divača,0.4569741382945338,Divača,0.6855736347289589,1,Huff and ML agree
10130875,Gradišče pri Materiji,Ilirska Bistrica,0.04757722904542723,Hrpelje-Kozina,0.1423213398832085,0,Huff and ML disagree
10130883,Gradišče pri Štjaku,Ajdovščina,0.07664498126109931,Sežana,0.1936966613858743,0,Huff and ML disagree
10130891,Gradišica,Hrpelje-Kozina,0.12559293349144943,Hrpelje-Kozina,0.2827604472980391,1,Huff and ML agree
10130905,Gradnje,Sežana,0.11454431094715091,Sežana,0.322612868729529,1,Huff and ML agree
10130913,Grahovo Brdo,Sežana,0.35049303001664306,Sežana,0.574340826375111,1,Huff and ML agree
10130921,Griže,Sežana,0.16273133385679409,Sežana,0.3661170652264016,1,Huff and ML agree
10130930,Hotična,Hrpelje-Kozina,0.08629532962412528,Hrpelje-Kozina,0.2103071772805297,1,Huff and ML agree
10130948,Hribi,Sežana,0.09223225377385984,Sežana,0.2888251354206033,1,Huff and ML agree
10130956,Hrpelje,Hrpelje-Kozina,0.9967336032414111,Hrpelje-Kozina,1.0,1,Huff and ML agree
10130964,Hruševica,Ajdovščina,0.13774233104228017,Ajdovščina,0.1430108822780308,1,Huff and ML agree
10130972,Ivanji Grad,Komen,0.283093312463038,Komen,0.4286294231163171,1,Huff and ML agree
10130999,Jakovce,Ajdovščina,0.1169305949955675,Sežana,0.2067500006224422,0,Huff and ML disagree
10131006,Javorje,Ilirska Bistrica,0.057559791796569504,Ilirska Bistrica,0.1520912323653349,1,Huff and ML agree
10131014,Kačiče-Pared,Divača,0.17785853181610883,Divača,0.3309869932105555,1,Huff and ML agree
10131022,Kazlje,Sežana,0.19750018179903006,Sežana,0.4009988779096978,1,Huff and ML agree
10131049,Klanec pri Komnu,Komen,0.1312884378365451,Komen,0.2636704239044581,1,Huff and ML agree
10131057,Klanec pri Kozini,Hrpelje-Kozina,0.32539026449872227,Hrpelje-Kozina,0.4739890503803157,1,Huff and ML agree
10131065,Kobdilj,Ajdovščina,0.14468535337747057,Sežana,0.163943961379623,0,Huff and ML disagree
10131073,Kobjeglava,Komen,0.1253833112018063,Komen,0.2126646764145021,1,Huff and ML agree
10131081,Koboli,Ajdovščina,0.15082179246930622,Ajdovščina,0.1971786836921415,1,Huff and ML agree
10131090,Kodreti,Ajdovščina,0.14187543867245864,Ajdovščina,0.2161287214213339,1,Huff and ML agree
10131103,Komen,Komen,0.9969147021373256,Komen,1.0,1,Huff and ML agree
10131111,Kopriva,Ajdovščina,0.11225978768050085,Sežana,0.2793158542211795,0,Huff and ML disagree
10131120,Kosovelje,Komen,0.09582595055458457,Sežana,0.2188444082088423,0,Huff and ML disagree
10131138,Kovčice,Ilirska Bistrica,0.0386948351303021,Hrpelje-Kozina,0.1177579385929382,0,Huff and ML disagree
10131146,Kozina,Hrpelje-Kozina,0.7580971888011102,Hrpelje-Kozina,0.8741766387557506,1,Huff and ML agree
10131154,Kozjane,Ilirska Bistrica,0.05070005828179894,Ilirska Bistrica,0.139295773844079,1,Huff and ML agree
10131162,Krajna vas,Sežana,0.10301349298470329,Sežana,0.2949439534661943,1,Huff and ML agree
10131189,Kregolišče,Komen,0.22445292233137856,Komen,0.3703154423164194,1,Huff and ML agree
10131197,Kreplje,Sežana,0.2754576251533252,Sežana,0.5221394089776988,1,Huff and ML agree
10131219,Križ,Sežana,0.4348635503897815,Sežana,0.6473891184897036,1,Huff and ML agree
10131227,Krtinovica,Ajdovščina,0.12136321983805858,Ajdovščina,0.1456530584496516,1,Huff and ML agree
10131235,Krvavi Potok,Hrpelje-Kozina,0.31101228497270056,Hrpelje-Kozina,0.4812362322549005,1,Huff and ML agree
10131243,Laže,Postojna,0.07048475264058798,Postojna,0.1777564648709866,1,Huff and ML agree
10131251,Lipica,Sežana,0.5624749337944278,Sežana,0.7490872244232524,1,Huff and ML agree
10131260,Lisjaki,Ajdovščina,0.1578840237448767,Ajdovščina,0.2156061575469626,1,Huff and ML agree
10131278,Lokev,Sežana,0.2968860929175039,Sežana,0.4085700952920246,1,Huff and ML agree
10131286,Lukovec,Ajdovščina,0.13594111575248954,Ajdovščina,0.1546013022230744,1,Huff and ML agree
10131294,Mahniči,Sežana,0.09755100998346658,Sežana,0.3117153929812347,1,Huff and ML agree
10131308,Majcni,Sežana,0.281653227765559,Sežana,0.5141201440064739,1,Huff and ML agree
10131316,Mali Dol,Komen,0.39336536126352717,Komen,0.546937871910371,1,Huff and ML agree
10131324,Markovščina,Hrpelje-Kozina,0.08319602469084705,Hrpelje-Kozina,0.2039552807139286,1,Huff and ML agree
10131332,Matavun,Divača,0.24516761762226028,Divača,0.460322706966129,1,Huff and ML agree
10131359,Materija,Hrpelje-Kozina,0.22624231709793688,Hrpelje-Kozina,0.4264359558157284,1,Huff and ML agree
10131367,Merče,Sežana,0.6292544133415153,Sežana,0.7754298366132173,1,Huff and ML agree
10131375,Mihele,Hrpelje-Kozina,0.23611679012393774,Hrpelje-Kozina,0.4119832916099137,1,Huff and ML agree
10131383,Misliče,Sežana,0.036152967855892594,Sežana,0.1200999535069148,1,Huff and ML agree
10131391,Mrše,Hrpelje-Kozina,0.05321360662483434,Hrpelje-Kozina,0.1492348724428411,1,Huff and ML agree
10131405,Nadrožica,Komen,0.13045153813305632,Komen,0.2666369434209945,1,Huff and ML agree
10131413,Naklo,Divača,0.18012984670337726,Divača,0.3830600800278901,1,Huff and ML agree
10131421,Nasirec,Hrpelje-Kozina,0.4077176181957891,Hrpelje-Kozina,0.5432517956517063,1,Huff and ML agree
10131430,Nova vas,Ajdovščina,0.08215032373704859,Sežana,0.2525514951511676,0,Huff and ML disagree
10131448,Obrov,Ilirska Bistrica,0.05288003892615501,Ilirska Bistrica,0.1447956129700831,1,Huff and ML agree
10131456,Ocizla,Hrpelje-Kozina,0.1708099587919423,Hrpelje-Kozina,0.3054832315178564,1,Huff and ML agree
10131464,Odolina,Hrpelje-Kozina,0.12300216951409068,Hrpelje-Kozina,0.2800699496464032,1,Huff and ML agree
10131472,Orehek pri Materiji,Ilirska Bistrica,0.045594558868905205,Hrpelje-Kozina,0.1342645547132831,0,Huff and ML disagree
10131499,Orlek,Sežana,0.7679266411091313,Sežana,0.9071415240350754,1,Huff and ML agree
10131502,Ostrovica,Hrpelje-Kozina,0.04592415170699907,Hrpelje-Kozina,0.1333154818362006,1,Huff and ML agree
10131529,Otošče,Ajdovščina,0.1182270810203134,Postojna,0.157824311128537,0,Huff and ML disagree
10131537,Petrinje,Hrpelje-Kozina,0.14193417179440299,Koper,0.2427348713207115,0,Huff and ML disagree
10131545,Plešivica,Sežana,0.43867387792675244,Sežana,0.6028218633508388,1,Huff and ML agree
10131553,Pliskovica,Komen,0.10614263372688999,Sežana,0.231621695640261,0,Huff and ML disagree
10131561,Podbreže,Sežana,0.37080543738936633,Sežana,0.6212284268810357,1,Huff and ML agree
10131570,Podgorje,Koper,0.0790059525241778,Koper,0.2683200964669259,1,Huff and ML agree
10131588,Podgrad pri Vremah,Divača,0.059708111657761034,Divača,0.1708824048535571,1,Huff and ML agree
10131596,Poljane pri Podgradu,Ilirska Bistrica,0.03775470603436129,Ilirska Bistrica,0.1166345777134231,1,Huff and ML agree
10131600,Poljane pri Štjaku,Ajdovščina,0.08266736911966271,Sežana,0.1823490832564026,0,Huff and ML disagree
10131618,Ponikve,Ajdovščina,0.11361630365825291,Sežana,0.2980012092189911,0,Huff and ML disagree
10131626,Potoče,Divača,0.11203866562119534,Divača,0.1926877992307149,1,Huff and ML agree
10131634,Povir,Sežana,0.37110690763865134,Sežana,0.4363101382464487,1,Huff and ML agree
10131642,Povžane,Hrpelje-Kozina,0.15574928732639504,Hrpelje-Kozina,0.3404880088318667,1,Huff and ML agree
10131669,Prelože pri Lokvi,Sežana,0.2556264383030704,Sežana,0.3524379078169997,1,Huff and ML agree
10131677,Preserje pri Komnu,Komen,0.5339217854904866,Komen,0.7265181805212235,1,Huff and ML agree
10131685,Prešnica,Hrpelje-Kozina,0.15607585244496944,Hrpelje-Kozina,0.3002928866154751,1,Huff and ML agree
10131693,Pristava,Sežana,0.09445101625168016,Sežana,0.2915124579431042,1,Huff and ML agree
10131707,Rakitovec,Koper,0.059687303506146865,Koper,0.2817293724417168,1,Huff and ML agree
10131715,Raša,Sežana,0.08468167256370673,Sežana,0.2723848826931924,1,Huff and ML agree
10131723,Ravnje,Ajdovščina,0.10965574299106065,Sežana,0.1423350989271695,0,Huff and ML disagree
10131731,Razguri,Ajdovščina,0.11401963159391705,Sežana,0.240254531514255,0,Huff and ML disagree
10131740,Ritomeče,Ilirska Bistrica,0.04243872030686775,Hrpelje-Kozina,0.1252707922831834,0,Huff and ML disagree
10131758,Rodik,Hrpelje-Kozina,0.21585218903768846,Hrpelje-Kozina,0.3159966263981262,1,Huff and ML agree
10131766,Rožice,Hrpelje-Kozina,0.26592665872571897,Hrpelje-Kozina,0.461210271985027,1,Huff and ML agree
10131774,Rubije,Komen,0.4056060037092843,Komen,0.5468616288471863,1,Huff and ML agree
10131782,Sela,Sežana,0.09886068503903164,Sežana,0.2984805087805322,1,Huff and ML agree
10131804,Selo,Ajdovščina,0.09353355213810315,Sežana,0.1921380510476532,0,Huff and ML disagree
10131812,Senadole,Sežana,0.12889078401832602,Sežana,0.2617508500800729,1,Huff and ML agree
10131839,Senadolice,Sežana,0.2552131404452432,Sežana,0.4062346823534442,1,Huff and ML agree
10131847,Senožeče,Divača,0.08853432623881927,Divača,0.1738501239015144,1,Huff and ML agree
10131855,Sežana,Sežana,0.9957360220202257,Sežana,1.0,1,Huff and ML agree
10131863,Skadanščina,Hrpelje-Kozina,0.05630764634747285,Hrpelje-Kozina,0.1701445258439658,1,Huff and ML agree
10131871,Skopo,Sežana,0.1307355143454671,Sežana,0.3229355721924724,1,Huff and ML agree
10131880,Slivje,Hrpelje-Kozina,0.07360582282083941,Hrpelje-Kozina,0.1818489500109003,1,Huff and ML agree
10131898,Slope,Hrpelje-Kozina,0.22582913252195685,Hrpelje-Kozina,0.3719701584315421,1,Huff and ML agree
10131901,Stomaž,Sežana,0.08496612303772812,Sežana,0.2535772279001551,1,Huff and ML agree
10131910,Sveto,Komen,0.5307510024107766,Komen,0.6988420138934168,1,Huff and ML agree
10131928,Šepulje,Sežana,0.3562351073704356,Sežana,0.6038190338649578,1,Huff and ML agree
10131936,Šibelji,Komen,0.15492267249449054,Komen,0.2560135790445125,1,Huff and ML agree
10131944,Škocjan,Divača,0.21366800151485557,Divača,0.4210886250816001,1,Huff and ML agree
10131952,Škofi,Komen,0.16016693694763473,Komen,0.304143520294065,1,Huff and ML agree
10131979,Škoflje,Divača,0.12794010350462884,Divača,0.2562408668665296,1,Huff and ML agree
10131987,Škrbina,Komen,0.2662060542577004,Komen,0.4017004183473762,1,Huff and ML agree
10131995,Šmarje pri Sežani,Sežana,0.7430397840278314,Sežana,0.8590343880526291,1,Huff and ML agree
10132002,Štanjel,Ajdovščina,0.15096211675787677,Ajdovščina,0.1704597994439644,1,Huff and ML agree
10132029,Štjak,Ajdovščina,0.08369609880255625,Sežana,0.2074351082568202,0,Huff and ML disagree
10132037,Štorje,Sežana,0.37080543738936633,Sežana,0.597311625204493,1,Huff and ML agree
10132045,Tabor,Ajdovščina,0.11498260081579917,Sežana,0.1994933474303769,0,Huff and ML disagree
10132053,Tatre,Ilirska Bistrica,0.07200612810988413,Ilirska Bistrica,0.1597614821296101,1,Huff and ML agree
10132061,Tomačevica,Komen,0.39465595516576807,Komen,0.5343341172715345,1,Huff and ML agree
10132070,Tomaj,Sežana,0.27672900895744496,Sežana,0.5477855475539909,1,Huff and ML agree
10132088,Trebižani,Ajdovščina,0.14109465469565655,Ajdovščina,0.2448246348569311,1,Huff and ML agree
10132096,Tublje pri Hrpeljah,Hrpelje-Kozina,0.5237695891337277,Hrpelje-Kozina,0.7057773060459025,1,Huff and ML agree
10132100,Tublje pri Komnu,Komen,0.07044227629957804,Sežana,0.1799313727250611,0,Huff and ML disagree
10132118,Tupelče,Ajdovščina,0.13806209009068499,Komen,0.1813951238319061,0,Huff and ML disagree
10132126,Utovlje,Sežana,0.2703230900520459,Sežana,0.5134163913630622,1,Huff and ML agree
10132134,Vale,Komen,0.0696900376161342,Komen,0.1591914307307015,1,Huff and ML agree
10132142,Vareje,Divača,0.04780615976307119,Divača,0.1529406377294255,1,Huff and ML agree
10132169,Vatovlje,Sežana,0.03169938178360908,Sežana,0.1173623694668975,1,Huff and ML agree
10132177,Večkoti,Ajdovščina,0.1478077835948823,Ajdovščina,0.1987232360072019,1,Huff and ML agree
10132185,Velike Loče,Hrpelje-Kozina,0.054742369797002734,Hrpelje-Kozina,0.1587052235481113,1,Huff and ML agree
10132193,Veliki Dol,Komen,0.0921328772778324,Sežana,0.1941762451504912,0,Huff and ML disagree
10132207,Veliko Polje,Ajdovščina,0.11205041234841205,Sežana,0.1771881866085032,0,Huff and ML disagree
10132215,Voglje,Sežana,0.27308143338139845,Sežana,0.5467701260622652,1,Huff and ML agree
10132223,Volčji Grad,Komen,0.4663945643503832,Komen,0.6689372139584622,1,Huff and ML agree
10132231,Vrabče,Ajdovščina,0.11935094047302515,Sežana,0.2050975694064961,0,Huff and ML disagree
10132240,Vremski Britof,Divača,0.1473537061285852,Divača,0.2805832651014357,1,Huff and ML agree
10132258,Vrhovlje,Sežana,0.34615718544843516,Sežana,0.6017682837292134,1,Huff and ML agree
10132266,Vrhpolje,Hrpelje-Kozina,0.15574928732639504,Hrpelje-Kozina,0.3225937323955476,1,Huff and ML agree
10132274,Zagrajec,Komen,0.16789915819839976,Komen,0.2990513120994629,1,Huff and ML agree
10132282,Zavrhek,Divača,0.12787956074001364,Divača,0.2604371324529205,1,Huff and ML agree
10132304,Zazid,Koper,0.0936765561201146,Koper,0.3278579962941914,1,Huff and ML agree
10132312,Žirje,Sežana,0.5517892636364309,Sežana,0.6651948312382462,1,Huff and ML agree
10132339,Brda,Slovenj Gradec,0.27191229077557444,Slovenj Gradec,0.3496079987060011,1,Huff and ML agree
10132347,Dovže,Mislinja,0.3930952386634349,Mislinja,0.3871270413597215,1,Huff and ML agree
10132355,Gmajna,Slovenj Gradec,0.7899762741502205,Slovenj Gradec,0.8191163700704734,1,Huff and ML agree
10132363,Golavabuka,Slovenj Gradec,0.19059482302583233,Slovenj Gradec,0.3283590311430104,1,Huff and ML agree
10132371,Gornji Dolič,Mislinja,0.4081428709583124,Mislinja,0.4075878420567637,1,Huff and ML agree
10132380,Gradišče,Slovenj Gradec,0.6947375508298612,Slovenj Gradec,0.7555914679759295,1,Huff and ML agree
10132398,Graška Gora,Slovenj Gradec,0.158712926404267,Velenje,0.1876492682835824,0,Huff and ML disagree
10132401,Kozjak,Slovenj Gradec,0.12152918065992774,Mislinja,0.1599422916650984,0,Huff and ML disagree
10132410,Legen,Slovenj Gradec,0.7445270715745861,Slovenj Gradec,0.7633278256605603,1,Huff and ML agree
10132428,Mala Mislinja,Mislinja,0.3860988494370197,Mislinja,0.4264974435723219,1,Huff and ML agree
10132436,Mislinja,Mislinja,0.999689355766525,Mislinja,1.0,1,Huff and ML agree
10132444,Mislinjska Dobrava,Mislinja,0.3074358497347075,Mislinja,0.2605459526825814,1,Huff and ML agree
10132452,Paka - del,Slovenj Gradec,0.12200066061455866,Mislinja,0.1376844108855284,0,Huff and ML disagree
10132479,Pameče,Slovenj Gradec,0.7417704725151664,Slovenj Gradec,0.7363869104309556,1,Huff and ML agree
10132487,Podgorje,Slovenj Gradec,0.5342585351658333,Slovenj Gradec,0.5087172278405216,1,Huff and ML agree
10132495,Raduše,Slovenj Gradec,0.5340196782418725,Slovenj Gradec,0.5459952222432134,1,Huff and ML agree
10132509,Razborca,Mislinja,0.30589281545719493,Mislinja,0.311030736485155,1,Huff and ML agree
10132517,Sele,Slovenj Gradec,0.2533118911325872,Slovenj Gradec,0.3474197233146739,1,Huff and ML agree
10132525,Slovenj Gradec,Slovenj Gradec,0.9993879181952127,Slovenj Gradec,1.0,1,Huff and ML agree
10132533,Spodnji Razbor,Slovenj Gradec,0.16065787285629546,Slovenj Gradec,0.2120626936259809,1,Huff and ML agree
10132541,Srednji Dolič,Mislinja,0.2384001103078563,Mislinja,0.2192531320285173,1,Huff and ML agree
10132550,Stari trg,Slovenj Gradec,0.8108275921952577,Slovenj Gradec,0.8625208151107688,1,Huff and ML agree
10132568,Šentilj pod Turjakom,Mislinja,0.7854619906707727,Mislinja,0.894567525717854,1,Huff and ML agree
10132576,Šmartno pri Slovenj Gradcu,Slovenj Gradec,0.767386042169585,Slovenj Gradec,0.7613604581090629,1,Huff and ML agree
10132584,Šmiklavž,Slovenj Gradec,0.2155797063446889,Slovenj Gradec,0.2530953360330882,1,Huff and ML agree
10132592,Tolsti Vrh pri Mislinji,Mislinja,0.39471705894743125,Mislinja,0.4297980742700113,1,Huff and ML agree
10132606,Tomaška vas,Slovenj Gradec,0.5821974802823767,Slovenj Gradec,0.5527897959685557,1,Huff and ML agree
10132614,Troblje,Slovenj Gradec,0.8157270013788411,Slovenj Gradec,0.8689583936687105,1,Huff and ML agree
10132622,Turiška vas,Slovenj Gradec,0.44425057996249,Slovenj Gradec,0.4607598747280061,1,Huff and ML agree
10132649,Vodriž,Slovenj Gradec,0.2751859981711204,Slovenj Gradec,0.3124774287361253,1,Huff and ML agree
10132657,Vrhe,Slovenj Gradec,0.32944866750570123,Slovenj Gradec,0.4278950512268438,1,Huff and ML agree
10132665,Završe,Mislinja,0.1989555556236266,Mislinja,0.2050184233955365,1,Huff and ML agree
10132673,Zgornji Razbor,Slovenj Gradec,0.15565278346362982,Slovenj Gradec,0.1533403358526685,1,Huff and ML agree
10132681,Bojtina,Slovenska Bistrica,0.17660118107532935,Slovenska Bistrica,0.2016916974892592,1,Huff and ML agree
10132690,Božje,Slovenska Bistrica,0.11334360327169207,Zreče,0.1314267799920623,0,Huff and ML disagree
10132703,Brezje pri Oplotnici,Oplotnica,0.3553560496811424,Oplotnica,0.331372963830951,1,Huff and ML agree
10132711,Brezje pri Poljčanah,Poljčane,0.19596479477412868,Poljčane,0.1940703838493641,1,Huff and ML agree
10132720,Brezje pri Slov. Bistrici,Slovenska Bistrica,0.30785984726264176,Slovenska Bistrica,0.2759937403609079,1,Huff and ML agree
10132738,Bukovec,Slovenska Bistrica,0.3442214066454446,Slovenska Bistrica,0.2290791715185929,1,Huff and ML agree
10132746,Cezlak,Slovenska Bistrica,0.1470869948531913,Oplotnica,0.1753117945819236,0,Huff and ML disagree
10132754,Cigonca,Slovenska Bistrica,0.7451730507046952,Slovenska Bistrica,0.6780887098957435,1,Huff and ML agree
10132762,Čadram,Oplotnica,0.5676241424457167,Oplotnica,0.6826777186344591,1,Huff and ML agree
10132789,Čadramska vas,Poljčane,0.5730982598159206,Poljčane,0.6076490185505602,1,Huff and ML agree
10132797,Črešnjevec,Slovenska Bistrica,0.6087367462309236,Slovenska Bistrica,0.5552664423231771,1,Huff and ML agree
10132819,Devina,Slovenska Bistrica,0.7936536511783656,Slovenska Bistrica,0.8195586436454587,1,Huff and ML agree
10132827,Dežno pri Makolah,Ptuj,0.21314598768843304,Makole,0.1543745725481201,0,Huff and ML disagree
10132835,Dobriška vas,Slovenske Konjice,0.4190931598553036,Slovenske Konjice,0.2504318503607644,1,Huff and ML agree
10132843,Dobrova pri Prihovi,Slovenske Konjice,0.3306952847516591,Slovenske Konjice,0.2614261715897879,1,Huff and ML agree
10132851,Dolgi Vrh,Slovenska Bistrica,0.29560824212225545,Slovenska Bistrica,0.2394151296354054,1,Huff and ML agree
10132860,Drumlažno,Slovenska Bistrica,0.29936745444910945,Slovenska Bistrica,0.2550089135416652,1,Huff and ML agree
10132878,Farovec,Slovenska Bistrica,0.22765297719181155,Slovenska Bistrica,0.2273461792063834,1,Huff and ML agree
10132886,Fošt,Slovenska Bistrica,0.3005384755328496,Slovenska Bistrica,0.2882035192032748,1,Huff and ML agree
10132894,Frajhajm,Maribor,0.16073240512762588,Maribor,0.2166944638252856,1,Huff and ML agree
10132908,Gabernik,Slovenska Bistrica,0.42483856224244604,Slovenska Bistrica,0.3501287629442908,1,Huff and ML agree
10132916,Gaj,Ptuj,0.2580947732000235,Slovenska Bistrica,0.1844970085719124,0,Huff and ML disagree
10132924,Gladomes,Slovenska Bistrica,0.3579174970219941,Slovenska Bistrica,0.3092540139013424,1,Huff and ML agree
10132932,Globoko ob Dravinji,Makole,0.21674500335293587,Makole,0.1883056124557885,1,Huff and ML agree
10132959,Gorica pri Oplotnici,Oplotnica,0.5591410111945744,Oplotnica,0.5916943951794956,1,Huff and ML agree
10132967,Hošnica,Poljčane,0.30229633796780275,Poljčane,0.3007752284526631,1,Huff and ML agree
10132975,Hrastovec pod Bočem,Slovenska Bistrica,0.14196317928207688,Slovenska Bistrica,0.0973340416596518,1,Huff and ML agree
10132983,Jelovec pri Makolah,Makole,0.38675386823640456,Makole,0.349526749978857,1,Huff and ML agree
10132991,Ješovec,Slovenska Bistrica,0.23322805258161355,Slovenska Bistrica,0.2253580039681852,1,Huff and ML agree
10133009,Jurišna vas,Slovenska Bistrica,0.25259206194967193,Slovenska Bistrica,0.3025480626785812,1,Huff and ML agree
10133017,Kalše,Slovenska Bistrica,0.24761512589538376,Slovenska Bistrica,0.2721405206529225,1,Huff and ML agree
10133025,Kebelj,Slovenska Bistrica,0.1772261024461849,Slovenska Bistrica,0.1572909693222301,1,Huff and ML agree
10133033,Klopce,Slovenska Bistrica,0.7469280135874716,Slovenska Bistrica,0.6782799041283762,1,Huff and ML agree
10133041,Kočno ob Ložnici,Slovenska Bistrica,0.30474549191323885,Slovenska Bistrica,0.2829567466970694,1,Huff and ML agree
10133050,Kočno pri Polskavi,Slovenska Bistrica,0.3134622831553398,Slovenska Bistrica,0.2903375947662939,1,Huff and ML agree
10133068,Koritno,Slovenska Bistrica,0.15027777674764997,Oplotnica,0.1639818439233942,0,Huff and ML disagree
10133076,Korplje,Slovenska Bistrica,0.4291448047244528,Slovenska Bistrica,0.373452167984971,1,Huff and ML agree
10133084,Kostanjevec,Slovenska Bistrica,0.5812309996032293,Slovenska Bistrica,0.4635425933041857,1,Huff and ML agree
10133092,Kot na Pohorju,Slovenska Bistrica,0.1077441102033395,Maribor,0.1358606131061681,0,Huff and ML disagree
10133106,Kovača vas,Slovenska Bistrica,0.7415239291021005,Slovenska Bistrica,0.705320614743483,1,Huff and ML agree
10133114,Kovaški Vrh,Zreče,0.15490257655143425,Zreče,0.1663902501170782,1,Huff and ML agree
10133122,Krasna,Slovenska Bistrica,0.17017970387352915,Slovenska Bistrica,0.1324238441784335,1,Huff and ML agree
10133149,Križeča vas,Poljčane,0.1891607989459193,Poljčane,0.1734794377153498,1,Huff and ML agree
10133157,Lačna Gora,Oplotnica,0.3976772807017423,Oplotnica,0.5001117905420789,1,Huff and ML agree
10133165,Laporje,Slovenska Bistrica,0.4329120587153809,Slovenska Bistrica,0.3697449135671258,1,Huff and ML agree
10133173,Leskovec,Slovenska Bistrica,0.44746184425671975,Slovenska Bistrica,0.3885813939700915,1,Huff and ML agree
10133181,Levič,Slovenska Bistrica,0.3333732246094501,Slovenska Bistrica,0.2959566539157306,1,Huff and ML agree
10133190,Ljubično,Poljčane,0.22597084977887388,Poljčane,0.2165925450392224,1,Huff and ML agree
10133203,Lokanja vas,Slovenska Bistrica,0.7490539326399815,Slovenska Bistrica,0.6995981163475351,1,Huff and ML agree
10133211,Lovnik,Rogaška Slatina,0.17964394025478486,Rogaška Slatina,0.1422444212520868,1,Huff and ML agree
10133220,Ložnica,Ptuj,0.21291698121951425,Slovenska Bistrica,0.162296584012161,0,Huff and ML disagree
10133238,Lukanja,Slovenske Konjice,0.10867034063390404,Maribor,0.1236905449698861,0,Huff and ML disagree
10133246,Lušečka vas,Poljčane,0.42384865368542285,Poljčane,0.3520097056335671,1,Huff and ML agree
10133254,Makole,Makole,0.9998907096584638,Makole,1.0,1,Huff and ML agree
10133262,Malahorna,Slovenske Konjice,0.4230891291605804,Oplotnica,0.3049964684184191,0,Huff and ML disagree
10133289,Malo Tinje,Slovenska Bistrica,0.28504823363717935,Slovenska Bistrica,0.2897330367389096,1,Huff and ML agree
10133297,Markečica,Slovenske Konjice,0.44555686736336253,Slovenske Konjice,0.2785509901867171,1,Huff and ML agree
10133319,Modraže,Slovenska Bistrica,0.16834297282385788,Slovenska Bistrica,0.1316552410999103,1,Huff and ML agree
10133327,Modrič,Slovenska Bistrica,0.19328348906542744,Slovenska Bistrica,0.1690579052569437,1,Huff and ML agree
10133335,Mostečno,Ptuj,0.22907574334901476,Makole,0.1440157746742518,0,Huff and ML disagree
10133343,Nadgrad,Slovenska Bistrica,0.1534800236708169,Slovenska Bistrica,0.1437381176492998,1,Huff and ML agree
10133351,Novake,Slovenska Bistrica,0.16765214335184386,Poljčane,0.140305685546215,0,Huff and ML disagree
10133360,Ogljenšak,Slovenska Bistrica,0.4329120587153809,Slovenska Bistrica,0.35188143799244,1,Huff and ML agree
10133378,Okoška Gora,Slovenska Bistrica,0.3134622831553398,Slovenska Bistrica,0.2743109358594444,1,Huff and ML agree
10133386,Oplotnica,Oplotnica,0.9969101634181903,Oplotnica,1.0,1,Huff and ML agree
10133394,Ošelj,Slovenska Bistrica,0.1728749722582309,Slovenska Bistrica,0.2247414309636859,1,Huff and ML agree
10133408,Pečke,Ptuj,0.22996572831971027,Makole,0.2117324563505311,0,Huff and ML disagree
10133416,Planina pod Šumikom,Slovenska Bistrica,0.1758769877473222,Slovenska Bistrica,0.198418699856895,1,Huff and ML agree
10133424,Pobrež,Slovenske Konjice,0.45959237678334264,Slovenske Konjice,0.3161947404286148,1,Huff and ML agree
10133432,Podboč,Poljčane,0.30229633796780275,Poljčane,0.3241621925082148,1,Huff and ML agree
10133459,Podgrad na Pohorju,Slovenska Bistrica,0.15462142028185913,Oplotnica,0.1393169360058204,0,Huff and ML disagree
10133467,Pokoše,Slovenska Bistrica,0.5933384528389002,Slovenska Bistrica,0.4815416877386999,1,Huff and ML agree
10133475,Poljčane,Poljčane,0.9954648170676309,Poljčane,1.0,1,Huff and ML agree
10133483,Pragersko,Slovenska Bistrica,0.30303970174450584,Slovenska Bistrica,0.2546990632438732,1,Huff and ML agree
10133491,Preloge,Slovenska Bistrica,0.42279130134099474,Slovenska Bistrica,0.3055438664578939,1,Huff and ML agree
10133505,Prepuž,Slovenska Bistrica,0.4140545141803111,Slovenska Bistrica,0.338276167947025,1,Huff and ML agree
10133513,Pretrež,Slovenska Bistrica,0.30852864719394424,Slovenska Bistrica,0.2719689947731392,1,Huff and ML agree
10133521,Prihova,Slovenska Bistrica,0.23086792295549624,Slovenska Bistrica,0.1937917985821729,1,Huff and ML agree
10133530,Raskovec,Slovenska Bistrica,0.2253158399293383,Slovenske Konjice,0.1730730107767606,0,Huff and ML disagree
10133548,Razgor pri Žabljeku,Slovenska Bistrica,0.3689980757951588,Slovenska Bistrica,0.3153835293052484,1,Huff and ML agree
10133556,Rep,Slovenska Bistrica,0.22874668408296522,Slovenska Bistrica,0.2606059697201333,1,Huff and ML agree
10133564,Ritoznoj,Slovenska Bistrica,0.6446681518006081,Slovenska Bistrica,0.6335278857123373,1,Huff and ML agree
10133572,Savinsko,Ptuj,0.24232124015030237,Ptuj,0.1324231312062183,1,Huff and ML agree
10133599,Sele pri Polskavi,Slovenska Bistrica,0.4443226767004507,Slovenska Bistrica,0.3214455993772845,1,Huff and ML agree
10133602,Sevec,Slovenska Bistrica,0.4262468192687041,Slovenska Bistrica,0.3391286502205449,1,Huff and ML agree
10133629,Slovenska Bistrica,Slovenska Bistrica,0.9997165519640459,Slovenska Bistrica,1.0,1,Huff and ML agree
10133637,Smrečno,Slovenska Bistrica,0.16930229492017973,Slovenska Bistrica,0.220958401416958,1,Huff and ML agree
10133645,Spodnja Brežnica,Slovenska Bistrica,0.23303703487438465,Slovenska Bistrica,0.2011117639218837,1,Huff and ML agree
10133653,Spodnja Ložnica,Slovenska Bistrica,0.6372829680625705,Slovenska Bistrica,0.6078595572814282,1,Huff and ML agree
10133661,Spodnja Nova vas,Slovenska Bistrica,0.7705675652732643,Slovenska Bistrica,0.7396869562255316,1,Huff and ML agree
10133670,Spodnja Polskava,Slovenska Bistrica,0.3215415777221816,Slovenska Bistrica,0.2478310085546752,1,Huff and ML agree
10133688,Spodnje Poljčane,Poljčane,0.8098177382987682,Poljčane,0.8603076048891215,1,Huff and ML agree
10133696,Spodnje Prebukovje,Slovenska Bistrica,0.5804849244506779,Slovenska Bistrica,0.5528182289005544,1,Huff and ML agree
10133700,Stanovsko,Poljčane,0.2916254066325586,Poljčane,0.2964245921138742,1,Huff and ML agree
10133718,Stari Grad,Ptuj,0.14319377407128528,Rogaška Slatina,0.1145138448161801,0,Huff and ML disagree
10133726,Stari Log,Slovenska Bistrica,0.3215415777221816,Slovenska Bistrica,0.2921053954533268,1,Huff and ML agree
10133734,Stopno,Ptuj,0.25796521340232553,Majšperk,0.1950750418482205,0,Huff and ML disagree
10133742,Stranske Makole,Makole,0.5204796977488024,Makole,0.5136564320217734,1,Huff and ML agree
10133769,Straža pri Oplotnici,Slovenska Bistrica,0.23151649616853237,Oplotnica,0.1891268907603566,0,Huff and ML disagree
10133777,Strug,Ptuj,0.24071300837543463,Majšperk,0.1611832409181446,0,Huff and ML disagree
10133785,Studenice,Poljčane,0.19559687683410812,Poljčane,0.1922385981153711,1,Huff and ML agree
10133793,Šentovec,Slovenska Bistrica,0.7624912242655825,Slovenska Bistrica,0.729449587280035,1,Huff and ML agree
10133807,Šmartno na Pohorju,Slovenska Bistrica,0.2845436769154128,Slovenska Bistrica,0.3050826857926701,1,Huff and ML agree
10133815,Štatenberg,Slovenska Bistrica,0.22283333954449183,Slovenska Bistrica,0.1665968743132677,1,Huff and ML agree
10133823,Tinjska Gora,Slovenska Bistrica,0.4140545141803111,Slovenska Bistrica,0.3744355210426867,1,Huff and ML agree
10133831,Trnovec pri Slovenski Bistrici,Slovenska Bistrica,0.3015799395692433,Slovenska Bistrica,0.2549282312870553,1,Huff and ML agree
10133840,Turiška vas na Pohorju,Slovenska Bistrica,0.3054441899453356,Slovenska Bistrica,0.3390544292281159,1,Huff and ML agree
10133858,Ugovec,Slovenska Bistrica,0.29936745444910945,Slovenska Bistrica,0.2235799659992191,1,Huff and ML agree
10133866,Urh,Slovenska Bistrica,0.1833612068283573,Slovenska Bistrica,0.2244865333322893,1,Huff and ML agree
10133874,Varoš,Makole,0.3479865813606844,Makole,0.2322107354571673,1,Huff and ML agree
10133882,Veliko Tinje,Slovenska Bistrica,0.3215415777221816,Slovenska Bistrica,0.3392947342243496,1,Huff and ML agree
10133904,Videž,Slovenska Bistrica,0.6138760824477755,Slovenska Bistrica,0.5656655411109646,1,Huff and ML agree
10133912,Vinarje,Slovenska Bistrica,0.3596854522226808,Slovenska Bistrica,0.2950071304828055,1,Huff and ML agree
10133939,Visole,Slovenska Bistrica,0.6236055487209583,Slovenska Bistrica,0.6042299599687863,1,Huff and ML agree
10133947,Vrhloga,Slovenska Bistrica,0.425057889655416,Slovenska Bistrica,0.3566122309909225,1,Huff and ML agree
10133955,Vrhole pri Laporju,Slovenska Bistrica,0.16743829233567337,Slovenska Bistrica,0.1579888196414347,1,Huff and ML agree
10133963,Vrhole pri Slov. Konjicah,Slovenska Bistrica,0.5804557420903563,Slovenska Bistrica,0.4456291056249534,1,Huff and ML agree
10133971,Zgornja Bistrica,Slovenska Bistrica,0.7644298312523949,Slovenska Bistrica,0.7558612414236807,1,Huff and ML agree
10133980,Zgornja Brežnica,Slovenska Bistrica,0.34264399403467083,Slovenska Bistrica,0.2693426493847806,1,Huff and ML agree
10133998,Zgornja Ložnica,Slovenska Bistrica,0.5787233430183726,Slovenska Bistrica,0.4542794015277572,1,Huff and ML agree
10134005,Zgornja Nova vas,Slovenska Bistrica,0.4075565575549185,Slovenska Bistrica,0.4109554335582414,1,Huff and ML agree
10134013,Zgornja Polskava,Slovenska Bistrica,0.5799945944419794,Slovenska Bistrica,0.4153281571143979,1,Huff and ML agree
10134021,Zgornje Grušovje,Slovenska Bistrica,0.24197253246377226,Slovenska Bistrica,0.1945524080952492,1,Huff and ML agree
10134030,Zgornje Poljčane,Poljčane,0.4741587905506043,Poljčane,0.4611936768610498,1,Huff and ML agree
10134048,Zgornje Prebukovje,Slovenska Bistrica,0.42483856224244604,Slovenska Bistrica,0.4205491454043759,1,Huff and ML agree
10134056,Zlakova,Zreče,0.4802148334768188,Zreče,0.6197004088328085,1,Huff and ML agree
10134064,Zlogona Gora,Oplotnica,0.36080429298089234,Oplotnica,0.4181518480508741,1,Huff and ML agree
10134072,Zlogona vas,Slovenska Bistrica,0.2233138428988217,Oplotnica,0.2715130754656087,0,Huff and ML disagree
10134099,Žabljek,Slovenska Bistrica,0.4353486147581222,Slovenska Bistrica,0.3832571057374433,1,Huff and ML agree
10134102,Križni Vrh,Slovenska Bistrica,0.4443226767004507,Slovenska Bistrica,0.3888992741348113,1,Huff and ML agree
10134129,Bezina,Slovenske Konjice,0.7087328087436842,Slovenske Konjice,0.586823208225765,1,Huff and ML agree
10134137,Bezovje nad Zrečami,Zreče,0.1692834609527928,Zreče,0.3734291680758735,1,Huff and ML agree
10134145,Blato,Slovenske Konjice,0.7034724190084671,Slovenske Konjice,0.8185472174500338,1,Huff and ML agree
10134153,Boharina,Slovenske Konjice,0.1471911284080857,Zreče,0.3222281750422819,0,Huff and ML disagree
10134161,Brdo,Slovenske Konjice,0.5640908214363908,Slovenske Konjice,0.4442924347271424,1,Huff and ML agree
10134170,Breg pri Konjicah,Slovenske Konjice,0.7232709074971895,Slovenske Konjice,0.6629828860726829,1,Huff and ML agree
10134188,Brezen,Vitanje,0.09203867565766613,Celje,0.0872986142855532,0,Huff and ML disagree
10134196,Brezje pri Ločah,Slovenske Konjice,0.2423494766462105,Slovenske Konjice,0.2129787531934382,1,Huff and ML agree
10134200,Bukovlje,Slovenske Konjice,0.34195605965392667,Zreče,0.2740151999648074,0,Huff and ML disagree
10134218,Črešnova,Zreče,0.3229911106530547,Zreče,0.4457222866195806,1,Huff and ML agree
10134226,Dobrava pri Konjicah,Slovenske Konjice,0.7388360862837302,Slovenske Konjice,0.8830480737547023,1,Huff and ML agree
10134234,Dobrnež,Slovenske Konjice,0.7220859964150012,Slovenske Konjice,0.6370963157668779,1,Huff and ML agree
10134242,Draža vas,Slovenske Konjice,0.36560647812613445,Slovenske Konjice,0.2778711314773103,1,Huff and ML agree
10134269,Gabrovlje,Slovenske Konjice,0.686270527044887,Slovenske Konjice,0.4671214316006236,1,Huff and ML agree
10134277,Gabrovnik,Slovenske Konjice,0.7170787158105011,Slovenske Konjice,0.5989200311024286,1,Huff and ML agree
10134285,Gorenje pri Zrečah,Slovenske Konjice,0.1520836084941022,Zreče,0.3279419075514831,0,Huff and ML disagree
10134293,Gračič,Slovenske Konjice,0.4711550116269435,Zreče,0.4858694804032113,0,Huff and ML disagree
10134307,Hudinja,Slovenj Gradec,0.06521051898184804,Celje,0.0716910243980332,0,Huff and ML disagree
10134315,Sveti Jernej,Slovenska Bistrica,0.19398000112169206,Slovenska Bistrica,0.1560513074338057,1,Huff and ML agree
10134323,Kamna Gora,Slovenske Konjice,0.24365338311287021,Slovenske Konjice,0.2529426697880498,1,Huff and ML agree
10134331,Klokočovnik,Slovenske Konjice,0.21138229670500341,Slovenske Konjice,0.2009587457727014,1,Huff and ML agree
10134340,Koble,Slovenske Konjice,0.20730747690397486,Slovenske Konjice,0.1823415103572495,1,Huff and ML agree
10134358,Kolačno,Slovenske Konjice,0.2119800842603759,Slovenske Konjice,0.195714218809981,1,Huff and ML agree
10134366,Konjiška vas,Slovenske Konjice,0.7090295425497828,Slovenske Konjice,0.6057488150942884,1,Huff and ML agree
10134374,Koroška vas na Pohorju,Slovenske Konjice,0.14403259148469755,Zreče,0.2768506037907201,0,Huff and ML disagree
10134382,Kraberk,Slovenske Konjice,0.3118252429546762,Slovenske Konjice,0.2240384656276242,1,Huff and ML agree
10134404,Spodnji Jernej,Slovenska Bistrica,0.17710497311761453,Slovenske Konjice,0.1317118853013398,0,Huff and ML disagree
10134412,Križevec,Slovenske Konjice,0.43244666364523204,Zreče,0.3751487553345279,0,Huff and ML disagree
10134439,Ličenca,Slovenska Bistrica,0.30302893916571155,Slovenska Bistrica,0.2621239554233445,1,Huff and ML agree
10134447,Lipoglav,Slovenske Konjice,0.1629427210957726,Slovenske Konjice,0.1661599226166318,1,Huff and ML agree
10134455,Ljubnica,Vitanje,0.18441593908249904,Zreče,0.145978418987372,0,Huff and ML disagree
10134463,Loče,Slovenske Konjice,0.20488819924021393,Slovenske Konjice,0.1865435110809804,1,Huff and ML agree
10134471,Loška gora pri Zrečah,Zreče,0.14069712792895786,Zreče,0.160485888291644,1,Huff and ML agree
10134480,Mali Breg,Slovenska Bistrica,0.17445861127604181,Slovenske Konjice,0.1587890043835046,0,Huff and ML disagree
10134498,Mlače,Slovenske Konjice,0.16623532951452058,Slovenske Konjice,0.1545959864713419,1,Huff and ML agree
10134501,Nova vas pri Konjicah,Slovenske Konjice,0.5068764103232202,Slovenske Konjice,0.3817159813858081,1,Huff and ML agree
10134510,Novo Tepanje,Slovenske Konjice,0.4436336508702523,Slovenske Konjice,0.3001523662328497,1,Huff and ML agree
10134528,Ostrožno pri Ločah,Slovenska Bistrica,0.14204520255052613,Slovenske Konjice,0.1242969435136878,0,Huff and ML disagree
10134536,Padeški Vrh,Zreče,0.1411371558252011,Zreče,0.1742100699735374,1,Huff and ML agree
10134544,Paka,Slovenj Gradec,0.09634245751965707,Mislinja,0.0780601041535632,0,Huff and ML disagree
10134552,Penoje,Slovenska Bistrica,0.1499388013879783,Slovenske Konjice,0.1460692209964345,0,Huff and ML disagree
10134579,Perovec,Slovenske Konjice,0.36196627255657815,Slovenske Konjice,0.2724435107334884,1,Huff and ML agree
10134587,Petelinjek pri Ločah,Slovenska Bistrica,0.22268968690236565,Slovenska Bistrica,0.1795643462791869,1,Huff and ML agree
10134595,Planina na Pohorju,Slovenske Konjice,0.10518415941457705,Zreče,0.1226879812475434,0,Huff and ML disagree
10134609,Podob,Slovenske Konjice,0.22313526500943387,Slovenske Konjice,0.2114676523280319,1,Huff and ML agree
10134617,Podpeč ob Dravinji,Slovenska Bistrica,0.15304821736541563,Poljčane,0.1058423983217947,0,Huff and ML disagree
10134625,Polene,Slovenske Konjice,0.7170787158105011,Slovenske Konjice,0.6361900003980465,1,Huff and ML agree
10134633,Preloge pri Konjicah,Slovenske Konjice,0.7347530536200577,Slovenske Konjice,0.7081539349560207,1,Huff and ML agree
10134641,Prežigal,Slovenske Konjice,0.5855494622971968,Slovenske Konjice,0.5015906188204776,1,Huff and ML agree
10134650,Radana vas,Zreče,0.5833731689061992,Zreče,0.538796570781467,1,Huff and ML agree
10134668,Resnik,Slovenske Konjice,0.1153487166609634,Zreče,0.1217517760301106,0,Huff and ML disagree
10134676,Selski Vrh,Slovenska Bistrica,0.17089134252361746,Slovenska Bistrica,0.1164731256239652,1,Huff and ML agree
10134684,Vitanjsko Skomarje,Zreče,0.11221749821749726,Zreče,0.1332599716012433,1,Huff and ML agree
10134692,Slovenske Konjice,Slovenske Konjice,0.9998328524635685,Slovenske Konjice,1.0,1,Huff and ML agree
10134706,Sojek,Slovenske Konjice,0.2026046638279355,Slovenske Konjice,0.1834131450803881,1,Huff and ML agree
10134714,Spodnja Pristava,Slovenske Konjice,0.42996421447503,Slovenske Konjice,0.3125364071150496,1,Huff and ML agree
10134722,Spodnje Grušovje,Slovenska Bistrica,0.30755597217205394,Slovenska Bistrica,0.2302604591581019,1,Huff and ML agree
10134749,Spodnje Laže,Slovenska Bistrica,0.17546262190567774,Poljčane,0.1584692730827731,0,Huff and ML disagree
10134757,Spodnje Preloge,Slovenske Konjice,0.7026803223713943,Slovenske Konjice,0.7988923297812958,1,Huff and ML agree
10134765,Spodnji Dolič,Vitanje,0.1159073511868754,Vitanje,0.0867052495566322,1,Huff and ML agree
10134773,Stare Slemene,Celje,0.1349256596265366,Celje,0.1271183017981299,1,Huff and ML agree
10134781,Stenica,Vitanje,0.46924984651640966,Vitanje,0.3885682239896572,1,Huff and ML agree
10134790,Stranice,Slovenske Konjice,0.4148225941868015,Zreče,0.3991467689680129,0,Huff and ML disagree
10134803,Strtenik,Slovenske Konjice,0.5373497265973671,Slovenske Konjice,0.404176755485846,1,Huff and ML agree
10134811,Suhadol,Slovenske Konjice,0.22118697633359904,Slovenske Konjice,0.205677429101806,1,Huff and ML agree
10134820,Škalce,Slovenske Konjice,0.6980681460404743,Slovenske Konjice,0.7869598538562615,1,Huff and ML agree
10134838,Škedenj,Slovenske Konjice,0.31143674950760447,Slovenske Konjice,0.2305519910509963,1,Huff and ML agree
10134846,Špitalič pri Slov. Konjicah,Slovenske Konjice,0.1632762086907026,Slovenske Konjice,0.1668552684707,1,Huff and ML agree
10134854,Tepanje,Slovenske Konjice,0.5287589969744788,Slovenske Konjice,0.4021371458286651,1,Huff and ML agree
10134862,Tepanjski Vrh,Slovenske Konjice,0.686270527044887,Slovenske Konjice,0.5660541583257445,1,Huff and ML agree
10134889,Tolsti Vrh,Slovenske Konjice,0.20346133669808034,Slovenske Konjice,0.1890412072208677,1,Huff and ML agree
10134897,Vešenik,Slovenske Konjice,0.6971126078543614,Slovenske Konjice,0.7532031034264431,1,Huff and ML agree
10134919,Vitanje,Vitanje,0.9996632303863694,Vitanje,1.0,1,Huff and ML agree
10134927,Zbelovo,Slovenska Bistrica,0.1508486774762255,Slovenske Konjice,0.1179435769614527,0,Huff and ML disagree
10134935,Zbelovska Gora,Slovenska Bistrica,0.15186009703218556,Rogaška Slatina,0.0922454900236637,0,Huff and ML disagree
10134943,Zeče,Slovenske Konjice,0.7199521656503223,Slovenske Konjice,0.5610815962571659,1,Huff and ML agree
10134951,Zgornja Pristava,Slovenske Konjice,0.731381219218063,Slovenske Konjice,0.8780699162228999,1,Huff and ML agree
10134960,Zgornje Laže,Slovenska Bistrica,0.1833612068283573,Slovenska Bistrica,0.1585562293757524,1,Huff and ML agree
10134978,Žiče,Slovenske Konjice,0.3342316259570874,Slovenske Konjice,0.2729764546652861,1,Huff and ML agree
10134986,Zreče,Zreče,0.9993348614958615,Zreče,1.0,1,Huff and ML agree
10134994,Rogla,Slovenske Konjice,0.06715223638320658,Maribor,0.1076236653174592,0,Huff and ML disagree
10135001,Bezovje pri Šentjurju,Šentjur,0.8082356440643303,Šentjur,0.7648406715337313,1,Huff and ML agree
10135010,Bobovo pri Ponikvi,Slovenske Konjice,0.11595105172407294,Šentjur,0.1157428262599221,0,Huff and ML disagree
10135028,Boletina,Šentjur,0.1769234561823985,Šentjur,0.1686650476865614,1,Huff and ML agree
10135036,Botričnica,Šentjur,0.8438165278441723,Šentjur,0.9040023724835444,1,Huff and ML agree
10135044,Brdo,Šentjur,0.11224271694944331,Celje,0.1009583585880706,0,Huff and ML disagree
10135052,Brezje ob Slomu,Šentjur,0.49685914064056114,Šentjur,0.3448623668327438,1,Huff and ML agree
10135079,Brezje pri Dobjem,Dobje,0.5164757063913827,Dobje,0.3395034686750002,1,Huff and ML agree
10135087,Bukovje pri Slivnici,Šentjur,0.24628192036801796,Šentjur,0.2419057728253665,1,Huff and ML agree
10135095,Cerovec,Šentjur,0.3694685166812323,Celje,0.2904026826473838,0,Huff and ML disagree
10135109,Črnolica,Šentjur,0.7442906327102969,Šentjur,0.58196406716162,1,Huff and ML agree
10135117,Dobje pri Lesičnem,Šentjur,0.10668275253403582,Celje,0.0881470002660046,0,Huff and ML disagree
10135125,Dobje pri Planini,Dobje,0.9991748743497331,Dobje,1.0,1,Huff and ML agree
10135133,Dobovec pri Ponikvi,Celje,0.11166209150126431,Šentjur,0.1223149702570134,0,Huff and ML disagree
10135141,Dobrina,Šentjur,0.10371831529472746,Šentjur,0.1174653576574578,1,Huff and ML agree
10135150,Dolga Gora,Slovenska Bistrica,0.11217685568589843,Šmarje pri Jelšah,0.1083070841811974,0,Huff and ML disagree
10135168,Doropolje,Šentjur,0.09125004074378591,Celje,0.0899131050129784,0,Huff and ML disagree
10135176,Dramlje,Šentjur,0.300104130630347,Šentjur,0.213406559364477,1,Huff and ML agree
10135184,Drobinsko,Šentjur,0.15913428677594998,Šentjur,0.1950242917718724,1,Huff and ML agree
10135192,Golobinjek pri Planini,Šentjur,0.06824033087763871,Sevnica,0.0953001882973672,0,Huff and ML disagree
10135206,Gorica pri Dobjem,Dobje,0.19118099285638912,Dobje,0.118635625512101,1,Huff and ML agree
10135214,Gorica pri Slivnici,Šentjur,0.49685914064056114,Šentjur,0.373291280267578,1,Huff and ML agree
10135222,Goričica,Šentjur,0.6754544977279007,Šentjur,0.4512811758758344,1,Huff and ML agree
10135249,Grobelno - del,Šentjur,0.6165011450367944,Šentjur,0.4792045897323283,1,Huff and ML agree
10135257,Grušce,Celje,0.17388968272983507,Celje,0.1479819353230956,1,Huff and ML agree
10135265,Hotunje,Šentjur,0.5367977340849146,Šentjur,0.3667053239257556,1,Huff and ML agree
10135273,Hrastje,Šentjur,0.10369165841104583,Šentjur,0.1221987287952047,1,Huff and ML agree
10135281,Hruševec,Šentjur,0.7802452545715197,Šentjur,0.6530949641283836,1,Huff and ML agree
10135290,Hrušovje,Šentjur,0.097482630564989,Šentjur,0.1217540527381409,1,Huff and ML agree
10135303,Jakob pri Šentjurju,Šentjur,0.6754544977279007,Šentjur,0.5362683675246201,1,Huff and ML agree
10135311,Jarmovec,Šentjur,0.24574338659536557,Celje,0.2728024987106157,0,Huff and ML disagree
10135320,Javorje,Šentjur,0.14428349400559243,Šentjur,0.1937987969170156,1,Huff and ML agree
10135338,Jazbin Vrh,Šentjur,0.3055213691158262,Šentjur,0.281824291723826,1,Huff and ML agree
10135346,Jazbine,Celje,0.16222013365924023,Celje,0.1466085314773121,1,Huff and ML agree
10135354,Jelce,Šentjur,0.10604141425981889,Šentjur,0.1647880590692106,1,Huff and ML agree
10135362,Jezerce pri Dobjem,Šentjur,0.147287339133656,Šentjur,0.1954256388039059,1,Huff and ML agree
10135389,Kalobje,Šentjur,0.3055213691158262,Šentjur,0.2863537744962168,1,Huff and ML agree
10135397,Kameno,Šentjur,0.8065908256466717,Šentjur,0.7696692475085468,1,Huff and ML agree
10135419,Kostrivnica,Celje,0.15872914831667873,Šentjur,0.1725106348346171,0,Huff and ML disagree
10135427,Košnica,Šentjur,0.0995682992476416,Šentjur,0.1425574532623564,1,Huff and ML agree
10135435,Krajnčica,Šentjur,0.757549819350935,Šentjur,0.5671557431950226,1,Huff and ML agree
10135443,Krivica,Šentjur,0.10345104843008256,Celje,0.0813412431357256,0,Huff and ML disagree
10135451,Laze pri Dramljah,Šentjur,0.26140342998559174,Šentjur,0.2058864627801936,1,Huff and ML agree
10135460,Lažiše,Šentjur,0.10336908282339861,Celje,0.1194319072468434,0,Huff and ML disagree
10135478,Loka pri Žusmu,Rogaška Slatina,0.11028697847046619,Šmarje pri Jelšah,0.1323316346281612,0,Huff and ML disagree
10135486,Lokarje,Šentjur,0.8120364535193078,Šentjur,0.7638463017031694,1,Huff and ML agree
10135494,Loke pri Planini,Šentjur,0.11465194479075094,Šentjur,0.0981065054381205,1,Huff and ML agree
10135508,Lopaca,Šentjur,0.1166371442067928,Šentjur,0.0941804999871907,1,Huff and ML agree
10135516,Lutrje,Šentjur,0.23017143670952142,Šentjur,0.1712342488529371,1,Huff and ML agree
10135524,Marija Dobje,Celje,0.2069258286584656,Celje,0.2443900667175384,1,Huff and ML agree
10135532,Okrog,Šmarje pri Jelšah,0.19385910953738483,Šmarje pri Jelšah,0.2335190014527296,1,Huff and ML agree
10135559,Osredek,Šentjur,0.48773999260746576,Šentjur,0.3511100428746215,1,Huff and ML agree
10135567,Ostrožno pri Ponikvi - del,Šentjur,0.13845031383779735,Šentjur,0.1367956838202737,1,Huff and ML agree
10135575,Paridol,Šentjur,0.14143419722272596,Šentjur,0.1982336323290098,1,Huff and ML agree
10135583,Planina pri Sevnici,Šentjur,0.08969658953644431,Celje,0.0921841131690954,0,Huff and ML disagree
10135591,Planinca,Šentjur,0.5748906554372379,Šentjur,0.4462383845278221,1,Huff and ML agree
10135605,Planinska vas,Šentjur,0.10513019078442416,Celje,0.0890978222851086,0,Huff and ML disagree
10135613,Planinski Vrh,Šentjur,0.10446165874477703,Celje,0.0846124593499533,0,Huff and ML disagree
10135621,Pletovarje,Celje,0.1714541018425823,Slovenske Konjice,0.1428493174710403,0,Huff and ML disagree
10135630,Podgaj,Šentjur,0.2466202237518605,Šmarje pri Jelšah,0.2105190167419374,0,Huff and ML disagree
10135648,Podgrad,Šentjur,0.8114830236522371,Šentjur,0.780482831122631,1,Huff and ML agree
10135656,Podlešje,Šentjur,0.24768470397558,Šentjur,0.2403989796151538,1,Huff and ML agree
10135664,Podlog pod Bohorjem,Kozje,0.06232867830646935,Krško,0.0731247094143199,0,Huff and ML disagree
10135672,Podpeč nad Marofom,Šentjur,0.11560701797800244,Celje,0.1031339646146633,0,Huff and ML disagree
10135699,Podpeč pri Šentvidu,Šentjur,0.07975128090481594,Celje,0.0852815549375838,0,Huff and ML disagree
10135702,Podvine,Šentjur,0.10579341338736672,Celje,0.0849338491054582,0,Huff and ML disagree
10135729,Ponikva,Šentjur,0.3006809211357598,Šentjur,0.2213060164996581,1,Huff and ML agree
10135737,Ponkvica,Šentjur,0.23912961256154436,Šmarje pri Jelšah,0.2288457633689693,0,Huff and ML disagree
10135745,Prapretno,Sevnica,0.09166545829349312,Sevnica,0.1198618276933912,1,Huff and ML agree
10135753,Presečno,Dobje,0.10924008939667994,Šentjur,0.1351254494789803,0,Huff and ML disagree
10135761,Primož pri Šentjurju,Šentjur,0.653467728559627,Šentjur,0.4634749205122216,1,Huff and ML agree
10135770,Proseniško,Šentjur,0.38441890145623403,Celje,0.3756407385507968,0,Huff and ML disagree
10135788,Rakitovec,Šentjur,0.3475123408494037,Šentjur,0.2820857245397667,1,Huff and ML agree
10135796,Ravno,Dobje,0.3756487915509006,Dobje,0.2014174620106679,1,Huff and ML agree
10135800,Razbor,Šentjur,0.3659263364097317,Šentjur,0.2548070282469734,1,Huff and ML agree
10135818,Repno,Šentjur,0.7859922762773596,Šentjur,0.6465783796600467,1,Huff and ML agree
10135826,Repuš,Dobje,0.36141702034672024,Dobje,0.1924384798756719,1,Huff and ML agree
10135834,Rifnik,Šentjur,0.7910762105537485,Šentjur,0.6952277988315627,1,Huff and ML agree
10135842,Sele,Šentjur,0.2474253927646494,Šentjur,0.2506407231973084,1,Huff and ML agree
10135869,Slatina pri Dobjem,Dobje,0.16774831906640558,Šentjur,0.11404940426566,0,Huff and ML disagree
10135877,Slatina pri Ponikvi,Celje,0.12039470288078209,Celje,0.1138957321703167,1,Huff and ML agree
10135885,Slivnica pri Celju,Šentjur,0.29788322155962355,Šentjur,0.2785384076588487,1,Huff and ML agree
10135893,Sotensko pod Kalobjem,Šentjur,0.6869503070155595,Šentjur,0.5576189428575485,1,Huff and ML agree
10135907,Spodnje Slemene,Celje,0.17114076641215445,Celje,0.1832887738065403,1,Huff and ML agree
10135915,Srževica,Šmarje pri Jelšah,0.16466124851979427,Šmarje pri Jelšah,0.2065718709306576,1,Huff and ML agree
10135923,Stopče,Šentjur,0.7943158897740517,Šentjur,0.6913162663785157,1,Huff and ML agree
10135931,Straška Gorca,Šentjur,0.10699797487393264,Celje,0.0864727864813959,0,Huff and ML disagree
10135940,Straža na Gori,Celje,0.16810708896017304,Celje,0.1529526954255015,1,Huff and ML agree
10135958,Suho,Dobje,0.16320745475605863,Šentjur,0.1426027183532431,0,Huff and ML disagree
10135966,Svetelka,Šentjur,0.27826666191162375,Šentjur,0.2084208258710986,1,Huff and ML agree
10135974,Šedina,Šentjur,0.24656710244494895,Šentjur,0.1953873352116635,1,Huff and ML agree
10135982,Šentjur,Šentjur,0.9982065441538969,Šentjur,1.0,1,Huff and ML agree
10136008,Šentvid pri Planini,Šentjur,0.08202063724925245,Celje,0.0870140127098562,0,Huff and ML disagree
10136016,Šibenik,Šentjur,0.7821904219262202,Šentjur,0.667222370111425,1,Huff and ML agree
10136024,Škarnice,Dobje,0.395864177162072,Dobje,0.187714342636705,1,Huff and ML agree
10136032,Tajhte,Šentjur,0.10711980674574996,Celje,0.0969258910866116,0,Huff and ML disagree
10136059,Tratna ob Voglajni,Šentjur,0.37085161140770934,Šentjur,0.3120040353973935,1,Huff and ML agree
10136067,Tratna pri Grobelnem,Šentjur,0.5273468384705546,Šentjur,0.3589021007033877,1,Huff and ML agree
10136075,Trno,Šentjur,0.3718167537241721,Šentjur,0.3215981032083905,1,Huff and ML agree
10136083,Trnovec pri Dramljah,Šentjur,0.5364531202322417,Šentjur,0.3305638629299905,1,Huff and ML agree
10136091,Trška Gorca,Šentjur,0.3630178237968467,Šentjur,0.3005836703892641,1,Huff and ML agree
10136105,Turno,Šentjur,0.37894728723049553,Šentjur,0.3310015394987552,1,Huff and ML agree
10136113,Uniše,Šentjur,0.35428929447241436,Šentjur,0.2453738726729682,1,Huff and ML agree
10136121,Večje Brdo,Dobje,0.11768864399145268,Šentjur,0.1129839378476005,0,Huff and ML disagree
10136130,Vejice,Šentjur,0.06724500858727678,Sevnica,0.1050612888599605,0,Huff and ML disagree
10136148,Vezovje,Šentjur,0.4915944209097264,Šentjur,0.3632164733611361,1,Huff and ML agree
10136156,Visoče,Šentjur,0.07972290617964037,Celje,0.0960411129457141,0,Huff and ML disagree
10136164,Vodice pri Kalobju,Šentjur,0.10253783713208028,Celje,0.1241699680835863,0,Huff and ML disagree
10136172,Vodice pri Slivnici,Šentjur,0.3648961447577968,Šentjur,0.3029256616950512,1,Huff and ML agree
10136199,Vodruž,Šentjur,0.5580435970757172,Šentjur,0.4340605295949766,1,Huff and ML agree
10136202,Voduce,Šentjur,0.14018609769155335,Šentjur,0.1997228703891599,1,Huff and ML agree
10136229,Vodule,Celje,0.17431132034692115,Celje,0.1702382303105429,1,Huff and ML agree
10136237,Voglajna,Šentjur,0.4441444439185877,Šentjur,0.3481843726767746,1,Huff and ML agree
10136245,Vrbno,Šentjur,0.8114830236522371,Šentjur,0.7629176306047075,1,Huff and ML agree
10136253,Zagaj pri Ponikvi,Celje,0.16415423867270565,Celje,0.1271957886427004,1,Huff and ML agree
10136261,Zalog pod Uršulo,Šentjur,0.23123779166972458,Šentjur,0.1673782974674243,1,Huff and ML agree
10136270,Završe pri Dobjem,Dobje,0.12284656024596982,Šentjur,0.1220327499048119,0,Huff and ML disagree
10136288,Zgornje Selce,Šentjur,0.30390274584078886,Šentjur,0.240510204879477,1,Huff and ML agree
10136296,Zgornje Slemene,Celje,0.17277553071955404,Celje,0.1552440150245156,1,Huff and ML agree
10136300,Zlateče pri Šentjurju,Šentjur,0.6408224619648124,Šentjur,0.403652112117819,1,Huff and ML agree
10136318,Žegar,Šentjur,0.09815657590396958,Šentjur,0.1388240373038669,1,Huff and ML agree
10136326,Sv. Andrej,Kranj,0.20324629173247544,Ljubljana,0.2708547515951631,0,Huff and ML disagree
10136334,Bačne,Gorenja vas-Poljane,0.17947948584271436,Gorenja vas-Poljane,0.2187505526289285,1,Huff and ML agree
10136342,Binkelj,Škofja Loka,0.8812513477777612,Škofja Loka,0.8879722567168488,1,Huff and ML agree
10136369,Bodovlje,Škofja Loka,0.43120904790106096,Škofja Loka,0.4271467768070402,1,Huff and ML agree
10136377,Brebovnica,Gorenja vas-Poljane,0.21851621139612734,Gorenja vas-Poljane,0.229646831900286,1,Huff and ML agree
10136385,Brekovice,Žiri,0.31831428945211054,Žiri,0.4759361388260602,1,Huff and ML agree
10136393,Breznica pod Lubnikom,Kranj,0.19871553011445847,Ljubljana,0.2636825633830468,0,Huff and ML disagree
10136407,Breznica pri Žireh,Žiri,0.22817144649372303,Žiri,0.3505915726046234,1,Huff and ML agree
10136415,Brode,Škofja Loka,0.25880757814819694,Škofja Loka,0.247883231300508,1,Huff and ML agree
10136423,Bukov Vrh,Kranj,0.09776530120241592,Ljubljana,0.2452307404526875,0,Huff and ML disagree
10136431,Bukovica,Kranj,0.2582995055462383,Škofja Loka,0.2160492899189596,0,Huff and ML disagree
10136440,Bukovščica,Kranj,0.2572707398883004,Kranj,0.2700570907759418,1,Huff and ML agree
10136458,Crngrob,Škofja Loka,0.5554538823002486,Škofja Loka,0.427032056917461,1,Huff and ML agree
10136466,Čabrače,Gorenja vas-Poljane,0.13900196509495447,Gorenja vas-Poljane,0.1907253383774204,1,Huff and ML agree
10136474,Četena Ravan,Kranj,0.10954576449416363,Ljubljana,0.219576061935721,0,Huff and ML disagree
10136482,Davča,Bohinj,0.033876535050567674,Ljubljana,0.1704508499822866,0,Huff and ML disagree
10136504,Debeni,Gorenja vas-Poljane,0.09548559220679058,Gorenja vas-Poljane,0.1814124395934147,1,Huff and ML agree
10136512,Delnice,Kranj,0.10171096603422035,Ljubljana,0.2261092505931624,0,Huff and ML disagree
10136539,Dobje,Gorenja vas-Poljane,0.4234794624215258,Gorenja vas-Poljane,0.4150309737008328,1,Huff and ML agree
10136547,Dobravšce,Gorenja vas-Poljane,0.5430541122097172,Gorenja vas-Poljane,0.5913359646159767,1,Huff and ML agree
10136555,Dolenčice,Kranj,0.0976937552501334,Ljubljana,0.2206522125063057,0,Huff and ML disagree
10136563,Dolenja Dobrava,Gorenja vas-Poljane,0.7817602528785781,Gorenja vas-Poljane,0.8136691229736318,1,Huff and ML agree
10136571,Dolenja Ravan,Gorenja vas-Poljane,0.0678870035274371,Ljubljana,0.2139292286166601,0,Huff and ML disagree
10136580,Dolenja vas,Kranj,0.23509553007777179,Ljubljana,0.196945388826549,0,Huff and ML disagree
10136598,Dolenja Žetina,Ljubljana,0.053412353474548036,Ljubljana,0.2161341708988354,1,Huff and ML agree
10136601,Dolenje Brdo,Gorenja vas-Poljane,0.2903724299057941,Gorenja vas-Poljane,0.3109849918504348,1,Huff and ML agree
10136610,Dolge Njive,Ljubljana,0.08246341132896363,Ljubljana,0.3022309544845248,1,Huff and ML agree
10136628,Dorfarje,Škofja Loka,0.5457531216408773,Škofja Loka,0.3658559693697771,1,Huff and ML agree
10136636,Draga,Škofja Loka,0.3164572982151797,Ljubljana,0.2978780132814633,0,Huff and ML disagree
10136644,Dražgoše,Kranj,0.20150049323838626,Ljubljana,0.1727319913025766,0,Huff and ML disagree
10136652,Sveti Florijan nad Škofjo Loko,Kranj,0.1732688408326247,Ljubljana,0.2664728014220149,0,Huff and ML disagree
10136679,Forme,Škofja Loka,0.5863288275893273,Škofja Loka,0.4343374888341108,1,Huff and ML agree
10136687,Fužine,Gorenja vas-Poljane,0.16601765212399588,Gorenja vas-Poljane,0.1800206102271078,1,Huff and ML agree
10136695,Gabrk,Kranj,0.22313925665447976,Ljubljana,0.2435871789855053,0,Huff and ML disagree
10136709,Gabrovo,Kranj,0.22321643243520012,Ljubljana,0.2527388253762104,0,Huff and ML disagree
10136717,Gabrška Gora,Kranj,0.13928728726142436,Ljubljana,0.2576870544598128,0,Huff and ML disagree
10136725,Godešič,Škofja Loka,0.3594592524733382,Ljubljana,0.2593918046640854,0,Huff and ML disagree
10136733,Goli Vrh,Ljubljana,0.06055476615822916,Ljubljana,0.2746281463107151,1,Huff and ML agree
10136741,Golica,Kranj,0.1489641921536848,Ljubljana,0.2057318319634198,0,Huff and ML disagree
10136750,Gorenja Dobrava,Gorenja vas-Poljane,0.6109250282935099,Gorenja vas-Poljane,0.6231830328878581,1,Huff and ML agree
10136768,Gorenja Ravan,Gorenja vas-Poljane,0.0678870035274371,Ljubljana,0.2139292286166601,0,Huff and ML disagree
10136776,Gorenja vas,Gorenja vas-Poljane,0.9990936386440741,Gorenja vas-Poljane,1.0,1,Huff and ML agree
10136784,Gorenja vas - Reteče,Medvode,0.3269339539150207,Ljubljana,0.3051095247149083,0,Huff and ML disagree
10136792,Gorenja Žetina,Ljubljana,0.05014636897695444,Ljubljana,0.2190911903347619,1,Huff and ML agree
10136806,Gorenje Brdo,Gorenja vas-Poljane,0.2355746519657395,Gorenja vas-Poljane,0.2697547644262265,1,Huff and ML agree
10136814,Goropeke,Žiri,0.46261040208861837,Žiri,0.5833166025016608,1,Huff and ML agree
10136822,Gosteče,Škofja Loka,0.41283888839422384,Škofja Loka,0.326120721726072,1,Huff and ML agree
10136849,Grenc,Škofja Loka,0.7655374430792534,Škofja Loka,0.6746647877574994,1,Huff and ML agree
10136857,Hlavče Njive,Gorenja vas-Poljane,0.2021239917820646,Gorenja vas-Poljane,0.2387430136936225,1,Huff and ML agree
10136865,Hobovše pri Stari Oselici,Gorenja vas-Poljane,0.05929895403557931,Ljubljana,0.1714191536010302,0,Huff and ML disagree
10136873,Hosta,Škofja Loka,0.6762316381123149,Škofja Loka,0.5693409081615941,1,Huff and ML agree
10136881,Hotavlje,Gorenja vas-Poljane,0.40805983188670025,Gorenja vas-Poljane,0.4408648589341154,1,Huff and ML agree
10136890,Hotovlja,Gorenja vas-Poljane,0.3161665419859294,Gorenja vas-Poljane,0.2844269700731042,1,Huff and ML agree
10136903,Sv. Petra Hrib,Kranj,0.20620078222255195,Ljubljana,0.2618479018906083,0,Huff and ML disagree
10136911,Izgorje,Žiri,0.07055228216918875,Ljubljana,0.2123258808546337,0,Huff and ML disagree
10136920,Jarčja Dolina,Žiri,0.1136024307333464,Žiri,0.1984092437873787,1,Huff and ML agree
10136938,Jarčje Brdo,Kranj,0.15095102503887628,Ljubljana,0.2364357960769086,0,Huff and ML disagree
10136946,Javorje,Kranj,0.10034006191929525,Ljubljana,0.2173405238474716,0,Huff and ML disagree
10136954,Javorjev Dol,Idrija,0.0610877514390902,Ljubljana,0.1645747691322525,0,Huff and ML disagree
10136962,Jazbine,Gorenja vas-Poljane,0.07810505239950612,Ljubljana,0.2132385454000114,0,Huff and ML disagree
10136989,Jelovica,Ljubljana,0.04570868277209495,Ljubljana,0.2145366424203512,1,Huff and ML agree
10136997,Kališe,Kranj,0.17240064258400292,Ljubljana,0.1876494179059435,0,Huff and ML disagree
10137004,Kladje,Gorenja vas-Poljane,0.08073447094898764,Ljubljana,0.173953237514265,0,Huff and ML disagree
10137012,Knape,Kranj,0.2409339351522086,Kranj,0.2326039352009933,1,Huff and ML agree
10137039,Kopačnica,Gorenja vas-Poljane,0.06030292517642331,Ljubljana,0.1835323572548403,0,Huff and ML disagree
10137047,Koprivnik,Ljubljana,0.03347164381146901,Ljubljana,0.1849331495281126,1,Huff and ML agree
10137055,Kovski Vrh,Kranj,0.11987215910506795,Ljubljana,0.2606489014014024,0,Huff and ML disagree
10137063,Kremenik,Kranj,0.08929248831991575,Ljubljana,0.282539853695549,0,Huff and ML disagree
10137071,Krivo Brdo,Kranj,0.14646100824119365,Ljubljana,0.2444542610917219,0,Huff and ML disagree
10137080,Križna Gora,Škofja Loka,0.31711387250328604,Škofja Loka,0.3680607505251395,1,Huff and ML agree
10137098,Krnice pri Novakih,Cerkno,0.05774794145247711,Ljubljana,0.1766285673338879,0,Huff and ML disagree
10137101,Lajše,Cerkno,0.05062503343369941,Ljubljana,0.178041635150137,0,Huff and ML disagree
10137110,Laniše,Idrija,0.037844350974816844,Ljubljana,0.1740643682263426,0,Huff and ML disagree
10137128,Laze,Cerkno,0.05108170000125587,Ljubljana,0.1779122115976442,0,Huff and ML disagree
10137136,Ledinica,Žiri,0.48105766187989957,Žiri,0.6363889609867251,1,Huff and ML agree
10137152,Leskovica,Gorenja vas-Poljane,0.042103869619502875,Ljubljana,0.1816522970565896,0,Huff and ML disagree
10137179,Lipica,Škofja Loka,0.5547183334757252,Škofja Loka,0.4046235335531778,1,Huff and ML agree
10137187,Log nad Škofjo Loko,Kranj,0.19705750329561186,Ljubljana,0.2415921766238077,0,Huff and ML disagree
10137195,Lom nad Volčo,Kranj,0.10046725090104991,Ljubljana,0.2254540624014013,0,Huff and ML disagree
10137209,Lovsko Brdo,Kranj,0.10536403926419718,Ljubljana,0.2216760202559706,0,Huff and ML disagree
10137217,Lučine,Ljubljana,0.08145241317943316,Ljubljana,0.2931011888868204,1,Huff and ML agree
10137225,Malenski Vrh,Gorenja vas-Poljane,0.09293128405751869,Ljubljana,0.2092110502632596,0,Huff and ML disagree
10137233,Martinj Vrh,Železniki,0.0863295298901738,Ljubljana,0.192238453612165,0,Huff and ML disagree
10137241,Mlaka nad Lušo,Kranj,0.14977100574078417,Ljubljana,0.2333703844300768,0,Huff and ML disagree
10137250,Moškrin,Škofja Loka,0.6979744508130846,Škofja Loka,0.6938628592365609,1,Huff and ML agree
10137268,Mrzli Vrh,Žiri,0.08918912973702676,Ljubljana,0.16463792172583,0,Huff and ML disagree
10137276,Murave,Kranj,0.1143619499268065,Ljubljana,0.2164324091197625,0,Huff and ML disagree
10137284,Na Logu,Kranj,0.15521650819759145,Ljubljana,0.2469453699642939,0,Huff and ML disagree
10137292,Nova Oselica,Cerkno,0.035484258778866525,Ljubljana,0.1728459204448405,0,Huff and ML disagree
10137306,Ojstri Vrh,Železniki,0.2758295546082033,Železniki,0.249483431534603,1,Huff and ML agree
10137314,Opale,Žiri,0.08713388036940367,Ljubljana,0.2234267297729499,0,Huff and ML disagree
10137322,Osojnica,Žiri,0.42499403084093695,Žiri,0.5474638057219636,1,Huff and ML agree
10137349,Osojnik,Železniki,0.05877043625130228,Ljubljana,0.1901127504939619,0,Huff and ML disagree
10137357,Sv. Ožbolt,Kranj,0.17725524676926377,Ljubljana,0.2856900818984386,0,Huff and ML disagree
10137365,Papirnica,Škofja Loka,0.7942725370277327,Škofja Loka,0.7100449296877808,1,Huff and ML agree
10137373,Pevno,Škofja Loka,0.6709983424193392,Škofja Loka,0.618096447129555,1,Huff and ML agree
10137381,Podgora,Gorenja vas-Poljane,0.40319388724381044,Gorenja vas-Poljane,0.408331981193114,1,Huff and ML agree
10137390,Podjelovo Brdo,Cerkno,0.03477146358463218,Ljubljana,0.1750051695795454,0,Huff and ML disagree
10137403,Podklanec,Žiri,0.10183996864679042,Ljubljana,0.194399887967005,0,Huff and ML disagree
10137411,Podlonk,Železniki,0.1685803663797262,Ljubljana,0.1899611262733978,0,Huff and ML disagree
10137420,Podobeno,Kranj,0.10429004066881495,Ljubljana,0.2183401081045641,0,Huff and ML disagree
10137438,Podporezen,Bohinj,0.043278172773183216,Ljubljana,0.1760842018748412,0,Huff and ML disagree
10137446,Podpulfrca,Škofja Loka,0.6527237319660874,Škofja Loka,0.591516295514633,1,Huff and ML agree
10137454,Podvrh,Kranj,0.10597714828094616,Ljubljana,0.2202777556892873,0,Huff and ML disagree
10137462,Poljane nad Škofjo Loko,Gorenja vas-Poljane,0.3574047838596693,Gorenja vas-Poljane,0.3285299187068732,1,Huff and ML agree
10137489,Potok,Kranj,0.05623994385398667,Ljubljana,0.1944156960022018,0,Huff and ML disagree
10137497,Pozirno,Kranj,0.21871154990891747,Kranj,0.2330619450283703,1,Huff and ML agree
10137519,Praprotno,Škofja Loka,0.28264462181705247,Škofja Loka,0.3116208969481737,1,Huff and ML agree
10137527,Predmost,Gorenja vas-Poljane,0.3488371914575119,Gorenja vas-Poljane,0.316493684867733,1,Huff and ML agree
10137535,Prelesje,Ljubljana,0.07423141437686696,Ljubljana,0.2864724917726697,1,Huff and ML agree
10137543,Prtovč,Kranj,0.10426884514504549,Ljubljana,0.199765544938218,0,Huff and ML disagree
10137551,Pungert,Škofja Loka,0.5706061770033276,Škofja Loka,0.4270199925267329,1,Huff and ML agree
10137560,Puštal,Škofja Loka,0.8366911592970987,Škofja Loka,0.7767320793875298,1,Huff and ML agree
10137578,Račeva,Žiri,0.22590207623907688,Žiri,0.3118892491257629,1,Huff and ML agree
10137586,Ravne,Kranj,0.04445764278157312,Ljubljana,0.1963635409315888,0,Huff and ML disagree
10137594,Ravne pri Žireh,Idrija,0.08987273444232306,Ljubljana,0.1960901568917163,0,Huff and ML disagree
10137608,Reteče,Medvode,0.2994449235768316,Ljubljana,0.2933337603904647,0,Huff and ML disagree
10137616,Robidnica,Cerkno,0.0517651770935909,Ljubljana,0.1760698006822817,0,Huff and ML disagree
10137624,Rovte v Selški dolini,Kranj,0.11736579292912436,Ljubljana,0.2098212829397514,0,Huff and ML disagree
10137632,Rudno,Železniki,0.358242323892777,Železniki,0.3345470174066691,1,Huff and ML agree
10137659,Selca,Železniki,0.3489503975229796,Železniki,0.2780798905308194,1,Huff and ML agree
10137667,Selo,Žiri,0.31831428945211054,Žiri,0.4643759928563603,1,Huff and ML agree
10137675,Lajše,Kranj,0.18772129599760895,Ljubljana,0.1842223751475218,0,Huff and ML disagree
10137683,Smoldno,Kranj,0.14891337788303702,Ljubljana,0.2284155274062892,0,Huff and ML disagree
10137691,Smoleva,Železniki,0.5254121358367907,Železniki,0.5351159950464263,1,Huff and ML agree
10137705,Sopotnica,Kranj,0.18445243869026193,Ljubljana,0.2685676188659037,0,Huff and ML disagree
10137713,Sovodenj,Idrija,0.0374736008859358,Ljubljana,0.1685379400858379,0,Huff and ML disagree
10137721,Sovra,Žiri,0.22590207623907688,Žiri,0.314534665930117,1,Huff and ML agree
10137730,Spodnja Luša,Kranj,0.1994091896174698,Ljubljana,0.2327817418183853,0,Huff and ML disagree
10137748,Spodnja Sorica,Bohinj,0.07120726049182896,Ljubljana,0.1831167538143053,0,Huff and ML disagree
10137756,Spodnje Danje,Bohinj,0.07758661271492119,Ljubljana,0.179328113227999,0,Huff and ML disagree
10137764,Srednja vas-Poljane,Gorenja vas-Poljane,0.7008143878342585,Gorenja vas-Poljane,0.7185582238114019,1,Huff and ML agree
10137772,Srednje Brdo,Gorenja vas-Poljane,0.26920505142152623,Gorenja vas-Poljane,0.301534184335633,1,Huff and ML agree
10137799,Staniše,Kranj,0.2088723924320148,Ljubljana,0.2631130914319487,0,Huff and ML disagree
10137802,Stara Loka,Škofja Loka,0.8780206967291241,Škofja Loka,0.9506254225987412,1,Huff and ML agree
10137829,Stara Oselica,Gorenja vas-Poljane,0.06786464194583978,Ljubljana,0.1820161452778901,0,Huff and ML disagree
10137837,Stirpnik,Kranj,0.19299784077862675,Ljubljana,0.2240793082337553,0,Huff and ML disagree
10137845,Strmica,Kranj,0.27999798574039836,Kranj,0.3432605734527108,1,Huff and ML agree
10137853,Studor,Gorenja vas-Poljane,0.0645514681193093,Ljubljana,0.182829841222164,0,Huff and ML disagree
10137861,Suha,Škofja Loka,0.813292594634341,Škofja Loka,0.7366633795114759,1,Huff and ML agree
10137870,Suša,Gorenja vas-Poljane,0.09262775241441172,Ljubljana,0.1988017725769761,0,Huff and ML disagree
10137888,Sv. Barbara,Kranj,0.20770415779228912,Ljubljana,0.2666696802647073,0,Huff and ML disagree
10137896,Sv. Duh,Škofja Loka,0.5949619229196262,Škofja Loka,0.4687650084889733,1,Huff and ML agree
10137900,Ševlje,Kranj,0.22519513074692,Ljubljana,0.1999471050788512,0,Huff and ML disagree
10137918,Škofja Loka,Škofja Loka,0.9987890359716627,Škofja Loka,1.0,1,Huff and ML agree
10137926,Todraž,Gorenja vas-Poljane,0.4107772251815848,Gorenja vas-Poljane,0.4287376855266598,1,Huff and ML agree
10137934,Sv. Tomaž,Kranj,0.1977906745545667,Ljubljana,0.232978132253696,0,Huff and ML disagree
10137942,Topolje,Kranj,0.23055177124842288,Ljubljana,0.1833658895762977,0,Huff and ML disagree
10137969,Torka,Bohinj,0.05265833008920752,Ljubljana,0.1949688847791546,0,Huff and ML disagree
10137977,Trata,Škofja Loka,0.32441211038622897,Škofja Loka,0.2614448807051009,1,Huff and ML agree
10137985,Trebija,Gorenja vas-Poljane,0.26950070559131545,Gorenja vas-Poljane,0.2736928760534179,1,Huff and ML agree
10137993,Trnje,Škofja Loka,0.8380947358434551,Škofja Loka,0.8231331143964578,1,Huff and ML agree
10138019,Valterski Vrh,Kranj,0.11665029129311508,Ljubljana,0.2762563991949751,0,Huff and ML disagree
10138027,Vešter,Škofja Loka,0.8376204467136931,Škofja Loka,0.8129185444676693,1,Huff and ML agree
10138035,Vincarje,Škofja Loka,0.8750789346765191,Škofja Loka,0.9241564837643318,1,Huff and ML agree
10138043,Vinharje,Kranj,0.08563092059477619,Ljubljana,0.2589138649447476,0,Huff and ML disagree
10138051,Virlog,Škofja Loka,0.8796809302181469,Škofja Loka,0.8808036256379382,1,Huff and ML agree
10138060,Virmaše,Škofja Loka,0.6571403253305609,Škofja Loka,0.5392336888995235,1,Huff and ML agree
10138078,Visoko pri Poljanah,Kranj,0.17723476176458008,Ljubljana,0.238508222591211,0,Huff and ML disagree
10138086,Volaka,Gorenja vas-Poljane,0.21095172156785097,Gorenja vas-Poljane,0.2509887298767602,1,Huff and ML agree
10138094,Volča,Gorenja vas-Poljane,0.20293111797517596,Gorenja vas-Poljane,0.2100391467549505,1,Huff and ML agree
10138108,Zabrdo,Bohinj,0.05265833008920752,Ljubljana,0.1949688847791546,0,Huff and ML disagree
10138116,Zabrekve,Kranj,0.18776727195560955,Ljubljana,0.1956948853781946,0,Huff and ML disagree
10138124,Zabrežnik,Žiri,0.12390134297162564,Žiri,0.1796646371042723,1,Huff and ML agree
10138132,Zadobje,Ljubljana,0.06055476615822916,Ljubljana,0.2945982497569536,1,Huff and ML agree
10138159,Zakobiljek,Kranj,0.0976937552501334,Ljubljana,0.2269680312999046,0,Huff and ML disagree
10138167,Zala,Kranj,0.046825622529271665,Ljubljana,0.2008245386091962,0,Huff and ML disagree
10138175,Zali Log,Železniki,0.1994056077377838,Železniki,0.219288097772156,1,Huff and ML agree
10138183,Zapreval,Kranj,0.11204451016488609,Ljubljana,0.2228508408962746,0,Huff and ML disagree
10138191,Zgornja Luša,Kranj,0.17814550527795325,Ljubljana,0.2349105451530021,0,Huff and ML disagree
10138205,Zgornja Sorica,Bohinj,0.08199824414853275,Ljubljana,0.1790943107346297,0,Huff and ML disagree
10138213,Zgornje Danje,Bohinj,0.07077816520151275,Ljubljana,0.1797656221084219,0,Huff and ML disagree
10138221,Zminec,Škofja Loka,0.38391927678174087,Škofja Loka,0.4109008370705275,1,Huff and ML agree
10138230,Žabja vas,Gorenja vas-Poljane,0.5430541122097172,Gorenja vas-Poljane,0.5724990552072892,1,Huff and ML agree
10138248,Železniki,Železniki,0.9977189039119314,Železniki,1.0,1,Huff and ML agree
10138256,Žiri,Žiri,0.9986763556734437,Žiri,1.0,1,Huff and ML agree
10138264,Žirovski Vrh,Žiri,0.17351855470769867,Žiri,0.2487465374640929,1,Huff and ML agree
10138272,Žirovski Vrh Sv. Antona,Gorenja vas-Poljane,0.29346102980103583,Gorenja vas-Poljane,0.305877526560783,1,Huff and ML agree
10138299,Žirovski Vrh Sv. Urbana,Žiri,0.07046356562004602,Ljubljana,0.2043057458997711,0,Huff and ML disagree
10138302,Studeno,Železniki,0.59345099806138,Železniki,0.557549621413503,1,Huff and ML agree
10138329,Babna Brda,Šentjur,0.11379882456944568,Šentjur,0.1402350858970841,1,Huff and ML agree
10138337,Babna Gora,Šentjur,0.101322147401522,Šentjur,0.1330572746275804,1,Huff and ML agree
10138345,Babna Reka,Šmarje pri Jelšah,0.1389418031773227,Šmarje pri Jelšah,0.2017274043662376,1,Huff and ML agree
10138353,Beli Potok pri Lembergu,Rogaška Slatina,0.1828192335690977,Šmarje pri Jelšah,0.1562633907977954,0,Huff and ML disagree
10138361,Belo,Šmarje pri Jelšah,0.4813203865013211,Šmarje pri Jelšah,0.5861470258771546,1,Huff and ML agree
10138370,Bezgovica,Podčetrtek,0.13614102939330514,Podčetrtek,0.1486282510589932,1,Huff and ML agree
10138388,Bistrica,Šentjur,0.08759037117496674,Kozje,0.0800811149462082,0,Huff and ML disagree
10138396,Bistrica ob Sotli,Bistrica ob Sotli,0.9988356413878187,Bistrica ob Sotli,1.0,1,Huff and ML agree
10138400,Bobovo pri Šmarju,Šmarje pri Jelšah,0.48470638412786937,Šmarje pri Jelšah,0.6454749398044104,1,Huff and ML agree
10138418,Bodrež,Šentjur,0.23893168158803177,Šmarje pri Jelšah,0.3216063255237109,0,Huff and ML disagree
10138426,Bodrišna vas,Šentjur,0.3027909021963306,Šmarje pri Jelšah,0.2696362895559629,0,Huff and ML disagree
10138434,Brecljevo,Šmarje pri Jelšah,0.5121895468261062,Šmarje pri Jelšah,0.6900594170356041,1,Huff and ML agree
10138442,Brestovec,Rogaška Slatina,0.7543578266097031,Rogaška Slatina,0.8070796598921463,1,Huff and ML agree
10138469,Brezje pri Lekmarju,Šmarje pri Jelšah,0.20620715865309336,Šmarje pri Jelšah,0.3322180431655586,1,Huff and ML agree
10138477,Brezje pri Podplatu,Rogaška Slatina,0.25413473412815846,Rogaška Slatina,0.2601392871966223,1,Huff and ML agree
10138485,Brezovec pri Polju,Kozje,0.13749422213073514,Kozje,0.2181538975380719,1,Huff and ML agree
10138493,Brezovec pri Rogatcu,Rogaška Slatina,0.5446551144829241,Rogaška Slatina,0.3662470325619423,1,Huff and ML agree
10138507,Buče,Kozje,0.13085890362590086,Kozje,0.2039179657996222,1,Huff and ML agree
10138515,Bukovje v Babni Gori,Šentjur,0.13933709010858347,Šentjur,0.1740872707011214,1,Huff and ML agree
10138523,Cerovec pod Bočem,Rogaška Slatina,0.7076366776544153,Rogaška Slatina,0.7029652239622519,1,Huff and ML agree
10138531,Cerovec pri Šmarju,Šmarje pri Jelšah,0.48348500443054654,Šmarje pri Jelšah,0.6546661132359042,1,Huff and ML agree
10138540,Ceste,Rogaška Slatina,0.7406282085909126,Rogaška Slatina,0.692675299063189,1,Huff and ML agree
10138558,Cmereška Gorca,Rogaška Slatina,0.16050062840227583,Podčetrtek,0.2248915527923332,0,Huff and ML disagree
10138566,Čača vas,Rogaška Slatina,0.5439613791392494,Rogaška Slatina,0.5070117865667207,1,Huff and ML agree
10138574,Črešnjevec ob Bistrici,Bistrica ob Sotli,0.114929741330084,Bistrica ob Sotli,0.128178766296771,1,Huff and ML agree
10138582,Dekmanca,Podčetrtek,0.07968093449644334,Podčetrtek,0.1037333572696218,1,Huff and ML agree
10138604,Dobležiče,Podčetrtek,0.1027599553524439,Podčetrtek,0.1307206180207229,1,Huff and ML agree
10138612,Dobovec pri Rogatcu,Rogaška Slatina,0.10151621802575293,Rogaška Slatina,0.1700171904533528,1,Huff and ML agree
10138639,Dol pri Pristavi,Rogaška Slatina,0.2347559501161924,Rogaška Slatina,0.1905430781662654,1,Huff and ML agree
10138647,Dol pri Šmarju,Šmarje pri Jelšah,0.2820809809590675,Šmarje pri Jelšah,0.420795155968641,1,Huff and ML agree
10138655,Donačka Gora,Rogaška Slatina,0.15948445087314161,Rogaška Slatina,0.1890907315701934,1,Huff and ML agree
10138663,Dragomilo,Šmarje pri Jelšah,0.29779083805231366,Šmarje pri Jelšah,0.4198020532414203,1,Huff and ML agree
10138671,Drensko Rebro,Kozje,0.10942155519648997,Kozje,0.1400971363728378,1,Huff and ML agree
10138680,Drevenik,Rogaška Slatina,0.25529783737077194,Rogaška Slatina,0.2867172332446536,1,Huff and ML agree
10138698,Dvor,Šmarje pri Jelšah,0.6881971047971633,Šmarje pri Jelšah,0.7481628720146708,1,Huff and ML agree
10138701,Gabrce,Rogaška Slatina,0.46504699972945057,Rogaška Slatina,0.4013442548330043,1,Huff and ML agree
10138710,Gabrovec pri Kostrivnici,Rogaška Slatina,0.3539570653168341,Rogaška Slatina,0.3431274992929041,1,Huff and ML agree
10138728,Gaj,Šmarje pri Jelšah,0.3495710491224078,Šmarje pri Jelšah,0.4946921384650801,1,Huff and ML agree
10138736,Globoko pri Šmarju,Šmarje pri Jelšah,0.5301726579601069,Šmarje pri Jelšah,0.7096496501445532,1,Huff and ML agree
10138744,Golobinjek ob Sotli,Podčetrtek,0.15641296076578448,Podčetrtek,0.3414743568220472,1,Huff and ML agree
10138752,Gorjane,Krško,0.14814895283108667,Krško,0.1773157397994484,1,Huff and ML agree
10138779,Gornja vas,Šentjur,0.29757871967052774,Šmarje pri Jelšah,0.3419264097883243,0,Huff and ML disagree
10138787,Gostinca,Podčetrtek,0.1174551810613962,Podčetrtek,0.1613588444364259,1,Huff and ML agree
10138795,Gradišče,Kozje,0.1354859002638713,Kozje,0.2278230846105348,1,Huff and ML agree
10138809,Gradiški Dol,Rogaška Slatina,0.5470459955051755,Rogaška Slatina,0.5503743001235196,1,Huff and ML agree
10138817,Grliče,Rogaška Slatina,0.25550302931461727,Šmarje pri Jelšah,0.2952779189510524,0,Huff and ML disagree
10138825,Grobelce,Šentjur,0.23017143670952142,Šentjur,0.1878971909519763,1,Huff and ML agree
10138833,Grobelno - del,Šentjur,0.5862617433221607,Šentjur,0.417201097824726,1,Huff and ML agree
10138841,Gubno,Kozje,0.0853805526672907,Kozje,0.0942897672575448,1,Huff and ML agree
10138850,Hajnsko,Rogaška Slatina,0.2878082364305824,Rogaška Slatina,0.2676681500890401,1,Huff and ML agree
10138868,Hrastje ob Bistrici,Bistrica ob Sotli,0.3558172607676534,Bistrica ob Sotli,0.2849631100652536,1,Huff and ML agree
10138876,Imeno,Podčetrtek,0.27703338467444155,Podčetrtek,0.495379163886209,1,Huff and ML agree
10138884,Imenska Gorca,Podčetrtek,0.17379524897822826,Podčetrtek,0.3989099705860409,1,Huff and ML agree
10138892,Irje,Rogaška Slatina,0.7023950040331749,Rogaška Slatina,0.6813648195878955,1,Huff and ML agree
10138906,Jazbina,Šmarje pri Jelšah,0.3543059662533927,Šmarje pri Jelšah,0.5294821081202714,1,Huff and ML agree
10138914,Jerčin,Rogaška Slatina,0.4696527748915782,Rogaška Slatina,0.4107661068804831,1,Huff and ML agree
10138922,Jerovska vas,Rogaška Slatina,0.16395003098976393,Šmarje pri Jelšah,0.1724550299725259,0,Huff and ML disagree
10138949,Ješovec pri Kozjem,Kozje,0.608668184080926,Kozje,0.7344913515749871,1,Huff and ML agree
10138957,Ješovec pri Šmarju,Šmarje pri Jelšah,0.5301726579601069,Šmarje pri Jelšah,0.72531446800145,1,Huff and ML agree
10138965,Kačji Dol,Rogaška Slatina,0.5056451978422718,Rogaška Slatina,0.4431233973330973,1,Huff and ML agree
10138973,Kamence,Rogaška Slatina,0.5725405948747736,Rogaška Slatina,0.5941296244357046,1,Huff and ML agree
10138981,Kamenik,Šmarje pri Jelšah,0.1868195446333739,Šmarje pri Jelšah,0.2671061587703869,1,Huff and ML agree
10138990,Kamna Gorca,Rogaška Slatina,0.5470459955051755,Rogaška Slatina,0.5184836877460419,1,Huff and ML agree
10139007,Klake,Kozje,0.13300866407854783,Kozje,0.1963479187395008,1,Huff and ML agree
10139015,Konuško,Šmarje pri Jelšah,0.1978735205482378,Šmarje pri Jelšah,0.2771306424732703,1,Huff and ML agree
10139023,Koretno,Šmarje pri Jelšah,0.19655740872511998,Šmarje pri Jelšah,0.2789509821861239,1,Huff and ML agree
10139031,Korpule,Šmarje pri Jelšah,0.7654694915544078,Šmarje pri Jelšah,0.8406687983310412,1,Huff and ML agree
10139040,Kozje,Kozje,0.9989633413659709,Kozje,1.0,1,Huff and ML agree
10139058,Kristan Vrh,Rogaška Slatina,0.44459500631300863,Rogaška Slatina,0.3544266202439063,1,Huff and ML agree
10139066,Križan Vrh,Bistrica ob Sotli,0.052179491084930384,Krško,0.0825109014072645,0,Huff and ML disagree
10139074,Krtince,Rogaška Slatina,0.3343810528020701,Rogaška Slatina,0.2913040240609806,1,Huff and ML agree
10139082,Kunšperk,Bistrica ob Sotli,0.16394558786776328,Bistrica ob Sotli,0.2229687425500437,1,Huff and ML agree
10139104,Lastnič,Podčetrtek,0.08569434881638666,Podčetrtek,0.1140673908287514,1,Huff and ML agree
10139112,Laše,Rogaška Slatina,0.28686725338473623,Šmarje pri Jelšah,0.2878935903798601,0,Huff and ML disagree
10139139,Lekmarje,Šmarje pri Jelšah,0.19538888307463473,Šmarje pri Jelšah,0.2882656979561184,1,Huff and ML agree
10139147,Lemberg pri Šmarju,Rogaška Slatina,0.1813986280276308,Šmarje pri Jelšah,0.2197048745199931,0,Huff and ML disagree
10139155,Lesično,Kozje,0.11133925987755805,Kozje,0.1406193860663889,1,Huff and ML agree
10139163,Lipovec,Šentjur,0.2498733706825158,Šentjur,0.2290656065570756,1,Huff and ML agree
10139171,Log,Rogaška Slatina,0.1055659483671331,Rogaška Slatina,0.1359560811938668,1,Huff and ML agree
10139180,Mala Pristava,Šmarje pri Jelšah,0.5301726579601069,Šmarje pri Jelšah,0.7094815157807272,1,Huff and ML agree
10139198,Male Rodne,Rogaška Slatina,0.6597629519684269,Rogaška Slatina,0.6390861838180559,1,Huff and ML agree
10139201,Mestinje,Rogaška Slatina,0.2530471258722213,Šmarje pri Jelšah,0.3025218452690733,0,Huff and ML disagree
10139210,Močle,Šmarje pri Jelšah,0.33857346031079943,Šmarje pri Jelšah,0.4658478173616165,1,Huff and ML agree
10139228,Nezbiše,Rogaška Slatina,0.3621245598938204,Rogaška Slatina,0.3409647117406206,1,Huff and ML agree
10139236,Nimno,Rogaška Slatina,0.33693642740152724,Rogaška Slatina,0.3856923809737624,1,Huff and ML agree
10139244,Nova vas pri Šmarju,Šmarje pri Jelšah,0.21779993923917554,Šmarje pri Jelšah,0.334220381495723,1,Huff and ML agree
10139252,Orehovec,Šmarje pri Jelšah,0.13818684047250906,Šmarje pri Jelšah,0.1959432797329629,1,Huff and ML agree
10139279,Ortnice,Kozje,0.11031314550909395,Kozje,0.1270223774977901,1,Huff and ML agree
10139287,Osredek pri Podsredi,Krško,0.15301822339410526,Krško,0.217136156053433,1,Huff and ML agree
10139295,Pecelj,Podčetrtek,0.13398926250658633,Podčetrtek,0.1705486398070752,1,Huff and ML agree
10139309,Pečica,Šmarje pri Jelšah,0.13338254380075842,Šmarje pri Jelšah,0.1516130015307609,1,Huff and ML agree
10139317,Pijovci,Šmarje pri Jelšah,0.3202183366732043,Šmarje pri Jelšah,0.4554595045800254,1,Huff and ML agree
10139325,Pilštanj,Kozje,0.14194281023480163,Kozje,0.2315092850580599,1,Huff and ML agree
10139333,Plat,Rogaška Slatina,0.5319614564447468,Rogaška Slatina,0.454202115599019,1,Huff and ML agree
10139341,Platinovec,Šentjur,0.3648961447577968,Šentjur,0.2602556669053559,1,Huff and ML agree
10139350,Ples,Bistrica ob Sotli,0.1152039637331037,Bistrica ob Sotli,0.1302041461267583,1,Huff and ML agree
10139368,Podčetrtek,Podčetrtek,0.9971170939630217,Podčetrtek,1.0,1,Huff and ML agree
10139376,Podplat,Rogaška Slatina,0.44335801417204285,Rogaška Slatina,0.3308084015461934,1,Huff and ML agree
10139384,Podsreda,Kozje,0.16390356365213044,Kozje,0.2724605067976404,1,Huff and ML agree
10139392,Podturn,Rogaška Slatina,0.3234598196414169,Rogaška Slatina,0.2975924042428378,1,Huff and ML agree
10139406,Poklek pri Podsredi,Krško,0.14814895283108667,Krško,0.1758705035670669,1,Huff and ML agree
10139414,Polje ob Sotli,Kozje,0.10973416219636006,Podčetrtek,0.1307951744509579,0,Huff and ML disagree
10139422,Polje pri Bistrici,Bistrica ob Sotli,0.4041024756340928,Bistrica ob Sotli,0.3709653199404422,1,Huff and ML agree
10139449,Polžanska Gorca,Šmarje pri Jelšah,0.13239855958195113,Šmarje pri Jelšah,0.151434072653298,1,Huff and ML agree
10139457,Polžanska vas,Šmarje pri Jelšah,0.14968061995046422,Šmarje pri Jelšah,0.1865795189813396,1,Huff and ML agree
10139465,Predel,Šmarje pri Jelšah,0.31846184246444786,Šmarje pri Jelšah,0.4445889418004319,1,Huff and ML agree
10139473,Predenca,Šmarje pri Jelšah,0.7826933504408611,Šmarje pri Jelšah,0.8890265146489572,1,Huff and ML agree
10139481,Prelasko,Podčetrtek,0.14170799605803613,Podčetrtek,0.2359336456281671,1,Huff and ML agree
10139490,Preloge pri Šmarju,Šmarje pri Jelšah,0.45862541482067337,Šmarje pri Jelšah,0.5725510076058261,1,Huff and ML agree
10139503,Pristava pri Lesičnem,Podčetrtek,0.10197256776114577,Podčetrtek,0.1210202640862708,1,Huff and ML agree
10139511,Pristava pri Mestinju,Rogaška Slatina,0.24572830189217626,Rogaška Slatina,0.2379864394663005,1,Huff and ML agree
10139520,Pristavica,Rogaška Slatina,0.671381406129917,Rogaška Slatina,0.6687384508424717,1,Huff and ML agree
10139538,Prnek,Rogaška Slatina,0.7448349903004948,Rogaška Slatina,0.83015215370459,1,Huff and ML agree
10139546,Pustike,Šmarje pri Jelšah,0.16877699812972136,Šmarje pri Jelšah,0.2479324658193111,1,Huff and ML agree
10139554,Rajnkovec,Rogaška Slatina,0.7563652217903224,Rogaška Slatina,0.7855137482999884,1,Huff and ML agree
10139562,Rakovec,Šmarje pri Jelšah,0.1815884683588048,Šmarje pri Jelšah,0.24384916296931,1,Huff and ML agree
10139589,Ratanska vas,Rogaška Slatina,0.7576353569218702,Rogaška Slatina,0.7870894332504527,1,Huff and ML agree
10139597,Rjavica,Rogaška Slatina,0.7428992559405344,Rogaška Slatina,0.6908479024681493,1,Huff and ML agree
10139619,Rogaška Slatina,Rogaška Slatina,0.9996393004512731,Rogaška Slatina,1.0,1,Huff and ML agree
10139627,Rogatec,Rogatec,0.9999325161630458,Rogatec,1.0,1,Huff and ML agree
10139635,Roginska Gorca,Podčetrtek,0.12942144830651645,Podčetrtek,0.2233273289257478,1,Huff and ML agree
10139643,Rudnica,Podčetrtek,0.08775308783297148,Podčetrtek,0.1149990679245377,1,Huff and ML agree
10139651,Sedlarjevo,Podčetrtek,0.11685705686681101,Podčetrtek,0.152413702958092,1,Huff and ML agree
10139660,Sela,Podčetrtek,0.1332905108816678,Podčetrtek,0.2597847776227009,1,Huff and ML agree
10139678,Senovica,Šmarje pri Jelšah,0.6874853172802912,Šmarje pri Jelšah,0.7222685075699897,1,Huff and ML agree
10139686,Sladka Gora,Šmarje pri Jelšah,0.16466124851979427,Šmarje pri Jelšah,0.2023984143160509,1,Huff and ML agree
10139708,Sodna vas,Podčetrtek,0.32958072166480945,Podčetrtek,0.4762312120369774,1,Huff and ML agree
10139716,Olimje,Podčetrtek,0.16441747366776024,Podčetrtek,0.3759626322848255,1,Huff and ML agree
10139724,Sotensko pri Šmarju,Šmarje pri Jelšah,0.48793644425502164,Šmarje pri Jelšah,0.6611040911962077,1,Huff and ML agree
10139732,Spodnja Kostrivnica,Rogaška Slatina,0.33490701620676433,Rogaška Slatina,0.293166351941594,1,Huff and ML agree
10139759,Spodnja Ponkvica,Šentjur,0.24103653279035156,Šmarje pri Jelšah,0.2810306330963277,0,Huff and ML disagree
10139767,Spodnje Mestinje,Rogaška Slatina,0.18008128884990135,Šmarje pri Jelšah,0.2120314432920508,0,Huff and ML disagree
10139775,Spodnje Negonje,Rogaška Slatina,0.7449525913925931,Rogaška Slatina,0.7386279266464412,1,Huff and ML agree
10139783,Spodnje Sečovo,Rogaška Slatina,0.7401469246767424,Rogaška Slatina,0.7224339273736259,1,Huff and ML agree
10139791,Spodnje Selce,Šentjur,0.3678519263990592,Šentjur,0.2555728975947626,1,Huff and ML agree
10139805,Spodnje Tinsko,Podčetrtek,0.11925037369821304,Šmarje pri Jelšah,0.1248505438631871,0,Huff and ML disagree
10139813,Spodnji Gabernik,Rogaška Slatina,0.23980656664931035,Rogaška Slatina,0.2064301303976124,1,Huff and ML agree
10139821,Srebrnik,Bistrica ob Sotli,0.1221011041717927,Bistrica ob Sotli,0.1328310246121968,1,Huff and ML agree
10139830,Sv. Florijan,Rogaška Slatina,0.43455393467183856,Rogaška Slatina,0.4075249988665368,1,Huff and ML agree
10139848,Stranje,Šmarje pri Jelšah,0.29779083805231366,Šmarje pri Jelšah,0.3806670781530293,1,Huff and ML agree
10139856,Strmec pri Sv. Florijanu,Rogaška Slatina,0.3234598196414169,Rogaška Slatina,0.3193257450114583,1,Huff and ML agree
10139864,Strtenica,Šmarje pri Jelšah,0.20017492139561896,Šmarje pri Jelšah,0.3027601189471924,1,Huff and ML agree
10139872,Sv. Ema,Rogaška Slatina,0.24650121611918496,Rogaška Slatina,0.2564640660948996,1,Huff and ML agree
10139899,Sv. Jurij,Rogaška Slatina,0.1668679293396825,Rogaška Slatina,0.1846460843599672,1,Huff and ML agree
10139902,Šentvid pri Grobelnem,Šentjur,0.3894310672536197,Šmarje pri Jelšah,0.2624147976322091,0,Huff and ML disagree
10139929,Šerovo,Šmarje pri Jelšah,0.26444460363616573,Šmarje pri Jelšah,0.3783166678249912,1,Huff and ML agree
10139937,Škofija,Šmarje pri Jelšah,0.18414104076338372,Šmarje pri Jelšah,0.2577260034526688,1,Huff and ML agree
10139945,Šmarje pri Jelšah,Šmarje pri Jelšah,0.9990638083959918,Šmarje pri Jelšah,1.0,1,Huff and ML agree
10139953,Tekačevo,Rogaška Slatina,0.7543578266097031,Rogaška Slatina,0.8019086375203607,1,Huff and ML agree
10139961,Tlake,Rogaška Slatina,0.22842353700326956,Rogaška Slatina,0.2204041619627898,1,Huff and ML agree
10139970,Topole,Rogaška Slatina,0.7388844277077693,Rogaška Slatina,0.8505515626933259,1,Huff and ML agree
10139988,Topolovec,Rogaška Slatina,0.19182253061855759,Rogaška Slatina,0.1621177159560957,1,Huff and ML agree
10139996,Topolovo,Kozje,0.08551452216789192,Kozje,0.0906499695701445,1,Huff and ML agree
10140005,Trebče,Bistrica ob Sotli,0.11306998047804857,Bistrica ob Sotli,0.1107390116245139,1,Huff and ML agree
10140013,Trlično,Rogaška Slatina,0.10518840981500217,Rogaška Slatina,0.1575540125847408,1,Huff and ML agree
10140021,Tržišče,Rogaška Slatina,0.7368110440475504,Rogaška Slatina,0.6803689888402252,1,Huff and ML agree
10140030,Tuncovec,Rogaška Slatina,0.7042759137228326,Rogaška Slatina,0.6580497556753092,1,Huff and ML agree
10140048,Velike Rodne,Rogaška Slatina,0.7441983460833365,Rogaška Slatina,0.7246691944833819,1,Huff and ML agree
10140056,Verače,Podčetrtek,0.13398926250658633,Podčetrtek,0.1688776963044556,1,Huff and ML agree
10140064,Vetrnik,Kozje,0.13701557025321706,Kozje,0.2031567833285574,1,Huff and ML agree
10140072,Vidovica,Rogaška Slatina,0.3252309677805026,Rogaška Slatina,0.3590121453037628,1,Huff and ML agree
10140099,Vinec,Rogaška Slatina,0.5694042211747834,Rogaška Slatina,0.6072634564586961,1,Huff and ML agree
10140102,Sveti Štefan,Šmarje pri Jelšah,0.16149650756422226,Šmarje pri Jelšah,0.2206737231519918,1,Huff and ML agree
10140129,Vinski Vrh pri Šmarju,Šmarje pri Jelšah,0.6989047783141443,Šmarje pri Jelšah,0.8037693431468319,1,Huff and ML agree
10140137,Virštanj,Podčetrtek,0.13270281427275232,Podčetrtek,0.2514201938829509,1,Huff and ML agree
10140145,Vodenovo,Šmarje pri Jelšah,0.31846184246444786,Šmarje pri Jelšah,0.4552320433055129,1,Huff and ML agree
10140153,Vojsko,Krško,0.19133618063971178,Krško,0.2082183858362546,1,Huff and ML agree
10140161,Vonarje,Rogaška Slatina,0.24150314195615089,Podčetrtek,0.2532755493963105,0,Huff and ML disagree
10140170,Vrenska Gorca,Kozje,0.15065978457286316,Kozje,0.2333438890486512,1,Huff and ML agree
10140188,Vrh,Šmarje pri Jelšah,0.3495443750496037,Šmarje pri Jelšah,0.4889055202404,1,Huff and ML agree
10140196,Vršna vas,Šmarje pri Jelšah,0.16650594999258797,Šmarje pri Jelšah,0.2542465209276313,1,Huff and ML agree
10140200,Zadrže,Šmarje pri Jelšah,0.7826933504408611,Šmarje pri Jelšah,0.8823424723552209,1,Huff and ML agree
10140218,Zagaj,Bistrica ob Sotli,0.4695685921079457,Bistrica ob Sotli,0.4118464892333198,1,Huff and ML agree
10140226,Zagaj pod Bočem,Rogaška Slatina,0.5762181362574812,Rogaška Slatina,0.5889839601594039,1,Huff and ML agree
10140234,Zagorje,Kozje,0.0858254097366159,Kozje,0.0989143809274431,1,Huff and ML agree
10140242,Zastranje,Šmarje pri Jelšah,0.6912144212447126,Šmarje pri Jelšah,0.7734179150333039,1,Huff and ML agree
10140269,Završe pri Grobelnem,Šentjur,0.4915944209097264,Šentjur,0.3187753550652628,1,Huff and ML agree
10140277,Zdole,Kozje,0.33846675340717675,Kozje,0.4493781372748293,1,Huff and ML agree
10140285,Zeče pri Bučah,Kozje,0.1865432834875766,Kozje,0.281503128119355,1,Huff and ML agree
10140293,Zgornja Kostrivnica,Rogaška Slatina,0.43797794465402917,Rogaška Slatina,0.3686319810263842,1,Huff and ML agree
10140307,Zgornje Negonje,Rogaška Slatina,0.25519257255922756,Rogaška Slatina,0.3480749812512813,1,Huff and ML agree
10140315,Zgornje Sečovo,Rogaška Slatina,0.5577879150204444,Rogaška Slatina,0.5789208658271274,1,Huff and ML agree
10140323,Zgornje Tinsko,Šentjur,0.11207281524576856,Šmarje pri Jelšah,0.1266833502736868,0,Huff and ML disagree
10140331,Zgornji Gabernik,Rogaška Slatina,0.24650121611918496,Rogaška Slatina,0.2442349000568337,1,Huff and ML agree
10140340,Zibika,Šmarje pri Jelšah,0.13269429604946556,Šmarje pri Jelšah,0.1754956801282785,1,Huff and ML agree
10140358,Zibiška vas,Šmarje pri Jelšah,0.13508557130762328,Šmarje pri Jelšah,0.1742599586393639,1,Huff and ML agree
10140366,Žahenberc,Rogaška Slatina,0.16019460555950168,Rogatec,0.1790189720447453,0,Huff and ML disagree
10140374,Avsa,Kobarid,0.0981745136210789,Kobarid,0.3466882829926597,1,Huff and ML agree
10140382,Bača pri Modreju,Tolmin,0.4917379477983657,Tolmin,0.58481332384003,1,Huff and ML agree
10140404,Bača pri Podbrdu,Ljubljana,0.024020753806653715,Ljubljana,0.1676270934267977,1,Huff and ML agree
10140412,Bavšica,Bovec,0.38737300871611047,Bovec,0.5883934156497933,1,Huff and ML agree
10140439,Borjana,Kobarid,0.1065747819975862,Kobarid,0.4039763840475332,1,Huff and ML agree
10140447,Bovec,Bovec,0.9950611203829632,Bovec,1.0,1,Huff and ML agree
10140455,Breginj,Kobarid,0.043146058164461286,Kobarid,0.2138027286210377,1,Huff and ML agree
10140463,Bukovski Vrh,Tolmin,0.03313530990789928,Ljubljana,0.1283511861646011,0,Huff and ML disagree
10140471,Čadrg,Tolmin,0.33711081680748545,Tolmin,0.5981502931570428,1,Huff and ML agree
10140480,Čezsoča,Bovec,0.6704090825758168,Bovec,0.8176247757036906,1,Huff and ML agree
10140498,Čiginj,Tolmin,0.5946078112310731,Tolmin,0.7116456744304658,1,Huff and ML agree
10140501,Daber,Tolmin,0.032845439672752316,Tolmin,0.1528726901313337,1,Huff and ML agree
10140510,Dolenja Trebuša,Tolmin,0.06406191366151663,Tolmin,0.1912675177277677,1,Huff and ML agree
10140528,Dolgi Laz,Tolmin,0.08386052069871214,Tolmin,0.2548770590326678,1,Huff and ML agree
10140536,Dolje,Tolmin,0.8069122046136602,Tolmin,0.9181050452128572,1,Huff and ML agree
10140544,Drežnica,Kobarid,0.17859085466559282,Kobarid,0.5197355961540702,1,Huff and ML agree
10140552,Drežniške Ravne,Kobarid,0.11748762180730901,Kobarid,0.4052447653348557,1,Huff and ML agree
10140579,Drobočnik,Tolmin,0.3505914260750279,Tolmin,0.5451026108752748,1,Huff and ML agree
10140587,Gabrje,Tolmin,0.674678977825483,Tolmin,0.8314983604793524,1,Huff and ML agree
10140595,Gorenja Trebuša,Nova Gorica,0.03215115885455773,Ljubljana,0.1289011376209295,0,Huff and ML disagree
10140609,Gorenji Log,Tolmin,0.24218229872151462,Tolmin,0.4588813830822737,1,Huff and ML agree
10140617,Gorski Vrh,Tolmin,0.037561364318301864,Tolmin,0.1488839382499677,1,Huff and ML agree
10140625,Grahovo ob Bači,Tolmin,0.07468575535370726,Tolmin,0.2223976649641761,1,Huff and ML agree
10140633,Grant,Tolmin,0.028086261614005757,Ljubljana,0.135912887127004,0,Huff and ML disagree
10140641,Grudnica,Nova Gorica,0.05216306144273098,Nova Gorica,0.1654047748269126,1,Huff and ML agree
10140650,Homec,Kobarid,0.05881156299288777,Kobarid,0.284679316621394,1,Huff and ML agree
10140668,Hudajužna,Tolmin,0.033867625660315426,Ljubljana,0.1374832459599688,0,Huff and ML disagree
10140676,Idrija pri Bači,Tolmin,0.33580578867741606,Tolmin,0.501798031468105,1,Huff and ML agree
10140684,Idrsko,Kobarid,0.5298350685166782,Kobarid,0.8353982760198554,1,Huff and ML agree
10140692,Jevšček,Kobarid,0.07119790491598861,Kobarid,0.2903601173232443,1,Huff and ML agree
10140706,Jezerca,Kobarid,0.11920333189867438,Kobarid,0.4061655689810384,1,Huff and ML agree
10140714,Kal,Tolmin,0.019853699481783872,Ljubljana,0.1521457696347224,0,Huff and ML disagree
10140722,Kal-Koritnica,Bovec,0.7334162470776843,Bovec,0.8688238770084111,1,Huff and ML agree
10140749,Kamno,Tolmin,0.2563830865973452,Tolmin,0.3930175171349681,1,Huff and ML agree
10140757,Kanalski Lom,Tolmin,0.10679655099787412,Tolmin,0.3145410492351521,1,Huff and ML agree
10140765,Klavže,Tolmin,0.19118488277689397,Tolmin,0.3947852716009707,1,Huff and ML agree
10140773,Kneške Ravne,Tolmin,0.032375849517473694,Tolmin,0.1704458426331389,1,Huff and ML agree
10140781,Kneža,Tolmin,0.15410808548559682,Tolmin,0.3555152789668966,1,Huff and ML agree
10140790,Kobarid,Kobarid,0.9949170847816481,Kobarid,1.0,1,Huff and ML agree
10140803,Koritnica,Tolmin,0.059584488056107866,Tolmin,0.1904809892842882,1,Huff and ML agree
10140811,Koseč,Kobarid,0.12989960296009037,Kobarid,0.4317755811639806,1,Huff and ML agree
10140820,Kozaršče,Tolmin,0.5478108261119174,Tolmin,0.656932193612046,1,Huff and ML agree
10140838,Kozmerice,Tolmin,0.5232505487326514,Tolmin,0.6246873603488089,1,Huff and ML agree
10140846,Kred,Kobarid,0.19087048240982582,Kobarid,0.5676401450494779,1,Huff and ML agree
10140854,Krn,Tolmin,0.05904569023660252,Tolmin,0.2269240929516161,1,Huff and ML agree
10140862,Kuk,Tolmin,0.02724680741142714,Ljubljana,0.1528288409048343,0,Huff and ML disagree
10140889,Ladra,Kobarid,0.41666677693837106,Kobarid,0.7526479391997315,1,Huff and ML agree
10140897,Lepena,Bovec,0.06524474484748988,Bovec,0.3197168139271565,1,Huff and ML agree
10140919,Libušnje,Kobarid,0.18649608977959445,Kobarid,0.4759240816419199,1,Huff and ML agree
10140927,Lisec,Tolmin,0.07534174169259042,Tolmin,0.2553996896872437,1,Huff and ML agree
10140935,Livek,Kobarid,0.13598291029656553,Kobarid,0.4186471102629933,1,Huff and ML agree
10140943,Livške Ravne,Kobarid,0.06079203628802801,Kobarid,0.2144107648092598,1,Huff and ML agree
10140951,Ljubinj,Tolmin,0.5822502241801963,Tolmin,0.713804798559862,1,Huff and ML agree
10140960,Log Čezsoški,Bovec,0.5254120057677637,Bovec,0.6266393607226145,1,Huff and ML agree
10140978,Log pod Mangartom,Bovec,0.22453513060934532,Bovec,0.4856960127932686,1,Huff and ML agree
10140986,Logaršče,Tolmin,0.1042977792713874,Tolmin,0.2996875243584956,1,Huff and ML agree
10140994,Logje,Kobarid,0.031320342047363454,Kobarid,0.1724910663541859,1,Huff and ML agree
10141001,Loje,Tolmin,0.08541475164980987,Tolmin,0.2814778924794254,1,Huff and ML agree
10141010,Magozd,Kobarid,0.10224101326403452,Kobarid,0.384143649264858,1,Huff and ML agree
10141028,Mlinsko,Kobarid,0.7916792941023019,Kobarid,0.937106021069892,1,Huff and ML agree
10141036,Modrej,Tolmin,0.6252117401320074,Tolmin,0.7609747388903427,1,Huff and ML agree
10141044,Modrejce,Tolmin,0.4914902605380558,Tolmin,0.5864966820043941,1,Huff and ML agree
10141052,Most na Soči,Tolmin,0.552713232518069,Tolmin,0.66313202325189,1,Huff and ML agree
10141079,Obloke,Tolmin,0.03286096504305878,Ljubljana,0.1369850743625075,0,Huff and ML disagree
10141087,Pečine,Tolmin,0.06179394155022151,Tolmin,0.2154013725206943,1,Huff and ML agree
10141095,Petrovo Brdo,Bohinj,0.059986286605910315,Ljubljana,0.1721509325526121,0,Huff and ML disagree
10141109,Plužna,Bovec,0.7911172127559238,Bovec,0.8966289882081577,1,Huff and ML agree
10141117,Podbela,Kobarid,0.06595011136159218,Kobarid,0.3049986934511363,1,Huff and ML agree
10141125,Podbrdo,Bohinj,0.03583980071898224,Ljubljana,0.1649768239172131,0,Huff and ML disagree
10141133,Podmelec,Tolmin,0.24151600438113166,Tolmin,0.4328513137265596,1,Huff and ML agree
10141141,Polje,Tolmin,0.044877926199002036,Tolmin,0.1744505033179936,1,Huff and ML agree
10141150,Poljubinj,Tolmin,0.7892440209948071,Tolmin,0.8904535524923757,1,Huff and ML agree
10141168,Ponikve,Tolmin,0.0941141145881789,Tolmin,0.2885402452669039,1,Huff and ML agree
10141176,Porezen,Ljubljana,0.020158866398041268,Ljubljana,0.1723356481604575,1,Huff and ML agree
10141184,Postaja,Tolmin,0.3441706479494937,Tolmin,0.5165782570026294,1,Huff and ML agree
10141192,Potoki,Kobarid,0.17161517956819566,Kobarid,0.5218434162376163,1,Huff and ML agree
10141206,Prapetno,Tolmin,0.7052451466114892,Tolmin,0.8438692091214187,1,Huff and ML agree
10141214,Prapetno Brdo,Tolmin,0.059680016390443,Tolmin,0.2039813131767339,1,Huff and ML agree
10141222,Robič,Kobarid,0.20664954677596137,Kobarid,0.6060620493770171,1,Huff and ML agree
10141249,Robidišče,Kobarid,0.031396602227549704,Kobarid,0.1713446029989926,1,Huff and ML agree
10141257,Roče,Tolmin,0.10891890258042947,Tolmin,0.3034483132539883,1,Huff and ML agree
10141265,Rut,Tolmin,0.030491723826775893,Ljubljana,0.1333760889016509,0,Huff and ML disagree
10141273,Sedlo,Kobarid,0.05789385036943021,Kobarid,0.253348305787313,1,Huff and ML agree
10141281,Sela nad Podmelcem,Tolmin,0.13065420453996432,Tolmin,0.3969107684274847,1,Huff and ML agree
10141290,Sela pri Volčah,Tolmin,0.3269931140846667,Tolmin,0.4838698286636861,1,Huff and ML agree
10141303,Selce,Tolmin,0.1447808391779405,Tolmin,0.3453221647558478,1,Huff and ML agree
10141311,Selišče,Tolmin,0.3887307474093108,Tolmin,0.5332476787725531,1,Huff and ML agree
10141320,Slap ob Idrijci,Tolmin,0.16829810664892306,Tolmin,0.3523958208854442,1,Huff and ML agree
10141338,Smast,Kobarid,0.2901129211808928,Kobarid,0.6147890339097744,1,Huff and ML agree
10141346,Soča,Bovec,0.1661034762008454,Bovec,0.3896077384316398,1,Huff and ML agree
10141354,Srpenica,Bovec,0.2545421338047138,Bovec,0.3522753238012144,1,Huff and ML agree
10141362,Stanovišče,Kobarid,0.06315097737478154,Kobarid,0.29639777800933,1,Huff and ML agree
10141389,Staro selo,Kobarid,0.3232412591558955,Kobarid,0.7178648387528755,1,Huff and ML agree
10141397,Stopnik,Tolmin,0.04281012625781324,Tolmin,0.1306843084793666,1,Huff and ML agree
10141419,Strmec na Predelu,Bovec,0.07507372780934117,Bovec,0.3649137733522157,1,Huff and ML agree
10141427,Stržišče,Tolmin,0.0254681807907069,Ljubljana,0.1499408204723083,0,Huff and ML disagree
10141435,Sužid,Kobarid,0.49273999920607536,Kobarid,0.8248871668050569,1,Huff and ML agree
10141443,Svino,Kobarid,0.6158875973110607,Kobarid,0.9108680318173928,1,Huff and ML agree
10141451,Šentviška Gora,Tolmin,0.04324083053853133,Tolmin,0.1656435181988783,1,Huff and ML agree
10141460,Temljine,Tolmin,0.0849398009843114,Tolmin,0.2637293701885524,1,Huff and ML agree
10141478,Tolmin,Tolmin,0.9949883552077777,Tolmin,1.0,1,Huff and ML agree
10141486,Tolminske Ravne,Tolmin,0.10496655113782422,Tolmin,0.383443869245001,1,Huff and ML agree
10141494,Tolminski Lom,Tolmin,0.19089645693487614,Tolmin,0.4036199455616009,1,Huff and ML agree
10141508,Trenta,Bovec,0.02312149155544917,Bovec,0.1582244865255331,1,Huff and ML agree
10141516,Trnovo ob Soči,Kobarid,0.17903994631010522,Kobarid,0.4782018478762627,1,Huff and ML agree
10141524,Trtnik,Bohinj,0.03376514951180584,Ljubljana,0.1656910555491922,0,Huff and ML disagree
10141532,Volarje,Tolmin,0.529253355040521,Tolmin,0.6360311845140801,1,Huff and ML agree
10141559,Volčanski Ruti,Tolmin,0.17952692998984482,Tolmin,0.3662797815593401,1,Huff and ML agree
10141567,Volče,Tolmin,0.6691370274371269,Tolmin,0.8107308411482647,1,Huff and ML agree
10141575,Vrsno,Kobarid,0.11792369114968841,Kobarid,0.3086382852749675,1,Huff and ML agree
10141583,Zadlaz-Čadrg,Tolmin,0.6071499299010086,Tolmin,0.7789154969237053,1,Huff and ML agree
10141591,Zadlaz-Žabče,Tolmin,0.582803245485378,Tolmin,0.7455114981332178,1,Huff and ML agree
10141605,Zakraj,Tolmin,0.03646085669450883,Tolmin,0.1587521606759304,1,Huff and ML agree
10141613,Zatolmin,Tolmin,0.8393073782727558,Tolmin,0.9529786560503222,1,Huff and ML agree
10141621,Znojile,Tolmin,0.028387369524833703,Ljubljana,0.1486899132616402,0,Huff and ML disagree
10141630,Žabče,Tolmin,0.8340948250583238,Tolmin,0.9422002367366048,1,Huff and ML agree
10141648,Žaga,Bovec,0.3027949178019504,Bovec,0.424321544806985,1,Huff and ML agree
10141656,Čebine,Zagorje ob Savi,0.24456780858584615,Trbovlje,0.2382655402117892,0,Huff and ML disagree
10141664,Čeče - del,Trbovlje,0.44011114441203397,Trbovlje,0.4272572227883924,1,Huff and ML agree
10141672,Dobovec,Trbovlje,0.2053893410263366,Trbovlje,0.2844901485003432,1,Huff and ML agree
10141699,Gabrsko,Trbovlje,0.6015413741974401,Trbovlje,0.63802840137905,1,Huff and ML agree
10141702,Ključevica,Trbovlje,0.11772735119112665,Trbovlje,0.1350066107729633,1,Huff and ML agree
10141729,Knezdol,Trbovlje,0.23922336716052947,Trbovlje,0.2743179128184239,1,Huff and ML agree
10141737,Ojstro,Trbovlje,0.7338496418129435,Trbovlje,0.832326138388665,1,Huff and ML agree
10141745,Ostenk,Trbovlje,0.5189820112367386,Trbovlje,0.4813656713393442,1,Huff and ML agree
10141753,Sveta Planina,Trbovlje,0.30992227954842017,Trbovlje,0.2836853705238854,1,Huff and ML agree
10141761,Planinska vas,Trbovlje,0.306988513970352,Trbovlje,0.3938431730294072,1,Huff and ML agree
10141770,Prapreče - del,Zagorje ob Savi,0.44397088818120556,Trbovlje,0.3262915819981156,0,Huff and ML disagree
10141796,Škofja Riža,Trbovlje,0.20609159728213455,Trbovlje,0.2885164118714115,1,Huff and ML agree
10141800,Trbovlje,Trbovlje,0.9996713343505084,Trbovlje,1.0,1,Huff and ML agree
10141818,Vrhe - del,Trbovlje,0.1447812864933986,Trbovlje,0.1312763679727072,1,Huff and ML agree
10141826,Završje,Trbovlje,0.1425981484003159,Trbovlje,0.1903545431257986,1,Huff and ML agree
10141834,Župa,Trbovlje,0.1657673512584259,Trbovlje,0.2031790110705491,1,Huff and ML agree
10141842,Arčelca,Žužemberk,0.16020393172829542,Ljubljana,0.1565549408045645,0,Huff and ML disagree
10141869,Artmanja vas,Trebnje,0.3823545089479191,Trebnje,0.3006033327099943,1,Huff and ML agree
10141877,Babna Gora,Trebnje,0.2552390918906846,Trebnje,0.1856144813853125,1,Huff and ML agree
10141885,Beli Grič,Mokronog-Trebelno,0.2807524709739,Mokronog-Trebelno,0.3611828725509728,1,Huff and ML agree
10141893,Belšinja vas,Trebnje,0.6623527477375482,Trebnje,0.6383488284012333,1,Huff and ML agree
10141907,Benečija,Trebnje,0.7799670295705806,Trebnje,0.7772434238072705,1,Huff and ML agree
10141915,Bič,Ivančna Gorica,0.2747468345143834,Ivančna Gorica,0.2643326231705804,1,Huff and ML agree
10141923,Bistrica,Šentrupert,0.23366189478775495,Šentrupert,0.2117056695731914,1,Huff and ML agree
10141931,Bitnja vas,Novo mesto,0.1955262276220247,Novo mesto,0.1831902744991618,1,Huff and ML agree
10141940,Blato,Trebnje,0.6937295201317774,Trebnje,0.6942617986372798,1,Huff and ML agree
10141958,Bogneča vas,Novo mesto,0.16801259344102562,Novo mesto,0.1681330980495971,1,Huff and ML agree
10141966,Breza,Trebnje,0.6779934320382955,Trebnje,0.6543165355859989,1,Huff and ML agree
10141974,Brezje pri Trebelnem,Novo mesto,0.20116541055457277,Novo mesto,0.267295544606579,1,Huff and ML agree
10141982,Brezovica pri Mirni,Trebnje,0.4592183080317593,Trebnje,0.3474116308141251,1,Huff and ML agree
10142008,Brezovica pri Trebelnem,Mokronog-Trebelno,0.2534718424968285,Mokronog-Trebelno,0.2509374317243049,1,Huff and ML agree
10142016,Brinje,Šentrupert,0.6394571324082182,Šentrupert,0.6647606327363037,1,Huff and ML agree
10142024,Bruna vas,Mokronog-Trebelno,0.4203593834217337,Mokronog-Trebelno,0.4729390749512949,1,Huff and ML agree
10142032,Cerovec pri Trebelnem,Novo mesto,0.19705911938052847,Novo mesto,0.1847265613593138,1,Huff and ML agree
10142059,Cesta,Ivančna Gorica,0.25741748734913594,Ivančna Gorica,0.2457030061919067,1,Huff and ML agree
10142067,Cikava,Novo mesto,0.14049213625876178,Novo mesto,0.1359787001556161,1,Huff and ML agree
10142075,Cirnik,Trebnje,0.10834745934871039,Ljubljana,0.1164127583372056,0,Huff and ML disagree
10142083,Čatež,Trebnje,0.21275083330522687,Trebnje,0.1784896775413216,1,Huff and ML agree
10142091,Češnjevek,Trebnje,0.46532367860056245,Trebnje,0.4109659956474568,1,Huff and ML agree
10142105,Češnjice pri Trebelnem,Novo mesto,0.19324243596299712,Novo mesto,0.1910617722294249,1,Huff and ML agree
10142113,Čilpah,Novo mesto,0.1885094329630882,Novo mesto,0.1716535188775394,1,Huff and ML agree
10142121,Čužnja vas,Novo mesto,0.12603663482433297,Novo mesto,0.1196320217190865,1,Huff and ML agree
10142130,Debenec,Trebnje,0.18834186126891203,Trebnje,0.1436618471900562,1,Huff and ML agree
10142148,Dečja vas,Trebnje,0.40502568287258633,Trebnje,0.3036421257658118,1,Huff and ML agree
10142156,Dobrava,Trebnje,0.2758155868555175,Trebnje,0.1981452084810216,1,Huff and ML agree
10142164,Dobravica pri Vel. Gabru,Ivančna Gorica,0.3100179029952621,Ivančna Gorica,0.2880140286531152,1,Huff and ML agree
10142172,Dobrnič,Trebnje,0.4561705722822987,Trebnje,0.3729400894012551,1,Huff and ML agree
10142199,Dol pri Trebnjem,Trebnje,0.5418221659010095,Trebnje,0.5300873711737211,1,Huff and ML agree
10142202,Dolenja Dobrava,Trebnje,0.4427000016371443,Trebnje,0.3316934824977663,1,Huff and ML agree
10142229,Dolenja Nemška vas,Trebnje,0.6953453506634775,Trebnje,0.6928254406100499,1,Huff and ML agree
10142237,Dolenja vas pri Čatežu,Trebnje,0.25637834937982157,Trebnje,0.2135807651629931,1,Huff and ML agree
10142245,Dolenje Jesenice,Mokronog-Trebelno,0.21329708289861307,Mokronog-Trebelno,0.1684216401547254,1,Huff and ML agree
10142253,Dolenje Kamenje pri Dobrniču,Trebnje,0.276420931265158,Trebnje,0.2316799405887886,1,Huff and ML agree
10142261,Dolenje Laknice,Novo mesto,0.12812521182482084,Novo mesto,0.1074034464535721,1,Huff and ML agree
10142270,Dolenje Medvedje selo,Trebnje,0.8191557680543697,Trebnje,0.8616282502826893,1,Huff and ML agree
10142288,Dolenje Ponikve,Trebnje,0.5418221659010095,Trebnje,0.5182193160779184,1,Huff and ML agree
10142296,Dolenje Selce,Trebnje,0.2992567883487005,Trebnje,0.2566315237036794,1,Huff and ML agree
10142300,Dolenje Zabukovje,Novo mesto,0.15198800510345278,Novo mesto,0.1280718735126044,1,Huff and ML agree
10142318,Dolenji Podboršt pri Treb.,Trebnje,0.7093487178753322,Trebnje,0.7078813021429095,1,Huff and ML agree
10142326,Dolenji Podšumberk,Trebnje,0.13230825578388686,Ljubljana,0.1627929538034301,0,Huff and ML disagree
10142334,Dolenji Vrh,Trebnje,0.4250192667918373,Trebnje,0.3394902908778591,1,Huff and ML agree
10142342,Dolga Njiva pri Šentlovren.,Trebnje,0.22895968397538394,Trebnje,0.1805498318835208,1,Huff and ML agree
10142369,Dolnje Prapreče,Trebnje,0.25711145978348265,Trebnje,0.1950293909289233,1,Huff and ML agree
10142377,Draga pri Šentrupertu,Šentrupert,0.4766293550694425,Šentrupert,0.4998977655498143,1,Huff and ML agree
10142385,Drečji Vrh,Novo mesto,0.11340648755611304,Novo mesto,0.1050040439570103,1,Huff and ML agree
10142393,Glinek,Trebnje,0.1922354218115943,Trebnje,0.1325296125449092,1,Huff and ML agree
10142407,Goljek,Trebnje,0.3823545089479191,Trebnje,0.3106714869831457,1,Huff and ML agree
10142415,Gombišče,Trebnje,0.15424839227779813,Ljubljana,0.1663086196366947,0,Huff and ML disagree
10142423,Gomila,Trebnje,0.45621951949203,Trebnje,0.3454612950209446,1,Huff and ML agree
10142431,Gorenja Dobrava,Trebnje,0.5198602819289824,Trebnje,0.5070562575719925,1,Huff and ML agree
10142440,Gorenja Nemška vas,Trebnje,0.6950220563176877,Trebnje,0.6939565862810039,1,Huff and ML agree
10142458,Gorenja vas,Trebnje,0.46176059667049885,Trebnje,0.4128129052723607,1,Huff and ML agree
10142466,Gorenja vas pri Čatežu,Trebnje,0.2576068855979166,Trebnje,0.2189490024550064,1,Huff and ML agree
10142474,Gorenja vas pri Mirni,Trebnje,0.29903588592494,Trebnje,0.2329836597066413,1,Huff and ML agree
10142482,Gorenja vas pri Mokronogu,Mokronog-Trebelno,0.2743720233714344,Mokronog-Trebelno,0.2647015273930963,1,Huff and ML agree
10142504,Gorenje Jesenice,Mokronog-Trebelno,0.19355650120833204,Mokronog-Trebelno,0.1432535821989536,1,Huff and ML agree
10142512,Gorenje Kamenje pri Dobrniču,Trebnje,0.2916326149650269,Trebnje,0.2492715720595898,1,Huff and ML agree
10142539,Gorenje Laknice,Mokronog-Trebelno,0.27670176425355886,Mokronog-Trebelno,0.3727045550953402,1,Huff and ML agree
10142547,Gorenje Medvedje selo,Trebnje,0.7989218625042579,Trebnje,0.8025540423444976,1,Huff and ML agree
10142555,Gorenje Ponikve,Trebnje,0.5708272356554805,Trebnje,0.5655536196249041,1,Huff and ML agree
10142563,Gorenje Selce,Trebnje,0.3550124768051667,Trebnje,0.2657478926307488,1,Huff and ML agree
10142571,Gorenje Zabukovje,Trebnje,0.15432235941674444,Trebnje,0.1274864515467941,1,Huff and ML agree
10142580,Gorenji Mokronog,Mokronog-Trebelno,0.24725883308559166,Mokronog-Trebelno,0.2424424384996437,1,Huff and ML agree
10142598,Gorenji Podboršt pri V. Loki,Trebnje,0.4379429191333874,Trebnje,0.3509158287448303,1,Huff and ML agree
10142601,Gorenji Podšumberk,Trebnje,0.11789021694153781,Ljubljana,0.1658844395284349,0,Huff and ML disagree
10142610,Gorenji Vrh pri Dobrniču,Trebnje,0.45902020674238786,Trebnje,0.3790857875317234,1,Huff and ML agree
10142628,Gornje Prapreče,Trebnje,0.21077153619557806,Ljubljana,0.1585358364448623,0,Huff and ML disagree
10142636,Gradišče pri Trebnjem,Trebnje,0.37991778422835204,Trebnje,0.2908997053441213,1,Huff and ML agree
10142644,Grič pri Trebnjem,Trebnje,0.5543279032045814,Trebnje,0.55503675054449,1,Huff and ML agree
10142652,Grm,Trebnje,0.5053313507937751,Trebnje,0.4827600888797923,1,Huff and ML agree
10142679,Grmada,Trebnje,0.6937295201317774,Trebnje,0.6853519351246652,1,Huff and ML agree
10142687,Hom,Šentrupert,0.2323178748034524,Šentrupert,0.3057107090571844,1,Huff and ML agree
10142695,Hrastno,Šentrupert,0.15981869118069095,Šentrupert,0.1542888499786743,1,Huff and ML agree
10142709,Hrastovica,Mokronog-Trebelno,0.19530669181974938,Mokronog-Trebelno,0.1546231975194687,1,Huff and ML agree
10142717,Hudeje,Trebnje,0.47803109096804697,Trebnje,0.4815931571189762,1,Huff and ML agree
10142725,Iglenik pri Veliki Loki,Trebnje,0.4789641584456759,Trebnje,0.4901399462473074,1,Huff and ML agree
10142733,Jelševec,Novo mesto,0.14339888724593142,Novo mesto,0.1321305049595984,1,Huff and ML agree
10142741,Jezero,Trebnje,0.45621951949203,Trebnje,0.378533326651833,1,Huff and ML agree
10142750,Kamni Potok,Trebnje,0.558416192095179,Trebnje,0.5730552679719008,1,Huff and ML agree
10142768,Kamnje,Šentrupert,0.6394571324082182,Šentrupert,0.6986463334196698,1,Huff and ML agree
10142776,Knežja vas,Trebnje,0.38670620392048655,Trebnje,0.3062335269199507,1,Huff and ML agree
10142784,Korenitka,Trebnje,0.44109493155291607,Trebnje,0.3314993144864261,1,Huff and ML agree
10142792,Korita,Trebnje,0.29468462065036766,Trebnje,0.251617032130643,1,Huff and ML agree
10142806,Kriška Reber,Trebnje,0.45307750155537213,Trebnje,0.372369281300103,1,Huff and ML agree
10142814,Križ,Trebnje,0.45307750155537213,Trebnje,0.3730231514784842,1,Huff and ML agree
10142822,Križni Vrh,Mokronog-Trebelno,0.21858394190480193,Mokronog-Trebelno,0.2020349816493762,1,Huff and ML agree
10142849,Krtina,Trebnje,0.3829829066096601,Trebnje,0.2926276578273303,1,Huff and ML agree
10142857,Krušni Vrh,Trebnje,0.2949945722565222,Trebnje,0.2613166287218235,1,Huff and ML agree
10142865,Kukenberk,Trebnje,0.3720663891522621,Trebnje,0.2646798036280363,1,Huff and ML agree
10142873,Lipnik,Trebnje,0.3788350854460003,Trebnje,0.2841491931920626,1,Huff and ML agree
10142881,Lisec,Trebnje,0.19189928112125224,Žužemberk,0.2190169828809652,0,Huff and ML disagree
10142890,Log,Mokronog-Trebelno,0.21858394190480193,Mokronog-Trebelno,0.1839095504451028,1,Huff and ML agree
10142903,Log pri Žužemberku,Žužemberk,0.156014302535387,Ljubljana,0.15743692955146,0,Huff and ML disagree
10142911,Lokve pri Dobrniču,Trebnje,0.43922151917564345,Trebnje,0.3467159344409374,1,Huff and ML agree
10142920,Lukovek,Trebnje,0.4584602835782013,Trebnje,0.3629151428045874,1,Huff and ML agree
10142938,Luža,Trebnje,0.4619929641561688,Trebnje,0.4029533952070936,1,Huff and ML agree
10142946,Mačji Dol,Trebnje,0.21351532219320934,Trebnje,0.165939985799946,1,Huff and ML agree
10142954,Mačkovec,Trebnje,0.2875454849671547,Trebnje,0.2415598880707592,1,Huff and ML agree
10142962,Mala Loka,Trebnje,0.3809252817444459,Trebnje,0.2894877403595678,1,Huff and ML agree
10142989,Mala Ševnica,Trebnje,0.47803109096804697,Trebnje,0.4865987000427561,1,Huff and ML agree
10142997,Male Dole pri Stehanji vasi,Trebnje,0.1728922497455556,Ljubljana,0.1652306381333281,0,Huff and ML disagree
10143004,Mali Gaber,Ivančna Gorica,0.225014722649385,Ivančna Gorica,0.1997554283266986,1,Huff and ML agree
10143012,Mali Videm,Trebnje,0.2983514675962032,Trebnje,0.2438833289327234,1,Huff and ML agree
10143039,Maline,Novo mesto,0.15070286079051767,Novo mesto,0.1371987584990156,1,Huff and ML agree
10143047,Martinja vas,Trebnje,0.2550240293742536,Trebnje,0.1812705668413878,1,Huff and ML agree
10143055,Martinja vas pri Mokronogu,Mokronog-Trebelno,0.4137993022103862,Mokronog-Trebelno,0.4280253434211434,1,Huff and ML agree
10143063,Meglenik,Trebnje,0.46814342199097747,Trebnje,0.4651325104866312,1,Huff and ML agree
10143071,Migolica,Trebnje,0.19410961221486855,Mirna,0.2098153924103835,0,Huff and ML disagree
10143080,Migolska Gora,Trebnje,0.12415890372653171,Trebnje,0.1223357830730904,1,Huff and ML agree
10143098,Mirna,Mirna,0.9978919395637641,Mirna,1.0,1,Huff and ML agree
10143101,Mirna vas,Novo mesto,0.13315922039608508,Novo mesto,0.1351197188911881,1,Huff and ML agree
10143110,Mokronog,Mokronog-Trebelno,0.9999612682515925,Mokronog-Trebelno,1.0,1,Huff and ML agree
10143128,Most,Mokronog-Trebelno,0.15496641988918278,Mokronog-Trebelno,0.1311366421165187,1,Huff and ML agree
10143136,Mrzla Luža,Trebnje,0.5543279032045814,Trebnje,0.5608352922122605,1,Huff and ML agree
10143144,Muhabran,Trebnje,0.2885771174974305,Trebnje,0.2250889749476313,1,Huff and ML agree
10143152,Občine,Trebnje,0.4784811493520639,Trebnje,0.4470705784784823,1,Huff and ML agree
10143179,Odrga,Trebnje,0.8270195487687398,Trebnje,0.8876884489587232,1,Huff and ML agree
10143187,Okrog,Šentrupert,0.1656854493716441,Šentrupert,0.1657368160187337,1,Huff and ML agree
10143195,Orlaka,Ivančna Gorica,0.08186363366153843,Ljubljana,0.1754336979396525,0,Huff and ML disagree
10143209,Ornuška vas,Novo mesto,0.2052033118473062,Novo mesto,0.2185599057436848,1,Huff and ML agree
10143217,Ostrožnik,Mokronog-Trebelno,0.2784683905398573,Mokronog-Trebelno,0.2939740447937648,1,Huff and ML agree
10143225,Pekel,Trebnje,0.8496939676777582,Trebnje,0.9597295819972312,1,Huff and ML agree
10143233,Pluska,Trebnje,0.5189439006403238,Trebnje,0.4945347518293306,1,Huff and ML agree
10143241,Podlisec,Trebnje,0.43042352596867217,Trebnje,0.3386987397292645,1,Huff and ML agree
10143250,Podturn,Novo mesto,0.19718977029046716,Novo mesto,0.2086895636115698,1,Huff and ML agree
10143268,Potok,Trebnje,0.2323144226991129,Trebnje,0.186130590093961,1,Huff and ML agree
10143276,Praprotnica,Trebnje,0.27725166276836827,Trebnje,0.2077907907194911,1,Huff and ML agree
10143284,Prelesje,Šentrupert,0.40758664096596725,Šentrupert,0.3342556298838565,1,Huff and ML agree
10143292,Preska pri Dobrniču,Trebnje,0.41454560594011086,Trebnje,0.3269337383094718,1,Huff and ML agree
10143306,Primštal,Trebnje,0.679314062762909,Trebnje,0.6556972709012543,1,Huff and ML agree
10143314,Pristavica pri Vel. Gabru,Ivančna Gorica,0.3100179029952621,Ivančna Gorica,0.287134259362071,1,Huff and ML agree
10143322,Pugled pri Mokronogu,Mokronog-Trebelno,0.5325064246126202,Mokronog-Trebelno,0.6058074718003855,1,Huff and ML agree
10143349,Puščava,Mokronog-Trebelno,0.2780203842306145,Mokronog-Trebelno,0.27987639649775,1,Huff and ML agree
10143357,Račje selo,Trebnje,0.801775528549123,Trebnje,0.8103778250640178,1,Huff and ML agree
10143365,Radna vas,Trebnje,0.20137015592415408,Novo mesto,0.1686309155046683,0,Huff and ML disagree
10143373,Rakovnik pri Šentrupertu,Šentrupert,0.4106710532199321,Šentrupert,0.3225404556380921,1,Huff and ML agree
10143381,Ravne,Trebnje,0.08747365857314625,Ljubljana,0.119990936026285,0,Huff and ML disagree
10143390,Ravnik,Šentrupert,0.19776314651247703,Šentrupert,0.2079363783877656,1,Huff and ML agree
10143403,Razbore,Trebnje,0.1728922497455556,Ljubljana,0.1471236758279095,0,Huff and ML disagree
10143411,Rdeči Kal,Trebnje,0.2885771174974305,Trebnje,0.2300385943314049,1,Huff and ML agree
10143420,Repče,Trebnje,0.5418221659010095,Trebnje,0.544777378329447,1,Huff and ML agree
10143438,Replje,Žužemberk,0.21852095374317757,Ljubljana,0.1525844047055679,0,Huff and ML disagree
10143446,Reva,Trebnje,0.3809252817444459,Trebnje,0.2987750761152694,1,Huff and ML agree
10143454,Ribjek,Mokronog-Trebelno,0.42376699609046153,Mokronog-Trebelno,0.4718407812628141,1,Huff and ML agree
10143462,Rihpovec,Trebnje,0.3430568503875196,Trebnje,0.2610822099048638,1,Huff and ML agree
10143489,Rodine pri Trebnjem,Trebnje,0.5189439006403238,Trebnje,0.497073682528282,1,Huff and ML agree
10143497,Roje pri Čatežu,Trebnje,0.3823545089479191,Trebnje,0.3073027225068594,1,Huff and ML agree
10143519,Roje pri Trebelnem,Novo mesto,0.16652415315591795,Novo mesto,0.1675776726191464,1,Huff and ML agree
10143527,Roženpelj,Trebnje,0.3657822767318365,Trebnje,0.2723905022566453,1,Huff and ML agree
10143535,Rožni Vrh,Trebnje,0.8113631657315998,Trebnje,0.8215698817855396,1,Huff and ML agree
10143543,Sajenice,Trebnje,0.1515909882382547,Trebnje,0.1251606243555803,1,Huff and ML agree
10143551,Sejenice,Trebnje,0.2986245186669587,Trebnje,0.2747036783988514,1,Huff and ML agree
10143560,Sela pri Šumberku,Ivančna Gorica,0.13632163579561746,Ljubljana,0.1739100872441264,0,Huff and ML disagree
10143578,Selo pri Mirni,Trebnje,0.10840933795056663,Trebnje,0.113338554638089,1,Huff and ML agree
10143586,Selska Gora,Trebnje,0.10840933795056663,Trebnje,0.1170266695468113,1,Huff and ML agree
10143594,Slepšek,Mokronog-Trebelno,0.42376699609046153,Mokronog-Trebelno,0.461054824159269,1,Huff and ML agree
10143608,Slovenska vas,Šentrupert,0.20471324128766524,Šentrupert,0.1920908238143375,1,Huff and ML agree
10143616,Srednje Laknice,Mokronog-Trebelno,0.21329708289861307,Mokronog-Trebelno,0.1859771975515447,1,Huff and ML agree
10143624,Stan,Trebnje,0.18907939905356283,Trebnje,0.1393512549835696,1,Huff and ML agree
10143632,Stara Gora,Trebnje,0.2914159134003374,Trebnje,0.2355215045354372,1,Huff and ML agree
10143659,Stehanja vas,Trebnje,0.1934184267516043,Ljubljana,0.162416425198276,0,Huff and ML disagree
10143667,Stranje pri Dobrniču,Trebnje,0.43653671101468133,Trebnje,0.3580598255133113,1,Huff and ML agree
10143675,Stranje pri Velikem Gabru,Trebnje,0.18834186126891203,Ivančna Gorica,0.1717547955453069,0,Huff and ML disagree
10143683,Straža,Šentrupert,0.46421856288534413,Šentrupert,0.3764481548700841,1,Huff and ML agree
10143691,Studenec,Trebnje,0.8283874065072849,Trebnje,0.8866842778719216,1,Huff and ML agree
10143705,Svetinja,Trebnje,0.3855121075417294,Trebnje,0.3076917977261159,1,Huff and ML agree
10143713,Šahovec,Trebnje,0.35451944022965437,Trebnje,0.2720088485061234,1,Huff and ML agree
10143721,Šentlovrenc,Trebnje,0.29280309986671,Trebnje,0.2343514773210933,1,Huff and ML agree
10143730,Šentrupert,Šentrupert,0.9982305416965578,Šentrupert,1.0,1,Huff and ML agree
10143748,Ševnica,Trebnje,0.3657822767318365,Trebnje,0.2537570045016369,1,Huff and ML agree
10143756,Škovec,Trebnje,0.46014586394996937,Trebnje,0.4146530023265674,1,Huff and ML agree
10143764,Škrjanče,Trebnje,0.4379429191333874,Trebnje,0.3428053961643794,1,Huff and ML agree
10143772,Škrljevo,Šentrupert,0.6394571324082182,Šentrupert,0.6866043692355577,1,Huff and ML agree
10143799,Šmaver,Trebnje,0.37991778422835204,Trebnje,0.2779556678655767,1,Huff and ML agree
10143802,Štatenberk,Novo mesto,0.19351981420318434,Novo mesto,0.2000720570939967,1,Huff and ML agree
10143829,Štefan pri Trebnjem,Trebnje,0.8136705626687967,Trebnje,0.837421846610512,1,Huff and ML agree
10143837,Trbinc,Mirna,0.3122156922151994,Mirna,0.3145921650626986,1,Huff and ML agree
10143845,Trebanjski Vrh,Trebnje,0.2943242600923559,Trebnje,0.2679100554681253,1,Huff and ML agree
10143853,Trebelno,Novo mesto,0.15576169599404566,Novo mesto,0.1305620262824427,1,Huff and ML agree
10143861,Trebnje,Trebnje,0.997920512698387,Trebnje,1.0,1,Huff and ML agree
10143870,Trnje,Trebnje,0.4565976070395022,Trebnje,0.3706054714604333,1,Huff and ML agree
10143888,Trstenik,Mirna,0.3122156922151994,Mirna,0.2932339980625792,1,Huff and ML agree
10143896,Vavpča vas pri Dobrniču,Trebnje,0.43085978086793586,Trebnje,0.3525484814473196,1,Huff and ML agree
10143900,Velika Loka,Trebnje,0.46532367860056245,Trebnje,0.4108515720663895,1,Huff and ML agree
10143918,Velika Strmica,Novo mesto,0.1399487950524107,Novo mesto,0.126125071770503,1,Huff and ML agree
10143926,Velika Ševnica,Trebnje,0.5189439006403238,Trebnje,0.5141104691628458,1,Huff and ML agree
10143934,Velike Dole,Ivančna Gorica,0.18397046179868348,Ivančna Gorica,0.1896371739696634,1,Huff and ML agree
10143942,Veliki Gaber,Trebnje,0.19410961221486855,Ivančna Gorica,0.1743022062956036,0,Huff and ML disagree
10143969,Veliki Videm,Trebnje,0.2323144226991129,Trebnje,0.189200390142812,1,Huff and ML agree
10143977,Volčja Jama,Žužemberk,0.20152852572438834,Ljubljana,0.1484929142023451,0,Huff and ML disagree
10143985,Volčje Njive,Trebnje,0.19863039351089612,Trebnje,0.1417346407024767,1,Huff and ML agree
10143993,Vrbovec,Trebnje,0.2916326149650269,Trebnje,0.242724405453843,1,Huff and ML agree
10144019,Vrh,Šentrupert,0.6189318089222838,Šentrupert,0.6211252085314269,1,Huff and ML agree
10144027,Sv. Vrh,Mokronog-Trebelno,0.2743720233714344,Mokronog-Trebelno,0.2896732627929108,1,Huff and ML agree
10144035,Vrh pri Trebelnem,Novo mesto,0.16652415315591795,Novo mesto,0.1495766223443079,1,Huff and ML agree
10144043,Vrhovo pri Šentlovrencu,Trebnje,0.22901844034282326,Trebnje,0.1647628563162634,1,Huff and ML agree
10144051,Vrhtrebnje,Trebnje,0.4672953240517059,Trebnje,0.4495179035472256,1,Huff and ML agree
10144060,Vrtače,Žužemberk,0.17350531284523452,Ljubljana,0.1561303093784684,0,Huff and ML disagree
10144078,Zabrdje,Trebnje,0.3602569998224602,Mirna,0.2695225685681081,0,Huff and ML disagree
10144086,Zabukovje,Trebnje,0.11035656408217985,Trebnje,0.1124726306511021,1,Huff and ML agree
10144094,Zagorica,Trebnje,0.3809252817444459,Trebnje,0.2940007378753106,1,Huff and ML agree
10144108,Zagorica pri Čatežu,Trebnje,0.19381393012797957,Trebnje,0.1700437356818264,1,Huff and ML agree
10144116,Zagorica pri Dobrniču,Trebnje,0.29102067340274074,Trebnje,0.2423949219891297,1,Huff and ML agree
10144124,Zagorica pri Velikem Gabru,Ivančna Gorica,0.2620246198824678,Ivančna Gorica,0.2566425383517282,1,Huff and ML agree
10144132,Zaloka,Šentrupert,0.09135803944017279,Ljubljana,0.1118989909570975,0,Huff and ML disagree
10144159,Zavrh,Ivančna Gorica,0.060323783665859214,Ljubljana,0.179407968571298,0,Huff and ML disagree
10144167,Zidani Most,Trebnje,0.7237813907018924,Trebnje,0.7315178567923158,1,Huff and ML agree
10144175,Žabjek,Trebnje,0.3662371458634449,Trebnje,0.268671024639896,1,Huff and ML agree
10144183,Železno,Trebnje,0.3430568503875196,Trebnje,0.2640744144725102,1,Huff and ML agree
10144191,Žubina,Ivančna Gorica,0.15993026196789517,Ljubljana,0.1674853369006809,0,Huff and ML disagree
10144205,Vesela Gora,Šentrupert,0.4570017855755236,Šentrupert,0.3979033804683485,1,Huff and ML agree
10144213,Bistrica pri Tržiču,Tržič,0.7362242642373783,Tržič,0.6845854003441494,1,Huff and ML agree
10144221,Brdo,Radovljica,0.36493737775649315,Radovljica,0.245275574196058,1,Huff and ML agree
10144230,Breg ob Bistrici,Tržič,0.2975769110459368,Tržič,0.2278650482380701,1,Huff and ML agree
10144248,Brezje pri Tržiču,Tržič,0.44440888054227995,Tržič,0.4011710422941555,1,Huff and ML agree
10144256,Čadovlje pri Tržiču,Tržič,0.6701464807627339,Tržič,0.6579011824482115,1,Huff and ML agree
10144264,Dolina,Tržič,0.35835975410765597,Tržič,0.4214307430176459,1,Huff and ML agree
10144272,Gozd,Kranj,0.24735294447445125,Tržič,0.1818382605713368,0,Huff and ML disagree
10144299,Grahovše,Tržič,0.38042418983181875,Tržič,0.4501815809813357,1,Huff and ML agree
10144302,Hudi Graben,Tržič,0.34550128614268916,Tržič,0.3102598721542084,1,Huff and ML agree
10144329,Hudo,Tržič,0.35835975410765597,Tržič,0.3082474326973728,1,Huff and ML agree
10144337,Hušica,Tržič,0.4319760069200403,Tržič,0.3648243399251578,1,Huff and ML agree
10144345,Jelendol,Tržič,0.19315456306567774,Tržič,0.3105396812496546,1,Huff and ML agree
10144353,Kovor,Tržič,0.5759364446404622,Tržič,0.4347496474789178,1,Huff and ML agree
10144361,Križe,Tržič,0.5843833666065515,Tržič,0.4664414205018011,1,Huff and ML agree
10144370,Leše,Radovljica,0.29123449147101393,Radovljica,0.2133476775271681,1,Huff and ML agree
10144388,Loka,Tržič,0.5776813068006583,Tržič,0.4547182130054262,1,Huff and ML agree
10144396,Lom pod Storžičem,Tržič,0.6408704993988191,Tržič,0.617965873420097,1,Huff and ML agree
10144400,Novake,Kranj,0.2559717506548061,Kranj,0.2523931558081173,1,Huff and ML agree
10144418,Paloviče,Radovljica,0.2528062046736522,Radovljica,0.2041063216086812,1,Huff and ML agree
10144426,Podljubelj,Tržič,0.42419562943284334,Tržič,0.4753337363341218,1,Huff and ML agree
10144434,Popovo,Tržič,0.2584632431161906,Tržič,0.2518967208875051,1,Huff and ML agree
10144442,Potarje,Tržič,0.5741549825818741,Tržič,0.5543412237429597,1,Huff and ML agree
10144469,Pristava,Tržič,0.6903948444111586,Tržič,0.617150137785217,1,Huff and ML agree
10144477,Retnje,Tržič,0.39581361581153424,Tržič,0.3170687239670189,1,Huff and ML agree
10144485,Sebenje,Tržič,0.39473866608089786,Tržič,0.3186807872449182,1,Huff and ML agree
10144493,Senično,Tržič,0.3136852564748515,Tržič,0.2577511374012794,1,Huff and ML agree
10144507,Slap,Tržič,0.8450452200631332,Tržič,0.8607004840453201,1,Huff and ML agree
10144515,Spodnje Vetrno,Tržič,0.25900736736334495,Tržič,0.2275990813043104,1,Huff and ML agree
10144523,Tržič,Tržič,0.9986506580215793,Tržič,1.0,1,Huff and ML agree
10144531,Vadiče,Tržič,0.2572768785462153,Tržič,0.23472493800631,1,Huff and ML agree
10144540,Visoče,Tržič,0.28963454267960337,Tržič,0.2816349081640035,1,Huff and ML agree
10144558,Zgornje Vetrno,Tržič,0.2942733372014721,Tržič,0.2680146905979956,1,Huff and ML agree
10144566,Zvirče,Tržič,0.3487870271160917,Tržič,0.2593718362080818,1,Huff and ML agree
10144574,Žiganja vas,Tržič,0.31046419855962254,Tržič,0.2412099265801228,1,Huff and ML agree
10144582,Ročevnica,Tržič,0.6738131473928931,Tržič,0.6058916032431729,1,Huff and ML agree
10144604,Arnače,Velenje,0.5379525690802398,Velenje,0.5269037543814415,1,Huff and ML agree
10144612,Bele Vode,Velenje,0.07681760075183838,Velenje,0.1103937152021735,1,Huff and ML agree
10144639,Bevče,Velenje,0.7319774717124186,Velenje,0.7187401998111038,1,Huff and ML agree
10144647,Družmirje,Velenje,0.6081468973640157,Šoštanj,0.4837881978541856,0,Huff and ML disagree
10144655,Gaberke,Velenje,0.3527977526805378,Šoštanj,0.3759568916503799,0,Huff and ML disagree
10144663,Gavce,Šmartno ob Paki,0.3847815637725057,Šmartno ob Paki,0.2802886399991863,1,Huff and ML agree
10144671,Gorenje,Velenje,0.161042394556091,Velenje,0.1529428922283075,1,Huff and ML agree
10144680,Hrastovec,Velenje,0.7151760481924374,Velenje,0.7102496710051572,1,Huff and ML agree
10144698,Kavče,Velenje,0.7556874724519382,Velenje,0.737643234458922,1,Huff and ML agree
10144701,Laze,Velenje,0.5041636553163411,Velenje,0.5021070849115645,1,Huff and ML agree
10144710,Lokovica,Velenje,0.5086028177787729,Šoštanj,0.3904034597754433,0,Huff and ML disagree
10144728,Ložnica,Velenje,0.5780137795918513,Velenje,0.5609259033284569,1,Huff and ML agree
10144736,Mali Vrh,Šmartno ob Paki,0.5106608969760835,Šmartno ob Paki,0.4442009652900532,1,Huff and ML agree
10144744,Paka pri Velenju,Velenje,0.6247245774588372,Velenje,0.6510961503253246,1,Huff and ML agree
10144752,Paška vas,Šmartno ob Paki,0.3847815637725057,Šmartno ob Paki,0.280238251619214,1,Huff and ML agree
10144779,Paški Kozjak,Velenje,0.23703823678332683,Velenje,0.3771441257937781,1,Huff and ML agree
10144787,Plešivec,Velenje,0.23504408167378135,Velenje,0.3293309573728963,1,Huff and ML agree
10144795,Podgora,Šmartno ob Paki,0.14235627114307556,Šmartno ob Paki,0.1417495982218974,1,Huff and ML agree
10144809,Podgorje,Velenje,0.7133122745049097,Velenje,0.6090041398768323,1,Huff and ML agree
10144817,Podkraj pri Velenju,Velenje,0.5117578890030212,Velenje,0.492918124406988,1,Huff and ML agree
10144825,Ravne,Šoštanj,0.4345573623550535,Šoštanj,0.5809093238838926,1,Huff and ML agree
10144833,Rečica ob Paki,Šmartno ob Paki,0.550224624539202,Šmartno ob Paki,0.4479240019638592,1,Huff and ML agree
10144841,Silova,Velenje,0.42346630871668745,Velenje,0.4346641037218489,1,Huff and ML agree
10144850,Skorno,Velenje,0.17853226784869253,Velenje,0.2012454674616672,1,Huff and ML agree
10144868,Skorno pri Šoštanju,Šoštanj,0.1409041854638037,Šoštanj,0.2406803275774262,1,Huff and ML agree
10144876,Slatina,Šmartno ob Paki,0.13403168605355564,Šmartno ob Paki,0.13761508163558,1,Huff and ML agree
10144884,Šentvid pri Zavodnju,Slovenj Gradec,0.09704008944168682,Velenje,0.103487629805994,0,Huff and ML disagree
10144892,Škale,Velenje,0.6274285091020415,Velenje,0.6457705188832179,1,Huff and ML agree
10144906,Škalske Cirkovce,Velenje,0.4842950532055375,Velenje,0.5194241102376387,1,Huff and ML agree
10144914,Šmartinske Cirkovce,Velenje,0.31779730483851404,Velenje,0.4381677840544237,1,Huff and ML agree
10144922,Šmartno ob Paki,Šmartno ob Paki,0.9996259932491032,Šmartno ob Paki,1.0,1,Huff and ML agree
10144949,Šoštanj,Šoštanj,0.999895502405289,Šoštanj,1.0,1,Huff and ML agree
10144957,Topolšica,Šoštanj,0.25170579846717844,Šoštanj,0.3977605463478396,1,Huff and ML agree
10144965,Velenje,Velenje,0.999689355766525,Velenje,1.0,1,Huff and ML agree
10144973,Veliki Vrh,Velenje,0.23551520412131072,Velenje,0.2309847199272302,1,Huff and ML agree
10144981,Zavodnje,Velenje,0.1104086667299675,Šoštanj,0.1839785858975435,0,Huff and ML disagree
10144990,Šenbric,Velenje,0.7529104766858238,Velenje,0.7642358747878895,1,Huff and ML agree
10145007,Lopatnik pri Velenju,Velenje,0.3310451593262851,Velenje,0.4444615073763588,1,Huff and ML agree
10145015,Florjan,Šoštanj,0.20954173364987277,Šoštanj,0.3163656232602496,1,Huff and ML agree
10145023,Bevke,Ljubljana,0.32856643324370116,Ljubljana,0.4399227337721091,1,Huff and ML agree
10145031,Bistra,Vrhnika,0.4827845483932049,Vrhnika,0.4061881112153924,1,Huff and ML agree
10145040,Blatna Brezovica,Vrhnika,0.4846988766307472,Vrhnika,0.4041963403445438,1,Huff and ML agree
10145058,Borovnica,Borovnica,0.9984080152584797,Borovnica,1.0,1,Huff and ML agree
10145066,Breg pri Borovnici,Borovnica,0.3794510797273404,Borovnica,0.4113931255415557,1,Huff and ML agree
10145074,Brezovica pri Borovnici,Borovnica,0.33250398251686675,Borovnica,0.4287815310433389,1,Huff and ML agree
10145082,Dol pri Borovnici,Borovnica,0.5644929953448918,Borovnica,0.5663548238424494,1,Huff and ML agree
10145104,Dragomer,Log-Dragomer,0.9986351085376174,Log-Dragomer,1.0,1,Huff and ML agree
10145112,Dražica,Borovnica,0.5627926178442373,Borovnica,0.6181102493246747,1,Huff and ML agree
10145139,Drenov Grič,Vrhnika,0.4481804881355424,Ljubljana,0.3705465434336831,0,Huff and ML disagree
10145147,Lašče,Borovnica,0.15463659168112867,Ljubljana,0.273850529076527,0,Huff and ML disagree
10145155,Laze pri Borovnici,Borovnica,0.5496031105860549,Borovnica,0.5282316659549501,1,Huff and ML agree
10145163,Lesno Brdo,Vrhnika,0.38717743115715497,Ljubljana,0.4074556543145155,0,Huff and ML disagree
10145171,Log pri Brezovici,Ljubljana,0.40402263500639973,Ljubljana,0.4567005619971612,1,Huff and ML agree
10145180,Lukovica pri Brezovici,Log-Dragomer,0.5560670125962834,Ljubljana,0.3454976405646466,0,Huff and ML disagree
10145198,Mala Ligojna,Vrhnika,0.4924419639011503,Vrhnika,0.4225641285327454,1,Huff and ML agree
10145201,Mirke,Vrhnika,0.8566909702391083,Vrhnika,0.9539270103765558,1,Huff and ML agree
10145210,Niževec,Borovnica,0.25629142261123994,Borovnica,0.3576986659396562,1,Huff and ML agree
10145228,Ohonica,Borovnica,0.3436461847853508,Borovnica,0.4491634668837315,1,Huff and ML agree
10145236,Padež,Ljubljana,0.13785594458680092,Ljubljana,0.2609139324797974,1,Huff and ML agree
10145244,Pako,Ljubljana,0.23608245924980464,Ljubljana,0.3105855370243436,1,Huff and ML agree
10145252,Podlipa,Vrhnika,0.27903356209368324,Ljubljana,0.2954023104741741,0,Huff and ML disagree
10145279,Pokojišče,Borovnica,0.19150271947444752,Ljubljana,0.247432402376539,0,Huff and ML disagree
10145287,Pristava,Borovnica,0.18929446795907787,Ljubljana,0.2699615862727672,0,Huff and ML disagree
10145295,Sinja Gorica,Vrhnika,0.6883385243732603,Vrhnika,0.6274713191649306,1,Huff and ML agree
10145309,Smrečje,Vrhnika,0.20537673864542455,Ljubljana,0.3040676157512916,0,Huff and ML disagree
10145317,Stara Vrhnika,Vrhnika,0.716526342939966,Vrhnika,0.7174578152305835,1,Huff and ML agree
10145325,Velika Ligojna,Vrhnika,0.5136668419184623,Vrhnika,0.4625389100551043,1,Huff and ML agree
10145333,Verd,Vrhnika,0.7283373884137275,Vrhnika,0.7326537719588037,1,Huff and ML agree
10145341,Vrhnika,Vrhnika,0.9996185786326727,Vrhnika,1.0,1,Huff and ML agree
10145350,Zabočevo,Borovnica,0.21155460137809962,Borovnica,0.2717392263803403,1,Huff and ML agree
10145368,Zaplana,Vrhnika,0.2391651089445133,Ljubljana,0.2494300438594265,0,Huff and ML disagree
10145376,Zavrh pri Borovnici,Vrhnika,0.16137428726185812,Ljubljana,0.2603733378638401,0,Huff and ML disagree
10145384,Blodnik,Trbovlje,0.08657832827809336,Ljubljana,0.1613336578112291,0,Huff and ML disagree
10145392,Borje,Zagorje ob Savi,0.2817410251702421,Zagorje ob Savi,0.2397229379419209,1,Huff and ML agree
10145406,Borje pri Mlinšah,Kamnik,0.0861374478922109,Ljubljana,0.2181793029881666,0,Huff and ML disagree
10145414,Borovak pri Podkumu,Trbovlje,0.0969976711760597,Ljubljana,0.1090017349359105,0,Huff and ML disagree
10145422,Brezje,Trbovlje,0.10737314514784624,Ljubljana,0.1528850471477385,0,Huff and ML disagree
10145449,Breznik,Zagorje ob Savi,0.11658597709538684,Ljubljana,0.1681738384295936,0,Huff and ML disagree
10145457,Briše,Zagorje ob Savi,0.13428026704544682,Ljubljana,0.1581054022894821,0,Huff and ML disagree
10145465,Čemšenik,Zagorje ob Savi,0.11464460298953989,Ljubljana,0.1402356549866955,0,Huff and ML disagree
10145473,Čolnišče,Zagorje ob Savi,0.4860790924733117,Zagorje ob Savi,0.5197548507488804,1,Huff and ML agree
10145481,Dobrljevo,Trbovlje,0.11018468641638306,Ljubljana,0.1485137620191857,0,Huff and ML disagree
10145490,Dolenja vas,Zagorje ob Savi,0.8656353672915733,Zagorje ob Savi,0.8256587155730013,1,Huff and ML agree
10145503,Dolgo Brdo pri Mlinšah,Trbovlje,0.08077387348052761,Ljubljana,0.1964480401382659,0,Huff and ML disagree
10145511,Družina,Zagorje ob Savi,0.5186374661556724,Zagorje ob Savi,0.5274036637500431,1,Huff and ML agree
10145520,Golče,Zagorje ob Savi,0.127141481035961,Ljubljana,0.140670450263063,0,Huff and ML disagree
10145538,Gorenja vas,Trbovlje,0.11176641918935007,Zagorje ob Savi,0.1371502358152699,0,Huff and ML disagree
10145546,Hrastnik pri Trojanah,Trbovlje,0.09210571315945641,Ljubljana,0.1595509973357068,0,Huff and ML disagree
10145554,Izlake,Zagorje ob Savi,0.28858529044743153,Zagorje ob Savi,0.241249235785394,1,Huff and ML agree
10145562,Jablana,Zagorje ob Savi,0.2799739805338172,Zagorje ob Savi,0.2923709796494254,1,Huff and ML agree
10145589,Jarše,Zagorje ob Savi,0.24433509414892543,Zagorje ob Savi,0.2277449128536706,1,Huff and ML agree
10145597,Jelenk,Trbovlje,0.1077934143611877,Ljubljana,0.156986050592444,0,Huff and ML disagree
10145619,Jelševica,Trbovlje,0.07120397047704599,Ljubljana,0.1474253358786721,0,Huff and ML disagree
10145627,Jesenovo,Zagorje ob Savi,0.127141481035961,Zagorje ob Savi,0.1401166396946833,1,Huff and ML agree
10145635,Kandrše - del,Litija,0.08655237439962765,Ljubljana,0.1985910386468999,0,Huff and ML disagree
10145643,Kisovec,Zagorje ob Savi,0.6657215831704864,Zagorje ob Savi,0.6751451520107696,1,Huff and ML agree
10145651,Kolk,Zagorje ob Savi,0.1256740778419382,Zagorje ob Savi,0.1524042568827159,1,Huff and ML agree
10145660,Kolovrat,Trbovlje,0.08528230225127867,Ljubljana,0.1715135195122784,0,Huff and ML disagree
10145678,Konjšica - del,Zagorje ob Savi,0.6317889272245004,Zagorje ob Savi,0.5802437375233283,1,Huff and ML agree
10145686,Kostrevnica,Trbovlje,0.10347025167228514,Ljubljana,0.1744530489947366,0,Huff and ML disagree
10145694,Kotredež,Zagorje ob Savi,0.4990106952218783,Zagorje ob Savi,0.4957028197729012,1,Huff and ML agree
10145708,Log pri Mlinšah,Zagorje ob Savi,0.09027677614254438,Ljubljana,0.1823927745157414,0,Huff and ML disagree
10145716,Loke pri Zagorju,Zagorje ob Savi,0.6023417981976464,Zagorje ob Savi,0.597080735240265,1,Huff and ML agree
10145724,Mali Kum,Trbovlje,0.09304808159483172,Ljubljana,0.1129346484409089,0,Huff and ML disagree
10145732,Medija,Trbovlje,0.08371282852955093,Ljubljana,0.1959294960107025,0,Huff and ML disagree
10145759,Mlinše,Zagorje ob Savi,0.12486269532919689,Ljubljana,0.1694074614982061,0,Huff and ML disagree
10145767,Mošenik,Litija,0.14713410778119734,Litija,0.1820338163223466,1,Huff and ML agree
10145775,Orehovica,Zagorje ob Savi,0.18561155155868675,Zagorje ob Savi,0.1699049204955284,1,Huff and ML agree
10145783,Osredek,Trbovlje,0.08872666107400824,Ljubljana,0.1266798706241321,0,Huff and ML disagree
10145791,Padež,Trbovlje,0.10842988420150255,Ljubljana,0.1249777468251455,0,Huff and ML disagree
10145805,Podkraj pri Zagorju,Zagorje ob Savi,0.8276452083833054,Zagorje ob Savi,0.7966009387436577,1,Huff and ML agree
10145813,Podkum,Trbovlje,0.1099381306988521,Zagorje ob Savi,0.1196458467492464,0,Huff and ML disagree
10145821,Podlipovica,Zagorje ob Savi,0.16029568189800134,Zagorje ob Savi,0.157890786834115,1,Huff and ML agree
10145830,Polšina,Zagorje ob Savi,0.11636446089376301,Ljubljana,0.1542359522573377,0,Huff and ML disagree
10145848,Potoška vas,Zagorje ob Savi,0.46135694138648914,Zagorje ob Savi,0.4191397715933915,1,Huff and ML agree
10145856,Požarje,Zagorje ob Savi,0.27649852300365246,Zagorje ob Savi,0.2828835842800806,1,Huff and ML agree
10145864,Prapreče - del,Zagorje ob Savi,0.46135694138648914,Zagorje ob Savi,0.3417567791314457,1,Huff and ML agree
10145872,Zgornji Prhovec,Zagorje ob Savi,0.21385698439327963,Zagorje ob Savi,0.1962041598517877,1,Huff and ML agree
10145899,Ravenska vas,Zagorje ob Savi,0.5211165124192113,Zagorje ob Savi,0.379624486834059,1,Huff and ML agree
10145902,Ravne pri Mlinšah,Zagorje ob Savi,0.13502344071232908,Ljubljana,0.1591992466631087,0,Huff and ML disagree
10145929,Razbor pri Čemšeniku,Zagorje ob Savi,0.13230537744428417,Zagorje ob Savi,0.1421528292777646,1,Huff and ML agree
10145937,Razpotje,Zagorje ob Savi,0.1852958726718329,Zagorje ob Savi,0.1675662273450949,1,Huff and ML agree
10145945,Rodež,Trbovlje,0.1068817049333319,Ljubljana,0.1398758364772296,0,Huff and ML disagree
10145953,Rove,Zagorje ob Savi,0.3227363411441634,Zagorje ob Savi,0.3314053877612615,1,Huff and ML agree
10145961,Rovišče,Trbovlje,0.10279252814233437,Ljubljana,0.1579945643212976,0,Huff and ML disagree
10145970,Rtiče,Trbovlje,0.1067897354643475,Ljubljana,0.1257198135270855,0,Huff and ML disagree
10145988,Ržiše,Zagorje ob Savi,0.18666578122231745,Zagorje ob Savi,0.1979307097461442,1,Huff and ML agree
10145996,Selo pri Zagorju,Zagorje ob Savi,0.8157007894317561,Zagorje ob Savi,0.6848960512906986,1,Huff and ML agree
10146003,Senožeti,Zagorje ob Savi,0.20896466748561138,Zagorje ob Savi,0.2051342999741867,1,Huff and ML agree
10146011,Šemnik,Zagorje ob Savi,0.2967814970035984,Zagorje ob Savi,0.3010397491150725,1,Huff and ML agree
10146020,Šentgotard,Trbovlje,0.09144744911909383,Ljubljana,0.1615435018876481,0,Huff and ML disagree
10146038,Šentlambert,Zagorje ob Savi,0.25247444415420284,Zagorje ob Savi,0.225845006008479,1,Huff and ML agree
10146046,Šklendrovec,Zagorje ob Savi,0.6317889272245004,Zagorje ob Savi,0.5802437375233283,1,Huff and ML agree
10146054,Tirna,Zagorje ob Savi,0.11335734658093682,Ljubljana,0.1471761217486281,0,Huff and ML disagree
10146062,Vine,Zagorje ob Savi,0.8249365470605646,Zagorje ob Savi,0.777962159610155,1,Huff and ML agree
10146089,Vrh,Zagorje ob Savi,0.38611321681751837,Zagorje ob Savi,0.4259237709248814,1,Huff and ML agree
10146097,Vrh pri Mlinšah,Trbovlje,0.0756157005768855,Ljubljana,0.2018820068122737,0,Huff and ML disagree
10146119,Vrhe - del,Trbovlje,0.11262163505129226,Ljubljana,0.1327829938124044,0,Huff and ML disagree
10146127,Zabava,Zagorje ob Savi,0.11464460298953989,Ljubljana,0.1725515290496184,0,Huff and ML disagree
10146135,Zabreznik,Zagorje ob Savi,0.18700342903620926,Zagorje ob Savi,0.1883600395496763,1,Huff and ML agree
10146143,Zagorje ob Savi,Zagorje ob Savi,0.9995473841424709,Zagorje ob Savi,1.0,1,Huff and ML agree
10146151,Zavine,Zagorje ob Savi,0.38611321681751837,Zagorje ob Savi,0.4242759708493505,1,Huff and ML agree
10146160,Znojile,Zagorje ob Savi,0.1871440801404001,Zagorje ob Savi,0.1862117069342667,1,Huff and ML agree
10146178,Žvarulje,Trbovlje,0.08771576794412436,Ljubljana,0.1854720077507451,0,Huff and ML disagree
10146186,Andraž nad Polzelo,Velenje,0.2530967939016676,Velenje,0.2884647343943115,1,Huff and ML agree
10146194,Arja vas,Žalec,0.7615929080184123,Žalec,0.5262132026073397,1,Huff and ML agree
10146208,Braslovče,Braslovče,0.9976842408032237,Braslovče,1.0,1,Huff and ML agree
10146216,Breg pri Polzeli,Polzela,0.5296372362924735,Polzela,0.4115210279014991,1,Huff and ML agree
10146224,Brnica,Celje,0.21621845624041264,Celje,0.2897188598622356,1,Huff and ML agree
10146232,Brode,Vransko,0.6920773958634038,Vransko,0.7615353463009155,1,Huff and ML agree
10146259,Čeplje,Vransko,0.4244178308331224,Vransko,0.4184653959923625,1,Huff and ML agree
10146267,Čreta,Vransko,0.06608384958902425,Vransko,0.0980357855215682,1,Huff and ML agree
10146275,Črni Vrh,Žalec,0.0897238770082706,Ljubljana,0.0831160852598501,0,Huff and ML disagree
10146283,Črnova,Velenje,0.22336522446199333,Velenje,0.2315532610520128,1,Huff and ML agree
10146291,Dobrič,Velenje,0.1713333899344457,Velenje,0.2134331130944186,1,Huff and ML agree
10146305,Dobriša vas,Žalec,0.7194048334040525,Žalec,0.8008406078868923,1,Huff and ML agree
10146313,Dobrovlje,Žalec,0.072655176258616,Ljubljana,0.0825655838321029,0,Huff and ML disagree
10146330,Dolenja vas,Prebold,0.8104221335006662,Prebold,0.8196113728918719,1,Huff and ML agree
10146348,Drešinja vas,Žalec,0.7185138877227167,Žalec,0.3915607005686241,1,Huff and ML agree
10146356,Galicija,Celje,0.29474410938856815,Celje,0.3880995920856598,1,Huff and ML agree
10146364,Glinje,Braslovče,0.2287493953992227,Braslovče,0.184508497522892,1,Huff and ML agree
10146372,Gomilsko,Braslovče,0.13879106608882985,Žalec,0.1107633786395575,0,Huff and ML disagree
10146399,Sv. Lovrenc,Prebold,0.5535831842926623,Prebold,0.525976205844748,1,Huff and ML agree
10146402,Gotovlje,Žalec,0.7240460013171568,Žalec,0.771256641320367,1,Huff and ML agree
10146429,Grajska vas,Celje,0.15376417454438124,Prebold,0.1809358830940904,0,Huff and ML disagree
10146437,Griže,Žalec,0.3047142113124918,Celje,0.2662309121595486,0,Huff and ML disagree
10146445,Hramše,Celje,0.1681764247141326,Celje,0.2191351517420663,1,Huff and ML agree
10146453,Janškovo selo,Velenje,0.25936075103322176,Velenje,0.3458783190199535,1,Huff and ML agree
10146461,Jeronim,Vransko,0.20813771299272033,Vransko,0.2930107445191005,1,Huff and ML agree
10146470,Kale,Žalec,0.19970605538202663,Žalec,0.2066710517334463,1,Huff and ML agree
10146488,Kamenče,Braslovče,0.3302058220035961,Braslovče,0.299951449287219,1,Huff and ML agree
10146496,Kapla,Tabor,0.3565484027928603,Tabor,0.2640862183900155,1,Huff and ML agree
10146500,Kaplja vas,Prebold,0.5087906508199027,Prebold,0.5276927843406144,1,Huff and ML agree
10146518,Kasaze,Žalec,0.493702207755642,Žalec,0.3167784001633205,1,Huff and ML agree
10146526,Latkova vas,Prebold,0.5964691112465659,Prebold,0.5794531045356789,1,Huff and ML agree
10146534,Letuš,Šmartno ob Paki,0.21618379822633774,Šmartno ob Paki,0.2023836058411711,1,Huff and ML agree
10146542,Levec,Celje,0.6363138909823417,Celje,0.6029919148425482,1,Huff and ML agree
10146569,Liboje,Žalec,0.30859177377390784,Celje,0.3593560803525363,0,Huff and ML disagree
10146577,Limovce,Trbovlje,0.08371282852955093,Ljubljana,0.1606422903335049,0,Huff and ML disagree
10146585,Lipje,Velenje,0.4915370530761029,Velenje,0.5113451836298004,1,Huff and ML agree
10146593,Ločica ob Savinji,Žalec,0.4839161204983563,Žalec,0.2476896326218639,1,Huff and ML agree
10146607,Ločica pri Vranskem,Vransko,0.41500912360416753,Vransko,0.4560638008728278,1,Huff and ML agree
10146615,Loke,Tabor,0.3565484027928603,Tabor,0.3119364353260526,1,Huff and ML agree
10146623,Lopatnik,Velenje,0.22940186536655735,Velenje,0.3164567132200183,1,Huff and ML agree
10146631,Ložnica pri Žalcu,Žalec,0.7240460013171568,Žalec,0.7487774983783216,1,Huff and ML agree
10146640,Mala Pirešica,Žalec,0.5914253544429984,Žalec,0.3954541058350922,1,Huff and ML agree
10146658,Male Braslovče,Braslovče,0.6254159502971989,Braslovče,0.5416579067408365,1,Huff and ML agree
10146666,Marija Reka,Celje,0.13358493344373323,Prebold,0.136973788077792,0,Huff and ML disagree
10146674,Matke,Žalec,0.254018185046264,Žalec,0.2281920312898271,1,Huff and ML agree
10146682,Migojnice,Žalec,0.30941425493178365,Celje,0.2748463352876809,0,Huff and ML disagree
10146704,Miklavž pri Taboru,Žalec,0.11818554220129472,Tabor,0.1098563929236377,0,Huff and ML disagree
10146712,Ojstriška vas,Tabor,0.7101331450910051,Tabor,0.6139363411918481,1,Huff and ML agree
10146739,Orla vas,Žalec,0.24795992972295122,Žalec,0.1793034621693883,1,Huff and ML agree
10146747,Orova vas,Polzela,0.5928935848753742,Polzela,0.5108178984437183,1,Huff and ML agree
10146755,Parižlje,Polzela,0.5459734796207588,Polzela,0.4209085602503435,1,Huff and ML agree
10146763,Pernovo,Žalec,0.45543936268884766,Žalec,0.3065580828540724,1,Huff and ML agree
10146771,Petrovče,Žalec,0.7940118187895767,Žalec,0.5932740406507834,1,Huff and ML agree
10146780,Pirešica,Velenje,0.503746362870443,Velenje,0.48904297136817,1,Huff and ML agree
10146798,Podgorje pri Letušu,Braslovče,0.12941856890628878,Velenje,0.1095171907537673,0,Huff and ML disagree
10146801,Podkraj,Velenje,0.31479335335207415,Velenje,0.3411708256740705,1,Huff and ML agree
10146810,Podlog v Savinjski dolini,Žalec,0.7159950117756192,Žalec,0.5206781137069161,1,Huff and ML agree
10146828,Podvin pri Polzeli,Polzela,0.16402229731087672,Polzela,0.1680350787676874,1,Huff and ML agree
10146836,Podvrh,Braslovče,0.21434796000363207,Braslovče,0.1768442505252117,1,Huff and ML agree
10146844,Poljče,Braslovče,0.2093353730904591,Polzela,0.1628595267592736,0,Huff and ML disagree
10146852,Polzela,Polzela,0.9989536516100419,Polzela,1.0,1,Huff and ML agree
10146879,Pondor,Tabor,0.3485641911443353,Tabor,0.2455136639794514,1,Huff and ML agree
10146887,Pongrac,Žalec,0.19444262693805023,Celje,0.2173396933749612,0,Huff and ML disagree
10146895,Ponikva pri Žalcu,Celje,0.1702302917490378,Velenje,0.1943900127528937,0,Huff and ML disagree
10146909,Prapreče,Vransko,0.4454229237680506,Vransko,0.5303686796684297,1,Huff and ML agree
10146917,Prebold,Prebold,0.9995142812791624,Prebold,1.0,1,Huff and ML agree
10146925,Prekopa,Vransko,0.30618574100818585,Vransko,0.2628147533516404,1,Huff and ML agree
10146933,Prelska,Velenje,0.2550139036465756,Velenje,0.3047961133380828,1,Huff and ML agree
10146941,Preserje,Braslovče,0.6457540611110357,Braslovče,0.5679880847759047,1,Huff and ML agree
10146950,Rakovlje,Braslovče,0.9519112039480139,Braslovče,0.8991213673675511,1,Huff and ML agree
10146968,Ruše,Žalec,0.5828604322064335,Žalec,0.3927538302725354,1,Huff and ML agree
10146976,Selo pri Vranskem,Vransko,0.42893611750073163,Vransko,0.4975430699747712,1,Huff and ML agree
10146984,Spodnje Gorče,Braslovče,0.5180921103443211,Braslovče,0.4047924619482237,1,Huff and ML agree
10146992,Spodnje Grušovlje,Žalec,0.5612417595558833,Žalec,0.3725430174765746,1,Huff and ML agree
10147000,Spodnje Roje,Žalec,0.7958931265429429,Žalec,0.6833629823797651,1,Huff and ML agree
10147018,Stopnik,Vransko,0.3230906662279979,Vransko,0.3110087896805822,1,Huff and ML agree
10147026,Studence,Žalec,0.209379253601333,Žalec,0.2064840812291928,1,Huff and ML agree
10147034,Šempeter v Savinj. dolini,Žalec,0.6620071532400482,Žalec,0.4703008016645442,1,Huff and ML agree
10147042,Šentrupert,Prebold,0.2875676275635264,Prebold,0.2535803807130211,1,Huff and ML agree
10147069,Šešče pri Preboldu,Žalec,0.5263818401595016,Žalec,0.3304516888938762,1,Huff and ML agree
10147077,Šmatevž,Braslovče,0.17689577507849708,Braslovče,0.1170401380629818,1,Huff and ML agree
10147085,Tabor,Tabor,0.9992105083019227,Tabor,1.0,1,Huff and ML agree
10147093,Tešova,Vransko,0.5379901755552318,Vransko,0.569607167543467,1,Huff and ML agree
10147107,Topovlje,Braslovče,0.25203494489927364,Polzela,0.1891772658669273,0,Huff and ML disagree
10147115,Trnava,Žalec,0.19671336575316276,Žalec,0.1529093696111215,1,Huff and ML agree
10147123,Velika Pirešica,Žalec,0.4915213542698323,Žalec,0.3380330542372375,1,Huff and ML agree
10147131,Vinska Gora,Velenje,0.41812458748985676,Velenje,0.4277771021994612,1,Huff and ML agree
10147140,Vologa,Vransko,0.20274375329494507,Vransko,0.2714355653036425,1,Huff and ML agree
10147158,Vransko,Vransko,0.9987162882997699,Vransko,1.0,1,Huff and ML agree
10147166,Vrbje,Žalec,0.7462287428843624,Žalec,0.8877749813894897,1,Huff and ML agree
10147174,Zabukovica,Celje,0.206606738941291,Celje,0.2475093642442602,1,Huff and ML agree
10147182,Zahomce,Vransko,0.552400219450393,Vransko,0.595397176106432,1,Huff and ML agree
10147204,Zajasovnik - del,Vransko,0.16017092973224642,Vransko,0.1846480107967019,1,Huff and ML agree
10147212,Zakl,Žalec,0.15876747890566462,Žalec,0.1273837810919731,1,Huff and ML agree
10147239,Zalog pri Šempetru,Žalec,0.5048113265070922,Žalec,0.3629322517398044,1,Huff and ML agree
10147247,Zaloška Gorica,Žalec,0.5025283263764545,Celje,0.3628483910686457,0,Huff and ML disagree
10147255,Založe,Žalec,0.19781726875458955,Žalec,0.1738399434830626,1,Huff and ML agree
10147263,Zaplanina,Trbovlje,0.07159676389699364,Ljubljana,0.146160562264585,0,Huff and ML disagree
10147271,Zavrh pri Galiciji,Celje,0.1959790160567757,Celje,0.2626975399123017,1,Huff and ML agree
10147280,Zgornje Gorče,Braslovče,0.47131150687220275,Braslovče,0.3657493420869913,1,Huff and ML agree
10147298,Zgornje Grušovlje,Žalec,0.427312155439432,Žalec,0.2756712459171273,1,Huff and ML agree
10147301,Zgornje Roje,Žalec,0.7526976419374425,Žalec,0.5521650680839936,1,Huff and ML agree
10147310,Žalec,Žalec,0.9982803019946453,Žalec,1.0,1,Huff and ML agree
10147328,Železno,Žalec,0.30811763524842406,Celje,0.2604548516330338,0,Huff and ML disagree
10147336,Novo Celje,Žalec,0.7373900072914824,Žalec,0.8179423874740412,1,Huff and ML agree
10147344,Podvin,Žalec,0.7415527301049242,Žalec,0.881974981397156,1,Huff and ML agree
10147352,Bohova,Hoče-Slivnica,0.5878687231608356,Hoče-Slivnica,0.4995921107630273,1,Huff and ML agree
10147379,Bresternica,Maribor,0.46520414408198785,Maribor,0.7915556771998348,1,Huff and ML agree
10147387,Brezula,Rače-Fram,0.5097079758487607,Rače-Fram,0.5355556781717833,1,Huff and ML agree
10147395,Brunšvik,Maribor,0.2920915715102116,Ptuj,0.1748962434758348,0,Huff and ML disagree
10147409,Celestrina,Maribor,0.4448743875026712,Maribor,0.7491817335573485,1,Huff and ML agree
10147417,Ciglence,Maribor,0.26013670553076773,Maribor,0.2686649275412981,1,Huff and ML agree
10147425,Čreta,Hoče-Slivnica,0.24121609359643173,Maribor,0.3212475136602939,0,Huff and ML disagree
10147433,Dobrovce,Ptuj,0.2588634837470143,Maribor,0.28525678904965,0,Huff and ML disagree
10147441,Dogoše,Maribor,0.3616156511084598,Maribor,0.5291737928309528,1,Huff and ML agree
10147450,Dragučova,Maribor,0.40701361700229144,Maribor,0.7171935177851885,1,Huff and ML agree
10147468,Dravski Dvor,Rače-Fram,0.2828521882529907,Rače-Fram,0.2431204434008221,1,Huff and ML agree
10147476,Dvorjane,Maribor,0.1683934509961895,Maribor,0.2760214683402725,1,Huff and ML agree
10147484,Fram,Ptuj,0.23089149260017033,Maribor,0.261200462897867,0,Huff and ML disagree
10147492,Gaj nad Mariborom,Kungota,0.2188310917249161,Maribor,0.5224324605226419,0,Huff and ML disagree
10147506,Grušova,Ptuj,0.22824656464135604,Maribor,0.4730859439374694,0,Huff and ML disagree
10147514,Hočko Pohorje,Maribor,0.28832505812989073,Maribor,0.3694183097190641,1,Huff and ML agree
10147522,Hotinja vas,Rače-Fram,0.35506199680457895,Rače-Fram,0.2722379604129997,1,Huff and ML agree
10147549,Hrastje,Maribor,0.40611209179043084,Maribor,0.7428275105720826,1,Huff and ML agree
10147557,Hrenca,Maribor,0.4332898316244915,Maribor,0.7418678461330832,1,Huff and ML agree
10147565,Jablance,Ptuj,0.25940629821547595,Maribor,0.3548186813461397,0,Huff and ML disagree
10147573,Jelovec,Maribor,0.40677898657665584,Maribor,0.7359750741562481,1,Huff and ML agree
10147581,Ješenca,Rače-Fram,0.25385546749044613,Rače-Fram,0.2402474125844345,1,Huff and ML agree
10147590,Kamnica,Maribor,0.6088206646231701,Maribor,0.9302651234935544,1,Huff and ML agree
10147603,Kopivnik,Maribor,0.2938483204204946,Maribor,0.2672019218315069,1,Huff and ML agree
10147638,Laznica,Maribor,0.39679796119519495,Maribor,0.6655771037387581,1,Huff and ML agree
10147646,Limbuš,Maribor,0.4363099542191936,Maribor,0.7364500399632167,1,Huff and ML agree
10147654,Loka,Ptuj,0.2489148139523806,Maribor,0.3028795506436685,0,Huff and ML disagree
10147662,Loka pri Framu,Slovenska Bistrica,0.3005384755328496,Slovenska Bistrica,0.2420695447098427,1,Huff and ML agree
10147689,Ložane,Maribor,0.21178671893060744,Maribor,0.5284955891727419,1,Huff and ML agree
10147697,Malečnik,Maribor,0.4937013506002165,Maribor,0.8211514094862576,1,Huff and ML agree
10147719,Maribor,Maribor,0.998631904252005,Maribor,1.0,1,Huff and ML agree
10147727,Marjeta na Dravskem polju,Maribor,0.27802788804425266,Maribor,0.1987997925197246,1,Huff and ML agree
10147735,Meljski Hrib,Maribor,0.6567243982749802,Maribor,0.9421780356141348,1,Huff and ML agree
10147743,Metava,Maribor,0.3289363603805178,Maribor,0.6222977183221726,1,Huff and ML agree
10147751,Miklavž na Dravskem polju,Miklavž na Dravskem polju,0.9994983711838722,Miklavž na Dravskem polju,1.0,1,Huff and ML agree
10147760,Morje,Maribor,0.2738842345478361,Maribor,0.2520525795128867,1,Huff and ML agree
10147778,Nebova,Maribor,0.36094632471052635,Maribor,0.6811508201981559,1,Huff and ML agree
10147786,Orehova vas,Rače-Fram,0.25163155582715285,Maribor,0.2817571058171867,0,Huff and ML disagree
10147794,Pekel,Maribor,0.3862980700704878,Maribor,0.6826591379737006,1,Huff and ML agree
10147808,Pekre,Maribor,0.48464439663684156,Maribor,0.7849932064489865,1,Huff and ML agree
10147816,Pernica,Maribor,0.2407054470958432,Maribor,0.5890322343768066,1,Huff and ML agree
10147824,Pivola,Hoče-Slivnica,0.5523595768250243,Hoče-Slivnica,0.4844781530421616,1,Huff and ML agree
10147832,Planica,Maribor,0.2774861614186843,Maribor,0.2582970038893682,1,Huff and ML agree
10147859,Počehova,Maribor,0.5654328455151962,Maribor,0.8915691002171416,1,Huff and ML agree
10147867,Podova,Rače-Fram,0.3563762082123173,Rače-Fram,0.3462916829936335,1,Huff and ML agree
10147875,Polana,Hoče-Slivnica,0.1955536592036595,Maribor,0.3621684477946567,0,Huff and ML disagree
10147883,Požeg,Slovenska Bistrica,0.3134622831553398,Maribor,0.2267403170316821,0,Huff and ML disagree
10147891,Prepolje,Maribor,0.28775521042062235,Ptuj,0.2230045176685895,0,Huff and ML disagree
10147905,Rače,Rače-Fram,0.9989528551689395,Rače-Fram,1.0,1,Huff and ML agree
10147913,Radizel,Hoče-Slivnica,0.25369326611846327,Maribor,0.2963739194313547,0,Huff and ML disagree
10147921,Ranče,Maribor,0.29429993850913266,Maribor,0.2925769852084472,1,Huff and ML agree
10147930,Razvanje,Hoče-Slivnica,0.5641122149200415,Hoče-Slivnica,0.4215491176592914,1,Huff and ML agree
10147948,Ribniško selo,Maribor,0.7604779391542661,Maribor,0.9647626646163396,1,Huff and ML agree
10147956,Rogoza,Miklavž na Dravskem polju,0.40113556026529723,Maribor,0.289168500882449,0,Huff and ML disagree
10147964,Rošnja,Starše,0.24358840723930253,Maribor,0.2343175990943227,0,Huff and ML disagree
10147972,Rošpoh - del,Maribor,0.49024482902226085,Maribor,0.8748863381548241,1,Huff and ML agree
10147999,Ruperče,Maribor,0.22459681206103776,Maribor,0.5537760168726295,1,Huff and ML agree
10148006,Skoke,Ptuj,0.25920391419913247,Maribor,0.28775408347846,0,Huff and ML disagree
10148014,Slivnica pri Mariboru,Hoče-Slivnica,0.2876807450954308,Hoče-Slivnica,0.2982955085518714,1,Huff and ML agree
10148022,Slivniško Pohorje,Maribor,0.2892986349024515,Maribor,0.3526488787925501,1,Huff and ML agree
10148049,Spodnja Gorica,Maribor,0.2779591383007377,Maribor,0.1682988245104722,1,Huff and ML agree
10148057,Spodnja Korena,Ptuj,0.24385521099176813,Maribor,0.2869799552666418,0,Huff and ML disagree
10148065,Spodnje Hoče,Hoče-Slivnica,0.9983434183961946,Hoče-Slivnica,1.0,1,Huff and ML agree
10148073,Spodnji Duplek,Duplek,0.9989528551689395,Duplek,1.0,1,Huff and ML agree
10148081,Srednje,Maribor,0.24141718331687798,Maribor,0.6604160666425288,1,Huff and ML agree
10148090,Starše,Starše,0.9989555265360223,Starše,1.0,1,Huff and ML agree
10148103,Šober,Maribor,0.16175384089150388,Maribor,0.5391488688474234,1,Huff and ML agree
10148111,Trčova,Maribor,0.3563230285010187,Maribor,0.6601523921827844,1,Huff and ML agree
10148120,Trniče,Maribor,0.2945781757214384,Maribor,0.1819544539450587,1,Huff and ML agree
10148138,Vinarje,Maribor,0.6333819389019288,Maribor,0.9368831860073078,1,Huff and ML agree
10148146,Vodole,Maribor,0.4855579962080713,Maribor,0.7728580683577337,1,Huff and ML agree
10148154,Vosek,Maribor,0.2252601414812847,Maribor,0.5866667105357315,1,Huff and ML agree
10148162,Vrhov Dol,Maribor,0.2968283941479305,Maribor,0.6849253226250174,1,Huff and ML agree
10148189,Vukovje,Maribor,0.17068006452130036,Maribor,0.4597815251347603,1,Huff and ML agree
10148197,Vurberk,Maribor,0.2782008619433196,Ptuj,0.2953459622359137,0,Huff and ML disagree
10148219,Za Kalvarijo,Maribor,0.8441707716518071,Maribor,0.9880006188498148,1,Huff and ML agree
10148227,Zgornja Gorica,Maribor,0.28191578593492067,Rače-Fram,0.1975645909658176,0,Huff and ML disagree
10148235,Zgornja Korena,Maribor,0.20301207074480757,Maribor,0.2917404257366889,1,Huff and ML agree
10148243,Zgornje Hoče,Hoče-Slivnica,0.5176580033875219,Hoče-Slivnica,0.4941523485913445,1,Huff and ML agree
10148251,Zgornji Duplek,Duplek,0.36934373749487603,Maribor,0.3289035996585431,0,Huff and ML disagree
10148260,Zgornji Slemen - del,Maribor,0.2902160913422346,Maribor,0.4483318198358058,1,Huff and ML agree
10148278,Zimica,Ptuj,0.2607230552779557,Maribor,0.4192666770003441,0,Huff and ML disagree
10148286,Zlatoličje,Maribor,0.2880311395598043,Ptuj,0.2869892757009766,0,Huff and ML disagree
10148294,Zrkovci,Maribor,0.43369588812749077,Maribor,0.7012338634661096,1,Huff and ML agree
10148308,Žikarce,Maribor,0.2945781757214384,Maribor,0.2635668158198938,1,Huff and ML agree
10148316,Ceršak,Šentilj,0.3054257366060246,Šentilj,0.4527866112194417,1,Huff and ML agree
10148324,Ciringa,Maribor,0.2921829119153677,Maribor,0.3794093128242834,1,Huff and ML agree
10148332,Cirknica,Maribor,0.17091015245020053,Maribor,0.4329685242961576,1,Huff and ML agree
10148359,Dolnja Počehova,Maribor,0.4855579962080713,Maribor,0.7428259712892412,1,Huff and ML agree
10148367,Drankovec,Maribor,0.16353630460532984,Maribor,0.4515886378581379,1,Huff and ML agree
10148375,Zgornji Dražen Vrh,Maribor,0.1608253879615482,Maribor,0.2312119965946334,1,Huff and ML agree
10148383,Flekušek,Maribor,0.1579948254576004,Maribor,0.4513239023382298,1,Huff and ML agree
10148391,Gačnik,Pesnica,0.23704727233209827,Maribor,0.484305191958308,0,Huff and ML disagree
10148405,Gradiška,Maribor,0.3292884863220521,Maribor,0.635274659739988,1,Huff and ML agree
10148413,Grušena,Maribor,0.28877773224204956,Maribor,0.4107170548654761,1,Huff and ML agree
10148421,Jareninski Dol,Maribor,0.16489977684944981,Maribor,0.4991174994527716,1,Huff and ML agree
10148430,Jareninski Vrh,Maribor,0.16409479667070634,Maribor,0.4619338242825672,1,Huff and ML agree
10148448,Jedlovnik,Kungota,0.2324367459338864,Maribor,0.3755987504324227,0,Huff and ML disagree
10148456,Jelenče,Pesnica,0.21118707358544853,Maribor,0.4666055071885712,0,Huff and ML disagree
10148464,Jurjevski Dol,Maribor,0.28775521042062235,Maribor,0.3211116306703055,1,Huff and ML agree
10148472,Jurski Vrh,Maribor,0.2738842345478361,Maribor,0.4045431244903468,1,Huff and ML agree
10148499,Kaniža,Maribor,0.17066202939891237,Maribor,0.4396767570773065,1,Huff and ML agree
10148502,Kozjak nad Pesnico,Maribor,0.33301795916088045,Maribor,0.6752034430349603,1,Huff and ML agree
10148529,Kozjak pri Ceršaku,Maribor,0.2734039369726913,Šentilj,0.3763214557460472,0,Huff and ML disagree
10148537,Kresnica,Šentilj,0.2707211742599267,Šentilj,0.3356235992993356,1,Huff and ML agree
10148545,Kušernik,Maribor,0.17020060070303608,Maribor,0.5175570065676539,1,Huff and ML agree
10148553,Mali Dol,Maribor,0.16771310786735136,Maribor,0.4318559185577276,1,Huff and ML agree
10148561,Pesnica,Maribor,0.2877977432891444,Maribor,0.4116053639125155,1,Huff and ML agree
10148570,Pesnica pri Mariboru,Pesnica,0.9993237557300816,Pesnica,1.0,1,Huff and ML agree
10148588,Pesniški Dvor,Maribor,0.28962743268399427,Maribor,0.5904813082859174,1,Huff and ML agree
10148596,Plač,Maribor,0.2690278478507711,Maribor,0.392193547008029,1,Huff and ML agree
10148600,Plintovec,Kungota,0.6642476596755263,Kungota,0.7372145669701835,1,Huff and ML agree
10148618,Plodršnica,Maribor,0.27231327060326627,Maribor,0.3088636141018776,1,Huff and ML agree
10148626,Počenik,Maribor,0.24994612345912423,Maribor,0.3236216003128083,1,Huff and ML agree
10148634,Podigrac,Maribor,0.28805070519085946,Maribor,0.3421378734951934,1,Huff and ML agree
10148642,Polička vas,Maribor,0.259125560834381,Maribor,0.3484421555325271,1,Huff and ML agree
10148669,Polički Vrh,Maribor,0.16289062784694644,Maribor,0.449961361811151,1,Huff and ML agree
10148677,Ranca,Pesnica,0.3860742673822459,Maribor,0.4501364826051304,0,Huff and ML disagree
10148685,Ročica,Maribor,0.2956875900493497,Maribor,0.3834812459755455,1,Huff and ML agree
10148693,Selnica ob Muri,Maribor,0.2914469220085374,Šentilj,0.3412283557792939,0,Huff and ML disagree
10148707,Sladki Vrh,Maribor,0.23615341856622593,Maribor,0.3031474478231293,1,Huff and ML agree
10148715,Slatenik,Maribor,0.15980913883318,Maribor,0.4539700455180257,1,Huff and ML agree
10148723,Slatina,Maribor,0.2999628519195899,Maribor,0.4044493551248269,1,Huff and ML agree
10148731,Slatinski Dol,Kungota,0.42036332634770185,Kungota,0.4212279983222337,1,Huff and ML agree
10148740,Spodnja Velka,Maribor,0.2099003827976648,Maribor,0.2638721849501516,1,Huff and ML agree
10148758,Spodnje Dobrenje,Pesnica,0.3359657188816222,Maribor,0.5054708229068604,0,Huff and ML disagree
10148766,Spodnje Hlapje,Maribor,0.2938417846266139,Maribor,0.3731020809339064,1,Huff and ML agree
10148774,Spodnje Vrtiče,Kungota,0.5258293160763885,Kungota,0.5646811609028639,1,Huff and ML agree
10148782,Spodnji Jakobski Dol,Maribor,0.15576044048444876,Maribor,0.4277422470407199,1,Huff and ML agree
10148804,Srebotje,Maribor,0.29169189283874936,Maribor,0.3410145197268209,1,Huff and ML agree
10148812,Stara Gora pri Šentilju,Maribor,0.16090384085209472,Maribor,0.4263936971842751,1,Huff and ML agree
10148839,Svečane,Maribor,0.23406281574177024,Maribor,0.2868098666507856,1,Huff and ML agree
10148847,Svečina,Maribor,0.2945857274630828,Maribor,0.3900072022594312,1,Huff and ML agree
10148855,Šentilj v Slov. goricah,Šentilj,1.0,Šentilj,1.0,1,Huff and ML agree
10148863,Šomat,Maribor,0.24822924359743553,Maribor,0.3187744521613648,1,Huff and ML agree
10148871,Špičnik,Maribor,0.2914469220085374,Maribor,0.4074072780377656,1,Huff and ML agree
10148880,Štrihovec,Šentilj,0.30809469212085294,Šentilj,0.3573693721143226,1,Huff and ML agree
10148898,Trate,Maribor,0.15993621323302956,Maribor,0.2399267704199162,1,Huff and ML agree
10148901,Vajgen,Maribor,0.15730085534178703,Maribor,0.4578357013476823,1,Huff and ML agree
10148910,Vranji Vrh,Maribor,0.2510064744148171,Maribor,0.3167735283197707,1,Huff and ML agree
10148928,Vršnik,Maribor,0.2691780837981489,Maribor,0.4007481467420541,1,Huff and ML agree
10148936,Vukovski Dol,Maribor,0.1773418273295619,Maribor,0.5430124816310249,1,Huff and ML agree
10148944,Vukovski Vrh,Maribor,0.16895268653451173,Maribor,0.5174555929220502,1,Huff and ML agree
10148952,Zgornja Kungota,Kungota,0.99904745299152,Kungota,1.0,1,Huff and ML agree
10148979,Zgornja Velka,Maribor,0.15809983815152376,Maribor,0.2525266300020169,1,Huff and ML agree
10148987,Zgornje Dobrenje,Maribor,0.1740384532020096,Maribor,0.4333756178344226,1,Huff and ML agree
10148995,Zgornje Gradišče,Maribor,0.24175019764165676,Maribor,0.2998309298220959,1,Huff and ML agree
10149002,Zgornje Hlapje,Maribor,0.2749057485899018,Maribor,0.398224772585554,1,Huff and ML agree
10149029,Zgornje Vrtiče,Kungota,0.22575855930283123,Maribor,0.3598092468145888,0,Huff and ML disagree
10149037,Zgornji Jakobski Dol,Maribor,0.2690278478507711,Maribor,0.3973855055183038,1,Huff and ML agree
10149045,Rošpoh - del,Maribor,0.344336424316495,Maribor,0.6770498947549697,1,Huff and ML agree
10149053,Bezena,Ruše,0.5572037174951462,Ruše,0.5986141596012023,1,Huff and ML agree
10149061,Činžat,Maribor,0.282526061922048,Maribor,0.2558537630848104,1,Huff and ML agree
10149070,Črešnjevec ob Dravi,Selnica ob Dravi,0.4830857470559347,Selnica ob Dravi,0.4386923723682794,1,Huff and ML agree
10149088,Fala,Maribor,0.27844406644953756,Maribor,0.3003427842890616,1,Huff and ML agree
10149096,Gradišče na Kozjaku,Maribor,0.08229031091011539,Maribor,0.2281087108628484,1,Huff and ML agree
10149100,Janževa Gora,Selnica ob Dravi,0.3293409682546147,Selnica ob Dravi,0.336199330828881,1,Huff and ML agree
10149118,Kumen,Lovrenc na Pohorju,0.3174810065985051,Lovrenc na Pohorju,0.4454635539960093,1,Huff and ML agree
10149126,Lobnica,Ruše,0.39808492563549314,Ruše,0.606463298707104,1,Huff and ML agree
10149134,Log,Maribor,0.17799067932634471,Maribor,0.5265724531803577,1,Huff and ML agree
10149142,Lovrenc na Pohorju,Lovrenc na Pohorju,0.9953666417982263,Lovrenc na Pohorju,1.0,1,Huff and ML agree
10149169,Puščava,Lovrenc na Pohorju,0.3956298911390677,Lovrenc na Pohorju,0.4955287228102181,1,Huff and ML agree
10149177,Rdeči Breg - del,Lovrenc na Pohorju,0.32538646265869337,Lovrenc na Pohorju,0.4649488052563152,1,Huff and ML agree
10149185,Recenjak,Lovrenc na Pohorju,0.40214044807777094,Lovrenc na Pohorju,0.5607126167163274,1,Huff and ML agree
10149193,Ruše,Ruše,0.9982644013487922,Ruše,1.0,1,Huff and ML agree
10149207,Ruta,Maribor,0.2501389234999859,Maribor,0.2834043167442794,1,Huff and ML agree
10149215,Selnica ob Dravi,Selnica ob Dravi,0.9994548824060532,Selnica ob Dravi,1.0,1,Huff and ML agree
10149223,Smolnik,Ruše,0.3929158058005502,Ruše,0.567886435314206,1,Huff and ML agree
10149231,Spodnja Selnica,Selnica ob Dravi,0.5262464040783695,Selnica ob Dravi,0.446223698540538,1,Huff and ML agree
10149240,Spodnji Boč,Maribor,0.282400280628654,Maribor,0.3586081326653701,1,Huff and ML agree
10149258,Spodnji Slemen,Selnica ob Dravi,0.33967122984189485,Maribor,0.4204895792354037,0,Huff and ML disagree
10149266,Veliki Boč,Maribor,0.1999650424896197,Maribor,0.331484812186526,1,Huff and ML agree
10149274,Vurmat - del,Maribor,0.12362529273644947,Maribor,0.2936825667569134,1,Huff and ML agree
10149282,Zgornja Selnica,Selnica ob Dravi,0.5647852690579885,Selnica ob Dravi,0.4845542413900707,1,Huff and ML agree
10149304,Zgornji Boč,Maribor,0.2750215489542173,Maribor,0.3034738019591366,1,Huff and ML agree
10149312,Zgornji Slemen - del,Maribor,0.1823416784941778,Maribor,0.4024555877589066,1,Huff and ML agree
10149339,Bistrica ob Dravi,Maribor,0.29309298867165107,Maribor,0.516732056655028,1,Huff and ML agree
11023843,Ravne,Kranj,0.2579115910700003,Cerklje na Gorenjskem,0.178821379464978,0,Huff and ML disagree
11023851,Osredek pri Zrečah,Zreče,0.6514827410399567,Zreče,0.7558759677439314,1,Huff and ML agree
11023860,Dobrovlje,Slovenske Konjice,0.7192622319199417,Slovenske Konjice,0.4396164838476444,1,Huff and ML agree
11023967,Dilce,Postojna,0.30872089236769457,Postojna,0.5044841088537289,1,Huff and ML agree
11023991,Ribnica,Ilirska Bistrica,0.10727719263097692,Ilirska Bistrica,0.2158586456728409,1,Huff and ML agree
11024033,Lohača,Postojna,0.28317672693924223,Postojna,0.4112169555856337,1,Huff and ML agree
11024114,Zgornji Janževski Vrh,Ribnica na Pohorju,0.12007262545236479,Maribor,0.1400190623087785,0,Huff and ML disagree
11024122,Zgornji Kozji Vrh,Radlje ob Dravi,0.23927132454951106,Radlje ob Dravi,0.5455400574067333,1,Huff and ML agree
11024149,Zgornji Lehen na Pohorju,Ribnica na Pohorju,0.14308919563319691,Ribnica na Pohorju,0.2073203070915653,1,Huff and ML agree
11024157,Zgornja Orlica,Ribnica na Pohorju,0.23340535619802544,Ribnica na Pohorju,0.3261104744785386,1,Huff and ML agree
11024165,Spodnja Orlica,Radlje ob Dravi,0.08484621727814998,Radlje ob Dravi,0.1824933148467199,1,Huff and ML agree
11024173,Dole,Šentjur,0.7831515548686463,Šentjur,0.6292315214108128,1,Huff and ML agree
11024181,Fala,Maribor,0.2918605401451051,Maribor,0.2891932019713294,1,Huff and ML agree
11024190,Brdo,Mozirje,0.052514700989357725,Rečica ob Savinji,0.1004470551446058,0,Huff and ML disagree
11024483,Medvedjek,Trebnje,0.23356769784354195,Ivančna Gorica,0.162677492464238,0,Huff and ML disagree
11025056,Setnica - del,Ljubljana,0.2976936769295068,Ljubljana,0.4877573951602358,1,Huff and ML agree
16150991,Obrežje,Radeče,0.57991249994532,Radeče,0.6921781555790297,1,Huff and ML agree
16151106,Sv. Duh na Ostrem vrhu,Maribor,0.1703658528993633,Maribor,0.3272814717231557,1,Huff and ML agree
16358312,Tolsti Vrh,Litija,0.1818276590348627,Litija,0.2437784301941755,1,Huff and ML agree
16358363,Bogenšperk,Litija,0.31633482375413624,Litija,0.3725813628338372,1,Huff and ML agree
16361291,Magolnik,Trbovlje,0.09048706710458104,Ljubljana,0.1089741538081657,0,Huff and ML disagree
16361399,Sopota,Trbovlje,0.09270141460340868,Ljubljana,0.107913862283591,0,Huff and ML disagree
16366161,Kumpolje,Trebnje,0.07454010800557953,Ljubljana,0.1298966135619367,0,Huff and ML disagree
16366200,Pogonik,Litija,0.427960820738976,Litija,0.4578044258104674,1,Huff and ML agree
16366242,Dobje,Trbovlje,0.046742450094706164,Ljubljana,0.1098982333608201,0,Huff and ML disagree
16366471,Berinjek,Trbovlje,0.05666903520419887,Ljubljana,0.1263345676250133,0,Huff and ML disagree
16366668,Bistrica,Trbovlje,0.04865199018604288,Ljubljana,0.1343813181160029,0,Huff and ML disagree
16366897,Jelenska Reber,Trbovlje,0.06937202283287244,Ljubljana,0.128356674808903,0,Huff and ML disagree
16367087,Zagorica,Litija,0.7876121887208761,Litija,0.684233163277296,1,Huff and ML agree
16391565,Laznica,Cerkno,0.45191363115434996,Cerkno,0.5573294688837294,1,Huff and ML agree
16505919,Koglo,Novo mesto,0.19950834324115033,Šmarješke Toplice,0.2499683645257351,0,Huff and ML disagree
16506273,Travnik,Idrija,0.17357081185763115,Idrija,0.228561557697325,1,Huff and ML agree
16515442,Galantiči,Koper,0.1601709532470393,Koper,0.4668821001759294,1,Huff and ML agree
16567361,Spodnje Stranice,Slovenske Konjice,0.21065137622133479,Zreče,0.1852011035059328,0,Huff and ML disagree
16567400,Mala gora,Slovenske Konjice,0.20353690821273016,Zreče,0.2079686403539569,0,Huff and ML disagree
16567485,Polajna,Slovenske Konjice,0.20474640794264967,Zreče,0.2282507517610844,0,Huff and ML disagree
16567515,Lipa,Slovenske Konjice,0.2440211704202646,Zreče,0.2808228885091203,0,Huff and ML disagree
16567540,Zabork,Zreče,0.15760091266363796,Zreče,0.1910126851860477,1,Huff and ML agree
16567574,Gornja vas,Slovenske Konjice,0.3263061883539343,Zreče,0.2470202899802686,0,Huff and ML disagree
16567639,Čretvež,Slovenske Konjice,0.24514395666178687,Zreče,0.2108067890563522,0,Huff and ML disagree
16568457,Štajerska vas,Slovenska Bistrica,0.17546262190567774,Slovenske Konjice,0.1407006346392688,0,Huff and ML disagree
16925209,Zalči,Ilirska Bistrica,0.24754643528144293,Ilirska Bistrica,0.5112994217435671,1,Huff and ML agree
17028073,Nožed,Koper,0.2962975241353974,Piran,0.3390796781653575,0,Huff and ML disagree
17357751,Koroška Bela,Jesenice,0.5718393943030974,Jesenice,0.5945099221149688,1,Huff and ML agree
17357808,Slovenski Javornik,Jesenice,0.7547653884122221,Jesenice,0.8404119028508293,1,Huff and ML agree
17577662,Log v Bohinju,Bohinj,0.696996321788241,Bohinj,0.7429918715145478,1,Huff and ML agree
17603612,Zatrnik,Bled,0.2831896810818873,Bled,0.2074689450543868,1,Huff and ML agree
17687786,Bukov Vrh nad Visokim,Kranj,0.13560804572336077,Ljubljana,0.2681376896597448,0,Huff and ML disagree
17691490,Sv. Lenart,Kranj,0.12081760877718699,Ljubljana,0.2350818878544594,0,Huff and ML disagree
17910329,Praproče pri Grosupljem,Grosuplje,0.7469916715077755,Grosuplje,0.7592860340014974,1,Huff and ML agree
18039877,Poslovna cona Žeje pri Komendi,Kamnik,0.3321028483924019,Ljubljana,0.2174776074120887,0,Huff and ML disagree
18129876,Male Vinice,Ribnica,0.2916634530714107,Ribnica,0.2888038332136569,1,Huff and ML agree
18129914,Travna Gora,Ribnica,0.11628608231223199,Ljubljana,0.1746138018214628,0,Huff and ML disagree
18139570,Griček pri Željnah,Kočevje,0.6420880611756212,Kočevje,0.7963970806107191,1,Huff and ML agree
18139847,Podjetniško naselje Kočevje,Kočevje,0.831545557408064,Kočevje,0.9147469849856033,1,Huff and ML agree
18575655,Sveta Ana pri Ložu,Loška dolina,0.3990212417847674,Loška dolina,0.3350471637352271,1,Huff and ML agree
18679850,Vidrga,Trbovlje,0.09210571315945641,Ljubljana,0.1870370422115072,0,Huff and ML disagree
18681137,Sopota,Trbovlje,0.09996404857866986,Ljubljana,0.1081606171715502,0,Huff and ML disagree
18688387,Kal,Zagorje ob Savi,0.3103396264446951,Zagorje ob Savi,0.3260327503113494,1,Huff and ML agree
18688638,Špital,Zagorje ob Savi,0.22362797637460693,Zagorje ob Savi,0.2238733620958193,1,Huff and ML agree
18696690,Strahovlje,Zagorje ob Savi,0.3136771234187495,Zagorje ob Savi,0.3354578996308421,1,Huff and ML agree
18696738,Spodnji Šemnik,Zagorje ob Savi,0.29688376210470196,Zagorje ob Savi,0.3070511864175051,1,Huff and ML agree
18700450,Retje nad Trbovljami,Trbovlje,0.4196706823139678,Trbovlje,0.4647678347326144,1,Huff and ML agree
18700514,Klek,Trbovlje,0.7128446431353105,Trbovlje,0.714129433322467,1,Huff and ML agree
18800837,Jamnik,Vrhnika,0.2804488923151274,Ljubljana,0.2818612673103028,0,Huff and ML disagree
18800900,Jerinov Grič,Logatec,0.3757269154168988,Vrhnika,0.2914071623411702,0,Huff and ML disagree
18800942,Marinčev Grič,Vrhnika,0.2686455189658126,Vrhnika,0.2324628432157538,1,Huff and ML agree
18800985,Trčkov Grič,Vrhnika,0.3383478193214534,Vrhnika,0.3278854515552923,1,Huff and ML agree
18801027,Mizni Dol,Vrhnika,0.21866357052799168,Ljubljana,0.2848707568011437,0,Huff and ML disagree
18801051,Prezid,Logatec,0.40831235045857706,Logatec,0.2901711440738944,1,Huff and ML agree
18801086,Strmica,Vrhnika,0.4678297866851247,Vrhnika,0.4094835919586649,1,Huff and ML agree
19022587,Nova Gora nad Slovensko Bistrico,Slovenska Bistrica,0.5765343392393003,Slovenska Bistrica,0.5329282846543226,1,Huff and ML agree
19022650,Radkovec,Slovenska Bistrica,0.21802063577797517,Slovenska Bistrica,0.2051302380185097,1,Huff and ML agree
19466779,Pušča,Murska Sobota,0.638424018989269,Murska Sobota,0.856479467576921,1,Huff and ML agree
19676498,Rejcov Grič,Idrija,0.2971525649682334,Idrija,0.4262180611835612,1,Huff and ML agree
19676811,Razpotje,Idrija,0.3161345738376834,Idrija,0.406288619526723,1,Huff and ML agree
19678725,Ledinsko Razpotje,Idrija,0.2863991727521869,Idrija,0.3108694984671059,1,Huff and ML agree
19777863,Podgozd,Nova Gorica,0.2310511991412785,Nova Gorica,0.5381705819774313,1,Huff and ML agree
19807258,Dragovica,Nova Gorica,0.1713945436120934,Nova Gorica,0.4498282492361345,1,Huff and ML agree
19810925,Sveta Gora,Nova Gorica,0.3579535806461541,Nova Gorica,0.6727535937287439,1,Huff and ML agree
19812111,Goljevica,Nova Gorica,0.14394742645791753,Nova Gorica,0.3022197377152724,1,Huff and ML agree
19812600,Kamenca nad Ložicami,Nova Gorica,0.12026119734742192,Nova Gorica,0.2929754199849633,1,Huff and ML agree
19813169,Zagomila,Nova Gorica,0.15380453274546235,Nova Gorica,0.4082816343357651,1,Huff and ML agree
19813207,Zagora,Nova Gorica,0.23618975240235784,Nova Gorica,0.4675704761292996,1,Huff and ML agree
19813240,Paljevo,Nova Gorica,0.1524691564908717,Nova Gorica,0.3716431098448667,1,Huff and ML agree
19813274,Prilesje pri Plavah,Nova Gorica,0.1713945436120934,Nova Gorica,0.3795428040419361,1,Huff and ML agree
19813436,Ravna,Kanal,0.057190645349554765,Nova Gorica,0.1911469298218577,0,Huff and ML disagree
19813479,Jesen,Kanal,0.32305067421860734,Kanal,0.5043862303233204,1,Huff and ML agree
19813509,Krstenica,Kanal,0.533303979459003,Kanal,0.7320689829790559,1,Huff and ML agree
19813606,Čolnica,Kanal,0.13517581801004147,Kanal,0.2939707171709517,1,Huff and ML agree
19814726,Ložice,Kanal,0.1832272815507059,Nova Gorica,0.2974876370228066,0,Huff and ML disagree
19814831,Močila,Kanal,0.2386118941108952,Kanal,0.3837962900818072,1,Huff and ML agree
19814874,Robidni Breg,Kanal,0.2991273223030746,Kanal,0.3993638236473782,1,Huff and ML agree
19815285,Gorenje Nekovo,Kanal,0.09857626754377607,Kanal,0.2364423293606429,1,Huff and ML agree
19815323,Gorenje Polje,Kanal,0.2602939722182419,Kanal,0.39595835056209,1,Huff and ML agree
19815625,Dolenje Nekovo,Kanal,0.18470152009826324,Kanal,0.3914298032153424,1,Huff and ML agree
19821846,Pedrovo,Ajdovščina,0.12308312044455151,Nova Gorica,0.1527353416751755,0,Huff and ML disagree
19887936,Perati,Kobarid,0.09723514218087626,Kobarid,0.3440648849695674,1,Huff and ML agree
20006927,Kot pri Damlju,Črnomelj,0.04007509469554289,Črnomelj,0.1807027636275337,1,Huff and ML agree
20007117,Selce pri Špeharjih,Črnomelj,0.03368132479498018,Črnomelj,0.1477687216158246,1,Huff and ML agree
20007141,Hrib,Črnomelj,0.04024414323388553,Črnomelj,0.160666435224016,1,Huff and ML agree
20007478,Sovinek,Semič,0.27056730773088244,Semič,0.3484438483489714,1,Huff and ML agree
20021683,Rim,Črnomelj,0.20640780113876628,Črnomelj,0.4009809141392232,1,Huff and ML agree
20021721,Pavičiči,Črnomelj,0.42771154671,Črnomelj,0.6482156383807176,1,Huff and ML agree
20225432,Jagodnik,Novo mesto,0.20549876622822955,Novo mesto,0.2497448299814923,1,Huff and ML agree
20239107,Gorica na Medvedjeku,Trebnje,0.1932988695772993,Ljubljana,0.1646552700504661,0,Huff and ML disagree
20240229,Vejar,Trebnje,0.6953453506634775,Trebnje,0.7045617786093554,1,Huff and ML agree
20460423,Kerinov Grm,Krško,0.3521041932827751,Krško,0.3804820820835453,1,Huff and ML agree
20547898,Hinje,Sevnica,0.06226612114404596,Sevnica,0.0866481005965763,1,Huff and ML agree
20553995,Kamenško,Sevnica,0.13870422649921565,Sevnica,0.1405773241188924,1,Huff and ML agree
20556951,Hinjce,Sevnica,0.17272711057720486,Sevnica,0.1565205486691551,1,Huff and ML agree
20557427,Brezje,Sevnica,0.18646691737896826,Sevnica,0.1657897294883436,1,Huff and ML agree
20557532,Križišče,Sevnica,0.2522816440060582,Sevnica,0.1981166157286113,1,Huff and ML agree
20559233,Marendol,Sevnica,0.13870422649921565,Sevnica,0.1361148314897814,1,Huff and ML agree
20662069,Stražišče,Prevalje,0.4358305358155541,Prevalje,0.4712472198677996,1,Huff and ML agree
20785241,Bukovje,Dravograd,0.7781754739662609,Dravograd,0.6969821579541577,1,Huff and ML agree
20885645,Svetinje,Ormož,0.22511088674602886,Ormož,0.2605725573946142,1,Huff and ML agree
20886951,Trstenik,Ormož,0.23042244359679923,Ormož,0.2744822082464736,1,Huff and ML agree
21107620,Nova Štifta,Gornji Grad,0.2649333847310503,Gornji Grad,0.250756464163716,1,Huff and ML agree
21222623,Grče,Žalec,0.2134094685970414,Žalec,0.2355139636204566,1,Huff and ML agree
23771098,Dedni Vrh pri Vojniku,Vojnik,0.18570498628136545,Celje,0.2244217395858106,0,Huff and ML disagree
24031837,Draga,Ljubljana,0.34028243149897336,Ljubljana,0.4732298875160903,1,Huff and ML agree
24032698,Podgozd,Ljubljana,0.3247648922330758,Ljubljana,0.5108799735510369,1,Huff and ML agree
24034160,Podkraj,Ljubljana,0.40402263500639973,Ljubljana,0.5974946723754435,1,Huff and ML agree
24034313,Suša,Ljubljana,0.23783686970556425,Ljubljana,0.4950735566009255,1,Huff and ML agree
24267245,Šestdobe,Maribor,0.28232207510768903,Maribor,0.3229583931292618,1,Huff and ML agree
